"","Tree","Species","Direction","Cover.Class","Notes"
"1",336,"Buckthorn","N","1",NA
"2",336,"Multiflora rose","N","0",NA
"3",336,"Honeysuckle","N","0",NA
"4",336,"Privot","N","0",NA
"5",336,"Spicebush","N","0",NA
"6",336,"Rubus","N","0",NA
"7",336,"Mapleleaf Viburnum","N","0",NA
"8",336,"Buckthorn","S","1",NA
"9",336,"Multiflora rose","S","0",NA
"10",336,"Honeysuckle","S","0",NA
"11",336,"Privot","S","1",NA
"12",336,"Spicebush","S","0",NA
"13",336,"Rubus","S","1",NA
"14",336,"Mapleleaf Viburnum","S","0",NA
"15",931,"Buckthorn","N","0",NA
"16",931,"Multiflora rose","N","1",NA
"17",931,"Honeysuckle","N","0",NA
"18",931,"Privot","N","0",NA
"19",931,"Spicebush","N","0",NA
"20",931,"Rubus","N","0",NA
"21",931,"Mapleleaf Viburnum","N","0",NA
"22",931,"Buckthorn","S","0",NA
"23",931,"Multiflora rose","S","1",NA
"24",931,"Honeysuckle","S","0",NA
"25",931,"Privot","S","0",NA
"26",931,"Spicebush","S","0",NA
"27",931,"Rubus","S","0",NA
"28",931,"Mapleleaf Viburnum","S","0",NA
"29",322,"Buckthorn","N","1",NA
"30",322,"Honeysuckle","N","0",NA
"31",322,"Privot","N","0",NA
"32",322,"Spicebush","N","0",NA
"33",322,"Rubus","N","0",NA
"34",322,"Mapleleaf Viburnum","N","0",NA
"35",322,"Buckthorn","S","1",NA
"36",322,"Multiflora rose","S","0",NA
"37",322,"Honeysuckle","S","0",NA
"38",322,"Privot","S","0",NA
"39",322,"Spicebush","S","0",NA
"40",322,"Mapleleaf Viburnum","S","0",NA
"41",278,"Buckthorn","N","0",NA
"42",278,"Multiflora rose","N","1",NA
"43",278,"Honeysuckle","N","0",NA
"44",278,"Privot","N","0",NA
"45",278,"Spicebush","N","0",NA
"46",278,"Rubus","N","0",NA
"47",278,"Mapleleaf Viburnum","N","0",NA
"48",278,"Buckthorn","S","1",NA
"49",278,"Multiflora rose","S","1",NA
"50",278,"Honeysuckle","S","0",NA
"51",278,"Privot","S","0",NA
"52",278,"Spicebush","S","0",NA
"53",278,"Rubus","S","0",NA
"54",278,"Mapleleaf Viburnum","S","0",NA
"55",330,"Buckthorn","N","1",NA
"56",330,"Multiflora rose","N","1",NA
"57",330,"Honeysuckle","N","0",NA
"58",330,"Privot","N","0",NA
"59",330,"Spicebush","N","0",NA
"60",330,"Rubus","N","0",NA
"61",330,"Mapleleaf Viburnum","N","0",NA
"62",330,"Buckthorn","S","0",NA
"63",330,"Multiflora rose","S","0",NA
"64",330,"Honeysuckle","S","1",NA
"65",330,"Privot","S","0",NA
"66",330,"Spicebush","S","0",NA
"67",330,"Rubus","S","0",NA
"68",330,"Mapleleaf Viburnum","S","0",NA
"69",318,"Buckthorn","N","1",NA
"70",318,"Multiflora rose","N","0",NA
"71",318,"Honeysuckle","N","1",NA
"72",318,"Privot","N","0",NA
"73",318,"Spicebush","N","0",NA
"74",318,"Rubus","N","0",NA
"75",318,"Mapleleaf Viburnum","N","0",NA
"76",318,"Buckthorn","S","1",NA
"77",318,"Multiflora rose","S","0",NA
"78",318,"Honeysuckle","S","0",NA
"79",318,"Privot","S","0",NA
"80",318,"Spicebush","S","1",NA
"81",318,"Rubus","S","0",NA
"82",318,"Mapleleaf Viburnum","S","0",NA
"83",382,"Buckthorn","N","1",NA
"84",382,"Multiflora rose","N","1",NA
"85",382,"Honeysuckle","N","1",NA
"86",382,"Privot","N","1",NA
"87",382,"Spicebush","N","0",NA
"88",382,"Rubus","N","0",NA
"89",382,"Mapleleaf Viburnum","N","0",NA
"90",382,"Buckthorn","S","1",NA
"91",382,"Multiflora rose","S","1",NA
"92",382,"Honeysuckle","S","0",NA
"93",382,"Privot","S","0",NA
"94",382,"Spicebush","S","1",NA
"95",382,"Rubus","S","0",NA
"96",382,"Mapleleaf Viburnum","S","0",NA
"97",321,"Buckthorn","N","1",NA
"98",321,"Multiflora rose","N","1",NA
"99",321,"Honeysuckle","N","1",NA
"100",321,"Privot","N","0",NA
"101",321,"Spicebush","N","0",NA
"102",321,"Rubus","N","0",NA
"103",321,"Mapleleaf Viburnum","N","0",NA
"104",321,"Buckthorn","S","1",NA
"105",321,"Multiflora rose","S","1",NA
"106",321,"Honeysuckle","S","0",NA
"107",321,"Privot","S","0",NA
"108",321,"Spicebush","S","0",NA
"109",321,"Rubus","S","0",NA
"110",321,"Mapleleaf Viburnum","S","0",NA
"111",383,"Buckthorn","N","1",NA
"112",383,"Multiflora rose","N","0",NA
"113",383,"Honeysuckle","N","1",NA
"114",383,"Privot","N","0",NA
"115",383,"Spicebush","N","1",NA
"116",383,"Rubus","N","0",NA
"117",383,"Mapleleaf Viburnum","N","0",NA
"118",383,"Buckthorn","S","1",NA
"119",383,"Multiflora rose","S","0",NA
"120",383,"Honeysuckle","S","0",NA
"121",383,"Privot","S","0",NA
"122",383,"Spicebush","S","0",NA
"123",383,"Rubus","S","0",NA
"124",383,"Mapleleaf Viburnum","S","0",NA
"125",323,"Buckthorn","N","1",NA
"126",323,"Multiflora rose","N","1",NA
"127",323,"Honeysuckle","N","0",NA
"128",323,"Privot","N","0",NA
"129",323,"Spicebush","N","1",NA
"130",323,"Rubus","N","0",NA
"131",323,"Mapleleaf Viburnum","N","0",NA
"132",323,"Buckthorn","S","1",NA
"133",323,"Multiflora rose","S","1",NA
"134",323,"Honeysuckle","S","0",NA
"135",323,"Privot","S","0",NA
"136",323,"Spicebush","S","0",NA
"137",323,"Rubus","S","0",NA
"138",323,"Mapleleaf Viburnum","S","0",NA
"139",179,"Buckthorn","N","1",NA
"140",179,"Multiflora rose","N","1",NA
"141",179,"Honeysuckle","N","1",NA
"142",179,"Privot","N","0",NA
"143",179,"Spicebush","N","0",NA
"144",179,"Rubus","N","0",NA
"145",179,"Mapleleaf Viburnum","N","0",NA
"146",179,"Buckthorn","S","1",NA
"147",179,"Multiflora rose","S","0",NA
"148",179,"Honeysuckle","S","1",NA
"149",179,"Privot","S","0",NA
"150",179,"Spicebush","S","0",NA
"151",179,"Rubus","S","0",NA
"152",179,"Mapleleaf Viburnum","S","0",NA
"153",390,"Buckthorn","N","1",NA
"154",390,"Multiflora rose","N","2",NA
"155",390,"Honeysuckle","N","1",NA
"156",390,"Privot","N","0",NA
"157",390,"Spicebush","N","0",NA
"158",390,"Rubus","N","0",NA
"159",390,"Mapleleaf Viburnum","N","0",NA
"160",390,"Buckthorn","S","1",NA
"161",390,"Multiflora rose","S","1",NA
"162",390,"Honeysuckle","S","0",NA
"163",390,"Privot","S","0",NA
"164",390,"Spicebush","S","0",NA
"165",390,"Rubus","S","0",NA
"166",390,"Mapleleaf Viburnum","S","0",NA
"167",391,"Buckthorn","N","2",NA
"168",391,"Multiflora rose","N","1",NA
"169",391,"Honeysuckle","N","1",NA
"170",391,"Privot","N","0",NA
"171",391,"Spicebush","N","0",NA
"172",391,"Rubus","N","0",NA
"173",391,"Mapleleaf Viburnum","N","0",NA
"174",391,"Buckthorn","S","1",NA
"175",391,"Multiflora rose","S","1",NA
"176",391,"Honeysuckle","S","0",NA
"177",391,"Privot","S","0",NA
"178",391,"Spicebush","S","0",NA
"179",391,"Rubus","S","1",NA
"180",391,"Mapleleaf Viburnum","S","0",NA
"181",183,"Buckthorn","N","1",NA
"182",183,"Multiflora rose","N","0",NA
"183",183,"Honeysuckle","N","0",NA
"184",183,"Privot","N","0",NA
"185",183,"Spicebush","N","0",NA
"186",183,"Rubus","N","0",NA
"187",183,"Mapleleaf Viburnum","N","0",NA
"188",183,"Buckthorn","S","1",NA
"189",183,"Multiflora rose","S","0",NA
"190",183,"Honeysuckle","S","0",NA
"191",183,"Privot","S","0",NA
"192",183,"Spicebush","S","0",NA
"193",183,"Rubus","S","0",NA
"194",183,"Mapleleaf Viburnum","S","0",NA
"195",324,"Buckthorn","N","1",NA
"196",324,"Multiflora rose","N","1",NA
"197",324,"Honeysuckle","N","0",NA
"198",324,"Privot","N","0",NA
"199",324,"Spicebush","N","0",NA
"200",324,"Rubus","N","0",NA
"201",324,"Mapleleaf Viburnum","N","0",NA
"202",324,"Buckthorn","S","1",NA
"203",324,"Multiflora rose","S","0",NA
"204",324,"Honeysuckle","S","0",NA
"205",324,"Privot","S","0",NA
"206",324,"Spicebush","S","0",NA
"207",324,"Rubus","S","0",NA
"208",324,"Mapleleaf Viburnum","S","0",NA
"209",184,"Buckthorn","N","1",NA
"210",184,"Multiflora rose","N","2",NA
"211",184,"Honeysuckle","N","0",NA
"212",184,"Privot","N","0",NA
"213",184,"Spicebush","N","0",NA
"214",184,"Rubus","N","0",NA
"215",184,"Mapleleaf Viburnum","N","0",NA
"216",184,"Buckthorn","S","1",NA
"217",184,"Multiflora rose","S","1",NA
"218",184,"Honeysuckle","S","0",NA
"219",184,"Privot","S","0",NA
"220",184,"Spicebush","S","0",NA
"221",184,"Rubus","S","1",NA
"222",184,"Mapleleaf Viburnum","S","0",NA
"223",322,"Multiflora rose","N","1",NA
"224",322,"Rubus","S","1",NA
"225",328,"Buckthorn","N","1",NA
"226",328,"Multiflora rose","N","1",NA
"227",328,"Honeysuckle","N","0",NA
"228",328,"Privot","N","1",NA
"229",328,"Spicebush","N","0",NA
"230",328,"Rubus","N","1",NA
"231",328,"Mapleleaf Viburnum","N","0",NA
"232",328,"Buckthorn","S","1",NA
"233",328,"Multiflora rose","S","1",NA
"234",328,"Honeysuckle","S","0",NA
"235",328,"Privot","S","0",NA
"236",328,"Spicebush","S","0",NA
"237",328,"Rubus","S","1",NA
"238",328,"Mapleleaf Viburnum","S","0",NA
"239",329,"Buckthorn","N","1",NA
"240",329,"Multiflora rose","N","0",NA
"241",329,"Honeysuckle","N","1",NA
"242",329,"Privot","N","0",NA
"243",329,"Spicebush","N","0",NA
"244",329,"Rubus","N","0",NA
"245",329,"Mapleleaf Viburnum","N","0",NA
"246",329,"Buckthorn","S","1",NA
"247",329,"Multiflora rose","S","1",NA
"248",329,"Honeysuckle","S","0",NA
"249",329,"Privot","S","0",NA
"250",329,"Spicebush","S","0",NA
"251",329,"Rubus","S","0",NA
"252",329,"Mapleleaf Viburnum","S","0",NA
"253",180,"Buckthorn","N","1",NA
"254",180,"Multiflora rose","N","0",NA
"255",180,"Honeysuckle","N","0",NA
"256",180,"Privot","N","0",NA
"257",180,"Spicebush","N","0",NA
"258",180,"Rubus","N","1",NA
"259",180,"Mapleleaf Viburnum","N","0",NA
"260",180,"Buckthorn","S","1",NA
"261",180,"Multiflora rose","S","1",NA
"262",180,"Honeysuckle","S","0",NA
"263",180,"Privot","S","0",NA
"264",180,"Spicebush","S","0",NA
"265",180,"Rubus","S","1",NA
"266",180,"Mapleleaf Viburnum","S","0",NA
"267",175,"Buckthorn","N","1",NA
"268",175,"Multiflora rose","N","2",NA
"269",175,"Honeysuckle","N","0",NA
"270",175,"Privot","N","0",NA
"271",175,"Spicebush","N","0",NA
"272",175,"Rubus","N","1",NA
"273",175,"Mapleleaf Viburnum","N","0",NA
"274",175,"Buckthorn","S","1",NA
"275",175,"Multiflora rose","S","1",NA
"276",175,"Honeysuckle","S","0",NA
"277",175,"Privot","S","0",NA
"278",175,"Spicebush","S","0",NA
"279",175,"Rubus","S","1",NA
"280",175,"Mapleleaf Viburnum","S","0",NA
"281",385,"Buckthorn","N","1",NA
"282",385,"Multiflora rose","N","0",NA
"283",385,"Honeysuckle","N","0",NA
"284",385,"Privot","N","0",NA
"285",385,"Spicebush","N","0",NA
"286",385,"Rubus","N","1",NA
"287",385,"Mapleleaf Viburnum","N","1",NA
"288",385,"Buckthorn","S","1",NA
"289",385,"Multiflora rose","S","1",NA
"290",385,"Honeysuckle","S","1",NA
"291",385,"Privot","S","0",NA
"292",385,"Spicebush","S","0",NA
"293",385,"Rubus","S","0",NA
"294",385,"Mapleleaf Viburnum","S","1",NA
"295",312,"Buckthorn","N","1",NA
"296",312,"Multiflora rose","N","1",NA
"297",312,"Honeysuckle","N","1",NA
"298",312,"Privot","N","0",NA
"299",312,"Spicebush","N","0",NA
"300",312,"Rubus","N","0",NA
"301",312,"Mapleleaf Viburnum","N","0",NA
"302",312,"Buckthorn","S","1",NA
"303",312,"Multiflora rose","S","2",NA
"304",312,"Honeysuckle","S","1",NA
"305",312,"Privot","S","0",NA
"306",312,"Spicebush","S","0",NA
"307",312,"Rubus","S","1",NA
"308",312,"Mapleleaf Viburnum","S","0",NA
"309",384,"Buckthorn","N","0",NA
"310",384,"Multiflora rose","N","2",NA
"311",384,"Honeysuckle","N","1",NA
"312",384,"Privot","N","0",NA
"313",384,"Spicebush","N","0",NA
"314",384,"Rubus","N","1",NA
"315",384,"Mapleleaf Viburnum","N","0",NA
"316",384,"Buckthorn","S","1",NA
"317",384,"Multiflora rose","S","2",NA
"318",384,"Honeysuckle","S","1",NA
"319",384,"Privot","S","0",NA
"320",384,"Spicebush","S","1",NA
"321",384,"Rubus","S","0",NA
"322",384,"Mapleleaf Viburnum","S","0",NA
"323",940,"Buckthorn","N","1",NA
"324",940,"Multiflora rose","N","1",NA
"325",940,"Honeysuckle","N","1",NA
"326",940,"Privot","N","0",NA
"327",940,"Spicebush","N","0",NA
"328",940,"Rubus","N","0",NA
"329",940,"Mapleleaf Viburnum","N","0",NA
"330",940,"Buckthorn","S","1",NA
"331",940,"Multiflora rose","S","2",NA
"332",940,"Honeysuckle","S","1",NA
"333",940,"Privot","S","0",NA
"334",940,"Spicebush","S","0",NA
"335",940,"Rubus","S","0",NA
"336",940,"Mapleleaf Viburnum","S","0",NA
"337",327,"Buckthorn","N","1",NA
"338",327,"Multiflora rose","N","0",NA
"339",327,"Honeysuckle","N","0",NA
"340",327,"Privot","N","0",NA
"341",327,"Spicebush","N","0",NA
"342",327,"Rubus","N","0",NA
"343",327,"Mapleleaf Viburnum","N","0",NA
"344",327,"Buckthorn","S","1",NA
"345",327,"Multiflora rose","S","0",NA
"346",327,"Honeysuckle","S","1",NA
"347",327,"Privot","S","0",NA
"348",327,"Spicebush","S","0",NA
"349",327,"Rubus","S","0",NA
"350",327,"Mapleleaf Viburnum","S","0",NA
"351",167,"Buckthorn","N","1",NA
"352",167,"Multiflora rose","N","0",NA
"353",167,"Honeysuckle","N","0",NA
"354",167,"Privot","N","0",NA
"355",167,"Spicebush","N","0",NA
"356",167,"Rubus","N","1",NA
"357",167,"Mapleleaf Viburnum","N","0",NA
"358",167,"Buckthorn","S","1",NA
"359",167,"Multiflora rose","S","1",NA
"360",167,"Honeysuckle","S","0",NA
"361",167,"Privot","S","0",NA
"362",167,"Spicebush","S","0",NA
"363",167,"Rubus","S","0",NA
"364",167,"Mapleleaf Viburnum","S","0",NA
"365",141,"Buckthorn","N","0",NA
"366",141,"Multiflora rose","N","0",NA
"367",141,"Honeysuckle","N","0",NA
"368",141,"Privot","N","0",NA
"369",141,"Spicebush","N","0",NA
"370",141,"Rubus","N","0",NA
"371",141,"Mapleleaf Viburnum","N","0",NA
"372",141,"Buckthorn","S","0",NA
"373",141,"Multiflora rose","S","0",NA
"374",141,"Honeysuckle","S","0",NA
"375",141,"Privot","S","0",NA
"376",141,"Spicebush","S","0",NA
"377",141,"Rubus","S","0",NA
"378",141,"Mapleleaf Viburnum","S","0",NA
"379",128,"Buckthorn","N","0",NA
"380",128,"Multiflora rose","N","0",NA
"381",128,"Honeysuckle","N","0",NA
"382",128,"Privot","N","0",NA
"383",128,"Spicebush","N","0",NA
"384",128,"Rubus","N","0",NA
"385",128,"Mapleleaf Viburnum","N","0",NA
"386",128,"Buckthorn","S","0",NA
"387",128,"Multiflora rose","S","0",NA
"388",128,"Honeysuckle","S","0",NA
"389",128,"Privot","S","0",NA
"390",128,"Spicebush","S","0",NA
"391",128,"Rubus","S","0",NA
"392",128,"Mapleleaf Viburnum","S","0",NA
"393",209,"Buckthorn","N","0",NA
"394",209,"Multiflora rose","N","0",NA
"395",209,"Honeysuckle","N","0",NA
"396",209,"Privot","N","0",NA
"397",209,"Spicebush","N","0",NA
"398",209,"Rubus","N","0",NA
"399",209,"Mapleleaf Viburnum","N","0",NA
"400",209,"Buckthorn","S","0",NA
"401",209,"Multiflora rose","S","1",NA
"402",209,"Honeysuckle","S","0",NA
"403",209,"Privot","S","0",NA
"404",209,"Spicebush","S","0",NA
"405",209,"Rubus","S","0",NA
"406",209,"Mapleleaf Viburnum","S","0",NA
"407",129,"Buckthorn","N","0",NA
"408",129,"Multiflora rose","N","1",NA
"409",129,"Honeysuckle","N","0",NA
"410",129,"Privot","N","0",NA
"411",129,"Spicebush","N","0",NA
"412",129,"Rubus","N","0",NA
"413",129,"Mapleleaf Viburnum","N","0",NA
"414",129,"Buckthorn","S","0",NA
"415",129,"Multiflora rose","S","1",NA
"416",129,"Honeysuckle","S","0",NA
"417",129,"Privot","S","0",NA
"418",129,"Spicebush","S","0",NA
"419",129,"Rubus","S","0",NA
"420",129,"Mapleleaf Viburnum","S","0",NA
"421",213,"Buckthorn","N","0",NA
"422",213,"Multiflora rose","N","1",NA
"423",213,"Honeysuckle","N","0",NA
"424",213,"Privot","N","0",NA
"425",213,"Spicebush","N","0",NA
"426",213,"Rubus","N","0",NA
"427",213,"Mapleleaf Viburnum","N","0",NA
"428",213,"Buckthorn","S","0",NA
"429",213,"Multiflora rose","S","1",NA
"430",213,"Honeysuckle","S","0",NA
"431",213,"Privot","S","0",NA
"432",213,"Spicebush","S","0",NA
"433",213,"Rubus","S","0",NA
"434",213,"Mapleleaf Viburnum","S","0",NA
"435",164,"Buckthorn","N","0",NA
"436",164,"Multiflora rose","N","1",NA
"437",164,"Honeysuckle","N","0",NA
"438",164,"Privot","N","1",NA
"439",164,"Spicebush","N","0",NA
"440",164,"Rubus","N","0",NA
"441",164,"Mapleleaf Viburnum","N","0",NA
"442",164,"Buckthorn","S","0",NA
"443",164,"Multiflora rose","S","1",NA
"444",164,"Honeysuckle","S","0",NA
"445",164,"Privot","S","0",NA
"446",164,"Spicebush","S","0",NA
"447",164,"Rubus","S","0",NA
"448",164,"Mapleleaf Viburnum","S","0",NA
"449",131,"Buckthorn","N","0",NA
"450",131,"Multiflora rose","N","1",NA
"451",131,"Honeysuckle","N","0",NA
"452",131,"Privot","N","0",NA
"453",131,"Spicebush","N","0",NA
"454",131,"Rubus","N","0",NA
"455",131,"Mapleleaf Viburnum","N","0",NA
"456",131,"Buckthorn","S","0",NA
"457",131,"Multiflora rose","S","1",NA
"458",131,"Honeysuckle","S","0",NA
"459",131,"Privot","S","0",NA
"460",131,"Spicebush","S","0",NA
"461",131,"Rubus","S","1",NA
"462",131,"Mapleleaf Viburnum","S","0",NA
"463",127,"Buckthorn","N","0",NA
"464",127,"Multiflora rose","N","1",NA
"465",127,"Honeysuckle","N","0",NA
"466",127,"Privot","N","0",NA
"467",127,"Spicebush","N","0",NA
"468",127,"Rubus","N","1",NA
"469",127,"Mapleleaf Viburnum","N","0",NA
"470",127,"Buckthorn","S","0",NA
"471",127,"Multiflora rose","S","1",NA
"472",127,"Honeysuckle","S","0",NA
"473",127,"Privot","S","0",NA
"474",127,"Spicebush","S","0",NA
"475",127,"Rubus","S","0",NA
"476",127,"Mapleleaf Viburnum","S","0",NA
"477",130,"Buckthorn","N","1",NA
"478",130,"Multiflora rose","N","1",NA
"479",130,"Honeysuckle","N","0",NA
"480",130,"Privot","N","0",NA
"481",130,"Spicebush","N","0",NA
"482",130,"Rubus","N","0",NA
"483",130,"Mapleleaf Viburnum","N","0",NA
"484",130,"Buckthorn","S","0",NA
"485",130,"Multiflora rose","S","1",NA
"486",130,"Honeysuckle","S","0",NA
"487",130,"Privot","S","0",NA
"488",130,"Spicebush","S","0",NA
"489",130,"Rubus","S","0",NA
"490",130,"Mapleleaf Viburnum","S","0",NA
"491",3,"Buckthorn","N","1",NA
"492",3,"Multiflora rose","N","0",NA
"493",3,"Honeysuckle","N","0",NA
"494",3,"Privot","N","0",NA
"495",3,"Spicebush","N","0",NA
"496",3,"Rubus","N","1",NA
"497",3,"Mapleleaf Viburnum","N","0",NA
"498",3,"Buckthorn","S","1",NA
"499",3,"Multiflora rose","S","1",NA
"500",3,"Honeysuckle","S","0",NA
"501",3,"Privot","S","0",NA
"502",3,"Spicebush","S","0",NA
"503",3,"Rubus","S","1",NA
"504",3,"Mapleleaf Viburnum","S","0",NA
"505",126,"Buckthorn","N","0",NA
"506",126,"Multiflora rose","N","1",NA
"507",126,"Honeysuckle","N","0",NA
"508",126,"Privot","N","0",NA
"509",126,"Spicebush","N","0",NA
"510",126,"Rubus","N","1",NA
"511",126,"Mapleleaf Viburnum","N","0",NA
"512",126,"Buckthorn","S","0",NA
"513",126,"Multiflora rose","S","0",NA
"514",126,"Honeysuckle","S","0",NA
"515",126,"Privot","S","0",NA
"516",126,"Spicebush","S","0",NA
"517",126,"Rubus","S","0",NA
"518",126,"Mapleleaf Viburnum","S","0",NA
"519",158,"Buckthorn","N","1",NA
"520",158,"Multiflora rose","N","1",NA
"521",158,"Honeysuckle","N","0",NA
"522",158,"Privot","N","0",NA
"523",158,"Spicebush","N","1",NA
"524",158,"Rubus","N","0",NA
"525",158,"Mapleleaf Viburnum","N","0",NA
"526",158,"Buckthorn","S","1",NA
"527",158,"Multiflora rose","S","0",NA
"528",158,"Honeysuckle","S","0",NA
"529",158,"Privot","S","0",NA
"530",158,"Spicebush","S","1",NA
"531",158,"Rubus","S","1",NA
"532",158,"Mapleleaf Viburnum","S","0",NA
"533",21,"Buckthorn","N","1",NA
"534",21,"Multiflora rose","N","1",NA
"535",21,"Honeysuckle","N","0",NA
"536",21,"Privot","N","0",NA
"537",21,"Spicebush","N","0",NA
"538",21,"Rubus","N","0",NA
"539",21,"Mapleleaf Viburnum","N","0",NA
"540",21,"Buckthorn","S","1",NA
"541",21,"Multiflora rose","S","0",NA
"542",21,"Honeysuckle","S","0",NA
"543",21,"Privot","S","0",NA
"544",21,"Spicebush","S","0",NA
"545",21,"Rubus","S","0",NA
"546",21,"Mapleleaf Viburnum","S","0",NA
"547",16,"Buckthorn","N","0",NA
"548",16,"Multiflora rose","N","0",NA
"549",16,"Honeysuckle","N","0",NA
"550",16,"Privot","N","0",NA
"551",16,"Spicebush","N","1",NA
"552",16,"Rubus","N","0",NA
"553",16,"Mapleleaf Viburnum","N","0",NA
"554",16,"Buckthorn","S","0",NA
"555",16,"Multiflora rose","S","0",NA
"556",16,"Honeysuckle","S","0",NA
"557",16,"Privot","S","0",NA
"558",16,"Spicebush","S","1",NA
"559",16,"Rubus","S","1",NA
"560",16,"Mapleleaf Viburnum","S","0",NA
"561",4,"Buckthorn","N","0",NA
"562",4,"Multiflora rose","N","0",NA
"563",4,"Honeysuckle","N","0",NA
"564",4,"Privot","N","0",NA
"565",4,"Spicebush","N","1",NA
"566",4,"Rubus","N","0",NA
"567",4,"Mapleleaf Viburnum","N","0",NA
"568",4,"Buckthorn","S","0",NA
"569",4,"Multiflora rose","S","0",NA
"570",4,"Honeysuckle","S","0",NA
"571",4,"Privot","S","0",NA
"572",4,"Spicebush","S","1",NA
"573",4,"Rubus","S","0",NA
"574",4,"Mapleleaf Viburnum","S","0",NA
"575",159,"Buckthorn","N","0",NA
"576",159,"Multiflora rose","N","1",NA
"577",159,"Honeysuckle","N","0",NA
"578",159,"Privot","N","0",NA
"579",159,"Spicebush","N","0",NA
"580",159,"Rubus","N","0",NA
"581",159,"Mapleleaf Viburnum","N","0",NA
"582",159,"Buckthorn","S","0",NA
"583",159,"Multiflora rose","S","1",NA
"584",159,"Honeysuckle","S","0",NA
"585",159,"Privot","S","0",NA
"586",159,"Spicebush","S","1",NA
"587",159,"Rubus","S","1",NA
"588",159,"Mapleleaf Viburnum","S","0",NA
"589",162,"Buckthorn","N","1",NA
"590",162,"Multiflora rose","N","0",NA
"591",162,"Honeysuckle","N","0",NA
"592",162,"Privot","N","0",NA
"593",162,"Spicebush","N","1",NA
"594",162,"Rubus","N","0",NA
"595",162,"Mapleleaf Viburnum","N","1",NA
"596",162,"Buckthorn","S","1",NA
"597",162,"Multiflora rose","S","0",NA
"598",162,"Honeysuckle","S","0",NA
"599",162,"Privot","S","0",NA
"600",162,"Spicebush","S","0",NA
"601",162,"Rubus","S","0",NA
"602",162,"Mapleleaf Viburnum","S","0",NA
"603",19,"Buckthorn","N","1",NA
"604",19,"Multiflora rose","N","0",NA
"605",19,"Honeysuckle","N","0",NA
"606",19,"Privot","N","0",NA
"607",19,"Spicebush","N","0",NA
"608",19,"Rubus","N","1",NA
"609",19,"Mapleleaf Viburnum","N","0",NA
"610",19,"Buckthorn","S","1",NA
"611",19,"Multiflora rose","S","1",NA
"612",19,"Honeysuckle","S","1",NA
"613",19,"Privot","S","0",NA
"614",19,"Spicebush","S","0",NA
"615",19,"Rubus","S","0",NA
"616",19,"Mapleleaf Viburnum","S","0",NA
"617",160,"Buckthorn","N","0",NA
"618",160,"Multiflora rose","N","0",NA
"619",160,"Honeysuckle","N","0",NA
"620",160,"Privot","N","0",NA
"621",160,"Spicebush","N","0",NA
"622",160,"Rubus","N","0",NA
"623",160,"Mapleleaf Viburnum","N","0",NA
"624",160,"Buckthorn","S","1",NA
"625",160,"Multiflora rose","S","1",NA
"626",160,"Honeysuckle","S","0",NA
"627",160,"Privot","S","0",NA
"628",160,"Spicebush","S","0",NA
"629",160,"Rubus","S","0",NA
"630",160,"Mapleleaf Viburnum","S","0",NA
"631",18,"Buckthorn","N","1",NA
"632",18,"Multiflora rose","N","1",NA
"633",18,"Honeysuckle","N","0",NA
"634",18,"Privot","N","0",NA
"635",18,"Spicebush","N","0",NA
"636",18,"Rubus","N","0",NA
"637",18,"Mapleleaf Viburnum","N","0",NA
"638",18,"Buckthorn","S","1",NA
"639",18,"Multiflora rose","S","0",NA
"640",18,"Honeysuckle","S","0",NA
"641",18,"Privot","S","0",NA
"642",18,"Spicebush","S","0",NA
"643",18,"Rubus","S","1",NA
"644",18,"Mapleleaf Viburnum","S","0",NA
"645",20,"Buckthorn","N","1",NA
"646",20,"Multiflora rose","N","1",NA
"647",20,"Honeysuckle","N","0",NA
"648",20,"Privot","N","0",NA
"649",20,"Spicebush","N","0",NA
"650",20,"Rubus","N","0",NA
"651",20,"Mapleleaf Viburnum","N","0",NA
"652",20,"Buckthorn","S","1",NA
"653",20,"Multiflora rose","S","0",NA
"654",20,"Honeysuckle","S","1",NA
"655",20,"Privot","S","0",NA
"656",20,"Spicebush","S","0",NA
"657",20,"Rubus","S","0",NA
"658",20,"Mapleleaf Viburnum","S","0",NA
"659",173,"Buckthorn","N","0",NA
"660",173,"Multiflora rose","N","1",NA
"661",173,"Honeysuckle","N","0",NA
"662",173,"Privot","N","0",NA
"663",173,"Spicebush","N","0",NA
"664",173,"Rubus","N","0",NA
"665",173,"Mapleleaf Viburnum","N","0",NA
"666",173,"Buckthorn","S","0",NA
"667",173,"Multiflora rose","S","0",NA
"668",173,"Honeysuckle","S","0",NA
"669",173,"Privot","S","0",NA
"670",173,"Spicebush","S","0",NA
"671",173,"Rubus","S","0",NA
"672",173,"Mapleleaf Viburnum","S","0",NA
"673",161,"Buckthorn","N","0",NA
"674",161,"Multiflora rose","N","1",NA
"675",161,"Honeysuckle","N","0",NA
"676",161,"Privot","N","0",NA
"677",161,"Spicebush","N","0",NA
"678",161,"Rubus","N","1",NA
"679",161,"Mapleleaf Viburnum","N","0",NA
"680",161,"Buckthorn","S","0",NA
"681",161,"Multiflora rose","S","0",NA
"682",161,"Honeysuckle","S","0",NA
"683",161,"Privot","S","0",NA
"684",161,"Spicebush","S","0",NA
"685",161,"Rubus","S","0",NA
"686",161,"Mapleleaf Viburnum","S","0",NA
"687",13,"Buckthorn","N","0",NA
"688",13,"Multiflora rose","N","1",NA
"689",13,"Honeysuckle","N","0",NA
"690",13,"Privot","N","0",NA
"691",13,"Spicebush","N","1",NA
"692",13,"Rubus","N","1",NA
"693",13,"Mapleleaf Viburnum","N","0",NA
"694",13,"Buckthorn","S","1",NA
"695",13,"Multiflora rose","S","0",NA
"696",13,"Honeysuckle","S","0",NA
"697",13,"Privot","S","0",NA
"698",13,"Spicebush","S","1",NA
"699",13,"Rubus","S","0",NA
"700",13,"Mapleleaf Viburnum","S","0",NA
"701",15,"Buckthorn","N","1",NA
"702",15,"Multiflora rose","N","0",NA
"703",15,"Honeysuckle","N","0",NA
"704",15,"Privot","N","0",NA
"705",15,"Spicebush","N","0",NA
"706",15,"Rubus","N","0",NA
"707",15,"Mapleleaf Viburnum","N","0",NA
"708",15,"Buckthorn","S","0",NA
"709",15,"Multiflora rose","S","1",NA
"710",15,"Honeysuckle","S","0",NA
"711",15,"Privot","S","0",NA
"712",15,"Spicebush","S","1",NA
"713",15,"Rubus","S","0",NA
"714",15,"Mapleleaf Viburnum","S","1",NA
"715",176,"Buckthorn","N","1",NA
"716",176,"Multiflora rose","N","0",NA
"717",176,"Honeysuckle","N","0",NA
"718",176,"Privot","N","0",NA
"719",176,"Spicebush","N","0",NA
"720",176,"Rubus","N","1",NA
"721",176,"Mapleleaf Viburnum","N","0",NA
"722",176,"Buckthorn","S","0",NA
"723",176,"Multiflora rose","S","0",NA
"724",176,"Honeysuckle","S","0",NA
"725",176,"Privot","S","0",NA
"726",176,"Spicebush","S","0",NA
"727",176,"Rubus","S","1",NA
"728",176,"Mapleleaf Viburnum","S","0",NA
"729",8,"Buckthorn","N","0",NA
"730",8,"Multiflora rose","N","1",NA
"731",8,"Honeysuckle","N","0",NA
"732",8,"Privot","N","0",NA
"733",8,"Spicebush","N","1",NA
"734",8,"Rubus","N","1",NA
"735",8,"Mapleleaf Viburnum","N","0",NA
"736",8,"Buckthorn","S","0",NA
"737",8,"Multiflora rose","S","0",NA
"738",8,"Honeysuckle","S","0",NA
"739",8,"Privot","S","0",NA
"740",8,"Spicebush","S","1",NA
"741",8,"Rubus","S","0",NA
"742",8,"Mapleleaf Viburnum","S","0",NA
"743",138,"Buckthorn","N","0",NA
"744",138,"Multiflora rose","N","1",NA
"745",138,"Honeysuckle","N","0",NA
"746",138,"Privot","N","0",NA
"747",138,"Spicebush","N","0",NA
"748",138,"Rubus","N","1",NA
"749",138,"Mapleleaf Viburnum","N","0",NA
"750",138,"Buckthorn","S","0",NA
"751",138,"Multiflora rose","S","1",NA
"752",138,"Honeysuckle","S","0",NA
"753",138,"Privot","S","0",NA
"754",138,"Spicebush","S","0",NA
"755",138,"Rubus","S",NA,NA
"756",138,"Mapleleaf Viburnum","S","0",NA
"757",9,"Buckthorn","N","1",NA
"758",9,"Multiflora rose","N","0",NA
"759",9,"Honeysuckle","N","0",NA
"760",9,"Privot","N","0",NA
"761",9,"Spicebush","N","0",NA
"762",9,"Rubus","N","1",NA
"763",9,"Mapleleaf Viburnum","N","0",NA
"764",9,"Buckthorn","S","1",NA
"765",9,"Multiflora rose","S","0",NA
"766",9,"Honeysuckle","S","0",NA
"767",9,"Privot","S","0",NA
"768",9,"Spicebush","S","0",NA
"769",9,"Rubus","S","0",NA
"770",9,"Mapleleaf Viburnum","S","0",NA
"771",174,"Buckthorn","N","0",NA
"772",174,"Multiflora rose","N","0",NA
"773",174,"Honeysuckle","N","0",NA
"774",174,"Privot","N","0",NA
"775",174,"Spicebush","N","1",NA
"776",174,"Rubus","N","0",NA
"777",174,"Mapleleaf Viburnum","N","0",NA
"778",174,"Buckthorn","S","1",NA
"779",174,"Multiflora rose","S","0",NA
"780",174,"Honeysuckle","S","0",NA
"781",174,"Privot","S","0",NA
"782",174,"Spicebush","S","0",NA
"783",174,"Rubus","S","0",NA
"784",174,"Mapleleaf Viburnum","S","0",NA
"785",14,"Buckthorn","N","0",NA
"786",14,"Multiflora rose","N","1",NA
"787",14,"Honeysuckle","N","0",NA
"788",14,"Privot","N","0",NA
"789",14,"Spicebush","N","0",NA
"790",14,"Rubus","N","0",NA
"791",14,"Mapleleaf Viburnum","N","0",NA
"792",14,"Buckthorn","S","0",NA
"793",14,"Multiflora rose","S","1",NA
"794",14,"Honeysuckle","S","0",NA
"795",14,"Privot","S","0",NA
"796",14,"Spicebush","S","0",NA
"797",14,"Rubus","S","0",NA
"798",14,"Mapleleaf Viburnum","S","0",NA
"799",163,"Buckthorn","N","1",NA
"800",163,"Multiflora rose","N","0",NA
"801",163,"Honeysuckle","N","0",NA
"802",163,"Privot","N","0",NA
"803",163,"Spicebush","N","0",NA
"804",163,"Rubus","N","0",NA
"805",163,"Mapleleaf Viburnum","N","0",NA
"806",163,"Buckthorn","S","0",NA
"807",163,"Multiflora rose","S","1",NA
"808",163,"Honeysuckle","S","0",NA
"809",163,"Privot","S","0",NA
"810",163,"Spicebush","S","0",NA
"811",163,"Rubus","S","0",NA
"812",163,"Mapleleaf Viburnum","S","0",NA
"813",132,"Buckthorn","N","0",NA
"814",132,"Multiflora rose","N","0",NA
"815",132,"Honeysuckle","N","0",NA
"816",132,"Privot","N","0",NA
"817",132,"Spicebush","N","0",NA
"818",132,"Rubus","N","0",NA
"819",132,"Mapleleaf Viburnum","N","0",NA
"820",132,"Buckthorn","S","0",NA
"821",132,"Multiflora rose","S","1",NA
"822",132,"Honeysuckle","S","0",NA
"823",132,"Privot","S","1",NA
"824",132,"Spicebush","S","1",NA
"825",132,"Rubus","S","0",NA
"826",132,"Mapleleaf Viburnum","S","0",NA
"827",315,"Buckthorn","N","1",NA
"828",315,"Multiflora rose","N","1",NA
"829",315,"Honeysuckle","N","0",NA
"830",315,"Privot","N","0",NA
"831",315,"Spicebush","N","0",NA
"832",315,"Rubus","N","0",NA
"833",315,"Mapleleaf Viburnum","N","0",NA
"834",315,"Buckthorn","S","1",NA
"835",315,"Multiflora rose","S","0",NA
"836",315,"Honeysuckle","S","1",NA
"837",315,"Privot","S","0",NA
"838",315,"Spicebush","S","0",NA
"839",315,"Rubus","S","0",NA
"840",315,"Mapleleaf Viburnum","S","0",NA
"841",194,"Buckthorn","N","1",NA
"842",194,"Multiflora rose","N","1",NA
"843",194,"Honeysuckle","N","0",NA
"844",194,"Privot","N","1",NA
"845",194,"Spicebush","N","0",NA
"846",194,"Rubus","N","0",NA
"847",194,"Mapleleaf Viburnum","N","0",NA
"848",194,"Buckthorn","S","1",NA
"849",194,"Multiflora rose","S","1",NA
"850",194,"Honeysuckle","S","0",NA
"851",194,"Privot","S","1",NA
"852",194,"Spicebush","S","0",NA
"853",194,"Rubus","S","0",NA
"854",194,"Mapleleaf Viburnum","S","0",NA
"855",210,"Buckthorn","N","1",NA
"856",210,"Multiflora rose","N","2",NA
"857",210,"Honeysuckle","N","0",NA
"858",210,"Privot","N","0",NA
"859",210,"Spicebush","N","0",NA
"860",210,"Rubus","N","1",NA
"861",210,"Mapleleaf Viburnum","N","0",NA
"862",210,"Buckthorn","S","0",NA
"863",210,"Multiflora rose","S","1",NA
"864",210,"Honeysuckle","S","1",NA
"865",210,"Privot","S","0",NA
"866",210,"Spicebush","S","1",NA
"867",210,"Rubus","S","0",NA
"868",210,"Mapleleaf Viburnum","S","0",NA
"869",203,"Buckthorn","N","0",NA
"870",203,"Multiflora rose","N","3",NA
"871",203,"Honeysuckle","N","1",NA
"872",203,"Privot","N","0",NA
"873",203,"Spicebush","N","1",NA
"874",203,"Rubus","N","0",NA
"875",203,"Mapleleaf Viburnum","N","0",NA
"876",203,"Buckthorn","S","1",NA
"877",203,"Multiflora rose","S","3",NA
"878",203,"Honeysuckle","S","0",NA
"879",203,"Privot","S","0",NA
"880",203,"Spicebush","S","1",NA
"881",203,"Rubus","S","0",NA
"882",203,"Mapleleaf Viburnum","S","0",NA
"883",152,"Buckthorn","N","1",NA
"884",152,"Multiflora rose","N","1",NA
"885",152,"Honeysuckle","N","1",NA
"886",152,"Privot","N","1",NA
"887",152,"Spicebush","N","0",NA
"888",152,"Rubus","N","0",NA
"889",152,"Mapleleaf Viburnum","N","1",NA
"890",152,"Buckthorn","S","1",NA
"891",152,"Multiflora rose","S","1",NA
"892",152,"Honeysuckle","S","0",NA
"893",152,"Privot","S","1",NA
"894",152,"Spicebush","S","0",NA
"895",152,"Rubus","S","0",NA
"896",152,"Mapleleaf Viburnum","S","0",NA
"897",204,"Buckthorn","N","1",NA
"898",204,"Multiflora rose","N","1",NA
"899",204,"Honeysuckle","N","0",NA
"900",204,"Privot","N","0",NA
"901",204,"Spicebush","N","1",NA
"902",204,"Rubus","N","1",NA
"903",204,"Mapleleaf Viburnum","N","1",NA
"904",204,"Buckthorn","S","1",NA
"905",204,"Multiflora rose","S","2",NA
"906",204,"Honeysuckle","S","0",NA
"907",204,"Privot","S","0",NA
"908",204,"Spicebush","S","0",NA
"909",204,"Rubus","S","1",NA
"910",204,"Mapleleaf Viburnum","S","0",NA
"911",925,"Buckthorn","N","0",NA
"912",925,"Multiflora rose","N","3",NA
"913",925,"Honeysuckle","N","0",NA
"914",925,"Privot","N","0",NA
"915",925,"Spicebush","N","1",NA
"916",925,"Rubus","N","0",NA
"917",925,"Mapleleaf Viburnum","N","0",NA
"918",925,"Buckthorn","S","1",NA
"919",925,"Multiflora rose","S","2",NA
"920",925,"Honeysuckle","S","0",NA
"921",925,"Privot","S","0",NA
"922",925,"Spicebush","S","1",NA
"923",925,"Rubus","S","1",NA
"924",925,"Mapleleaf Viburnum","S","0",NA
"925",153,"Buckthorn","N","1",NA
"926",153,"Multiflora rose","N","2",NA
"927",153,"Honeysuckle","N","0",NA
"928",153,"Privot","N","0",NA
"929",153,"Spicebush","N","1",NA
"930",153,"Rubus","N","1",NA
"931",153,"Mapleleaf Viburnum","N","0",NA
"932",153,"Buckthorn","S","1",NA
"933",153,"Multiflora rose","S","2",NA
"934",153,"Honeysuckle","S","1",NA
"935",153,"Privot","S","0",NA
"936",153,"Spicebush","S","0",NA
"937",153,"Rubus","S","1",NA
"938",153,"Mapleleaf Viburnum","S","0",NA
"939",148,"Buckthorn","N","1",NA
"940",148,"Multiflora rose","N","3",NA
"941",148,"Honeysuckle","N","1",NA
"942",148,"Privot","N","0",NA
"943",148,"Spicebush","N","1",NA
"944",148,"Rubus","N","1",NA
"945",148,"Mapleleaf Viburnum","N","0",NA
"946",148,"Buckthorn","S","1",NA
"947",148,"Multiflora rose","S","4",NA
"948",148,"Honeysuckle","S","0",NA
"949",148,"Privot","S","0",NA
"950",148,"Spicebush","S","1",NA
"951",148,"Rubus","S","1",NA
"952",148,"Mapleleaf Viburnum","S","1",NA
"953",926,"Buckthorn","N","1",NA
"954",926,"Multiflora rose","N","3",NA
"955",926,"Honeysuckle","N","0",NA
"956",926,"Privot","N","0",NA
"957",926,"Spicebush","N","1",NA
"958",926,"Rubus","N","1",NA
"959",926,"Mapleleaf Viburnum","N","1",NA
"960",926,"Buckthorn","S","1",NA
"961",926,"Multiflora rose","S","4",NA
"962",926,"Honeysuckle","S","0",NA
"963",926,"Privot","S","0",NA
"964",926,"Spicebush","S","1",NA
"965",926,"Rubus","S","1",NA
"966",926,"Mapleleaf Viburnum","S","1",NA
"967",913,"Buckthorn","N","0",NA
"968",913,"Multiflora rose","N","2",NA
"969",913,"Honeysuckle","N","1",NA
"970",913,"Privot","N","0",NA
"971",913,"Spicebush","N","0",NA
"972",913,"Rubus","N","1",NA
"973",913,"Mapleleaf Viburnum","N","0",NA
"974",913,"Buckthorn","S","1",NA
"975",913,"Multiflora rose","S","2",NA
"976",913,"Honeysuckle","S","0",NA
"977",913,"Privot","S","0",NA
"978",913,"Spicebush","S","1",NA
"979",913,"Rubus","S","0",NA
"980",913,"Mapleleaf Viburnum","S","0",NA
"981",147,"Buckthorn","N","1",NA
"982",147,"Multiflora rose","N","1",NA
"983",147,"Honeysuckle","N","0",NA
"984",147,"Privot","N","0",NA
"985",147,"Spicebush","N","1",NA
"986",147,"Rubus","N","1",NA
"987",147,"Mapleleaf Viburnum","N","0",NA
"988",147,"Buckthorn","S","0",NA
"989",147,"Multiflora rose","S","2",NA
"990",147,"Honeysuckle","S","0",NA
"991",147,"Privot","S","0",NA
"992",147,"Spicebush","S","1",NA
"993",147,"Rubus","S","1",NA
"994",147,"Mapleleaf Viburnum","S","0",NA
"995",54,"Buckthorn","N","1",NA
"996",54,"Multiflora rose","N","0",NA
"997",54,"Honeysuckle","N","1",NA
"998",54,"Privot","N","0",NA
"999",54,"Spicebush","N","0",NA
"1000",54,"Rubus","N","1",NA
"1001",54,"Mapleleaf Viburnum","N","0",NA
"1002",54,"Buckthorn","S","0",NA
"1003",54,"Multiflora rose","S","1",NA
"1004",54,"Honeysuckle","S","0",NA
"1005",54,"Privot","S","0",NA
"1006",54,"Spicebush","S","0",NA
"1007",54,"Rubus","S","1",NA
"1008",54,"Mapleleaf Viburnum","S","0",NA
"1009",912,"Buckthorn","N","1",NA
"1010",912,"Multiflora rose","N","2",NA
"1011",912,"Honeysuckle","N","1",NA
"1012",912,"Privot","N","0",NA
"1013",912,"Spicebush","N","0",NA
"1014",912,"Rubus","N","1",NA
"1015",912,"Mapleleaf Viburnum","N","0",NA
"1016",912,"Buckthorn","S","0",NA
"1017",912,"Multiflora rose","S","1",NA
"1018",912,"Honeysuckle","S","0",NA
"1019",912,"Privot","S","0",NA
"1020",912,"Spicebush","S","1",NA
"1021",912,"Rubus","S","0",NA
"1022",912,"Mapleleaf Viburnum","S","0",NA
"1023",46,"Buckthorn","N","1",NA
"1024",46,"Multiflora rose","N","0",NA
"1025",46,"Honeysuckle","N","0",NA
"1026",46,"Privot","N","0",NA
"1027",46,"Spicebush","N","0",NA
"1028",46,"Rubus","N","0",NA
"1029",46,"Mapleleaf Viburnum","N","0",NA
"1030",46,"Buckthorn","S","1",NA
"1031",46,"Multiflora rose","S","1",NA
"1032",46,"Honeysuckle","S","0",NA
"1033",46,"Privot","S","0",NA
"1034",46,"Spicebush","S","0",NA
"1035",46,"Rubus","S","1",NA
"1036",46,"Mapleleaf Viburnum","S","0",NA
"1037",44,"Buckthorn","N","1",NA
"1038",44,"Multiflora rose","N","0",NA
"1039",44,"Honeysuckle","N","1",NA
"1040",44,"Privot","N","0",NA
"1041",44,"Spicebush","N","0",NA
"1042",44,"Rubus","N","1",NA
"1043",44,"Mapleleaf Viburnum","N","0",NA
"1044",44,"Buckthorn","S","0",NA
"1045",44,"Multiflora rose","S","1",NA
"1046",44,"Honeysuckle","S","0",NA
"1047",44,"Privot","S","0",NA
"1048",44,"Spicebush","S","0",NA
"1049",44,"Rubus","S","1",NA
"1050",44,"Mapleleaf Viburnum","S","0",NA
"1051",55,"Buckthorn","N","1",NA
"1052",55,"Multiflora rose","N","2",NA
"1053",55,"Honeysuckle","N","0",NA
"1054",55,"Privot","N","0",NA
"1055",55,"Spicebush","N","1",NA
"1056",55,"Rubus","N","1",NA
"1057",55,"Mapleleaf Viburnum","N","0",NA
"1058",55,"Buckthorn","S","1",NA
"1059",55,"Multiflora rose","S","4",NA
"1060",55,"Honeysuckle","S","0",NA
"1061",55,"Privot","S","0",NA
"1062",55,"Spicebush","S","1",NA
"1063",55,"Rubus","S","1",NA
"1064",55,"Mapleleaf Viburnum","S","0",NA
"1065",205,"Buckthorn","N","1",NA
"1066",205,"Multiflora rose","N","2",NA
"1067",205,"Honeysuckle","N","0",NA
"1068",205,"Privot","N","0",NA
"1069",205,"Spicebush","N","2",NA
"1070",205,"Rubus","N","1",NA
"1071",205,"Mapleleaf Viburnum","N","0",NA
"1072",205,"Buckthorn","S","1",NA
"1073",205,"Multiflora rose","S","2",NA
"1074",205,"Honeysuckle","S","0",NA
"1075",205,"Privot","S","0",NA
"1076",205,"Spicebush","S","1",NA
"1077",205,"Rubus","S","1",NA
"1078",205,"Mapleleaf Viburnum","S","0",NA
"1079",248,"Buckthorn","N","0",NA
"1080",248,"Multiflora rose","N","3",NA
"1081",248,"Honeysuckle","N","1",NA
"1082",248,"Privot","N","0",NA
"1083",248,"Spicebush","N","1",NA
"1084",248,"Rubus","N","1",NA
"1085",248,"Mapleleaf Viburnum","N","0",NA
"1086",248,"Buckthorn","S","1",NA
"1087",248,"Multiflora rose","S","4",NA
"1088",248,"Honeysuckle","S","0",NA
"1089",248,"Privot","S","0",NA
"1090",248,"Spicebush","S","1",NA
"1091",248,"Rubus","S","0",NA
"1092",248,"Mapleleaf Viburnum","S","0",NA
"1093",149,"Buckthorn","N","1",NA
"1094",149,"Multiflora rose","N","4",NA
"1095",149,"Honeysuckle","N","0",NA
"1096",149,"Privot","N","0",NA
"1097",149,"Spicebush","N","1",NA
"1098",149,"Rubus","N","0",NA
"1099",149,"Mapleleaf Viburnum","N","0",NA
"1100",149,"Buckthorn","S","0",NA
"1101",149,"Multiflora rose","S","4",NA
"1102",149,"Honeysuckle","S","0",NA
"1103",149,"Privot","S","0",NA
"1104",149,"Spicebush","S","1",NA
"1105",149,"Rubus","S","1",NA
"1106",149,"Mapleleaf Viburnum","S","0",NA
"1107",150,"Buckthorn","N","0",NA
"1108",150,"Multiflora rose","N","0",NA
"1109",150,"Honeysuckle","N","0",NA
"1110",150,"Privot","N","0",NA
"1111",150,"Spicebush","N","1",NA
"1112",150,"Rubus","N","0",NA
"1113",150,"Mapleleaf Viburnum","N","0",NA
"1114",150,"Buckthorn","S","1",NA
"1115",150,"Multiflora rose","S","1",NA
"1116",150,"Honeysuckle","S","0",NA
"1117",150,"Privot","S","0",NA
"1118",150,"Spicebush","S","1",NA
"1119",150,"Rubus","S","1",NA
"1120",150,"Mapleleaf Viburnum","S","0",NA
"1121",927,"Buckthorn","N","1",NA
"1122",927,"Multiflora rose","N","0",NA
"1123",927,"Honeysuckle","N","0",NA
"1124",927,"Privot","N","0",NA
"1125",927,"Spicebush","N","1",NA
"1126",927,"Rubus","N","1",NA
"1127",927,"Mapleleaf Viburnum","N","1",NA
"1128",927,"Buckthorn","S","0",NA
"1129",927,"Multiflora rose","S","0",NA
"1130",927,"Honeysuckle","S","0",NA
"1131",927,"Privot","S","0",NA
"1132",927,"Spicebush","S","1",NA
"1133",927,"Rubus","S","0",NA
"1134",927,"Mapleleaf Viburnum","S","0",NA
"1135",38,"Buckthorn","N","1",NA
"1136",38,"Multiflora rose","N","1",NA
"1137",38,"Honeysuckle","N","0",NA
"1138",38,"Privot","N","0",NA
"1139",38,"Spicebush","N","0",NA
"1140",38,"Rubus","N","1",NA
"1141",38,"Mapleleaf Viburnum","N","0",NA
"1142",38,"Buckthorn","S","0",NA
"1143",38,"Multiflora rose","S","1",NA
"1144",38,"Honeysuckle","S","0",NA
"1145",38,"Privot","S","0",NA
"1146",38,"Spicebush","S","0",NA
"1147",38,"Rubus","S","0",NA
"1148",38,"Mapleleaf Viburnum","S","0",NA
"1149",36,"Buckthorn","N","1",NA
"1150",36,"Multiflora rose","N","1",NA
"1151",36,"Honeysuckle","N","0",NA
"1152",36,"Privot","N","0",NA
"1153",36,"Spicebush","N","0",NA
"1154",36,"Rubus","N","0",NA
"1155",36,"Mapleleaf Viburnum","N","0",NA
"1156",36,"Buckthorn","S","0",NA
"1157",36,"Multiflora rose","S","0",NA
"1158",36,"Honeysuckle","S","0",NA
"1159",36,"Privot","S","0",NA
"1160",36,"Spicebush","S","0",NA
"1161",36,"Rubus","S","1",NA
"1162",36,"Mapleleaf Viburnum","S","0",NA
"1163",34,"Buckthorn","N","0",NA
"1164",34,"Multiflora rose","N","1",NA
"1165",34,"Honeysuckle","N","1",NA
"1166",34,"Privot","N","0",NA
"1167",34,"Spicebush","N","0",NA
"1168",34,"Rubus","N","0",NA
"1169",34,"Mapleleaf Viburnum","N","0",NA
"1170",34,"Buckthorn","S","0",NA
"1171",34,"Multiflora rose","S","2",NA
"1172",34,"Honeysuckle","S","0",NA
"1173",34,"Privot","S","0",NA
"1174",34,"Spicebush","S","0",NA
"1175",34,"Rubus","S","1",NA
"1176",34,"Mapleleaf Viburnum","S","0",NA
"1177",207,"Buckthorn","N","0",NA
"1178",207,"Multiflora rose","N","3",NA
"1179",207,"Honeysuckle","N","0",NA
"1180",207,"Privot","N","0",NA
"1181",207,"Spicebush","N","0",NA
"1182",207,"Rubus","N","0",NA
"1183",207,"Mapleleaf Viburnum","N","0",NA
"1184",207,"Buckthorn","S","0",NA
"1185",207,"Multiflora rose","S","2",NA
"1186",207,"Honeysuckle","S","0",NA
"1187",207,"Privot","S","0",NA
"1188",207,"Spicebush","S","0",NA
"1189",207,"Rubus","S","0",NA
"1190",207,"Mapleleaf Viburnum","S","0",NA
"1191",25,"Buckthorn","N","1",NA
"1192",25,"Multiflora rose","N","1",NA
"1193",25,"Honeysuckle","N","0",NA
"1194",25,"Privot","N","1",NA
"1195",25,"Spicebush","N","0",NA
"1196",25,"Rubus","N","1",NA
"1197",25,"Mapleleaf Viburnum","N","0",NA
"1198",25,"Buckthorn","S","0",NA
"1199",25,"Multiflora rose","S","1",NA
"1200",25,"Honeysuckle","S","0",NA
"1201",25,"Privot","S","0",NA
"1202",25,"Spicebush","S","0",NA
"1203",25,"Rubus","S","1",NA
"1204",25,"Mapleleaf Viburnum","S","0",NA
"1205",30,"Buckthorn","N","0",NA
"1206",30,"Multiflora rose","N","0",NA
"1207",30,"Honeysuckle","N","0",NA
"1208",30,"Privot","N","1",NA
"1209",30,"Spicebush","N","1",NA
"1210",30,"Rubus","N","1",NA
"1211",30,"Mapleleaf Viburnum","N","0",NA
"1212",30,"Buckthorn","S","0",NA
"1213",30,"Multiflora rose","S","2",NA
"1214",30,"Honeysuckle","S","0",NA
"1215",30,"Privot","S","1",NA
"1216",30,"Spicebush","S","0",NA
"1217",30,"Rubus","S","0",NA
"1218",30,"Mapleleaf Viburnum","S","0",NA
"1219",31,"Buckthorn","N","1",NA
"1220",31,"Multiflora rose","N","2",NA
"1221",31,"Honeysuckle","N","0",NA
"1222",31,"Privot","N","0",NA
"1223",31,"Spicebush","N","0",NA
"1224",31,"Rubus","N","1",NA
"1225",31,"Mapleleaf Viburnum","N","0",NA
"1226",31,"Buckthorn","S","0",NA
"1227",31,"Multiflora rose","S","1",NA
"1228",31,"Honeysuckle","S","0",NA
"1229",31,"Privot","S","0",NA
"1230",31,"Spicebush","S","0",NA
"1231",31,"Rubus","S","1",NA
"1232",31,"Mapleleaf Viburnum","S","0",NA
"1233",41,"Buckthorn","N","0",NA
"1234",41,"Multiflora rose","N","2",NA
"1235",41,"Honeysuckle","N","1",NA
"1236",41,"Privot","N","0",NA
"1237",41,"Spicebush","N","0",NA
"1238",41,"Rubus","N","1",NA
"1239",41,"Mapleleaf Viburnum","N","0",NA
"1240",41,"Buckthorn","S","1",NA
"1241",41,"Multiflora rose","S","2",NA
"1242",41,"Honeysuckle","S","1",NA
"1243",41,"Privot","S","0",NA
"1244",41,"Spicebush","S","0",NA
"1245",41,"Rubus","S","1",NA
"1246",41,"Mapleleaf Viburnum","S","0",NA
"1247",33,"Buckthorn","N","0",NA
"1248",33,"Multiflora rose","N","2",NA
"1249",33,"Honeysuckle","N","0",NA
"1250",33,"Privot","N","0",NA
"1251",33,"Spicebush","N","1",NA
"1252",33,"Rubus","N","1",NA
"1253",33,"Mapleleaf Viburnum","N","0",NA
"1254",33,"Buckthorn","S","1",NA
"1255",33,"Multiflora rose","S","1",NA
"1256",33,"Honeysuckle","S","0",NA
"1257",33,"Privot","S","0",NA
"1258",33,"Spicebush","S","1",NA
"1259",33,"Rubus","S","0",NA
"1260",33,"Mapleleaf Viburnum","S","0",NA
"1261",35,"Buckthorn","N","1",NA
"1262",35,"Multiflora rose","N","2",NA
"1263",35,"Honeysuckle","N","0",NA
"1264",35,"Privot","N","0",NA
"1265",35,"Spicebush","N","1",NA
"1266",35,"Rubus","N","1",NA
"1267",35,"Mapleleaf Viburnum","N","0",NA
"1268",35,"Buckthorn","S","0",NA
"1269",35,"Multiflora rose","S","2",NA
"1270",35,"Honeysuckle","S","0",NA
"1271",35,"Privot","S","0",NA
"1272",35,"Spicebush","S","0",NA
"1273",35,"Rubus","S","1",NA
"1274",35,"Mapleleaf Viburnum","S","0",NA
"1275",32,"Buckthorn","N","1",NA
"1276",32,"Multiflora rose","N","1",NA
"1277",32,"Honeysuckle","N","0",NA
"1278",32,"Privot","N","0",NA
"1279",32,"Spicebush","N","0",NA
"1280",32,"Rubus","N","0",NA
"1281",32,"Mapleleaf Viburnum","N","0",NA
"1282",32,"Buckthorn","S","1",NA
"1283",32,"Multiflora rose","S","1",NA
"1284",32,"Honeysuckle","S","0",NA
"1285",32,"Privot","S","0",NA
"1286",32,"Spicebush","S","1",NA
"1287",32,"Rubus","S","1",NA
"1288",32,"Mapleleaf Viburnum","S","0",NA
"1289",29,"Buckthorn","N","1",NA
"1290",29,"Multiflora rose","N","1",NA
"1291",29,"Honeysuckle","N","0",NA
"1292",29,"Privot","N","0",NA
"1293",29,"Spicebush","N","0",NA
"1294",29,"Rubus","N","0",NA
"1295",29,"Mapleleaf Viburnum","N","0",NA
"1296",29,"Buckthorn","S","1",NA
"1297",29,"Multiflora rose","S","2",NA
"1298",29,"Honeysuckle","S","0",NA
"1299",29,"Privot","S","0",NA
"1300",29,"Spicebush","S","0",NA
"1301",29,"Rubus","S","1",NA
"1302",29,"Mapleleaf Viburnum","S","0",NA
"1303",51,"Buckthorn","N","1",NA
"1304",51,"Multiflora rose","N","0",NA
"1305",51,"Honeysuckle","N","0",NA
"1306",51,"Privot","N","0",NA
"1307",51,"Spicebush","N","0",NA
"1308",51,"Rubus","N","1",NA
"1309",51,"Mapleleaf Viburnum","N","0",NA
"1310",51,"Buckthorn","S","1",NA
"1311",51,"Multiflora rose","S","1",NA
"1312",51,"Honeysuckle","S","0",NA
"1313",51,"Privot","S","0",NA
"1314",51,"Spicebush","S","1",NA
"1315",51,"Rubus","S","1",NA
"1316",51,"Mapleleaf Viburnum","S","0",NA
"1317",28,"Buckthorn","N","1",NA
"1318",28,"Multiflora rose","N","1",NA
"1319",28,"Honeysuckle","N","0",NA
"1320",28,"Privot","N","0",NA
"1321",28,"Spicebush","N","0",NA
"1322",28,"Rubus","N","1",NA
"1323",28,"Mapleleaf Viburnum","N","0",NA
"1324",28,"Buckthorn","S","0",NA
"1325",28,"Multiflora rose","S","1",NA
"1326",28,"Honeysuckle","S","0",NA
"1327",28,"Privot","S","0",NA
"1328",28,"Spicebush","S","1",NA
"1329",28,"Rubus","S","1",NA
"1330",28,"Mapleleaf Viburnum","S","0",NA
"1331",911,"Buckthorn","N","0",NA
"1332",911,"Multiflora rose","N","2",NA
"1333",911,"Honeysuckle","N","0",NA
"1334",911,"Privot","N","0",NA
"1335",911,"Spicebush","N","0",NA
"1336",911,"Rubus","N","1",NA
"1337",911,"Mapleleaf Viburnum","N","0",NA
"1338",911,"Buckthorn","S","1",NA
"1339",911,"Multiflora rose","S","2",NA
"1340",911,"Honeysuckle","S","0",NA
"1341",911,"Privot","S","0",NA
"1342",911,"Spicebush","S","1",NA
"1343",911,"Rubus","S","1",NA
"1344",911,"Mapleleaf Viburnum","S","0",NA
"1345",42,"Buckthorn","N","1",NA
"1346",42,"Multiflora rose","N","3",NA
"1347",42,"Honeysuckle","N","0",NA
"1348",42,"Privot","N","0",NA
"1349",42,"Spicebush","N","1",NA
"1350",42,"Rubus","N","1",NA
"1351",42,"Mapleleaf Viburnum","N","0",NA
"1352",42,"Buckthorn","S","1",NA
"1353",42,"Multiflora rose","S","2",NA
"1354",42,"Honeysuckle","S","0",NA
"1355",42,"Privot","S","0",NA
"1356",42,"Spicebush","S","1",NA
"1357",42,"Rubus","S","1",NA
"1358",42,"Mapleleaf Viburnum","S","0",NA
"1359",47,"Buckthorn","N","1",NA
"1360",47,"Multiflora rose","N","1",NA
"1361",47,"Honeysuckle","N","0",NA
"1362",47,"Privot","N","0",NA
"1363",47,"Spicebush","N","1",NA
"1364",47,"Rubus","N","0",NA
"1365",47,"Mapleleaf Viburnum","N","0",NA
"1366",47,"Buckthorn","S","1",NA
"1367",47,"Multiflora rose","S","1",NA
"1368",47,"Honeysuckle","S","0",NA
"1369",47,"Privot","S","0",NA
"1370",47,"Spicebush","S","0",NA
"1371",47,"Rubus","S","1",NA
"1372",47,"Mapleleaf Viburnum","S","0",NA
"1373",45,"Buckthorn","N","1",NA
"1374",45,"Multiflora rose","N","2",NA
"1375",45,"Honeysuckle","N","0",NA
"1376",45,"Privot","N","0",NA
"1377",45,"Spicebush","N","0",NA
"1378",45,"Rubus","N","1",NA
"1379",45,"Mapleleaf Viburnum","N","0",NA
"1380",45,"Buckthorn","S","1",NA
"1381",45,"Multiflora rose","S","2",NA
"1382",45,"Honeysuckle","S","0",NA
"1383",45,"Privot","S","1",NA
"1384",45,"Spicebush","S","1",NA
"1385",45,"Rubus","S","1",NA
"1386",45,"Mapleleaf Viburnum","S","0",NA
"1387",49,"Buckthorn","N","0",NA
"1388",49,"Multiflora rose","N","0",NA
"1389",49,"Honeysuckle","N","0",NA
"1390",49,"Privot","N","0",NA
"1391",49,"Spicebush","N","0",NA
"1392",49,"Rubus","N","1",NA
"1393",49,"Mapleleaf Viburnum","N","0",NA
"1394",49,"Buckthorn","S","0",NA
"1395",49,"Multiflora rose","S","1",NA
"1396",49,"Honeysuckle","S","0",NA
"1397",49,"Privot","S","0",NA
"1398",49,"Spicebush","S","0",NA
"1399",49,"Rubus","S","1",NA
"1400",49,"Mapleleaf Viburnum","S","0",NA
"1401",48,"Buckthorn","N","0",NA
"1402",48,"Multiflora rose","N","1",NA
"1403",48,"Honeysuckle","N","0",NA
"1404",48,"Privot","N","0",NA
"1405",48,"Spicebush","N","0",NA
"1406",48,"Rubus","N","1",NA
"1407",48,"Mapleleaf Viburnum","N","0",NA
"1408",48,"Buckthorn","S","1",NA
"1409",48,"Multiflora rose","S","1",NA
"1410",48,"Honeysuckle","S","0",NA
"1411",48,"Privot","S","0",NA
"1412",48,"Spicebush","S","1",NA
"1413",48,"Rubus","S","1",NA
"1414",48,"Mapleleaf Viburnum","S","0",NA
"1415",56,"Buckthorn","N","1",NA
"1416",56,"Multiflora rose","N","2",NA
"1417",56,"Honeysuckle","N","0",NA
"1418",56,"Privot","N","0",NA
"1419",56,"Spicebush","N","1",NA
"1420",56,"Rubus","N","0",NA
"1421",56,"Mapleleaf Viburnum","N","0",NA
"1422",56,"Buckthorn","S","1",NA
"1423",56,"Multiflora rose","S","1",NA
"1424",56,"Honeysuckle","S","0",NA
"1425",56,"Privot","S","0",NA
"1426",56,"Spicebush","S","1",NA
"1427",56,"Rubus","S","1",NA
"1428",56,"Mapleleaf Viburnum","S","0",NA
"1429",910,"Buckthorn","N","0",NA
"1430",910,"Multiflora rose","N","1",NA
"1431",910,"Honeysuckle","N","0",NA
"1432",910,"Privot","N","0",NA
"1433",910,"Spicebush","N","1",NA
"1434",910,"Rubus","N","1",NA
"1435",910,"Mapleleaf Viburnum","N","0",NA
"1436",910,"Buckthorn","S","1",NA
"1437",910,"Multiflora rose","S","1",NA
"1438",910,"Honeysuckle","S","0",NA
"1439",910,"Privot","S","0",NA
"1440",910,"Spicebush","S","1",NA
"1441",910,"Rubus","S","0",NA
"1442",910,"Mapleleaf Viburnum","S","0",NA
"1443",64,"Buckthorn","N","1",NA
"1444",64,"Multiflora rose","N","2",NA
"1445",64,"Honeysuckle","N","0",NA
"1446",64,"Privot","N","0",NA
"1447",64,"Spicebush","N","0",NA
"1448",64,"Rubus","N","1",NA
"1449",64,"Mapleleaf Viburnum","N","0",NA
"1450",64,"Buckthorn","S","1",NA
"1451",64,"Multiflora rose","S","1",NA
"1452",64,"Honeysuckle","S","0",NA
"1453",64,"Privot","S","0",NA
"1454",64,"Spicebush","S","0",NA
"1455",64,"Rubus","S","1",NA
"1456",64,"Mapleleaf Viburnum","S","0",NA
"1457",895,"Buckthorn","N","1",NA
"1458",895,"Multiflora rose","N","0",NA
"1459",895,"Honeysuckle","N","1",NA
"1460",895,"Privot","N","0",NA
"1461",895,"Spicebush","N","1",NA
"1462",895,"Rubus","N","1",NA
"1463",895,"Mapleleaf Viburnum","N","0",NA
"1464",895,"Buckthorn","S","1",NA
"1465",895,"Multiflora rose","S","0",NA
"1466",895,"Honeysuckle","S","0",NA
"1467",895,"Privot","S","0",NA
"1468",895,"Spicebush","S","0",NA
"1469",895,"Rubus","S","0",NA
"1470",895,"Mapleleaf Viburnum","S","0",NA
"1471",57,"Buckthorn","N","1",NA
"1472",57,"Multiflora rose","N","1",NA
"1473",57,"Honeysuckle","N","1",NA
"1474",57,"Privot","N","0",NA
"1475",57,"Spicebush","N","0",NA
"1476",57,"Rubus","N","0",NA
"1477",57,"Mapleleaf Viburnum","N","0",NA
"1478",57,"Buckthorn","S","1",NA
"1479",57,"Multiflora rose","S","2",NA
"1480",57,"Honeysuckle","S","0",NA
"1481",57,"Privot","S","0",NA
"1482",57,"Spicebush","S","1",NA
"1483",57,"Rubus","S","0",NA
"1484",57,"Mapleleaf Viburnum","S","1",NA
"1485",69,"Buckthorn","N","1",NA
"1486",69,"Multiflora rose","N","1",NA
"1487",69,"Honeysuckle","N","0",NA
"1488",69,"Privot","N","0",NA
"1489",69,"Spicebush","N","0",NA
"1490",69,"Rubus","N","1",NA
"1491",69,"Mapleleaf Viburnum","N","0",NA
"1492",69,"Buckthorn","S","1",NA
"1493",69,"Multiflora rose","S","1",NA
"1494",69,"Honeysuckle","S","0",NA
"1495",69,"Privot","S","0",NA
"1496",69,"Spicebush","S","1",NA
"1497",69,"Rubus","S","1",NA
"1498",69,"Mapleleaf Viburnum","S","0",NA
"1499",880,"Buckthorn","N","1",NA
"1500",880,"Multiflora rose","N","1",NA
"1501",880,"Honeysuckle","N","0",NA
"1502",880,"Privot","N","0",NA
"1503",880,"Spicebush","N","0",NA
"1504",880,"Rubus","N","1",NA
"1505",880,"Mapleleaf Viburnum","N","0",NA
"1506",880,"Buckthorn","S","1",NA
"1507",880,"Multiflora rose","S","1",NA
"1508",880,"Honeysuckle","S","0",NA
"1509",880,"Privot","S","0",NA
"1510",880,"Spicebush","S","1",NA
"1511",880,"Rubus","S","1",NA
"1512",880,"Mapleleaf Viburnum","S","0",NA
"1513",70,"Buckthorn","N","1",NA
"1514",70,"Multiflora rose","N","2",NA
"1515",70,"Honeysuckle","N","0",NA
"1516",70,"Privot","N","0",NA
"1517",70,"Spicebush","N","0",NA
"1518",70,"Rubus","N","1",NA
"1519",70,"Mapleleaf Viburnum","N","0",NA
"1520",70,"Buckthorn","S","1",NA
"1521",70,"Multiflora rose","S","1",NA
"1522",70,"Honeysuckle","S","0",NA
"1523",70,"Privot","S","0",NA
"1524",70,"Spicebush","S","0",NA
"1525",70,"Rubus","S","0",NA
"1526",70,"Mapleleaf Viburnum","S","0",NA
"1527",58,"Buckthorn","N","1",NA
"1528",58,"Multiflora rose","N","1",NA
"1529",58,"Honeysuckle","N","0",NA
"1530",58,"Privot","N","1",NA
"1531",58,"Spicebush","N","0",NA
"1532",58,"Rubus","N","1",NA
"1533",58,"Mapleleaf Viburnum","N","0",NA
"1534",58,"Buckthorn","S","1",NA
"1535",58,"Multiflora rose","S","2",NA
"1536",58,"Honeysuckle","S","1",NA
"1537",58,"Privot","S","0",NA
"1538",58,"Spicebush","S","0",NA
"1539",58,"Rubus","S","0",NA
"1540",58,"Mapleleaf Viburnum","S","0",NA
"1541",62,"Buckthorn","N","1",NA
"1542",62,"Multiflora rose","N","1",NA
"1543",62,"Honeysuckle","N","0",NA
"1544",62,"Privot","N","0",NA
"1545",62,"Spicebush","N","0",NA
"1546",62,"Rubus","N","1",NA
"1547",62,"Mapleleaf Viburnum","N","0",NA
"1548",62,"Buckthorn","S","1",NA
"1549",62,"Multiflora rose","S","2",NA
"1550",62,"Honeysuckle","S","0",NA
"1551",62,"Privot","S","0",NA
"1552",62,"Spicebush","S","1",NA
"1553",62,"Rubus","S","0",NA
"1554",62,"Mapleleaf Viburnum","S","0",NA
"1555",909,"Buckthorn","N","1",NA
"1556",909,"Multiflora rose","N","1",NA
"1557",909,"Honeysuckle","N","0",NA
"1558",909,"Privot","N","0",NA
"1559",909,"Spicebush","N","1",NA
"1560",909,"Rubus","N","1",NA
"1561",909,"Mapleleaf Viburnum","N","0",NA
"1562",909,"Buckthorn","S","1",NA
"1563",909,"Multiflora rose","S","1",NA
"1564",909,"Honeysuckle","S","0",NA
"1565",909,"Privot","S","1",NA
"1566",909,"Spicebush","S","1",NA
"1567",909,"Rubus","S","0",NA
"1568",909,"Mapleleaf Viburnum","S","0",NA
"1569",61,"Buckthorn","N","1",NA
"1570",61,"Multiflora rose","N","1",NA
"1571",61,"Honeysuckle","N","0",NA
"1572",61,"Privot","N","1",NA
"1573",61,"Spicebush","N","0",NA
"1574",61,"Rubus","N","1",NA
"1575",61,"Mapleleaf Viburnum","N","0",NA
"1576",61,"Buckthorn","S","1",NA
"1577",61,"Multiflora rose","S","2",NA
"1578",61,"Honeysuckle","S","0",NA
"1579",61,"Privot","S","0",NA
"1580",61,"Spicebush","S","1",NA
"1581",61,"Rubus","S","0",NA
"1582",61,"Mapleleaf Viburnum","S","0",NA
"1583",74,"Buckthorn","N","1",NA
"1584",74,"Multiflora rose","N","2",NA
"1585",74,"Honeysuckle","N","0",NA
"1586",74,"Privot","N","1",NA
"1587",74,"Spicebush","N","1",NA
"1588",74,"Rubus","N","1",NA
"1589",74,"Mapleleaf Viburnum","N","0",NA
"1590",74,"Buckthorn","S","1",NA
"1591",74,"Multiflora rose","S","2",NA
"1592",74,"Honeysuckle","S","0",NA
"1593",74,"Privot","S","0",NA
"1594",74,"Spicebush","S","0",NA
"1595",74,"Rubus","S","1",NA
"1596",74,"Mapleleaf Viburnum","S","0",NA
"1597",59,"Buckthorn","N","1",NA
"1598",59,"Multiflora rose","N","1",NA
"1599",59,"Honeysuckle","N","0",NA
"1600",59,"Privot","N","0",NA
"1601",59,"Spicebush","N","0",NA
"1602",59,"Rubus","N","1",NA
"1603",59,"Mapleleaf Viburnum","N","1",NA
"1604",59,"Buckthorn","S","1",NA
"1605",59,"Multiflora rose","S","1",NA
"1606",59,"Honeysuckle","S","0",NA
"1607",59,"Privot","S","0",NA
"1608",59,"Spicebush","S","1",NA
"1609",59,"Rubus","S","1",NA
"1610",59,"Mapleleaf Viburnum","S","0",NA
"1611",908,"Buckthorn","N","2",NA
"1612",908,"Multiflora rose","N","1",NA
"1613",908,"Honeysuckle","N","0",NA
"1614",908,"Privot","N","1",NA
"1615",908,"Spicebush","N","0",NA
"1616",908,"Rubus","N","0",NA
"1617",908,"Mapleleaf Viburnum","N","0",NA
"1618",908,"Buckthorn","S","2",NA
"1619",908,"Multiflora rose","S","1",NA
"1620",908,"Honeysuckle","S","0",NA
"1621",908,"Privot","S","0",NA
"1622",908,"Spicebush","S","0",NA
"1623",908,"Rubus","S","0",NA
"1624",908,"Mapleleaf Viburnum","S","0",NA
"1625",65,"Buckthorn","N","1",NA
"1626",65,"Multiflora rose","N","1",NA
"1627",65,"Honeysuckle","N","0",NA
"1628",65,"Privot","N","0",NA
"1629",65,"Spicebush","N","1",NA
"1630",65,"Rubus","N","1",NA
"1631",65,"Mapleleaf Viburnum","N","0",NA
"1632",65,"Buckthorn","S","1",NA
"1633",65,"Multiflora rose","S","1",NA
"1634",65,"Honeysuckle","S","0",NA
"1635",65,"Privot","S","0",NA
"1636",65,"Spicebush","S","0",NA
"1637",65,"Rubus","S","1",NA
"1638",65,"Mapleleaf Viburnum","S","0",NA
"1639",906,"Buckthorn","N","2",NA
"1640",906,"Multiflora rose","N","1",NA
"1641",906,"Honeysuckle","N","1",NA
"1642",906,"Privot","N","0",NA
"1643",906,"Spicebush","N","1",NA
"1644",906,"Rubus","N","1",NA
"1645",906,"Mapleleaf Viburnum","N","0",NA
"1646",906,"Buckthorn","S","2",NA
"1647",906,"Multiflora rose","S","1",NA
"1648",906,"Honeysuckle","S","0",NA
"1649",906,"Privot","S","0",NA
"1650",906,"Spicebush","S","0",NA
"1651",906,"Rubus","S","1",NA
"1652",906,"Mapleleaf Viburnum","S","0",NA
"1653",907,"Buckthorn","N","2",NA
"1654",907,"Multiflora rose","N","1",NA
"1655",907,"Honeysuckle","N","0",NA
"1656",907,"Privot","N","0",NA
"1657",907,"Spicebush","N","0",NA
"1658",907,"Rubus","N","1",NA
"1659",907,"Mapleleaf Viburnum","N","0",NA
"1660",907,"Buckthorn","S","2",NA
"1661",907,"Multiflora rose","S","1",NA
"1662",907,"Honeysuckle","S","0",NA
"1663",907,"Privot","S","0",NA
"1664",907,"Spicebush","S","0",NA
"1665",907,"Rubus","S","0",NA
"1666",907,"Mapleleaf Viburnum","S","0",NA
"1667",904,"Buckthorn","N","1",NA
"1668",904,"Multiflora rose","N","2",NA
"1669",904,"Honeysuckle","N","1",NA
"1670",904,"Privot","N","0",NA
"1671",904,"Spicebush","N","1",NA
"1672",904,"Rubus","N","1",NA
"1673",904,"Mapleleaf Viburnum","N","0",NA
"1674",904,"Buckthorn","S","1",NA
"1675",904,"Multiflora rose","S","2",NA
"1676",904,"Honeysuckle","S","0",NA
"1677",904,"Privot","S","0",NA
"1678",904,"Spicebush","S","1",NA
"1679",904,"Rubus","S","1",NA
"1680",904,"Mapleleaf Viburnum","S","0",NA
"1681",60,"Buckthorn","N","1",NA
"1682",60,"Multiflora rose","N","1",NA
"1683",60,"Honeysuckle","N","0",NA
"1684",60,"Privot","N","0",NA
"1685",60,"Spicebush","N","0",NA
"1686",60,"Rubus","N","1",NA
"1687",60,"Mapleleaf Viburnum","N","0",NA
"1688",60,"Buckthorn","S","1",NA
"1689",60,"Multiflora rose","S","1",NA
"1690",60,"Honeysuckle","S","1",NA
"1691",60,"Privot","S","0",NA
"1692",60,"Spicebush","S","0",NA
"1693",60,"Rubus","S","1",NA
"1694",60,"Mapleleaf Viburnum","S","0",NA
"1695",903,"Buckthorn","N","1",NA
"1696",903,"Multiflora rose","N","1",NA
"1697",903,"Honeysuckle","N","1",NA
"1698",903,"Privot","N","0",NA
"1699",903,"Spicebush","N","1",NA
"1700",903,"Rubus","N","1",NA
"1701",903,"Mapleleaf Viburnum","N","0",NA
"1702",903,"Buckthorn","S","1",NA
"1703",903,"Multiflora rose","S","0",NA
"1704",903,"Honeysuckle","S","0",NA
"1705",903,"Privot","S","0",NA
"1706",903,"Spicebush","S","0",NA
"1707",903,"Rubus","S","1",NA
"1708",903,"Mapleleaf Viburnum","S","0",NA
"1709",905,"Buckthorn","N","1",NA
"1710",905,"Multiflora rose","N","1",NA
"1711",905,"Honeysuckle","N","0",NA
"1712",905,"Privot","N","0",NA
"1713",905,"Spicebush","N","0",NA
"1714",905,"Rubus","N","1",NA
"1715",905,"Mapleleaf Viburnum","N","0",NA
"1716",905,"Buckthorn","S","1",NA
"1717",905,"Multiflora rose","S","1",NA
"1718",905,"Honeysuckle","S","0",NA
"1719",905,"Privot","S","0",NA
"1720",905,"Spicebush","S","0",NA
"1721",905,"Rubus","S","1",NA
"1722",905,"Mapleleaf Viburnum","S","0",NA
"1723",66,"Buckthorn","N","1",NA
"1724",66,"Multiflora rose","N","1",NA
"1725",66,"Honeysuckle","N","0",NA
"1726",66,"Privot","N","0",NA
"1727",66,"Spicebush","N","1",NA
"1728",66,"Rubus","N","0",NA
"1729",66,"Mapleleaf Viburnum","N","1",NA
"1730",66,"Buckthorn","S","1",NA
"1731",66,"Multiflora rose","S","1",NA
"1732",66,"Honeysuckle","S","1",NA
"1733",66,"Privot","S","0",NA
"1734",66,"Spicebush","S","1",NA
"1735",66,"Rubus","S","1",NA
"1736",66,"Mapleleaf Viburnum","S","0",NA
"1737",67,"Buckthorn","N","1",NA
"1738",67,"Multiflora rose","N","2",NA
"1739",67,"Honeysuckle","N","0",NA
"1740",67,"Privot","N","0",NA
"1741",67,"Spicebush","N","1",NA
"1742",67,"Rubus","N","1",NA
"1743",67,"Mapleleaf Viburnum","N","0",NA
"1744",67,"Buckthorn","S","1",NA
"1745",67,"Multiflora rose","S","3",NA
"1746",67,"Honeysuckle","S","0",NA
"1747",67,"Privot","S","0",NA
"1748",67,"Spicebush","S","1",NA
"1749",67,"Rubus","S","1",NA
"1750",67,"Mapleleaf Viburnum","S","0",NA
"1751",68,"Buckthorn","N","0",NA
"1752",68,"Multiflora rose","N","1",NA
"1753",68,"Honeysuckle","N","0",NA
"1754",68,"Privot","N","0",NA
"1755",68,"Spicebush","N","1",NA
"1756",68,"Rubus","N","1",NA
"1757",68,"Mapleleaf Viburnum","N","0",NA
"1758",68,"Buckthorn","S","1",NA
"1759",68,"Multiflora rose","S","1",NA
"1760",68,"Honeysuckle","S","0",NA
"1761",68,"Privot","S","0",NA
"1762",68,"Spicebush","S","1",NA
"1763",68,"Rubus","S","1",NA
"1764",68,"Mapleleaf Viburnum","S","0",NA
"1765",77,"Buckthorn","N","0",NA
"1766",77,"Multiflora rose","N","1",NA
"1767",77,"Honeysuckle","N","0",NA
"1768",77,"Privot","N","0",NA
"1769",77,"Spicebush","N","0",NA
"1770",77,"Rubus","N","1",NA
"1771",77,"Mapleleaf Viburnum","N","0",NA
"1772",77,"Buckthorn","S","0",NA
"1773",77,"Multiflora rose","S","1",NA
"1774",77,"Honeysuckle","S","0",NA
"1775",77,"Privot","S","0",NA
"1776",77,"Spicebush","S","1",NA
"1777",77,"Rubus","S","1",NA
"1778",77,"Mapleleaf Viburnum","S","0",NA
"1779",72,"Buckthorn","N","0",NA
"1780",72,"Multiflora rose","N","1",NA
"1781",72,"Honeysuckle","N","0",NA
"1782",72,"Privot","N","0",NA
"1783",72,"Spicebush","N","1",NA
"1784",72,"Rubus","N","1",NA
"1785",72,"Mapleleaf Viburnum","N","0",NA
"1786",72,"Buckthorn","S","1",NA
"1787",72,"Multiflora rose","S","1",NA
"1788",72,"Honeysuckle","S","1",NA
"1789",72,"Privot","S","0",NA
"1790",72,"Spicebush","S","1",NA
"1791",72,"Rubus","S","1",NA
"1792",72,"Mapleleaf Viburnum","S","0",NA
"1793",902,"Buckthorn","N","1",NA
"1794",902,"Multiflora rose","N","2",NA
"1795",902,"Honeysuckle","N","1",NA
"1796",902,"Privot","N","0",NA
"1797",902,"Spicebush","N","1",NA
"1798",902,"Rubus","N","0",NA
"1799",902,"Mapleleaf Viburnum","N","0",NA
"1800",902,"Buckthorn","S","1",NA
"1801",902,"Multiflora rose","S","1",NA
"1802",902,"Honeysuckle","S","1",NA
"1803",902,"Privot","S","0",NA
"1804",902,"Spicebush","S","0",NA
"1805",902,"Rubus","S","1",NA
"1806",902,"Mapleleaf Viburnum","S","0",NA
"1807",901,"Buckthorn","N","1",NA
"1808",901,"Multiflora rose","N","2",NA
"1809",901,"Honeysuckle","N","0",NA
"1810",901,"Privot","N","0",NA
"1811",901,"Spicebush","N","0",NA
"1812",901,"Rubus","N","0",NA
"1813",901,"Mapleleaf Viburnum","N","0",NA
"1814",901,"Buckthorn","S","0",NA
"1815",901,"Multiflora rose","S","0",NA
"1816",901,"Honeysuckle","S","0",NA
"1817",901,"Privot","S","0",NA
"1818",901,"Spicebush","S","0",NA
"1819",901,"Rubus","S","0",NA
"1820",901,"Mapleleaf Viburnum","S","0",NA
"1821",75,"Buckthorn","N","1",NA
"1822",75,"Multiflora rose","N","2",NA
"1823",75,"Honeysuckle","N","1",NA
"1824",75,"Privot","N","0",NA
"1825",75,"Spicebush","N","0",NA
"1826",75,"Rubus","N","0",NA
"1827",75,"Mapleleaf Viburnum","N","0",NA
"1828",75,"Buckthorn","S","1",NA
"1829",75,"Multiflora rose","S","1",NA
"1830",75,"Honeysuckle","S","0",NA
"1831",75,"Privot","S","0",NA
"1832",75,"Spicebush","S","0",NA
"1833",75,"Rubus","S","0",NA
"1834",75,"Mapleleaf Viburnum","S","0",NA
"1835",27,"Buckthorn","N","0",NA
"1836",27,"Multiflora rose","N","1",NA
"1837",27,"Honeysuckle","N","1",NA
"1838",27,"Privot","N","1",NA
"1839",27,"Spicebush","N","1",NA
"1840",27,"Rubus","N","0",NA
"1841",27,"Mapleleaf Viburnum","N","0",NA
"1842",27,"Buckthorn","S","0",NA
"1843",27,"Multiflora rose","S","1",NA
"1844",27,"Honeysuckle","S","0",NA
"1845",27,"Privot","S","0",NA
"1846",27,"Spicebush","S","0",NA
"1847",27,"Rubus","S","0",NA
"1848",27,"Mapleleaf Viburnum","S","0",NA
"1849",24,"Buckthorn","N","1",NA
"1850",24,"Multiflora rose","N","1",NA
"1851",24,"Honeysuckle","N","0",NA
"1852",24,"Privot","N","1",NA
"1853",24,"Spicebush","N","0",NA
"1854",24,"Rubus","N","0",NA
"1855",24,"Mapleleaf Viburnum","N","0",NA
"1856",24,"Buckthorn","S","0",NA
"1857",24,"Multiflora rose","S","1",NA
"1858",24,"Honeysuckle","S","0",NA
"1859",24,"Privot","S","0",NA
"1860",24,"Spicebush","S","0",NA
"1861",24,"Rubus","S","0",NA
"1862",24,"Mapleleaf Viburnum","S","0",NA
"1863",860,"Buckthorn","N","0",NA
"1864",860,"Multiflora rose","N","1",NA
"1865",860,"Honeysuckle","N","0",NA
"1866",860,"Privot","N","0",NA
"1867",860,"Spicebush","N","1",NA
"1868",860,"Rubus","N","0",NA
"1869",860,"Mapleleaf Viburnum","N","0",NA
"1870",860,"Buckthorn","S","0",NA
"1871",860,"Multiflora rose","S","1",NA
"1872",860,"Honeysuckle","S","0",NA
"1873",860,"Privot","S","1",NA
"1874",860,"Spicebush","S","1",NA
"1875",860,"Rubus","S","0",NA
"1876",860,"Mapleleaf Viburnum","S","0",NA
"1877",151,"Buckthorn","N","0",NA
"1878",151,"Multiflora rose","N","1",NA
"1879",151,"Honeysuckle","N","0",NA
"1880",151,"Privot","N","0",NA
"1881",151,"Spicebush","N","0",NA
"1882",151,"Rubus","N","0",NA
"1883",151,"Mapleleaf Viburnum","N","0",NA
"1884",151,"Buckthorn","S","0",NA
"1885",151,"Multiflora rose","S","1",NA
"1886",151,"Honeysuckle","S","0",NA
"1887",151,"Privot","S","0",NA
"1888",151,"Spicebush","S","0",NA
"1889",151,"Rubus","S","0",NA
"1890",151,"Mapleleaf Viburnum","S","0",NA
"1891",874,"Buckthorn","N","0",NA
"1892",874,"Multiflora rose","N","1",NA
"1893",874,"Honeysuckle","N","1",NA
"1894",874,"Privot","N","0",NA
"1895",874,"Spicebush","N","0",NA
"1896",874,"Rubus","N","1",NA
"1897",874,"Mapleleaf Viburnum","N","0",NA
"1898",874,"Buckthorn","S","0",NA
"1899",874,"Multiflora rose","S","1",NA
"1900",874,"Honeysuckle","S","0",NA
"1901",874,"Privot","S","1",NA
"1902",874,"Spicebush","S","0",NA
"1903",874,"Rubus","S","0",NA
"1904",874,"Mapleleaf Viburnum","S","0",NA
"1905",39,"Buckthorn","N","1",NA
"1906",39,"Multiflora rose","N","2",NA
"1907",39,"Honeysuckle","N","0",NA
"1908",39,"Privot","N","0",NA
"1909",39,"Spicebush","N","0",NA
"1910",39,"Rubus","N","1",NA
"1911",39,"Mapleleaf Viburnum","N","0",NA
"1912",39,"Buckthorn","S","0",NA
"1913",39,"Multiflora rose","S","1",NA
"1914",39,"Honeysuckle","S","0",NA
"1915",39,"Privot","S","0",NA
"1916",39,"Spicebush","S","1",NA
"1917",39,"Rubus","S","0",NA
"1918",39,"Mapleleaf Viburnum","S","0",NA
"1919",53,"Buckthorn","N","1",NA
"1920",53,"Multiflora rose","N","3",NA
"1921",53,"Honeysuckle","N","0",NA
"1922",53,"Privot","N","0",NA
"1923",53,"Spicebush","N","1",NA
"1924",53,"Rubus","N","1",NA
"1925",53,"Mapleleaf Viburnum","N","0",NA
"1926",53,"Buckthorn","S","1",NA
"1927",53,"Multiflora rose","S","3",NA
"1928",53,"Honeysuckle","S","0",NA
"1929",53,"Privot","S","0",NA
"1930",53,"Spicebush","S","1",NA
"1931",53,"Rubus","S","1",NA
"1932",53,"Mapleleaf Viburnum","S","0",NA
"1933",43,"Buckthorn","N","0",NA
"1934",43,"Multiflora rose","N","1",NA
"1935",43,"Honeysuckle","N","0",NA
"1936",43,"Privot","N","1",NA
"1937",43,"Spicebush","N","1",NA
"1938",43,"Rubus","N","0",NA
"1939",43,"Mapleleaf Viburnum","N","0",NA
"1940",43,"Buckthorn","S","0",NA
"1941",43,"Multiflora rose","S","0",NA
"1942",43,"Honeysuckle","S","0",NA
"1943",43,"Privot","S","0",NA
"1944",43,"Spicebush","S","0",NA
"1945",43,"Rubus","S","1",NA
"1946",43,"Mapleleaf Viburnum","S","0",NA
"1947",50,"Buckthorn","N","1",NA
"1948",50,"Multiflora rose","N","2",NA
"1949",50,"Honeysuckle","N","0",NA
"1950",50,"Privot","N","0",NA
"1951",50,"Spicebush","N","1",NA
"1952",50,"Rubus","N","1",NA
"1953",50,"Mapleleaf Viburnum","N","0",NA
"1954",50,"Buckthorn","S","1",NA
"1955",50,"Multiflora rose","S","2",NA
"1956",50,"Honeysuckle","S","0",NA
"1957",50,"Privot","S","0",NA
"1958",50,"Spicebush","S","1",NA
"1959",50,"Rubus","S","1",NA
"1960",50,"Mapleleaf Viburnum","S","0",NA
"1961",40,"Buckthorn","N","1",NA
"1962",40,"Multiflora rose","N","1",NA
"1963",40,"Honeysuckle","N","0",NA
"1964",40,"Privot","N","0",NA
"1965",40,"Spicebush","N","1",NA
"1966",40,"Rubus","N","0",NA
"1967",40,"Mapleleaf Viburnum","N","0",NA
"1968",40,"Buckthorn","S","1",NA
"1969",40,"Multiflora rose","S","1",NA
"1970",40,"Honeysuckle","S","0",NA
"1971",40,"Privot","S","0",NA
"1972",40,"Spicebush","S","0",NA
"1973",40,"Rubus","S","1",NA
"1974",40,"Mapleleaf Viburnum","S","0",NA
"1975",71,"Buckthorn","N","1",NA
"1976",71,"Multiflora rose","N","1",NA
"1977",71,"Honeysuckle","N","0",NA
"1978",71,"Privot","N","0",NA
"1979",71,"Spicebush","N","0",NA
"1980",71,"Rubus","N","1",NA
"1981",71,"Mapleleaf Viburnum","N","0",NA
"1982",71,"Buckthorn","S","1",NA
"1983",71,"Multiflora rose","S","1",NA
"1984",71,"Honeysuckle","S","0",NA
"1985",71,"Privot","S","0",NA
"1986",71,"Spicebush","S","1",NA
"1987",71,"Rubus","S","0",NA
"1988",71,"Mapleleaf Viburnum","S","0",NA
"1989",52,"Buckthorn","N","1",NA
"1990",52,"Multiflora rose","N","2",NA
"1991",52,"Honeysuckle","N","0",NA
"1992",52,"Privot","N","0",NA
"1993",52,"Spicebush","N","1",NA
"1994",52,"Rubus","N","1",NA
"1995",52,"Mapleleaf Viburnum","N","0",NA
"1996",52,"Buckthorn","S","1",NA
"1997",52,"Multiflora rose","S","2",NA
"1998",52,"Honeysuckle","S","0",NA
"1999",52,"Privot","S","0",NA
"2000",52,"Spicebush","S","1",NA
"2001",52,"Rubus","S","1",NA
"2002",52,"Mapleleaf Viburnum","S","0",NA
"2003",206,"Buckthorn","N","1",NA
"2004",206,"Multiflora rose","N","2",NA
"2005",206,"Honeysuckle","N","0",NA
"2006",206,"Privot","N","1",NA
"2007",206,"Spicebush","N","0",NA
"2008",206,"Rubus","N","0",NA
"2009",206,"Mapleleaf Viburnum","N","0",NA
"2010",206,"Buckthorn","S","1",NA
"2011",206,"Multiflora rose","S","1",NA
"2012",206,"Honeysuckle","S","0",NA
"2013",206,"Privot","S","1",NA
"2014",206,"Spicebush","S","0",NA
"2015",206,"Rubus","S","0",NA
"2016",206,"Mapleleaf Viburnum","S","0",NA
"2017",145,"Buckthorn","N","1",NA
"2018",145,"Multiflora rose","N","0",NA
"2019",145,"Honeysuckle","N","0",NA
"2020",145,"Privot","N","0",NA
"2021",145,"Spicebush","N","1",NA
"2022",145,"Rubus","N","0",NA
"2023",145,"Mapleleaf Viburnum","N","0",NA
"2024",145,"Buckthorn","S","1",NA
"2025",145,"Multiflora rose","S","0",NA
"2026",145,"Honeysuckle","S","0",NA
"2027",145,"Privot","S","0",NA
"2028",145,"Spicebush","S","1",NA
"2029",145,"Rubus","S","0",NA
"2030",145,"Mapleleaf Viburnum","S","0",NA
"2031",250,"Buckthorn","N","1",NA
"2032",250,"Multiflora rose","N","1",NA
"2033",250,"Honeysuckle","N","1",NA
"2034",250,"Privot","N","0",NA
"2035",250,"Spicebush","N","0",NA
"2036",250,"Rubus","N","0",NA
"2037",250,"Mapleleaf Viburnum","N","0",NA
"2038",250,"Buckthorn","S","1",NA
"2039",250,"Multiflora rose","S","1",NA
"2040",250,"Honeysuckle","S","1",NA
"2041",250,"Privot","S","1",NA
"2042",250,"Spicebush","S","0",NA
"2043",250,"Rubus","S","0",NA
"2044",250,"Mapleleaf Viburnum","S","0",NA
"2045",63,"Buckthorn","N","1",NA
"2046",63,"Multiflora rose","N","1",NA
"2047",63,"Honeysuckle","N","1",NA
"2048",63,"Privot","N","0",NA
"2049",63,"Spicebush","N","0",NA
"2050",63,"Rubus","N","0",NA
"2051",63,"Mapleleaf Viburnum","N","0",NA
"2052",63,"Buckthorn","S","1",NA
"2053",63,"Multiflora rose","S","1",NA
"2054",63,"Honeysuckle","S","1",NA
"2055",63,"Privot","S","0",NA
"2056",63,"Spicebush","S","1",NA
"2057",63,"Rubus","S","0",NA
"2058",63,"Mapleleaf Viburnum","S","0",NA
"2059",915,"Buckthorn","N","1",NA
"2060",915,"Multiflora rose","N","1",NA
"2061",915,"Honeysuckle","N","1",NA
"2062",915,"Privot","N","0",NA
"2063",915,"Spicebush","N","0",NA
"2064",915,"Rubus","N","1",NA
"2065",915,"Mapleleaf Viburnum","N","0",NA
"2066",915,"Buckthorn","S","1",NA
"2067",915,"Multiflora rose","S","2",NA
"2068",915,"Honeysuckle","S","1",NA
"2069",915,"Privot","S","0",NA
"2070",915,"Spicebush","S","1",NA
"2071",915,"Rubus","S","1",NA
"2072",915,"Mapleleaf Viburnum","S","0",NA
"2073",146,"Buckthorn","N","1",NA
"2074",146,"Multiflora rose","N","3",NA
"2075",146,"Honeysuckle","N","1",NA
"2076",146,"Privot","N","0",NA
"2077",146,"Spicebush","N","0",NA
"2078",146,"Rubus","N","1",NA
"2079",146,"Mapleleaf Viburnum","N","0",NA
"2080",146,"Buckthorn","S","1",NA
"2081",146,"Multiflora rose","S","2",NA
"2082",146,"Honeysuckle","S","1",NA
"2083",146,"Privot","S","0",NA
"2084",146,"Spicebush","S","1",NA
"2085",146,"Rubus","S","1",NA
"2086",146,"Mapleleaf Viburnum","S","0",NA
"2087",211,"Buckthorn","N","1",NA
"2088",211,"Multiflora rose","N","1",NA
"2089",211,"Honeysuckle","N","0",NA
"2090",211,"Privot","N","0",NA
"2091",211,"Spicebush","N","0",NA
"2092",211,"Rubus","N","0",NA
"2093",211,"Mapleleaf Viburnum","N","0",NA
"2094",211,"Buckthorn","S","1",NA
"2095",211,"Multiflora rose","S","1",NA
"2096",211,"Honeysuckle","S","0",NA
"2097",211,"Privot","S","0",NA
"2098",211,"Spicebush","S","1",NA
"2099",211,"Rubus","S","1",NA
"2100",211,"Mapleleaf Viburnum","S","0",NA
"2101",930,"Buckthorn","N","1",NA
"2102",930,"Multiflora rose","N","1",NA
"2103",930,"Honeysuckle","N","1",NA
"2104",930,"Privot","N","0",NA
"2105",930,"Spicebush","N","1",NA
"2106",930,"Rubus","N","1",NA
"2107",930,"Mapleleaf Viburnum","N","0",NA
"2108",930,"Buckthorn","S","1",NA
"2109",930,"Multiflora rose","S","2",NA
"2110",930,"Honeysuckle","S","1",NA
"2111",930,"Privot","S","0",NA
"2112",930,"Spicebush","S","1",NA
"2113",930,"Rubus","S","1",NA
"2114",930,"Mapleleaf Viburnum","S","0",NA
"2115",208,"Buckthorn","N","1",NA
"2116",208,"Multiflora rose","N","3",NA
"2117",208,"Honeysuckle","N","1",NA
"2118",208,"Privot","N","0",NA
"2119",208,"Spicebush","N","0",NA
"2120",208,"Rubus","N","1",NA
"2121",208,"Mapleleaf Viburnum","N","0",NA
"2122",208,"Buckthorn","S","1",NA
"2123",208,"Multiflora rose","S","3",NA
"2124",208,"Honeysuckle","S","0",NA
"2125",208,"Privot","S","0",NA
"2126",208,"Spicebush","S","0",NA
"2127",208,"Rubus","S","0",NA
"2128",208,"Mapleleaf Viburnum","S","0",NA
"2129",914,"Buckthorn","N","1",NA
"2130",914,"Multiflora rose","N","1",NA
"2131",914,"Honeysuckle","N","0",NA
"2132",914,"Privot","N","0",NA
"2133",914,"Spicebush","N","0",NA
"2134",914,"Rubus","N","1",NA
"2135",914,"Mapleleaf Viburnum","N","0",NA
"2136",914,"Buckthorn","S","1",NA
"2137",914,"Multiflora rose","S","1",NA
"2138",914,"Honeysuckle","S","0",NA
"2139",914,"Privot","S","1",NA
"2140",914,"Spicebush","S","0",NA
"2141",914,"Rubus","S","1",NA
"2142",914,"Mapleleaf Viburnum","S","0",NA
"2143",37,"Buckthorn","N","0",NA
"2144",37,"Multiflora rose","N","0",NA
"2145",37,"Honeysuckle","N","0",NA
"2146",37,"Privot","N","0",NA
"2147",37,"Spicebush","N","0",NA
"2148",37,"Rubus","N","0",NA
"2149",37,"Mapleleaf Viburnum","N","1",NA
"2150",37,"Buckthorn","S","0",NA
"2151",37,"Multiflora rose","S","0",NA
"2152",37,"Honeysuckle","S","0",NA
"2153",37,"Privot","S","0",NA
"2154",37,"Spicebush","S","0",NA
"2155",37,"Rubus","S","0",NA
"2156",37,"Mapleleaf Viburnum","S","1",NA
"2157",23,"Buckthorn","N","1",NA
"2158",23,"Multiflora rose","N","1",NA
"2159",23,"Honeysuckle","N","0",NA
"2160",23,"Privot","N","0",NA
"2161",23,"Spicebush","N","0",NA
"2162",23,"Rubus","N","1",NA
"2163",23,"Mapleleaf Viburnum","N","0",NA
"2164",23,"Buckthorn","S","1",NA
"2165",23,"Multiflora rose","S","1",NA
"2166",23,"Honeysuckle","S","0",NA
"2167",23,"Privot","S","0",NA
"2168",23,"Spicebush","S","0",NA
"2169",23,"Rubus","S","1",NA
"2170",23,"Mapleleaf Viburnum","S","0",NA
"2171",7,"Buckthorn","N","1",NA
"2172",7,"Multiflora rose","N","1",NA
"2173",7,"Honeysuckle","N","0",NA
"2174",7,"Privot","N","0",NA
"2175",7,"Spicebush","N","0",NA
"2176",7,"Rubus","N","1",NA
"2177",7,"Mapleleaf Viburnum","N","0",NA
"2178",7,"Buckthorn","S","0",NA
"2179",7,"Multiflora rose","S","0",NA
"2180",7,"Honeysuckle","S","0",NA
"2181",7,"Privot","S","0",NA
"2182",7,"Spicebush","S","1",NA
"2183",7,"Rubus","S","1",NA
"2184",7,"Mapleleaf Viburnum","S","0",NA
"2185",1,"Buckthorn","N","0",NA
"2186",1,"Multiflora rose","N","0",NA
"2187",1,"Honeysuckle","N","0",NA
"2188",1,"Privot","N","0",NA
"2189",1,"Spicebush","N","0",NA
"2190",1,"Rubus","N","0",NA
"2191",1,"Mapleleaf Viburnum","N","0",NA
"2192",1,"Buckthorn","S","0",NA
"2193",1,"Multiflora rose","S","1",NA
"2194",1,"Honeysuckle","S","1",NA
"2195",1,"Privot","S","0",NA
"2196",1,"Spicebush","S","1",NA
"2197",1,"Rubus","S","1",NA
"2198",1,"Mapleleaf Viburnum","S","0",NA
"2199",224,"Buckthorn","N","0",NA
"2200",224,"Multiflora rose","N","1",NA
"2201",224,"Honeysuckle","N","0",NA
"2202",224,"Privot","N","0",NA
"2203",224,"Spicebush","N","0",NA
"2204",224,"Rubus","N","1",NA
"2205",224,"Mapleleaf Viburnum","N","0",NA
"2206",224,"Buckthorn","S","0",NA
"2207",224,"Multiflora rose","S","1",NA
"2208",224,"Honeysuckle","S","0",NA
"2209",224,"Privot","S","0",NA
"2210",224,"Spicebush","S","0",NA
"2211",224,"Rubus","S","0",NA
"2212",224,"Mapleleaf Viburnum","S","0",NA
"2213",857,"Buckthorn","N","1",NA
"2214",857,"Multiflora rose","N","0",NA
"2215",857,"Honeysuckle","N","1",NA
"2216",857,"Privot","N","0",NA
"2217",857,"Spicebush","N","0",NA
"2218",857,"Rubus","N","1",NA
"2219",857,"Mapleleaf Viburnum","N","0",NA
"2220",857,"Buckthorn","S","1",NA
"2221",857,"Multiflora rose","S","1",NA
"2222",857,"Honeysuckle","S","0",NA
"2223",857,"Privot","S","0",NA
"2224",857,"Spicebush","S","0",NA
"2225",857,"Rubus","S","1",NA
"2226",857,"Mapleleaf Viburnum","S","0",NA
"2227",166,"Buckthorn","N","0",NA
"2228",166,"Multiflora rose","N","1",NA
"2229",166,"Honeysuckle","N","1",NA
"2230",166,"Privot","N","0",NA
"2231",166,"Spicebush","N","1",NA
"2232",166,"Rubus","N","1",NA
"2233",166,"Mapleleaf Viburnum","N","0",NA
"2234",166,"Buckthorn","S","1",NA
"2235",166,"Multiflora rose","S","1",NA
"2236",166,"Honeysuckle","S","1",NA
"2237",166,"Privot","S","0",NA
"2238",166,"Spicebush","S","1",NA
"2239",166,"Rubus","S","1",NA
"2240",166,"Mapleleaf Viburnum","S","0",NA
"2241",225,"Buckthorn","N","1",NA
"2242",225,"Multiflora rose","N","1",NA
"2243",225,"Honeysuckle","N","1",NA
"2244",225,"Privot","N","0",NA
"2245",225,"Spicebush","N","1",NA
"2246",225,"Rubus","N","1",NA
"2247",225,"Mapleleaf Viburnum","N","0",NA
"2248",225,"Buckthorn","S","0",NA
"2249",225,"Multiflora rose","S","1",NA
"2250",225,"Honeysuckle","S","0",NA
"2251",225,"Privot","S","0",NA
"2252",225,"Spicebush","S","1",NA
"2253",225,"Rubus","S","0",NA
"2254",225,"Mapleleaf Viburnum","S","0",NA
"2255",226,"Buckthorn","N","0",NA
"2256",226,"Multiflora rose","N","1",NA
"2257",226,"Honeysuckle","N","0",NA
"2258",226,"Privot","N","0",NA
"2259",226,"Spicebush","N","0",NA
"2260",226,"Rubus","N","1",NA
"2261",226,"Mapleleaf Viburnum","N","0",NA
"2262",226,"Buckthorn","S","1",NA
"2263",226,"Multiflora rose","S","1",NA
"2264",226,"Honeysuckle","S","0",NA
"2265",226,"Privot","S","0",NA
"2266",226,"Spicebush","S","1",NA
"2267",226,"Rubus","S","0",NA
"2268",226,"Mapleleaf Viburnum","S","0",NA
"2269",320,"Buckthorn","N","1",NA
"2270",320,"Multiflora rose","N","1",NA
"2271",320,"Honeysuckle","N","1",NA
"2272",320,"Privot","N","0",NA
"2273",320,"Spicebush","N","0",NA
"2274",320,"Rubus","N","1",NA
"2275",320,"Mapleleaf Viburnum","N","0",NA
"2276",320,"Buckthorn","S","2",NA
"2277",320,"Multiflora rose","S","1",NA
"2278",320,"Honeysuckle","S","1",NA
"2279",320,"Privot","S","1",NA
"2280",320,"Spicebush","S","0",NA
"2281",320,"Rubus","S","1",NA
"2282",320,"Mapleleaf Viburnum","S","0",NA
"2283",314,"Buckthorn","N","1",NA
"2284",314,"Multiflora rose","N","1",NA
"2285",314,"Honeysuckle","N","1",NA
"2286",314,"Privot","N","0",NA
"2287",314,"Spicebush","N","0",NA
"2288",314,"Rubus","N","0",NA
"2289",314,"Mapleleaf Viburnum","N","0",NA
"2290",314,"Buckthorn","S","1",NA
"2291",314,"Multiflora rose","S","0",NA
"2292",314,"Honeysuckle","S","1",NA
"2293",314,"Privot","S","0",NA
"2294",314,"Spicebush","S","0",NA
"2295",314,"Rubus","S","0",NA
"2296",314,"Mapleleaf Viburnum","S","0",NA
"2297",181,"Buckthorn","N","1",NA
"2298",181,"Multiflora rose","N","1",NA
"2299",181,"Honeysuckle","N","0",NA
"2300",181,"Privot","N","0",NA
"2301",181,"Spicebush","N","0",NA
"2302",181,"Rubus","N","0",NA
"2303",181,"Mapleleaf Viburnum","N","0",NA
"2304",181,"Buckthorn","S","1",NA
"2305",181,"Multiflora rose","S","2",NA
"2306",181,"Honeysuckle","S","1",NA
"2307",181,"Privot","S","0",NA
"2308",181,"Spicebush","S","0",NA
"2309",181,"Rubus","S","1",NA
"2310",181,"Mapleleaf Viburnum","S","0",NA
"2311",182,"Buckthorn","N","1",NA
"2312",182,"Multiflora rose","N","1",NA
"2313",182,"Honeysuckle","N","0",NA
"2314",182,"Privot","N","0",NA
"2315",182,"Spicebush","N","0",NA
"2316",182,"Rubus","N","0",NA
"2317",182,"Mapleleaf Viburnum","N","0",NA
"2318",182,"Buckthorn","S","1",NA
"2319",182,"Multiflora rose","S","1",NA
"2320",182,"Honeysuckle","S","1",NA
"2321",182,"Privot","S","0",NA
"2322",182,"Spicebush","S","0",NA
"2323",182,"Rubus","S","1",NA
"2324",182,"Mapleleaf Viburnum","S","0",NA
"2325",177,"Buckthorn","N","1",NA
"2326",177,"Multiflora rose","N","0",NA
"2327",177,"Honeysuckle","N","0",NA
"2328",177,"Privot","N","0",NA
"2329",177,"Spicebush","N","0",NA
"2330",177,"Rubus","N","1",NA
"2331",177,"Mapleleaf Viburnum","N","0",NA
"2332",177,"Buckthorn","S","1",NA
"2333",177,"Multiflora rose","S","0",NA
"2334",177,"Honeysuckle","S","0",NA
"2335",177,"Privot","S","0",NA
"2336",177,"Spicebush","S","0",NA
"2337",177,"Rubus","S","0",NA
"2338",177,"Mapleleaf Viburnum","S","0",NA
"2339",319,"Buckthorn","N","1",NA
"2340",319,"Multiflora rose","N","1",NA
"2341",319,"Honeysuckle","N","1",NA
"2342",319,"Privot","N","0",NA
"2343",319,"Spicebush","N","0",NA
"2344",319,"Rubus","N","1",NA
"2345",319,"Mapleleaf Viburnum","N","0",NA
"2346",319,"Buckthorn","S","1",NA
"2347",319,"Multiflora rose","S","1",NA
"2348",319,"Honeysuckle","S","0",NA
"2349",319,"Privot","S","0",NA
"2350",319,"Spicebush","S","0",NA
"2351",319,"Rubus","S","1",NA
"2352",319,"Mapleleaf Viburnum","S","0",NA
"2353",386,"Buckthorn","N","1",NA
"2354",386,"Multiflora rose","N","1",NA
"2355",386,"Honeysuckle","N","0",NA
"2356",386,"Privot","N","0",NA
"2357",386,"Spicebush","N","0",NA
"2358",386,"Rubus","N","0",NA
"2359",386,"Mapleleaf Viburnum","N","0",NA
"2360",386,"Buckthorn","S","1",NA
"2361",386,"Multiflora rose","S","0",NA
"2362",386,"Honeysuckle","S","0",NA
"2363",386,"Privot","S","0",NA
"2364",386,"Spicebush","S","0",NA
"2365",386,"Rubus","S","0",NA
"2366",386,"Mapleleaf Viburnum","S","0",NA
"2367",344,"Buckthorn","N","1",NA
"2368",344,"Multiflora rose","N","0",NA
"2369",344,"Honeysuckle","N","0",NA
"2370",344,"Privot","N","0",NA
"2371",344,"Spicebush","N","0",NA
"2372",344,"Rubus","N","0",NA
"2373",344,"Mapleleaf Viburnum","N","0",NA
"2374",344,"Buckthorn","S","1",NA
"2375",344,"Multiflora rose","S","0",NA
"2376",344,"Honeysuckle","S","0",NA
"2377",344,"Privot","S","0",NA
"2378",344,"Spicebush","S","1",NA
"2379",344,"Rubus","S","0",NA
"2380",344,"Mapleleaf Viburnum","S","0",NA
"2381",313,"Buckthorn","N","1",NA
"2382",313,"Multiflora rose","N","2",NA
"2383",313,"Honeysuckle","N","1",NA
"2384",313,"Privot","N","0",NA
"2385",313,"Spicebush","N","0",NA
"2386",313,"Rubus","N","1",NA
"2387",313,"Mapleleaf Viburnum","N","0",NA
"2388",313,"Buckthorn","S","1",NA
"2389",313,"Multiflora rose","S","1",NA
"2390",313,"Honeysuckle","S","1",NA
"2391",313,"Privot","S","0",NA
"2392",313,"Spicebush","S","0",NA
"2393",313,"Rubus","S","1",NA
"2394",313,"Mapleleaf Viburnum","S","0",NA
"2395",316,"Buckthorn","N","2",NA
"2396",316,"Multiflora rose","N","1",NA
"2397",316,"Honeysuckle","N","0",NA
"2398",316,"Privot","N","0",NA
"2399",316,"Spicebush","N","0",NA
"2400",316,"Rubus","N","0",NA
"2401",316,"Mapleleaf Viburnum","N","0",NA
"2402",316,"Buckthorn","S","2",NA
"2403",316,"Multiflora rose","S","2",NA
"2404",316,"Honeysuckle","S","0",NA
"2405",316,"Privot","S","0",NA
"2406",316,"Spicebush","S","0",NA
"2407",316,"Rubus","S","1",NA
"2408",316,"Mapleleaf Viburnum","S","0",NA
"2409",317,"Buckthorn","N","1",NA
"2410",317,"Multiflora rose","N","2",NA
"2411",317,"Honeysuckle","N","0",NA
"2412",317,"Privot","N","0",NA
"2413",317,"Spicebush","N","0",NA
"2414",317,"Rubus","N","1",NA
"2415",317,"Mapleleaf Viburnum","N","1",NA
"2416",317,"Buckthorn","S","1",NA
"2417",317,"Multiflora rose","S","3",NA
"2418",317,"Honeysuckle","S","0",NA
"2419",317,"Privot","S","0",NA
"2420",317,"Spicebush","S","0",NA
"2421",317,"Rubus","S","1",NA
"2422",317,"Mapleleaf Viburnum","S","1",NA
"2423",387,"Buckthorn","N","1",NA
"2424",387,"Multiflora rose","N","3",NA
"2425",387,"Honeysuckle","N","0",NA
"2426",387,"Privot","N","1",NA
"2427",387,"Spicebush","N","0",NA
"2428",387,"Rubus","N","1",NA
"2429",387,"Mapleleaf Viburnum","N","0",NA
"2430",387,"Buckthorn","S","2",NA
"2431",387,"Multiflora rose","S","2",NA
"2432",387,"Honeysuckle","S","0",NA
"2433",387,"Privot","S","1",NA
"2434",387,"Spicebush","S","0",NA
"2435",387,"Rubus","S","1",NA
"2436",387,"Mapleleaf Viburnum","S","1",NA
"2437",388,"Buckthorn","N","2",NA
"2438",388,"Multiflora rose","N","2",NA
"2439",388,"Honeysuckle","N","0",NA
"2440",388,"Privot","N","0",NA
"2441",388,"Spicebush","N","0",NA
"2442",388,"Rubus","N","1",NA
"2443",388,"Mapleleaf Viburnum","N","0",NA
"2444",388,"Buckthorn","S","1",NA
"2445",388,"Multiflora rose","S","2",NA
"2446",388,"Honeysuckle","S","0",NA
"2447",388,"Privot","S","1",NA
"2448",388,"Spicebush","S","0",NA
"2449",388,"Rubus","S","1",NA
"2450",388,"Mapleleaf Viburnum","S","1",NA
"2451",311,"Buckthorn","N","1",NA
"2452",311,"Multiflora rose","N","2",NA
"2453",311,"Honeysuckle","N","0",NA
"2454",311,"Privot","N","0",NA
"2455",311,"Spicebush","N","0",NA
"2456",311,"Rubus","N","0",NA
"2457",311,"Mapleleaf Viburnum","N","0",NA
"2458",311,"Buckthorn","S","1",NA
"2459",311,"Multiflora rose","S","2",NA
"2460",311,"Honeysuckle","S","1",NA
"2461",311,"Privot","S","0",NA
"2462",311,"Spicebush","S","0",NA
"2463",311,"Rubus","S","0",NA
"2464",311,"Mapleleaf Viburnum","S","0",NA
"2465",389,"Buckthorn","N","0",NA
"2466",389,"Multiflora rose","N","0",NA
"2467",389,"Honeysuckle","N","1",NA
"2468",389,"Privot","N","1",NA
"2469",389,"Spicebush","N","0",NA
"2470",389,"Rubus","N","1",NA
"2471",389,"Mapleleaf Viburnum","N","0",NA
"2472",389,"Buckthorn","S","1",NA
"2473",389,"Multiflora rose","S","1",NA
"2474",389,"Honeysuckle","S","0",NA
"2475",389,"Privot","S","0",NA
"2476",389,"Spicebush","S","0",NA
"2477",389,"Rubus","S","1",NA
"2478",389,"Mapleleaf Viburnum","S","1",NA
"2479",186,"Buckthorn","N","1",NA
"2480",186,"Multiflora rose","N","5",NA
"2481",186,"Honeysuckle","N","0",NA
"2482",186,"Privot","N","0",NA
"2483",186,"Spicebush","N","0",NA
"2484",186,"Rubus","N","0",NA
"2485",186,"Mapleleaf Viburnum","N","1",NA
"2486",186,"Buckthorn","S","1",NA
"2487",186,"Multiflora rose","S","3",NA
"2488",186,"Honeysuckle","S","1",NA
"2489",186,"Privot","S","0",NA
"2490",186,"Spicebush","S","0",NA
"2491",186,"Rubus","S","1",NA
"2492",186,"Mapleleaf Viburnum","S","1",NA
"2493",193,"Buckthorn","N","1",NA
"2494",193,"Multiflora rose","N","1",NA
"2495",193,"Honeysuckle","N","0",NA
"2496",193,"Privot","N","0",NA
"2497",193,"Spicebush","N","0",NA
"2498",193,"Rubus","N","0",NA
"2499",193,"Mapleleaf Viburnum","N","0",NA
"2500",193,"Buckthorn","S","1",NA
"2501",193,"Multiflora rose","S","1",NA
"2502",193,"Honeysuckle","S","1",NA
"2503",193,"Privot","S","0",NA
"2504",193,"Spicebush","S","0",NA
"2505",193,"Rubus","S","1",NA
"2506",193,"Mapleleaf Viburnum","S","0",NA
"2507",172,"Buckthorn","N","1",NA
"2508",172,"Multiflora rose","N","1",NA
"2509",172,"Honeysuckle","N","0",NA
"2510",172,"Privot","N","0",NA
"2511",172,"Spicebush","N","0",NA
"2512",172,"Rubus","N","0",NA
"2513",172,"Mapleleaf Viburnum","N","0",NA
"2514",172,"Buckthorn","S","1",NA
"2515",172,"Multiflora rose","S","0",NA
"2516",172,"Honeysuckle","S","0",NA
"2517",172,"Privot","S","0",NA
"2518",172,"Spicebush","S","0",NA
"2519",172,"Rubus","S","1",NA
"2520",172,"Mapleleaf Viburnum","S","0",NA
"2521",306,"Buckthorn","N","0",NA
"2522",306,"Multiflora rose","N","0",NA
"2523",306,"Honeysuckle","N","0",NA
"2524",306,"Privot","N","0",NA
"2525",306,"Spicebush","N","0",NA
"2526",306,"Rubus","N","0",NA
"2527",306,"Mapleleaf Viburnum","N","0",NA
"2528",306,"Buckthorn","S","0",NA
"2529",306,"Multiflora rose","S","0",NA
"2530",306,"Honeysuckle","S","0",NA
"2531",306,"Privot","S","0",NA
"2532",306,"Spicebush","S","0",NA
"2533",306,"Rubus","S","0",NA
"2534",306,"Mapleleaf Viburnum","S","0",NA
"2535",304,"Buckthorn","N","0",NA
"2536",304,"Multiflora rose","N","0",NA
"2537",304,"Honeysuckle","N","0",NA
"2538",304,"Privot","N","0",NA
"2539",304,"Spicebush","N","0",NA
"2540",304,"Rubus","N","0",NA
"2541",304,"Mapleleaf Viburnum","N","0",NA
"2542",304,"Buckthorn","S","0",NA
"2543",304,"Multiflora rose","S","1",NA
"2544",304,"Honeysuckle","S","0",NA
"2545",304,"Privot","S","0",NA
"2546",304,"Spicebush","S","0",NA
"2547",304,"Rubus","S","0",NA
"2548",304,"Mapleleaf Viburnum","S","0",NA
"2549",929,"Buckthorn","N","0",NA
"2550",929,"Multiflora rose","N","1",NA
"2551",929,"Honeysuckle","N","0",NA
"2552",929,"Privot","N","0",NA
"2553",929,"Spicebush","N","0",NA
"2554",929,"Rubus","N","0",NA
"2555",929,"Mapleleaf Viburnum","N","0",NA
"2556",929,"Buckthorn","S","0",NA
"2557",929,"Multiflora rose","S","0",NA
"2558",929,"Honeysuckle","S","0",NA
"2559",929,"Privot","S","0",NA
"2560",929,"Spicebush","S","0",NA
"2561",929,"Rubus","S","0",NA
"2562",929,"Mapleleaf Viburnum","S","0",NA
"2563",978,"Buckthorn","N","0",NA
"2564",978,"Multiflora rose","N","0",NA
"2565",978,"Honeysuckle","N","0",NA
"2566",978,"Privot","N","0",NA
"2567",978,"Spicebush","N","0",NA
"2568",978,"Rubus","N","0",NA
"2569",978,"Mapleleaf Viburnum","N","0",NA
"2570",978,"Buckthorn","S","0",NA
"2571",978,"Multiflora rose","S","0",NA
"2572",978,"Honeysuckle","S","0",NA
"2573",978,"Privot","S","0",NA
"2574",978,"Spicebush","S","0",NA
"2575",978,"Rubus","S","0",NA
"2576",978,"Mapleleaf Viburnum","S","0",NA
"2577",285,"Buckthorn","N","0",NA
"2578",285,"Multiflora rose","N","5",NA
"2579",285,"Honeysuckle","N","0",NA
"2580",285,"Privot","N","0",NA
"2581",285,"Spicebush","N","0",NA
"2582",285,"Rubus","N","0",NA
"2583",285,"Mapleleaf Viburnum","N","0",NA
"2584",285,"Buckthorn","S","0",NA
"2585",285,"Multiflora rose","S","2",NA
"2586",285,"Honeysuckle","S","0",NA
"2587",285,"Privot","S","0",NA
"2588",285,"Spicebush","S","0",NA
"2589",285,"Rubus","S","0",NA
"2590",285,"Mapleleaf Viburnum","S","0",NA
"2591",305,"Buckthorn","N","0",NA
"2592",305,"Multiflora rose","N","0",NA
"2593",305,"Honeysuckle","N","0",NA
"2594",305,"Privot","N","0",NA
"2595",305,"Spicebush","N","0",NA
"2596",305,"Rubus","N","0",NA
"2597",305,"Mapleleaf Viburnum","N","0",NA
"2598",305,"Buckthorn","S","1",NA
"2599",305,"Multiflora rose","S","0",NA
"2600",305,"Honeysuckle","S","0",NA
"2601",305,"Privot","S","0",NA
"2602",305,"Spicebush","S","0",NA
"2603",305,"Rubus","S","0",NA
"2604",305,"Mapleleaf Viburnum","S","0",NA
"2605",281,"Buckthorn","N","1",NA
"2606",281,"Multiflora rose","N","1",NA
"2607",281,"Honeysuckle","N","1",NA
"2608",281,"Privot","N","0",NA
"2609",281,"Spicebush","N","0",NA
"2610",281,"Rubus","N","1",NA
"2611",281,"Mapleleaf Viburnum","N","0",NA
"2612",281,"Buckthorn","S","1",NA
"2613",281,"Multiflora rose","S","0",NA
"2614",281,"Honeysuckle","S","0",NA
"2615",281,"Privot","S","0",NA
"2616",281,"Spicebush","S","0",NA
"2617",281,"Rubus","S","1",NA
"2618",281,"Mapleleaf Viburnum","S","0",NA
"2619",276,"Buckthorn","N","0",NA
"2620",276,"Multiflora rose","N","6",NA
"2621",276,"Honeysuckle","N","0",NA
"2622",276,"Privot","N","0",NA
"2623",276,"Spicebush","N","0",NA
"2624",276,"Rubus","N","0",NA
"2625",276,"Mapleleaf Viburnum","N","0",NA
"2626",276,"Buckthorn","S","1",NA
"2627",276,"Multiflora rose","S","2",NA
"2628",276,"Honeysuckle","S","0",NA
"2629",276,"Privot","S","1",NA
"2630",276,"Spicebush","S","0",NA
"2631",276,"Rubus","S","0",NA
"2632",276,"Mapleleaf Viburnum","S","0",NA
"2633",393,"Buckthorn","N","0",NA
"2634",393,"Multiflora rose","N","0",NA
"2635",393,"Honeysuckle","N","0",NA
"2636",393,"Privot","N","0",NA
"2637",393,"Spicebush","N","0",NA
"2638",393,"Rubus","N","0",NA
"2639",393,"Mapleleaf Viburnum","N","0",NA
"2640",393,"Buckthorn","S","0",NA
"2641",393,"Multiflora rose","S","0",NA
"2642",393,"Honeysuckle","S","0",NA
"2643",393,"Privot","S","0",NA
"2644",393,"Spicebush","S","0",NA
"2645",393,"Rubus","S","0",NA
"2646",393,"Mapleleaf Viburnum","S","0",NA
"2647",392,"Buckthorn","N","1",NA
"2648",392,"Multiflora rose","N","3",NA
"2649",392,"Honeysuckle","N","0",NA
"2650",392,"Privot","N","0",NA
"2651",392,"Spicebush","N","0",NA
"2652",392,"Rubus","N","0",NA
"2653",392,"Mapleleaf Viburnum","N","0",NA
"2654",392,"Buckthorn","S","0",NA
"2655",392,"Multiflora rose","S","1",NA
"2656",392,"Honeysuckle","S","0",NA
"2657",392,"Privot","S","0",NA
"2658",392,"Spicebush","S","0",NA
"2659",392,"Rubus","S","0",NA
"2660",392,"Mapleleaf Viburnum","S","0",NA
"2661",235,"Buckthorn","N","1",NA
"2662",235,"Multiflora rose","N","4",NA
"2663",235,"Honeysuckle","N","0",NA
"2664",235,"Privot","N","0",NA
"2665",235,"Spicebush","N","0",NA
"2666",235,"Rubus","N","1",NA
"2667",235,"Mapleleaf Viburnum","N","0",NA
"2668",235,"Buckthorn","S","1",NA
"2669",235,"Multiflora rose","S","5",NA
"2670",235,"Honeysuckle","S","0",NA
"2671",235,"Privot","S","0",NA
"2672",235,"Spicebush","S","0",NA
"2673",235,"Rubus","S","0",NA
"2674",235,"Mapleleaf Viburnum","S","0",NA
"2675",241,"Buckthorn","N","2",NA
"2676",241,"Multiflora rose","N","1",NA
"2677",241,"Honeysuckle","N","0",NA
"2678",241,"Privot","N","0",NA
"2679",241,"Spicebush","N","0",NA
"2680",241,"Rubus","N","0",NA
"2681",241,"Mapleleaf Viburnum","N","0",NA
"2682",241,"Buckthorn","S","1",NA
"2683",241,"Multiflora rose","S","1",NA
"2684",241,"Honeysuckle","S","0",NA
"2685",241,"Privot","S","0",NA
"2686",241,"Spicebush","S","0",NA
"2687",241,"Rubus","S","0",NA
"2688",241,"Mapleleaf Viburnum","S","0",NA
"2689",89,"Buckthorn","N","2",NA
"2690",89,"Multiflora rose","N","0",NA
"2691",89,"Honeysuckle","N","0",NA
"2692",89,"Privot","N","0",NA
"2693",89,"Spicebush","N","0",NA
"2694",89,"Rubus","N","0",NA
"2695",89,"Mapleleaf Viburnum","N","0",NA
"2696",89,"Buckthorn","S","1",NA
"2697",89,"Multiflora rose","S","0",NA
"2698",89,"Honeysuckle","S","0",NA
"2699",89,"Privot","S","0",NA
"2700",89,"Spicebush","S","0",NA
"2701",89,"Rubus","S","1",NA
"2702",89,"Mapleleaf Viburnum","S","0",NA
"2703",900,"Buckthorn","N","1",NA
"2704",900,"Multiflora rose","N","6",NA
"2705",900,"Honeysuckle","N","0",NA
"2706",900,"Privot","N","0",NA
"2707",900,"Spicebush","N","0",NA
"2708",900,"Rubus","N","0",NA
"2709",900,"Mapleleaf Viburnum","N","0",NA
"2710",900,"Buckthorn","S","1",NA
"2711",900,"Multiflora rose","S","6",NA
"2712",900,"Honeysuckle","S","0",NA
"2713",900,"Privot","S","0",NA
"2714",900,"Spicebush","S","0",NA
"2715",900,"Rubus","S","0",NA
"2716",900,"Mapleleaf Viburnum","S","0",NA
"2717",97,"Buckthorn","N","1",NA
"2718",97,"Honeysuckle","N","0",NA
"2719",97,"Privot","N","0",NA
"2720",97,"Spicebush","N","0",NA
"2721",97,"Rubus","N","1",NA
"2722",97,"Mapleleaf Viburnum","N","0",NA
"2723",97,"Buckthorn","S","1",NA
"2724",97,"Multiflora rose","S","2",NA
"2725",97,"Honeysuckle","S","0",NA
"2726",97,"Privot","S","0",NA
"2727",97,"Spicebush","S","0",NA
"2728",97,"Rubus","S","1",NA
"2729",97,"Mapleleaf Viburnum","S","0",NA
"2730",859,"Buckthorn","N","1",NA
"2731",859,"Multiflora rose","N","0",NA
"2732",859,"Honeysuckle","N","0",NA
"2733",859,"Privot","N","0",NA
"2734",859,"Spicebush","N","0",NA
"2735",859,"Rubus","N","0",NA
"2736",859,"Mapleleaf Viburnum","N","0",NA
"2737",859,"Buckthorn","S","1",NA
"2738",859,"Multiflora rose","S","0",NA
"2739",859,"Honeysuckle","S","0",NA
"2740",859,"Privot","S","0",NA
"2741",859,"Spicebush","S","0",NA
"2742",859,"Rubus","S","0",NA
"2743",859,"Mapleleaf Viburnum","S","0",NA
"2744",93,"Buckthorn","N","1",NA
"2745",93,"Multiflora rose","N","1",NA
"2746",93,"Honeysuckle","N","0",NA
"2747",93,"Privot","N","0",NA
"2748",93,"Spicebush","N","0",NA
"2749",93,"Rubus","N","0",NA
"2750",93,"Mapleleaf Viburnum","N","0",NA
"2751",93,"Buckthorn","S","1",NA
"2752",93,"Multiflora rose","S","1",NA
"2753",93,"Honeysuckle","S","0",NA
"2754",93,"Privot","S","0",NA
"2755",93,"Spicebush","S","0",NA
"2756",93,"Rubus","S","1",NA
"2757",93,"Mapleleaf Viburnum","S","0",NA
"2758",88,"Buckthorn","N","1",NA
"2759",88,"Multiflora rose","N","2",NA
"2760",88,"Honeysuckle","N","0",NA
"2761",88,"Privot","N","0",NA
"2762",88,"Spicebush","N","0",NA
"2763",88,"Rubus","N","0",NA
"2764",88,"Mapleleaf Viburnum","N","0",NA
"2765",88,"Buckthorn","S","1",NA
"2766",88,"Multiflora rose","S","4",NA
"2767",88,"Honeysuckle","S","0",NA
"2768",88,"Privot","S","0",NA
"2769",88,"Spicebush","S","0",NA
"2770",88,"Rubus","S","0",NA
"2771",88,"Mapleleaf Viburnum","S","0",NA
"2772",295,"Buckthorn","N","0",NA
"2773",295,"Multiflora rose","N","6",NA
"2774",295,"Honeysuckle","N","0",NA
"2775",295,"Privot","N","0",NA
"2776",295,"Spicebush","N","0",NA
"2777",295,"Rubus","N","0",NA
"2778",295,"Mapleleaf Viburnum","N","0",NA
"2779",295,"Buckthorn","S","0",NA
"2780",295,"Multiflora rose","S","6",NA
"2781",295,"Honeysuckle","S","0",NA
"2782",295,"Privot","S","0",NA
"2783",295,"Spicebush","S","0",NA
"2784",295,"Rubus","S","0",NA
"2785",295,"Mapleleaf Viburnum","S","0",NA
"2786",244,"Buckthorn","N","1",NA
"2787",244,"Multiflora rose","N","5",NA
"2788",244,"Honeysuckle","N","0",NA
"2789",244,"Privot","N","0",NA
"2790",244,"Spicebush","N","0",NA
"2791",244,"Rubus","N","1",NA
"2792",244,"Mapleleaf Viburnum","N","0",NA
"2793",244,"Buckthorn","S","1",NA
"2794",244,"Multiflora rose","S","3",NA
"2795",244,"Honeysuckle","S","0",NA
"2796",244,"Privot","S","0",NA
"2797",244,"Spicebush","S","0",NA
"2798",244,"Rubus","S","1",NA
"2799",244,"Mapleleaf Viburnum","S","0",NA
"2800",95,"Buckthorn","N","1",NA
"2801",95,"Multiflora rose","N","2",NA
"2802",95,"Honeysuckle","N","0",NA
"2803",95,"Privot","N","0",NA
"2804",95,"Spicebush","N","0",NA
"2805",95,"Rubus","N","1",NA
"2806",95,"Mapleleaf Viburnum","N","0",NA
"2807",95,"Buckthorn","S","1",NA
"2808",95,"Multiflora rose","S","2",NA
"2809",95,"Honeysuckle","S","0",NA
"2810",95,"Privot","S","0",NA
"2811",95,"Spicebush","S","0",NA
"2812",95,"Rubus","S","0",NA
"2813",95,"Mapleleaf Viburnum","S","0",NA
"2814",94,"Buckthorn","N","0",NA
"2815",94,"Multiflora rose","N","4",NA
"2816",94,"Honeysuckle","N","0",NA
"2817",94,"Privot","N","0",NA
"2818",94,"Spicebush","N","0",NA
"2819",94,"Rubus","N","0",NA
"2820",94,"Mapleleaf Viburnum","N","0",NA
"2821",94,"Buckthorn","S","1",NA
"2822",94,"Multiflora rose","S","4",NA
"2823",94,"Honeysuckle","S","0",NA
"2824",94,"Privot","S","0",NA
"2825",94,"Spicebush","S","0",NA
"2826",94,"Rubus","S","0",NA
"2827",94,"Mapleleaf Viburnum","S","0",NA
"2828",96,"Buckthorn","N","0",NA
"2829",96,"Multiflora rose","N","2",NA
"2830",96,"Honeysuckle","N","0",NA
"2831",96,"Privot","N","0",NA
"2832",96,"Spicebush","N","0",NA
"2833",96,"Rubus","N","1",NA
"2834",96,"Mapleleaf Viburnum","N","0",NA
"2835",96,"Buckthorn","S","0",NA
"2836",96,"Multiflora rose","S","6",NA
"2837",96,"Honeysuckle","S","0",NA
"2838",96,"Privot","S","0",NA
"2839",96,"Spicebush","S","0",NA
"2840",96,"Rubus","S","0",NA
"2841",96,"Mapleleaf Viburnum","S","0",NA
"2842",881,"Buckthorn","N","0",NA
"2843",881,"Multiflora rose","N","2",NA
"2844",881,"Honeysuckle","N","0",NA
"2845",881,"Privot","N","0",NA
"2846",881,"Spicebush","N","0",NA
"2847",881,"Rubus","N","1",NA
"2848",881,"Mapleleaf Viburnum","N","0",NA
"2849",881,"Buckthorn","S","1",NA
"2850",881,"Multiflora rose","S","3",NA
"2851",881,"Honeysuckle","S","0",NA
"2852",881,"Privot","S","0",NA
"2853",881,"Spicebush","S","0",NA
"2854",881,"Rubus","S","1",NA
"2855",881,"Mapleleaf Viburnum","S","0",NA
"2856",101,"Buckthorn","N","0",NA
"2857",101,"Multiflora rose","N","6",NA
"2858",101,"Honeysuckle","N","0",NA
"2859",101,"Privot","N","0",NA
"2860",101,"Spicebush","N","0",NA
"2861",101,"Rubus","N","0",NA
"2862",101,"Mapleleaf Viburnum","N","0",NA
"2863",101,"Buckthorn","S","0",NA
"2864",101,"Multiflora rose","S","5",NA
"2865",101,"Honeysuckle","S","0",NA
"2866",101,"Privot","S","0",NA
"2867",101,"Spicebush","S","0",NA
"2868",101,"Rubus","S","1",NA
"2869",101,"Mapleleaf Viburnum","S","0",NA
"2870",110,"Buckthorn","N","0",NA
"2871",110,"Multiflora rose","N","4",NA
"2872",110,"Honeysuckle","N","0",NA
"2873",110,"Privot","N","0",NA
"2874",110,"Spicebush","N","0",NA
"2875",110,"Rubus","N","1",NA
"2876",110,"Mapleleaf Viburnum","N","0",NA
"2877",110,"Buckthorn","S","1",NA
"2878",110,"Multiflora rose","S","3",NA
"2879",110,"Honeysuckle","S","0",NA
"2880",110,"Privot","S","0",NA
"2881",110,"Spicebush","S","0",NA
"2882",110,"Rubus","S","1",NA
"2883",110,"Mapleleaf Viburnum","S","0",NA
"2884",227,"Buckthorn","N","0",NA
"2885",227,"Multiflora rose","N","2",NA
"2886",227,"Honeysuckle","N","0",NA
"2887",227,"Privot","N","0",NA
"2888",227,"Spicebush","N","0",NA
"2889",227,"Rubus","N","1",NA
"2890",227,"Mapleleaf Viburnum","N","0",NA
"2891",227,"Buckthorn","S","0",NA
"2892",227,"Multiflora rose","S","1",NA
"2893",227,"Honeysuckle","S","0",NA
"2894",227,"Privot","S","0",NA
"2895",227,"Spicebush","S","0",NA
"2896",227,"Rubus","S","0",NA
"2897",227,"Mapleleaf Viburnum","S","0",NA
"2898",888,"Buckthorn","N","0",NA
"2899",888,"Multiflora rose","N","4",NA
"2900",888,"Honeysuckle","N","0",NA
"2901",888,"Privot","N","0",NA
"2902",888,"Spicebush","N","0",NA
"2903",888,"Rubus","N","1",NA
"2904",888,"Mapleleaf Viburnum","N","0",NA
"2905",888,"Buckthorn","S","0",NA
"2906",888,"Multiflora rose","S","2",NA
"2907",888,"Honeysuckle","S","0",NA
"2908",888,"Privot","S","0",NA
"2909",888,"Spicebush","S","0",NA
"2910",888,"Rubus","S","1",NA
"2911",888,"Mapleleaf Viburnum","S","0",NA
"2912",303,"Buckthorn","N","1",NA
"2913",303,"Multiflora rose","N","1",NA
"2914",303,"Honeysuckle","N","0",NA
"2915",303,"Privot","N","0",NA
"2916",303,"Spicebush","N","0",NA
"2917",303,"Rubus","N","1",NA
"2918",303,"Mapleleaf Viburnum","N","0",NA
"2919",303,"Buckthorn","S","1",NA
"2920",303,"Multiflora rose","S","1",NA
"2921",303,"Honeysuckle","S","0",NA
"2922",303,"Privot","S","0",NA
"2923",303,"Spicebush","S","0",NA
"2924",303,"Rubus","S","1",NA
"2925",303,"Mapleleaf Viburnum","S","0",NA
"2926",339,"Buckthorn","N","0",NA
"2927",339,"Multiflora rose","N","1",NA
"2928",339,"Honeysuckle","N","0",NA
"2929",339,"Privot","N","0",NA
"2930",339,"Spicebush","N","0",NA
"2931",339,"Rubus","N","1",NA
"2932",339,"Mapleleaf Viburnum","N","0",NA
"2933",339,"Buckthorn","S","0",NA
"2934",339,"Multiflora rose","S","1",NA
"2935",339,"Honeysuckle","S","0",NA
"2936",339,"Privot","S","0",NA
"2937",339,"Spicebush","S","0",NA
"2938",339,"Rubus","S","1",NA
"2939",339,"Mapleleaf Viburnum","S","0",NA
"2940",302,"Buckthorn","N","0",NA
"2941",302,"Multiflora rose","N","1",NA
"2942",302,"Honeysuckle","N","0",NA
"2943",302,"Privot","N","0",NA
"2944",302,"Spicebush","N","0",NA
"2945",302,"Rubus","N","0",NA
"2946",302,"Mapleleaf Viburnum","N","1",NA
"2947",302,"Buckthorn","S","1",NA
"2948",302,"Multiflora rose","S","1",NA
"2949",302,"Honeysuckle","S","0",NA
"2950",302,"Privot","S","0",NA
"2951",302,"Spicebush","S","0",NA
"2952",302,"Rubus","S","0",NA
"2953",302,"Mapleleaf Viburnum","S","0",NA
"2954",379,"Buckthorn","N","0",NA
"2955",379,"Multiflora rose","N","1",NA
"2956",379,"Honeysuckle","N","1",NA
"2957",379,"Privot","N","0",NA
"2958",379,"Spicebush","N","0",NA
"2959",379,"Rubus","N","1",NA
"2960",379,"Mapleleaf Viburnum","N","1",NA
"2961",379,"Buckthorn","S","0",NA
"2962",379,"Multiflora rose","S","1",NA
"2963",379,"Honeysuckle","S","0",NA
"2964",379,"Privot","S","0",NA
"2965",379,"Spicebush","S","0",NA
"2966",379,"Rubus","S","1",NA
"2967",379,"Mapleleaf Viburnum","S","0",NA
"2968",280,"Buckthorn","N","1",NA
"2969",280,"Multiflora rose","N","5",NA
"2970",280,"Honeysuckle","N","1",NA
"2971",280,"Privot","N","0",NA
"2972",280,"Spicebush","N","0",NA
"2973",280,"Rubus","N","1",NA
"2974",280,"Mapleleaf Viburnum","N","0",NA
"2975",280,"Buckthorn","S","1",NA
"2976",280,"Multiflora rose","S","2",NA
"2977",280,"Honeysuckle","S","0",NA
"2978",280,"Privot","S","0",NA
"2979",280,"Spicebush","S","0",NA
"2980",280,"Rubus","S","0",NA
"2981",280,"Mapleleaf Viburnum","S","0",NA
"2982",342,"Buckthorn","N","0",NA
"2983",342,"Multiflora rose","N","0",NA
"2984",342,"Honeysuckle","N","0",NA
"2985",342,"Privot","N","0",NA
"2986",342,"Spicebush","N","0",NA
"2987",342,"Rubus","N","1",NA
"2988",342,"Mapleleaf Viburnum","N","0",NA
"2989",342,"Buckthorn","S","0",NA
"2990",342,"Multiflora rose","S","1",NA
"2991",342,"Honeysuckle","S","0",NA
"2992",342,"Privot","S","0",NA
"2993",342,"Spicebush","S","0",NA
"2994",342,"Rubus","S","1",NA
"2995",342,"Mapleleaf Viburnum","S","0",NA
"2996",277,"Buckthorn","N","0",NA
"2997",277,"Multiflora rose","N","0",NA
"2998",277,"Honeysuckle","N","0",NA
"2999",277,"Privot","N","0",NA
"3000",277,"Spicebush","N","0",NA
"3001",277,"Rubus","N","0",NA
"3002",277,"Mapleleaf Viburnum","N","0",NA
"3003",277,"Buckthorn","S","1",NA
"3004",277,"Multiflora rose","S","0",NA
"3005",277,"Honeysuckle","S","0",NA
"3006",277,"Privot","S","0",NA
"3007",277,"Spicebush","S","0",NA
"3008",277,"Rubus","S","0",NA
"3009",277,"Mapleleaf Viburnum","S","0",NA
"3010",310,"Buckthorn","N","0",NA
"3011",310,"Multiflora rose","N","0",NA
"3012",310,"Honeysuckle","N","0",NA
"3013",310,"Privot","N","0",NA
"3014",310,"Spicebush","N","0",NA
"3015",310,"Rubus","N","0",NA
"3016",310,"Mapleleaf Viburnum","N","0",NA
"3017",310,"Buckthorn","S","0",NA
"3018",310,"Multiflora rose","S","0",NA
"3019",310,"Honeysuckle","S","0",NA
"3020",310,"Privot","S","0",NA
"3021",310,"Spicebush","S","0",NA
"3022",310,"Rubus","S","0",NA
"3023",310,"Mapleleaf Viburnum","S","0",NA
"3024",22,"Buckthorn","N","1",NA
"3025",22,"Multiflora rose","N","2",NA
"3026",22,"Honeysuckle","N","0",NA
"3027",22,"Privot","N","0",NA
"3028",22,"Spicebush","N","0",NA
"3029",22,"Rubus","N","1",NA
"3030",22,"Mapleleaf Viburnum","N","0",NA
"3031",22,"Buckthorn","S","0",NA
"3032",22,"Multiflora rose","S","1",NA
"3033",22,"Honeysuckle","S","1",NA
"3034",22,"Privot","S","0",NA
"3035",22,"Spicebush","S","0",NA
"3036",22,"Rubus","S","1",NA
"3037",22,"Mapleleaf Viburnum","S","0",NA
"3038",26,"Buckthorn","N","0",NA
"3039",26,"Multiflora rose","N","1",NA
"3040",26,"Honeysuckle","N","1",NA
"3041",26,"Privot","N","0",NA
"3042",26,"Spicebush","N","0",NA
"3043",26,"Rubus","N","1",NA
"3044",26,"Mapleleaf Viburnum","N","0",NA
"3045",26,"Buckthorn","S","0",NA
"3046",26,"Multiflora rose","S","1",NA
"3047",26,"Honeysuckle","S","0",NA
"3048",26,"Privot","S","0",NA
"3049",26,"Spicebush","S","1",NA
"3050",26,"Rubus","S","0",NA
"3051",26,"Mapleleaf Viburnum","S","0",NA
"3052",341,"Buckthorn","N","0",NA
"3053",341,"Multiflora rose","N","1",NA
"3054",341,"Honeysuckle","N","0",NA
"3055",341,"Privot","N","0",NA
"3056",341,"Spicebush","N","0",NA
"3057",341,"Rubus","N","1",NA
"3058",341,"Mapleleaf Viburnum","N","0",NA
"3059",341,"Buckthorn","S","0",NA
"3060",341,"Multiflora rose","S","1",NA
"3061",341,"Honeysuckle","S","0",NA
"3062",341,"Privot","S","0",NA
"3063",341,"Spicebush","S","0",NA
"3064",341,"Rubus","S","0",NA
"3065",341,"Mapleleaf Viburnum","S","0",NA
"3066",178,"Buckthorn","N","0",NA
"3067",178,"Multiflora rose","N","1",NA
"3068",178,"Honeysuckle","N","0",NA
"3069",178,"Privot","N","0",NA
"3070",178,"Spicebush","N","0",NA
"3071",178,"Rubus","N","0",NA
"3072",178,"Mapleleaf Viburnum","N","1",NA
"3073",178,"Buckthorn","S","0",NA
"3074",178,"Multiflora rose","S","0",NA
"3075",178,"Honeysuckle","S","1",NA
"3076",178,"Privot","S","0",NA
"3077",178,"Spicebush","S","0",NA
"3078",178,"Rubus","S","0",NA
"3079",178,"Mapleleaf Viburnum","S","0",NA
"3080",377,"Buckthorn","N","0",NA
"3081",377,"Multiflora rose","N","0",NA
"3082",377,"Honeysuckle","N","0",NA
"3083",377,"Privot","N","0",NA
"3084",377,"Spicebush","N","0",NA
"3085",377,"Rubus","N","0",NA
"3086",377,"Mapleleaf Viburnum","N","1",NA
"3087",377,"Buckthorn","S","0",NA
"3088",377,"Multiflora rose","S","2",NA
"3089",377,"Honeysuckle","S","0",NA
"3090",377,"Privot","S","1",NA
"3091",377,"Spicebush","S","0",NA
"3092",377,"Rubus","S","1",NA
"3093",377,"Mapleleaf Viburnum","S","0",NA
"3094",981,"Buckthorn","N","1",NA
"3095",981,"Multiflora rose","N","0",NA
"3096",981,"Honeysuckle","N","0",NA
"3097",981,"Privot","N","0",NA
"3098",981,"Spicebush","N","0",NA
"3099",981,"Rubus","N","0",NA
"3100",981,"Mapleleaf Viburnum","N","0",NA
"3101",981,"Buckthorn","S","0",NA
"3102",981,"Multiflora rose","S","0",NA
"3103",981,"Honeysuckle","S","0",NA
"3104",981,"Privot","S","0",NA
"3105",981,"Spicebush","S","0",NA
"3106",981,"Rubus","S","0",NA
"3107",981,"Mapleleaf Viburnum","S","1",NA
"3108",275,"Buckthorn","N","1",NA
"3109",275,"Multiflora rose","N","2",NA
"3110",275,"Honeysuckle","N","1",NA
"3111",275,"Privot","N","0",NA
"3112",275,"Spicebush","N","0",NA
"3113",275,"Rubus","N","1",NA
"3114",275,"Mapleleaf Viburnum","N","0",NA
"3115",275,"Buckthorn","S","0",NA
"3116",275,"Multiflora rose","S","2",NA
"3117",275,"Honeysuckle","S","0",NA
"3118",275,"Privot","S","0",NA
"3119",275,"Spicebush","S","0",NA
"3120",275,"Rubus","S","0",NA
"3121",275,"Mapleleaf Viburnum","S","0",NA
"3122",936,"Buckthorn","N","1",NA
"3123",936,"Multiflora rose","N","0",NA
"3124",936,"Honeysuckle","N","0",NA
"3125",936,"Privot","N","0",NA
"3126",936,"Spicebush","N","0",NA
"3127",936,"Rubus","N","0",NA
"3128",936,"Mapleleaf Viburnum","N","0",NA
"3129",936,"Buckthorn","S","0",NA
"3130",936,"Multiflora rose","S","1",NA
"3131",936,"Honeysuckle","S","0",NA
"3132",936,"Privot","S","0",NA
"3133",936,"Spicebush","S","0",NA
"3134",936,"Rubus","S","0",NA
"3135",936,"Mapleleaf Viburnum","S","0",NA
"3136",961,"Buckthorn","N","1",NA
"3137",961,"Multiflora rose","N","1",NA
"3138",961,"Honeysuckle","N","0",NA
"3139",961,"Privot","N","0",NA
"3140",961,"Spicebush","N","0",NA
"3141",961,"Rubus","N","1",NA
"3142",961,"Mapleleaf Viburnum","N","0",NA
"3143",961,"Buckthorn","S","1",NA
"3144",961,"Multiflora rose","S","1",NA
"3145",961,"Honeysuckle","S","1",NA
"3146",961,"Privot","S","0",NA
"3147",961,"Spicebush","S","0",NA
"3148",961,"Rubus","S","0",NA
"3149",961,"Mapleleaf Viburnum","S","0",NA
"3150",286,"Buckthorn","N","1",NA
"3151",286,"Multiflora rose","N","1",NA
"3152",286,"Honeysuckle","N","0",NA
"3153",286,"Privot","N","0",NA
"3154",286,"Spicebush","N","0",NA
"3155",286,"Rubus","N","1",NA
"3156",286,"Mapleleaf Viburnum","N","0",NA
"3157",286,"Buckthorn","S","0",NA
"3158",286,"Multiflora rose","S","4",NA
"3159",286,"Honeysuckle","S","0",NA
"3160",286,"Privot","S","0",NA
"3161",286,"Spicebush","S","0",NA
"3162",286,"Rubus","S","0",NA
"3163",286,"Mapleleaf Viburnum","S","0",NA
"3164",282,"Buckthorn","N","0",NA
"3165",282,"Multiflora rose","N","0",NA
"3166",282,"Honeysuckle","N","0",NA
"3167",282,"Privot","N","0",NA
"3168",282,"Spicebush","N","0",NA
"3169",282,"Rubus","N","0",NA
"3170",282,"Mapleleaf Viburnum","N","0",NA
"3171",282,"Buckthorn","S","0",NA
"3172",282,"Multiflora rose","S","0",NA
"3173",282,"Honeysuckle","S","0",NA
"3174",282,"Privot","S","0",NA
"3175",282,"Spicebush","S","0",NA
"3176",282,"Rubus","S","0",NA
"3177",282,"Mapleleaf Viburnum","S","1",NA
"3178",283,"Buckthorn","N","0",NA
"3179",283,"Multiflora rose","N","0",NA
"3180",283,"Honeysuckle","N","0",NA
"3181",283,"Privot","N","0",NA
"3182",283,"Spicebush","N","0",NA
"3183",283,"Rubus","N","0",NA
"3184",283,"Mapleleaf Viburnum","N","0",NA
"3185",283,"Buckthorn","S","0",NA
"3186",283,"Multiflora rose","S","0",NA
"3187",283,"Honeysuckle","S","0",NA
"3188",283,"Privot","S","0",NA
"3189",283,"Spicebush","S","0",NA
"3190",283,"Rubus","S","0",NA
"3191",283,"Mapleleaf Viburnum","S","0",NA
"3192",309,"Buckthorn","N","1",NA
"3193",309,"Multiflora rose","N","0",NA
"3194",309,"Honeysuckle","N","0",NA
"3195",309,"Privot","N","0",NA
"3196",309,"Spicebush","N","0",NA
"3197",309,"Rubus","N","0",NA
"3198",309,"Mapleleaf Viburnum","N","0",NA
"3199",309,"Buckthorn","S","0",NA
"3200",309,"Multiflora rose","S","0",NA
"3201",309,"Honeysuckle","S","0",NA
"3202",309,"Privot","S","0",NA
"3203",309,"Spicebush","S","0",NA
"3204",309,"Rubus","S","0",NA
"3205",309,"Mapleleaf Viburnum","S","0",NA
"3206",969,"Buckthorn","N","0",NA
"3207",969,"Multiflora rose","N","0",NA
"3208",969,"Honeysuckle","N","0",NA
"3209",969,"Privot","N","0",NA
"3210",969,"Spicebush","N","0",NA
"3211",969,"Rubus","N","0",NA
"3212",969,"Mapleleaf Viburnum","N","0",NA
"3213",969,"Buckthorn","S","1",NA
"3214",969,"Multiflora rose","S","0",NA
"3215",969,"Honeysuckle","S","0",NA
"3216",969,"Privot","S","0",NA
"3217",969,"Spicebush","S","0",NA
"3218",969,"Rubus","S","0",NA
"3219",969,"Mapleleaf Viburnum","S","0",NA
"3220",394,"Buckthorn","N","0",NA
"3221",394,"Multiflora rose","N","0",NA
"3222",394,"Honeysuckle","N","0",NA
"3223",394,"Privot","N","0",NA
"3224",394,"Spicebush","N","0",NA
"3225",394,"Rubus","N","0",NA
"3226",394,"Mapleleaf Viburnum","N","0",NA
"3227",394,"Buckthorn","S","0",NA
"3228",394,"Multiflora rose","S","0",NA
"3229",394,"Honeysuckle","S","0",NA
"3230",394,"Privot","S","0",NA
"3231",394,"Spicebush","S","0",NA
"3232",394,"Rubus","S","0",NA
"3233",394,"Mapleleaf Viburnum","S","0",NA
"3234",279,"Buckthorn","N","1",NA
"3235",279,"Multiflora rose","N","0",NA
"3236",279,"Honeysuckle","N","0",NA
"3237",279,"Privot","N","0",NA
"3238",279,"Spicebush","N","0",NA
"3239",279,"Rubus","N","0",NA
"3240",279,"Mapleleaf Viburnum","N","0",NA
"3241",279,"Buckthorn","S","0",NA
"3242",279,"Multiflora rose","S","0",NA
"3243",279,"Honeysuckle","S","0",NA
"3244",279,"Privot","S","0",NA
"3245",279,"Spicebush","S","0",NA
"3246",279,"Rubus","S","0",NA
"3247",279,"Mapleleaf Viburnum","S","0",NA
"3248",251,"Buckthorn","N","0",NA
"3249",251,"Multiflora rose","N","4",NA
"3250",251,"Honeysuckle","N","1",NA
"3251",251,"Privot","N","0",NA
"3252",251,"Spicebush","N","0",NA
"3253",251,"Rubus","N","0",NA
"3254",251,"Mapleleaf Viburnum","N","0",NA
"3255",251,"Buckthorn","S","1",NA
"3256",251,"Multiflora rose","S","2",NA
"3257",251,"Honeysuckle","S","0",NA
"3258",251,"Privot","S","0",NA
"3259",251,"Spicebush","S","0",NA
"3260",251,"Rubus","S","0",NA
"3261",251,"Mapleleaf Viburnum","S","0",NA
"3262",395,"Buckthorn","N","0",NA
"3263",395,"Multiflora rose","N","2",NA
"3264",395,"Honeysuckle","N","0",NA
"3265",395,"Privot","N","0",NA
"3266",395,"Spicebush","N","0",NA
"3267",395,"Rubus","N","0",NA
"3268",395,"Mapleleaf Viburnum","N","0",NA
"3269",395,"Buckthorn","S","0",NA
"3270",395,"Multiflora rose","S","1",NA
"3271",395,"Honeysuckle","S","0",NA
"3272",395,"Privot","S","1",NA
"3273",395,"Spicebush","S","0",NA
"3274",395,"Rubus","S","0",NA
"3275",395,"Mapleleaf Viburnum","S","0",NA
"3276",273,"Buckthorn","N","1",NA
"3277",273,"Multiflora rose","N","2",NA
"3278",273,"Honeysuckle","N","0",NA
"3279",273,"Privot","N","0",NA
"3280",273,"Spicebush","N","0",NA
"3281",273,"Rubus","N","1",NA
"3282",273,"Mapleleaf Viburnum","N","0",NA
"3283",273,"Buckthorn","S","0",NA
"3284",273,"Multiflora rose","S","2",NA
"3285",273,"Honeysuckle","S","0",NA
"3286",273,"Privot","S","1",NA
"3287",273,"Spicebush","S","0",NA
"3288",273,"Rubus","S","1",NA
"3289",273,"Mapleleaf Viburnum","S","0",NA
"3290",308,"Buckthorn","N","1",NA
"3291",308,"Multiflora rose","N","4",NA
"3292",308,"Honeysuckle","N","0",NA
"3293",308,"Privot","N","0",NA
"3294",308,"Spicebush","N","0",NA
"3295",308,"Rubus","N","1",NA
"3296",308,"Mapleleaf Viburnum","N","0",NA
"3297",308,"Buckthorn","S","1",NA
"3298",308,"Multiflora rose","S","2",NA
"3299",308,"Honeysuckle","S","0",NA
"3300",308,"Privot","S","0",NA
"3301",308,"Spicebush","S","0",NA
"3302",308,"Rubus","S","1",NA
"3303",308,"Mapleleaf Viburnum","S","0",NA
"3304",274,"Buckthorn","N","1",NA
"3305",274,"Multiflora rose","N","1",NA
"3306",274,"Honeysuckle","N","0",NA
"3307",274,"Privot","N","0",NA
"3308",274,"Spicebush","N","0",NA
"3309",274,"Rubus","N","1",NA
"3310",274,"Mapleleaf Viburnum","N","0",NA
"3311",274,"Buckthorn","S","1",NA
"3312",274,"Multiflora rose","S","1",NA
"3313",274,"Honeysuckle","S","0",NA
"3314",274,"Privot","S","0",NA
"3315",274,"Spicebush","S","0",NA
"3316",274,"Rubus","S","0",NA
"3317",274,"Mapleleaf Viburnum","S","0",NA
"3318",999,"Buckthorn","N","1",NA
"3319",999,"Multiflora rose","N","1",NA
"3320",999,"Honeysuckle","N","1",NA
"3321",999,"Privot","N","0",NA
"3322",999,"Spicebush","N","0",NA
"3323",999,"Rubus","N","0",NA
"3324",999,"Mapleleaf Viburnum","N","1",NA
"3325",999,"Buckthorn","S","1",NA
"3326",999,"Multiflora rose","S","0",NA
"3327",999,"Honeysuckle","S","0",NA
"3328",999,"Privot","S","1",NA
"3329",999,"Spicebush","S","0",NA
"3330",999,"Rubus","S","0",NA
"3331",999,"Mapleleaf Viburnum","S","1",NA
"3332",307,"Buckthorn","N","0",NA
"3333",307,"Multiflora rose","N","0",NA
"3334",307,"Honeysuckle","N","0",NA
"3335",307,"Privot","N","0",NA
"3336",307,"Spicebush","N","0",NA
"3337",307,"Rubus","N","0",NA
"3338",307,"Mapleleaf Viburnum","N","0",NA
"3339",307,"Buckthorn","S","0",NA
"3340",307,"Multiflora rose","S","0",NA
"3341",307,"Honeysuckle","S","0",NA
"3342",307,"Privot","S","0",NA
"3343",307,"Spicebush","S","0",NA
"3344",307,"Rubus","S","0",NA
"3345",307,"Mapleleaf Viburnum","S","0",NA
"3346",287,"Buckthorn","N","0",NA
"3347",287,"Multiflora rose","N","0",NA
"3348",287,"Honeysuckle","N","0",NA
"3349",287,"Privot","N","0",NA
"3350",287,"Spicebush","N","0",NA
"3351",287,"Rubus","N","0",NA
"3352",287,"Mapleleaf Viburnum","N","0",NA
"3353",287,"Buckthorn","S","1",NA
"3354",287,"Multiflora rose","S","1",NA
"3355",287,"Honeysuckle","S","0",NA
"3356",287,"Privot","S","0",NA
"3357",287,"Spicebush","S","0",NA
"3358",287,"Rubus","S","0",NA
"3359",287,"Mapleleaf Viburnum","S","0",NA
"3360",245,"Buckthorn","N","1",NA
"3361",245,"Multiflora rose","N","4",NA
"3362",245,"Honeysuckle","N","0",NA
"3363",245,"Privot","N","0",NA
"3364",245,"Spicebush","N","0",NA
"3365",245,"Rubus","N","1",NA
"3366",245,"Mapleleaf Viburnum","N","0",NA
"3367",245,"Buckthorn","S","1",NA
"3368",245,"Multiflora rose","S","3",NA
"3369",245,"Honeysuckle","S","0",NA
"3370",245,"Privot","S","0",NA
"3371",245,"Spicebush","S","0",NA
"3372",245,"Rubus","S","1",NA
"3373",245,"Mapleleaf Viburnum","S","0",NA
"3374",243,"Buckthorn","N","1",NA
"3375",243,"Multiflora rose","N","4",NA
"3376",243,"Honeysuckle","N","0",NA
"3377",243,"Privot","N","0",NA
"3378",243,"Spicebush","N","0",NA
"3379",243,"Rubus","N","1",NA
"3380",243,"Mapleleaf Viburnum","N","0",NA
"3381",243,"Buckthorn","S","1",NA
"3382",243,"Multiflora rose","S","3",NA
"3383",243,"Honeysuckle","S","0",NA
"3384",243,"Privot","S","0",NA
"3385",243,"Spicebush","S","0",NA
"3386",243,"Rubus","S","1",NA
"3387",243,"Mapleleaf Viburnum","S","0",NA
"3388",86,"Buckthorn","N","0",NA
"3389",86,"Multiflora rose","N","0",NA
"3390",86,"Honeysuckle","N","0",NA
"3391",86,"Privot","N","0",NA
"3392",86,"Spicebush","N","0",NA
"3393",86,"Rubus","N","0",NA
"3394",86,"Mapleleaf Viburnum","N","1",NA
"3395",86,"Buckthorn","S","0",NA
"3396",86,"Multiflora rose","S","0",NA
"3397",86,"Honeysuckle","S","0",NA
"3398",86,"Privot","S","0",NA
"3399",86,"Spicebush","S","0",NA
"3400",86,"Rubus","S","0",NA
"3401",86,"Mapleleaf Viburnum","S","1",NA
"3402",87,"Buckthorn","N","1",NA
"3403",87,"Multiflora rose","N","0",NA
"3404",87,"Honeysuckle","N","0",NA
"3405",87,"Privot","N","0",NA
"3406",87,"Spicebush","N","0",NA
"3407",87,"Rubus","N","0",NA
"3408",87,"Mapleleaf Viburnum","N","1",NA
"3409",87,"Buckthorn","S","0",NA
"3410",87,"Multiflora rose","S","0",NA
"3411",87,"Honeysuckle","S","0",NA
"3412",87,"Privot","S","0",NA
"3413",87,"Spicebush","S","0",NA
"3414",87,"Rubus","S","0",NA
"3415",87,"Mapleleaf Viburnum","S","0",NA
"3416",83,"Buckthorn","N","1",NA
"3417",83,"Multiflora rose","N","0",NA
"3418",83,"Honeysuckle","N","0",NA
"3419",83,"Privot","N","0",NA
"3420",83,"Spicebush","N","0",NA
"3421",83,"Rubus","N","1",NA
"3422",83,"Mapleleaf Viburnum","N","0",NA
"3423",83,"Buckthorn","S","1",NA
"3424",83,"Multiflora rose","S","0",NA
"3425",83,"Honeysuckle","S","0",NA
"3426",83,"Privot","S","0",NA
"3427",83,"Spicebush","S","0",NA
"3428",83,"Rubus","S","1",NA
"3429",83,"Mapleleaf Viburnum","S","0",NA
"3430",82,"Buckthorn","N","1",NA
"3431",82,"Multiflora rose","N","0",NA
"3432",82,"Honeysuckle","N","0",NA
"3433",82,"Privot","N","0",NA
"3434",82,"Spicebush","N","0",NA
"3435",82,"Rubus","N","0",NA
"3436",82,"Mapleleaf Viburnum","N","0",NA
"3437",82,"Buckthorn","S","0",NA
"3438",82,"Multiflora rose","S","0",NA
"3439",82,"Honeysuckle","S","0",NA
"3440",82,"Privot","S","0",NA
"3441",82,"Spicebush","S","0",NA
"3442",82,"Rubus","S","0",NA
"3443",82,"Mapleleaf Viburnum","S","0",NA
"3444",84,"Buckthorn","N","1",NA
"3445",84,"Multiflora rose","N","2",NA
"3446",84,"Honeysuckle","N","0",NA
"3447",84,"Privot","N","0",NA
"3448",84,"Spicebush","N","0",NA
"3449",84,"Rubus","N","1",NA
"3450",84,"Mapleleaf Viburnum","N","0",NA
"3451",84,"Buckthorn","S","1",NA
"3452",84,"Multiflora rose","S","1",NA
"3453",84,"Honeysuckle","S","1",NA
"3454",84,"Privot","S","0",NA
"3455",84,"Spicebush","S","0",NA
"3456",84,"Rubus","S","0",NA
"3457",84,"Mapleleaf Viburnum","S","0",NA
"3458",80,"Buckthorn","N","1",NA
"3459",80,"Multiflora rose","N","0",NA
"3460",80,"Honeysuckle","N","0",NA
"3461",80,"Privot","N","0",NA
"3462",80,"Spicebush","N","0",NA
"3463",80,"Rubus","N","0",NA
"3464",80,"Mapleleaf Viburnum","N","1",NA
"3465",80,"Buckthorn","S","1",NA
"3466",80,"Multiflora rose","S","0",NA
"3467",80,"Honeysuckle","S","0",NA
"3468",80,"Privot","S","0",NA
"3469",80,"Spicebush","S","0",NA
"3470",80,"Rubus","S","0",NA
"3471",80,"Mapleleaf Viburnum","S","1",NA
"3472",17,"Buckthorn","N","1",""
"3473",17,"Multiflora rose","N","1",""
"3474",17,"Honeysuckle","N","0",""
"3475",17,"Privot","N","0",""
"3476",17,"Spicebush","N","0",""
"3477",17,"Rubus","N","1",""
"3478",17,"Mapleleaf Viburnum","N","0",""
"3479",17,"Buckthorn","S","1",""
"3480",17,"Multiflora rose","S","1",""
"3481",17,"Honeysuckle","S","0",""
"3482",17,"Privot","S","0",""
"3483",17,"Spicebush","S","0",""
"3484",17,"Rubus","S","0",""
"3485",17,"Mapleleaf Viburnum","S","0",""
"3486",154,"Buckthorn","N","1",""
"3487",154,"Multiflora rose","N","1",""
"3488",154,"Honeysuckle","N","0",""
"3489",154,"Privot","N","0",""
"3490",154,"Spicebush","N","0",""
"3491",154,"Rubus","N","1",""
"3492",154,"Mapleleaf Viburnum","N","0",""
"3493",154,"Buckthorn","S","1",""
"3494",154,"Multiflora rose","S","1",""
"3495",154,"Honeysuckle","S","0",""
"3496",154,"Privot","S","0",""
"3497",154,"Spicebush","S","0",""
"3498",154,"Rubus","S","0",""
"3499",154,"Mapleleaf Viburnum","S","0",""
"3500",124,"Buckthorn","N","0",""
"3501",124,"Multiflora rose","N","1",""
"3502",124,"Honeysuckle","N","0",""
"3503",124,"Privot","N","0",""
"3504",124,"Spicebush","N","0",""
"3505",124,"Rubus","N","1",""
"3506",124,"Mapleleaf Viburnum","N","0",""
"3507",124,"Buckthorn","S","1",""
"3508",124,"Multiflora rose","S","3",""
"3509",124,"Honeysuckle","S","1",""
"3510",124,"Privot","S","1",""
"3511",124,"Spicebush","S","0",""
"3512",124,"Rubus","S","1",""
"3513",124,"Mapleleaf Viburnum","S","0",""
"3514",363,"Buckthorn","N","0",""
"3515",363,"Multiflora rose","N","1",""
"3516",363,"Honeysuckle","N","0",""
"3517",363,"Privot","N","0",""
"3518",363,"Spicebush","N","0",""
"3519",363,"Rubus","N","0",""
"3520",363,"Mapleleaf Viburnum","N","0",""
"3521",363,"Buckthorn","S","0",""
"3522",363,"Multiflora rose","S","0",""
"3523",363,"Honeysuckle","S","0",""
"3524",363,"Privot","S","0",""
"3525",363,"Spicebush","S","0",""
"3526",363,"Rubus","S","0",""
"3527",363,"Mapleleaf Viburnum","S","0",""
"3528",284,"Buckthorn","N","0",""
"3529",284,"Multiflora rose","N","0",""
"3530",284,"Honeysuckle","N","0",""
"3531",284,"Privot","N","0",""
"3532",284,"Spicebush","N","0",""
"3533",284,"Rubus","N","0",""
"3534",284,"Mapleleaf Viburnum","N","0",""
"3535",284,"Buckthorn","S","1",""
"3536",284,"Multiflora rose","S","0",""
"3537",284,"Honeysuckle","S","0",""
"3538",284,"Privot","S","0",""
"3539",284,"Spicebush","S","0",""
"3540",284,"Rubus","S","0",""
"3541",284,"Mapleleaf Viburnum","S","0",""
"3542",372,"Buckthorn","N","1",""
"3543",372,"Multiflora rose","N","0",""
"3544",372,"Honeysuckle","N","0",""
"3545",372,"Privot","N","0",""
"3546",372,"Spicebush","N","0",""
"3547",372,"Rubus","N","1",""
"3548",372,"Mapleleaf Viburnum","N","0",""
"3549",372,"Buckthorn","S","1",""
"3550",372,"Multiflora rose","S","0",""
"3551",372,"Honeysuckle","S","0",""
"3552",372,"Privot","S","0",""
"3553",372,"Spicebush","S","0",""
"3554",372,"Rubus","S","1",""
"3555",372,"Mapleleaf Viburnum","S","0",""
"3556",368,"Buckthorn","N","0",""
"3557",368,"Multiflora rose","N","0",""
"3558",368,"Honeysuckle","N","0",""
"3559",368,"Privot","N","0",""
"3560",368,"Spicebush","N","0",""
"3561",368,"Rubus","N","0",""
"3562",368,"Mapleleaf Viburnum","N","0",""
"3563",368,"Buckthorn","S","0",""
"3564",368,"Multiflora rose","S","0",""
"3565",368,"Honeysuckle","S","0",""
"3566",368,"Privot","S","0",""
"3567",368,"Spicebush","S","0",""
"3568",368,"Rubus","S","0",""
"3569",368,"Mapleleaf Viburnum","S","0",""
"3570",191,"Buckthorn","N","0",""
"3571",191,"Multiflora rose","N","0",""
"3572",191,"Honeysuckle","N","0",""
"3573",191,"Privot","N","0",""
"3574",191,"Spicebush","N","0",""
"3575",191,"Rubus","N","0",""
"3576",191,"Mapleleaf Viburnum","N","0",""
"3577",191,"Buckthorn","S","0",""
"3578",191,"Multiflora rose","S","0",""
"3579",191,"Honeysuckle","S","0",""
"3580",191,"Privot","S","0",""
"3581",191,"Spicebush","S","0",""
"3582",191,"Rubus","S","0",""
"3583",191,"Mapleleaf Viburnum","S","0",""
"3584",349,"Buckthorn","N","0",""
"3585",349,"Multiflora rose","N","1",""
"3586",349,"Honeysuckle","N","0",""
"3587",349,"Privot","N","0",""
"3588",349,"Spicebush","N","0",""
"3589",349,"Rubus","N","0",""
"3590",349,"Mapleleaf Viburnum","N","0",""
"3591",349,"Buckthorn","S","0",""
"3592",349,"Multiflora rose","S","0",""
"3593",349,"Honeysuckle","S","0",""
"3594",349,"Privot","S","0",""
"3595",349,"Spicebush","S","0",""
"3596",349,"Rubus","S","0",""
"3597",349,"Mapleleaf Viburnum","S","1",""
"3598",365,"Buckthorn","N","0",""
"3599",365,"Multiflora rose","N","0",""
"3600",365,"Honeysuckle","N","0",""
"3601",365,"Privot","N","0",""
"3602",365,"Spicebush","N","0",""
"3603",365,"Rubus","N","0",""
"3604",365,"Mapleleaf Viburnum","N","0",""
"3605",365,"Buckthorn","S","0",""
"3606",365,"Multiflora rose","S","0",""
"3607",365,"Honeysuckle","S","0",""
"3608",365,"Privot","S","0",""
"3609",365,"Spicebush","S","0",""
"3610",365,"Rubus","S","0",""
"3611",365,"Mapleleaf Viburnum","S","0",""
"3612",196,"Buckthorn","N","0",""
"3613",196,"Multiflora rose","N","0",""
"3614",196,"Honeysuckle","N","0",""
"3615",196,"Privot","N","0",""
"3616",196,"Spicebush","N","0",""
"3617",196,"Rubus","N","0",""
"3618",196,"Mapleleaf Viburnum","N","0",""
"3619",196,"Buckthorn","S","0",""
"3620",196,"Multiflora rose","S","0",""
"3621",196,"Honeysuckle","S","0",""
"3622",196,"Privot","S","0",""
"3623",196,"Spicebush","S","0",""
"3624",196,"Rubus","S","0",""
"3625",196,"Mapleleaf Viburnum","S","0",""
"3626",188,"Buckthorn","N","1",""
"3627",188,"Multiflora rose","N","1",""
"3628",188,"Honeysuckle","N","0",""
"3629",188,"Privot","N","0",""
"3630",188,"Spicebush","N","0",""
"3631",188,"Rubus","N","0",""
"3632",188,"Mapleleaf Viburnum","N","0",""
"3633",188,"Buckthorn","S","0",""
"3634",188,"Multiflora rose","S","1",""
"3635",188,"Honeysuckle","S","0",""
"3636",188,"Privot","S","0",""
"3637",188,"Spicebush","S","0",""
"3638",188,"Rubus","S","0",""
"3639",188,"Mapleleaf Viburnum","S","0",""
"3640",364,"Buckthorn","N","0",""
"3641",364,"Multiflora rose","N","0",""
"3642",364,"Honeysuckle","N","0",""
"3643",364,"Privot","N","0",""
"3644",364,"Spicebush","N","0",""
"3645",364,"Rubus","N","0",""
"3646",364,"Mapleleaf Viburnum","N","0",""
"3647",364,"Buckthorn","S","0",""
"3648",364,"Multiflora rose","S","0",""
"3649",364,"Honeysuckle","S","0",""
"3650",364,"Privot","S","0",""
"3651",364,"Spicebush","S","0",""
"3652",364,"Rubus","S","0",""
"3653",364,"Mapleleaf Viburnum","S","1",""
"3654",882,"Buckthorn","N","1",""
"3655",882,"Multiflora rose","N","0",""
"3656",882,"Honeysuckle","N","0",""
"3657",882,"Privot","N","0",""
"3658",882,"Spicebush","N","0",""
"3659",882,"Rubus","N","1",""
"3660",882,"Mapleleaf Viburnum","N","0",""
"3661",882,"Buckthorn","S","1",""
"3662",882,"Multiflora rose","S","0",""
"3663",882,"Honeysuckle","S","0",""
"3664",882,"Privot","S","0",""
"3665",882,"Spicebush","S","0",""
"3666",882,"Rubus","S","1",""
"3667",882,"Mapleleaf Viburnum","S","0",""
"3668",256,"Buckthorn","N","0",""
"3669",256,"Multiflora rose","N","0",""
"3670",256,"Honeysuckle","N","0",""
"3671",256,"Privot","N","0",""
"3672",256,"Spicebush","N","0",""
"3673",256,"Rubus","N","0",""
"3674",256,"Mapleleaf Viburnum","N","0",""
"3675",256,"Buckthorn","S","0",""
"3676",256,"Multiflora rose","S","0",""
"3677",256,"Honeysuckle","S","0",""
"3678",256,"Privot","S","0",""
"3679",256,"Spicebush","S","0",""
"3680",256,"Rubus","S","0",""
"3681",256,"Mapleleaf Viburnum","S","0",""
"3682",889,"Buckthorn","N","1",""
"3683",889,"Multiflora rose","N","0",""
"3684",889,"Honeysuckle","N","0",""
"3685",889,"Privot","N","0",""
"3686",889,"Spicebush","N","0",""
"3687",889,"Rubus","N","0",""
"3688",889,"Mapleleaf Viburnum","N","0",""
"3689",889,"Buckthorn","S","1",""
"3690",889,"Multiflora rose","S","0",""
"3691",889,"Honeysuckle","S","0",""
"3692",889,"Privot","S","0",""
"3693",889,"Spicebush","S","0",""
"3694",889,"Rubus","S","0",""
"3695",889,"Mapleleaf Viburnum","S","0",""
"3696",369,"Buckthorn","N","0",""
"3697",369,"Multiflora rose","N","0",""
"3698",369,"Honeysuckle","N","0",""
"3699",369,"Privot","N","0",""
"3700",369,"Spicebush","N","0",""
"3701",369,"Rubus","N","0",""
"3702",369,"Mapleleaf Viburnum","N","0",""
"3703",369,"Buckthorn","S","0",""
"3704",369,"Multiflora rose","S","0",""
"3705",369,"Honeysuckle","S","0",""
"3706",369,"Privot","S","0",""
"3707",369,"Spicebush","S","0",""
"3708",369,"Rubus","S","0",""
"3709",369,"Mapleleaf Viburnum","S","0",""
"3710",886,"Buckthorn","N","0",""
"3711",886,"Multiflora rose","N","0",""
"3712",886,"Honeysuckle","N","0",""
"3713",886,"Privot","N","0",""
"3714",886,"Spicebush","N","0",""
"3715",886,"Rubus","N","0",""
"3716",886,"Mapleleaf Viburnum","N","1",""
"3717",886,"Buckthorn","S","0",""
"3718",886,"Multiflora rose","S","0",""
"3719",886,"Honeysuckle","S","0",""
"3720",886,"Privot","S","0",""
"3721",886,"Spicebush","S","0",""
"3722",886,"Rubus","S","0",""
"3723",886,"Mapleleaf Viburnum","S","0",""
"3724",396,"Buckthorn","N","0",""
"3725",396,"Multiflora rose","N","0",""
"3726",396,"Honeysuckle","N","0",""
"3727",396,"Privot","N","0",""
"3728",396,"Spicebush","N","0",""
"3729",396,"Rubus","N","0",""
"3730",396,"Mapleleaf Viburnum","N","0",""
"3731",396,"Buckthorn","S","0",""
"3732",396,"Multiflora rose","S","1",""
"3733",396,"Honeysuckle","S","0",""
"3734",396,"Privot","S","0",""
"3735",396,"Spicebush","S","0",""
"3736",396,"Rubus","S","0",""
"3737",396,"Mapleleaf Viburnum","S","0",""
"3738",366,"Buckthorn","N","0",""
"3739",366,"Multiflora rose","N","0",""
"3740",366,"Honeysuckle","N","0",""
"3741",366,"Privot","N","0",""
"3742",366,"Spicebush","N","0",""
"3743",366,"Rubus","N","0",""
"3744",366,"Mapleleaf Viburnum","N","0",""
"3745",366,"Buckthorn","S","0",""
"3746",366,"Multiflora rose","S","0",""
"3747",366,"Honeysuckle","S","0",""
"3748",366,"Privot","S","0",""
"3749",366,"Spicebush","S","0",""
"3750",366,"Rubus","S","1",""
"3751",366,"Mapleleaf Viburnum","S","0",""
"3752",891,"Buckthorn","N","1",""
"3753",891,"Multiflora rose","N","0",""
"3754",891,"Honeysuckle","N","0",""
"3755",891,"Privot","N","0",""
"3756",891,"Spicebush","N","1",""
"3757",891,"Rubus","N","0",""
"3758",891,"Mapleleaf Viburnum","N","0",""
"3759",891,"Buckthorn","S","1",""
"3760",891,"Multiflora rose","S","0",""
"3761",891,"Honeysuckle","S","0",""
"3762",891,"Privot","S","0",""
"3763",891,"Spicebush","S","0",""
"3764",891,"Rubus","S","1",""
"3765",891,"Mapleleaf Viburnum","S","0",""
"3766",890,"Buckthorn","N","1",""
"3767",890,"Multiflora rose","N","0",""
"3768",890,"Honeysuckle","N","0",""
"3769",890,"Privot","N","0",""
"3770",890,"Spicebush","N","0",""
"3771",890,"Rubus","N","0",""
"3772",890,"Mapleleaf Viburnum","N","0",""
"3773",890,"Buckthorn","S","1",""
"3774",890,"Multiflora rose","S","0",""
"3775",890,"Honeysuckle","S","0",""
"3776",890,"Privot","S","0",""
"3777",890,"Spicebush","S","0",""
"3778",890,"Rubus","S","1",""
"3779",890,"Mapleleaf Viburnum","S","0",""
"3780",367,"Buckthorn","N","0",""
"3781",367,"Multiflora rose","N","0",""
"3782",367,"Honeysuckle","N","0",""
"3783",367,"Privot","N","0",""
"3784",367,"Spicebush","N","0",""
"3785",367,"Rubus","N","0",""
"3786",367,"Mapleleaf Viburnum","N","0",""
"3787",367,"Buckthorn","S","0",""
"3788",367,"Multiflora rose","S","0",""
"3789",367,"Honeysuckle","S","0",""
"3790",367,"Privot","S","0",""
"3791",367,"Spicebush","S","0",""
"3792",367,"Rubus","S","0",""
"3793",367,"Mapleleaf Viburnum","S","0",""
"3794",397,"Buckthorn","N","0",""
"3795",397,"Multiflora rose","N","0",""
"3796",397,"Honeysuckle","N","0",""
"3797",397,"Privot","N","0",""
"3798",397,"Spicebush","N","0",""
"3799",397,"Rubus","N","1",""
"3800",397,"Mapleleaf Viburnum","N","0",""
"3801",397,"Buckthorn","S","0",""
"3802",397,"Multiflora rose","S","0",""
"3803",397,"Honeysuckle","S","0",""
"3804",397,"Privot","S","0",""
"3805",397,"Spicebush","S","0",""
"3806",397,"Rubus","S","0",""
"3807",397,"Mapleleaf Viburnum","S","0",""
"3808",190,"Buckthorn","N","0",""
"3809",190,"Multiflora rose","N","0",""
"3810",190,"Honeysuckle","N","0",""
"3811",190,"Privot","N","0",""
"3812",190,"Spicebush","N","0",""
"3813",190,"Rubus","N","0",""
"3814",190,"Mapleleaf Viburnum","N","0",""
"3815",190,"Buckthorn","S","0",""
"3816",190,"Multiflora rose","S","0",""
"3817",190,"Honeysuckle","S","0",""
"3818",190,"Privot","S","0",""
"3819",190,"Spicebush","S","0",""
"3820",190,"Rubus","S","0",""
"3821",190,"Mapleleaf Viburnum","S","1",""
"3822",331,"Buckthorn","N","0",""
"3823",331,"Multiflora rose","N","1",""
"3824",331,"Honeysuckle","N","0",""
"3825",331,"Privot","N","0",""
"3826",331,"Spicebush","N","0",""
"3827",331,"Rubus","N","0",""
"3828",331,"Mapleleaf Viburnum","N","0",""
"3829",331,"Buckthorn","S","1",""
"3830",331,"Multiflora rose","S","1",""
"3831",331,"Honeysuckle","S","0",""
"3832",331,"Privot","S","0",""
"3833",331,"Spicebush","S","0",""
"3834",331,"Rubus","S","0",""
"3835",331,"Mapleleaf Viburnum","S","0",""
"3836",897,"Buckthorn","N","1",""
"3837",897,"Multiflora rose","N","0",""
"3838",897,"Honeysuckle","N","0",""
"3839",897,"Privot","N","0",""
"3840",897,"Spicebush","N","0",""
"3841",897,"Rubus","N","0",""
"3842",897,"Mapleleaf Viburnum","N","0",""
"3843",897,"Buckthorn","S","1",""
"3844",897,"Multiflora rose","S","1",""
"3845",897,"Honeysuckle","S","0",""
"3846",897,"Privot","S","0",""
"3847",897,"Spicebush","S","0",""
"3848",897,"Rubus","S","0",""
"3849",897,"Mapleleaf Viburnum","S","0",""
"3850",333,"Buckthorn","N","1",""
"3851",333,"Multiflora rose","N","0",""
"3852",333,"Honeysuckle","N","0",""
"3853",333,"Privot","N","0",""
"3854",333,"Spicebush","N","0",""
"3855",333,"Rubus","N","0",""
"3856",333,"Mapleleaf Viburnum","N","0",""
"3857",333,"Buckthorn","S","1",""
"3858",333,"Multiflora rose","S","0",""
"3859",333,"Honeysuckle","S","0",""
"3860",333,"Privot","S","0",""
"3861",333,"Spicebush","S","0",""
"3862",333,"Rubus","S","0",""
"3863",333,"Mapleleaf Viburnum","S","0",""
"3864",340,"Buckthorn","N","0",""
"3865",340,"Multiflora rose","N","1",""
"3866",340,"Honeysuckle","N","0",""
"3867",340,"Privot","N","0",""
"3868",340,"Spicebush","N","0",""
"3869",340,"Rubus","N","0",""
"3870",340,"Mapleleaf Viburnum","N","0",""
"3871",340,"Buckthorn","S","0",""
"3872",340,"Multiflora rose","S","0",""
"3873",340,"Honeysuckle","S","0",""
"3874",340,"Privot","S","0",""
"3875",340,"Spicebush","S","0",""
"3876",340,"Rubus","S","0",""
"3877",340,"Mapleleaf Viburnum","S","0",""
"3878",996,"Buckthorn","N","0",""
"3879",996,"Multiflora rose","N","0",""
"3880",996,"Honeysuckle","N","0",""
"3881",996,"Privot","N","0",""
"3882",996,"Spicebush","N","0",""
"3883",996,"Rubus","N","0",""
"3884",996,"Mapleleaf Viburnum","N","0",""
"3885",996,"Buckthorn","S","0",""
"3886",996,"Multiflora rose","S","0",""
"3887",996,"Honeysuckle","S","0",""
"3888",996,"Privot","S","0",""
"3889",996,"Spicebush","S","0",""
"3890",996,"Rubus","S","0",""
"3891",996,"Mapleleaf Viburnum","S","0",""
"3892",380,"Buckthorn","N","1",""
"3893",380,"Multiflora rose","N","1",""
"3894",380,"Honeysuckle","N","0",""
"3895",380,"Privot","N","0",""
"3896",380,"Spicebush","N","0",""
"3897",380,"Rubus","N","0",""
"3898",380,"Mapleleaf Viburnum","N","0",""
"3899",380,"Buckthorn","S","0",""
"3900",380,"Multiflora rose","S","0",""
"3901",380,"Honeysuckle","S","0",""
"3902",380,"Privot","S","0",""
"3903",380,"Spicebush","S","0",""
"3904",380,"Rubus","S","0",""
"3905",380,"Mapleleaf Viburnum","S","0",""
"3906",381,"Buckthorn","N","1",""
"3907",381,"Multiflora rose","N","2",""
"3908",381,"Honeysuckle","N","0",""
"3909",381,"Privot","N","0",""
"3910",381,"Spicebush","N","0",""
"3911",381,"Rubus","N","0",""
"3912",381,"Mapleleaf Viburnum","N","0",""
"3913",381,"Buckthorn","S","1",""
"3914",381,"Multiflora rose","S","1",""
"3915",381,"Honeysuckle","S","1",""
"3916",381,"Privot","S","0",""
"3917",381,"Spicebush","S","0",""
"3918",381,"Rubus","S","1",""
"3919",381,"Mapleleaf Viburnum","S","0",""
"3920",185,"Buckthorn","N","0",""
"3921",185,"Multiflora rose","N","0",""
"3922",185,"Honeysuckle","N","0",""
"3923",185,"Privot","N","0",""
"3924",185,"Spicebush","N","0",""
"3925",185,"Rubus","N","0",""
"3926",185,"Mapleleaf Viburnum","N","0",""
"3927",185,"Buckthorn","S","0",""
"3928",185,"Multiflora rose","S","0",""
"3929",185,"Honeysuckle","S","0",""
"3930",185,"Privot","S","0",""
"3931",185,"Spicebush","S","0",""
"3932",185,"Rubus","S","0",""
"3933",185,"Mapleleaf Viburnum","S","0",""
"3934",338,"Buckthorn","N","0",""
"3935",338,"Multiflora rose","N","0",""
"3936",338,"Honeysuckle","N","0",""
"3937",338,"Privot","N","0",""
"3938",338,"Spicebush","N","0",""
"3939",338,"Rubus","N","1",""
"3940",338,"Mapleleaf Viburnum","N","0",""
"3941",338,"Buckthorn","S","0",""
"3942",338,"Multiflora rose","S","0",""
"3943",338,"Honeysuckle","S","0",""
"3944",338,"Privot","S","0",""
"3945",338,"Spicebush","S","0",""
"3946",338,"Rubus","S","0",""
"3947",338,"Mapleleaf Viburnum","S","0",""
"3948",291,"Buckthorn","N","0",""
"3949",291,"Multiflora rose","N","0",""
"3950",291,"Honeysuckle","N","0",""
"3951",291,"Privot","N","0",""
"3952",291,"Spicebush","N","0",""
"3953",291,"Rubus","N","0",""
"3954",291,"Mapleleaf Viburnum","N","0",""
"3955",291,"Buckthorn","S","0",""
"3956",291,"Multiflora rose","S","0",""
"3957",291,"Honeysuckle","S","0",""
"3958",291,"Privot","S","0",""
"3959",291,"Spicebush","S","0",""
"3960",291,"Rubus","S","0",""
"3961",291,"Mapleleaf Viburnum","S","0",""
"3962",326,"Buckthorn","N","0",""
"3963",326,"Multiflora rose","N","1",""
"3964",326,"Honeysuckle","N","0",""
"3965",326,"Privot","N","0",""
"3966",326,"Spicebush","N","0",""
"3967",326,"Rubus","N","0",""
"3968",326,"Mapleleaf Viburnum","N","0",""
"3969",326,"Buckthorn","S","0",""
"3970",326,"Multiflora rose","S","0",""
"3971",326,"Honeysuckle","S","0",""
"3972",326,"Privot","S","0",""
"3973",326,"Spicebush","S","0",""
"3974",326,"Rubus","S","0",""
"3975",326,"Mapleleaf Viburnum","S","0",""
"3976",195,"Buckthorn","N","0",""
"3977",195,"Multiflora rose","N","1",""
"3978",195,"Honeysuckle","N","0",""
"3979",195,"Privot","N","0",""
"3980",195,"Spicebush","N","0",""
"3981",195,"Rubus","N","1",""
"3982",195,"Mapleleaf Viburnum","N","0",""
"3983",195,"Buckthorn","S","0",""
"3984",195,"Multiflora rose","S","1",""
"3985",195,"Honeysuckle","S","0",""
"3986",195,"Privot","S","0",""
"3987",195,"Spicebush","S","0",""
"3988",195,"Rubus","S","0",""
"3989",195,"Mapleleaf Viburnum","S","0",""
"3990",192,"Buckthorn","N","0",""
"3991",192,"Multiflora rose","N","0",""
"3992",192,"Honeysuckle","N","0",""
"3993",192,"Privot","N","0",""
"3994",192,"Spicebush","N","0",""
"3995",192,"Rubus","N","0",""
"3996",192,"Mapleleaf Viburnum","N","0",""
"3997",192,"Buckthorn","S","0",""
"3998",192,"Multiflora rose","S","0",""
"3999",192,"Honeysuckle","S","0",""
"4000",192,"Privot","S","0",""
"4001",192,"Spicebush","S","0",""
"4002",192,"Rubus","S","0",""
"4003",192,"Mapleleaf Viburnum","S","0",""
"4004",337,"Buckthorn","N","0",""
"4005",337,"Multiflora rose","N","1",""
"4006",337,"Honeysuckle","N","0",""
"4007",337,"Privot","N","0",""
"4008",337,"Spicebush","N","0",""
"4009",337,"Rubus","N","1",""
"4010",337,"Mapleleaf Viburnum","N","1",""
"4011",337,"Buckthorn","S","0",""
"4012",337,"Multiflora rose","S","1",""
"4013",337,"Honeysuckle","S","0",""
"4014",337,"Privot","S","0",""
"4015",337,"Spicebush","S","0",""
"4016",337,"Rubus","S","1",""
"4017",337,"Mapleleaf Viburnum","S","0",""
"4018",378,"Buckthorn","N","0",""
"4019",378,"Multiflora rose","N","1",""
"4020",378,"Honeysuckle","N","1",""
"4021",378,"Privot","N","0",""
"4022",378,"Spicebush","N","0",""
"4023",378,"Rubus","N","1",""
"4024",378,"Mapleleaf Viburnum","N","0",""
"4025",378,"Buckthorn","S","0",""
"4026",378,"Multiflora rose","S","1",""
"4027",378,"Honeysuckle","S","0",""
"4028",378,"Privot","S","0",""
"4029",378,"Spicebush","S","0",""
"4030",378,"Rubus","S","1",""
"4031",378,"Mapleleaf Viburnum","S","0",""
"4032",335,"Buckthorn","N","0",""
"4033",335,"Multiflora rose","N","1",""
"4034",335,"Honeysuckle","N","0",""
"4035",335,"Privot","N","0",""
"4036",335,"Spicebush","N","0",""
"4037",335,"Rubus","N","0",""
"4038",335,"Mapleleaf Viburnum","N","0",""
"4039",335,"Buckthorn","S","0",""
"4040",335,"Multiflora rose","S","1",""
"4041",335,"Honeysuckle","S","0",""
"4042",335,"Privot","S","0",""
"4043",335,"Spicebush","S","0",""
"4044",335,"Rubus","S","1",""
"4045",335,"Mapleleaf Viburnum","S","0",""
"4046",325,"Buckthorn","N","0",""
"4047",325,"Multiflora rose","N","1",""
"4048",325,"Honeysuckle","N","0",""
"4049",325,"Privot","N","0",""
"4050",325,"Spicebush","N","0",""
"4051",325,"Rubus","N","1",""
"4052",325,"Mapleleaf Viburnum","N","0",""
"4053",325,"Buckthorn","S","0",""
"4054",325,"Multiflora rose","S","1",""
"4055",325,"Honeysuckle","S","0",""
"4056",325,"Privot","S","1",""
"4057",325,"Spicebush","S","0",""
"4058",325,"Rubus","S","0",""
"4059",343,"Buckthorn","N","1",""
"4060",343,"Multiflora rose","N","1",""
"4061",343,"Honeysuckle","N","0",""
"4062",343,"Privot","N","0",""
"4063",343,"Spicebush","N","0",""
"4064",343,"Rubus","N","1",""
"4065",343,"Mapleleaf Viburnum","N","0",""
"4066",343,"Buckthorn","S","0",""
"4067",343,"Multiflora rose","S","0",""
"4068",343,"Honeysuckle","S","0",""
"4069",343,"Privot","S","0",""
"4070",343,"Spicebush","S","0",""
"4071",343,"Rubus","S","1",""
"4072",343,"Mapleleaf Viburnum","S","0",""
"4073",252,"Buckthorn","N","1",""
"4074",252,"Multiflora rose","N","1",""
"4075",252,"Honeysuckle","N","0",""
"4076",252,"Privot","N","0",""
"4077",252,"Spicebush","N","0",""
"4078",252,"Rubus","N","1",""
"4079",252,"Mapleleaf Viburnum","N","0",""
"4080",252,"Buckthorn","S","1",""
"4081",252,"Multiflora rose","S","0",""
"4082",252,"Honeysuckle","S","1",""
"4083",252,"Privot","S","0",""
"4084",252,"Spicebush","S","0",""
"4085",252,"Rubus","S","0",""
"4086",252,"Mapleleaf Viburnum","S","1",""
"4087",289,"Buckthorn","N","0",""
"4088",289,"Multiflora rose","N","0",""
"4089",289,"Honeysuckle","N","0",""
"4090",289,"Privot","N","0",""
"4091",289,"Spicebush","N","0",""
"4092",289,"Rubus","N","1",""
"4093",289,"Mapleleaf Viburnum","N","0",""
"4094",289,"Buckthorn","S","0",""
"4095",289,"Multiflora rose","S","0",""
"4096",289,"Honeysuckle","S","0",""
"4097",289,"Privot","S","0",""
"4098",289,"Spicebush","S","0",""
"4099",289,"Rubus","S","0",""
"4100",289,"Mapleleaf Viburnum","S","0",""
"4101",353,"Buckthorn","N","1",""
"4102",353,"Multiflora rose","N","1",""
"4103",353,"Honeysuckle","N","0",""
"4104",353,"Privot","N","0",""
"4105",353,"Spicebush","N","0",""
"4106",353,"Rubus","N","1",""
"4107",353,"Mapleleaf Viburnum","N","0",""
"4108",353,"Buckthorn","S","1",""
"4109",353,"Multiflora rose","S","0",""
"4110",353,"Honeysuckle","S","0",""
"4111",353,"Privot","S","0",""
"4112",353,"Spicebush","S","0",""
"4113",353,"Rubus","S","1",""
"4114",353,"Mapleleaf Viburnum","S","1",""
"4115",272,"Buckthorn","N","1",""
"4116",272,"Multiflora rose","N","1",""
"4117",272,"Honeysuckle","N","1",""
"4118",272,"Privot","N","0",""
"4119",272,"Spicebush","N","0",""
"4120",272,"Rubus","N","1",""
"4121",272,"Mapleleaf Viburnum","N","1",""
"4122",272,"Buckthorn","S","2",""
"4123",272,"Multiflora rose","S","2",""
"4124",272,"Honeysuckle","S","0",""
"4125",272,"Privot","S","0",""
"4126",272,"Spicebush","S","0",""
"4127",272,"Rubus","S","1",""
"4128",272,"Mapleleaf Viburnum","S","0",""
"4129",352,"Buckthorn","N","1",""
"4130",352,"Multiflora rose","N","1",""
"4131",352,"Honeysuckle","N","0",""
"4132",352,"Privot","N","0",""
"4133",352,"Spicebush","N","0",""
"4134",352,"Rubus","N","0",""
"4135",352,"Mapleleaf Viburnum","N","0",""
"4136",352,"Buckthorn","S","1",""
"4137",352,"Multiflora rose","S","1",""
"4138",352,"Honeysuckle","S","0",""
"4139",352,"Privot","S","0",""
"4140",352,"Spicebush","S","0",""
"4141",352,"Rubus","S","0",""
"4142",352,"Mapleleaf Viburnum","S","0",""
"4143",361,"Buckthorn","N","1",""
"4144",361,"Multiflora rose","N","3",""
"4145",361,"Honeysuckle","N","0",""
"4146",361,"Privot","N","0",""
"4147",361,"Spicebush","N","0",""
"4148",361,"Rubus","N","0",""
"4149",361,"Mapleleaf Viburnum","N","0",""
"4150",361,"Buckthorn","S","1",""
"4151",361,"Multiflora rose","S","3",""
"4152",361,"Honeysuckle","S","1",""
"4153",361,"Privot","S","0",""
"4154",361,"Spicebush","S","0",""
"4155",361,"Rubus","S","0",""
"4156",361,"Mapleleaf Viburnum","S","0",""
"4157",347,"Buckthorn","N","1",""
"4158",347,"Multiflora rose","N","0",""
"4159",347,"Honeysuckle","N","0",""
"4160",347,"Privot","N","1",""
"4161",347,"Spicebush","N","0",""
"4162",347,"Rubus","N","0",""
"4163",347,"Mapleleaf Viburnum","N","0",""
"4164",347,"Buckthorn","S","1",""
"4165",347,"Multiflora rose","S","0",""
"4166",347,"Honeysuckle","S","0",""
"4167",347,"Privot","S","0",""
"4168",347,"Spicebush","S","0",""
"4169",347,"Rubus","S","0",""
"4170",347,"Mapleleaf Viburnum","S","0",""
"4171",400,"Buckthorn","N","1",""
"4172",400,"Multiflora rose","N","0",""
"4173",400,"Honeysuckle","N","0",""
"4174",400,"Privot","N","1",""
"4175",400,"Spicebush","N","0",""
"4176",400,"Rubus","N","0",""
"4177",400,"Mapleleaf Viburnum","N","0",""
"4178",400,"Buckthorn","S","1",""
"4179",400,"Multiflora rose","S","1",""
"4180",400,"Honeysuckle","S","0",""
"4181",400,"Privot","S","0",""
"4182",400,"Spicebush","S","0",""
"4183",400,"Rubus","S","0",""
"4184",400,"Mapleleaf Viburnum","S","0",""
"4185",351,"Buckthorn","N","1",""
"4186",351,"Multiflora rose","N","1",""
"4187",351,"Honeysuckle","N","0",""
"4188",351,"Privot","N","0",""
"4189",351,"Spicebush","N","0",""
"4190",351,"Rubus","N","0",""
"4191",351,"Mapleleaf Viburnum","N","0",""
"4192",351,"Buckthorn","S","1",""
"4193",351,"Multiflora rose","S","1",""
"4194",351,"Honeysuckle","S","1",""
"4195",351,"Privot","S","0",""
"4196",351,"Spicebush","S","0",""
"4197",351,"Rubus","S","0",""
"4198",351,"Mapleleaf Viburnum","S","0",""
"4199",399,"Buckthorn","N","2",""
"4200",399,"Multiflora rose","N","0",""
"4201",399,"Honeysuckle","N","0",""
"4202",399,"Privot","N","0",""
"4203",399,"Spicebush","N","0",""
"4204",399,"Rubus","N","0",""
"4205",399,"Mapleleaf Viburnum","N","0",""
"4206",399,"Buckthorn","S","1",""
"4207",399,"Multiflora rose","S","0",""
"4208",399,"Honeysuckle","S","0",""
"4209",399,"Privot","S","0",""
"4210",399,"Spicebush","S","0",""
"4211",399,"Rubus","S","0",""
"4212",399,"Mapleleaf Viburnum","S","0",""
"4213",348,"Buckthorn","N","1",""
"4214",348,"Multiflora rose","N","0",""
"4215",348,"Honeysuckle","N","1",""
"4216",348,"Privot","N","0",""
"4217",348,"Spicebush","N","0",""
"4218",348,"Rubus","N","0",""
"4219",348,"Mapleleaf Viburnum","N","0",""
"4220",348,"Buckthorn","S","1",""
"4221",348,"Multiflora rose","S","1",""
"4222",348,"Honeysuckle","S","0",""
"4223",348,"Privot","S","1",""
"4224",348,"Spicebush","S","0",""
"4225",348,"Rubus","S","0",""
"4226",348,"Mapleleaf Viburnum","S","0",""
"4227",253,"Buckthorn","N","1",""
"4228",253,"Multiflora rose","N","3",""
"4229",253,"Honeysuckle","N","0",""
"4230",253,"Privot","N","1",""
"4231",253,"Spicebush","N","0",""
"4232",253,"Rubus","N","0",""
"4233",253,"Mapleleaf Viburnum","N","0",""
"4234",253,"Buckthorn","S","1",""
"4235",253,"Multiflora rose","S","1",""
"4236",253,"Honeysuckle","S","1",""
"4237",253,"Privot","S","1",""
"4238",253,"Spicebush","S","0",""
"4239",253,"Rubus","S","0",""
"4240",253,"Mapleleaf Viburnum","S","0",""
"4241",899,"Buckthorn","N","1",""
"4242",899,"Multiflora rose","N","0",""
"4243",899,"Honeysuckle","N","0",""
"4244",899,"Privot","N","0",""
"4245",899,"Spicebush","N","0",""
"4246",899,"Rubus","N","0",""
"4247",899,"Mapleleaf Viburnum","N","1",""
"4248",899,"Buckthorn","S","2",""
"4249",899,"Multiflora rose","S","0",""
"4250",899,"Honeysuckle","S","0",""
"4251",899,"Privot","S","1",""
"4252",899,"Spicebush","S","0",""
"4253",899,"Rubus","S","0",""
"4254",899,"Mapleleaf Viburnum","S","0",""
"4255",371,"Buckthorn","N","2",""
"4256",371,"Multiflora rose","N","0",""
"4257",371,"Honeysuckle","N","1",""
"4258",371,"Privot","N","0",""
"4259",371,"Spicebush","N","0",""
"4260",371,"Rubus","N","0",""
"4261",371,"Mapleleaf Viburnum","N","0",""
"4262",371,"Buckthorn","S","1",""
"4263",371,"Multiflora rose","S","1",""
"4264",371,"Honeysuckle","S","1",""
"4265",371,"Privot","S","0",""
"4266",371,"Spicebush","S","0",""
"4267",371,"Rubus","S","0",""
"4268",371,"Mapleleaf Viburnum","S","1",""
"4269",893,"Buckthorn","N","1",""
"4270",893,"Multiflora rose","N","2",""
"4271",893,"Honeysuckle","N","9",""
"4272",893,"Privot","N","0",""
"4273",893,"Spicebush","N","0",""
"4274",893,"Rubus","N","0",""
"4275",893,"Mapleleaf Viburnum","N","0",""
"4276",893,"Buckthorn","S","1",""
"4277",893,"Multiflora rose","S","2",""
"4278",893,"Honeysuckle","S","0",""
"4279",893,"Privot","S","0",""
"4280",893,"Spicebush","S","0",""
"4281",893,"Rubus","S","0",""
"4282",893,"Mapleleaf Viburnum","S","1",""
"4283",892,"Buckthorn","N","1",""
"4284",892,"Multiflora rose","N","1",""
"4285",892,"Honeysuckle","N","0",""
"4286",892,"Privot","N","1",""
"4287",892,"Spicebush","N","0",""
"4288",892,"Rubus","N","0",""
"4289",892,"Mapleleaf Viburnum","N","1",""
"4290",892,"Buckthorn","S","1",""
"4291",892,"Multiflora rose","S","2",""
"4292",892,"Honeysuckle","S","0",""
"4293",892,"Privot","S","1",""
"4294",892,"Spicebush","S","0",""
"4295",892,"Rubus","S","0",""
"4296",892,"Mapleleaf Viburnum","S","0",""
"4297",293,"Buckthorn","N","1",""
"4298",293,"Multiflora rose","N","0",""
"4299",293,"Honeysuckle","N","0",""
"4300",293,"Privot","N","0",""
"4301",293,"Spicebush","N","0",""
"4302",293,"Rubus","N","1",""
"4303",293,"Mapleleaf Viburnum","N","0",""
"4304",293,"Buckthorn","S","0",""
"4305",293,"Multiflora rose","S","0",""
"4306",293,"Honeysuckle","S","0",""
"4307",293,"Privot","S","0",""
"4308",293,"Spicebush","S","0",""
"4309",293,"Rubus","S","0",""
"4310",293,"Mapleleaf Viburnum","S","0",""
"4311",299,"Buckthorn","N","1",""
"4312",299,"Multiflora rose","N","3",""
"4313",299,"Honeysuckle","N","0",""
"4314",299,"Privot","N","1",""
"4315",299,"Spicebush","N","0",""
"4316",299,"Rubus","N","1",""
"4317",299,"Mapleleaf Viburnum","N","0",""
"4318",299,"Buckthorn","S","1",""
"4319",299,"Multiflora rose","S","1",""
"4320",299,"Honeysuckle","S","0",""
"4321",299,"Privot","S","0",""
"4322",299,"Spicebush","S","0",""
"4323",299,"Rubus","S","1",""
"4324",299,"Mapleleaf Viburnum","S","0",""
"4325",346,"Buckthorn","N","1",""
"4326",346,"Multiflora rose","N","0",""
"4327",346,"Honeysuckle","N","0",""
"4328",346,"Privot","N","1",""
"4329",346,"Spicebush","N","0",""
"4330",346,"Rubus","N","0",""
"4331",346,"Mapleleaf Viburnum","N","0",""
"4332",346,"Buckthorn","S","1",""
"4333",346,"Multiflora rose","S","1",""
"4334",346,"Honeysuckle","S","0",""
"4335",346,"Privot","S","1",""
"4336",346,"Spicebush","S","0",""
"4337",346,"Rubus","S","0",""
"4338",346,"Mapleleaf Viburnum","S","0",""
"4339",350,"Buckthorn","N","1",""
"4340",350,"Multiflora rose","N","0",""
"4341",350,"Honeysuckle","N","0",""
"4342",350,"Privot","N","0",""
"4343",350,"Spicebush","N","0",""
"4344",350,"Rubus","N","1",""
"4345",350,"Mapleleaf Viburnum","N","0",""
"4346",350,"Buckthorn","S","1",""
"4347",350,"Multiflora rose","S","1",""
"4348",350,"Honeysuckle","S","1",""
"4349",350,"Privot","S","0",""
"4350",350,"Spicebush","S","0",""
"4351",350,"Rubus","S","0",""
"4352",350,"Mapleleaf Viburnum","S","0",""
"4353",259,"Buckthorn","N","1",""
"4354",259,"Multiflora rose","N","5",""
"4355",259,"Honeysuckle","N","2",""
"4356",259,"Privot","N","0",""
"4357",259,"Spicebush","N","0",""
"4358",259,"Rubus","N","0",""
"4359",259,"Mapleleaf Viburnum","N","0",""
"4360",259,"Buckthorn","S","1",""
"4361",259,"Multiflora rose","S","4",""
"4362",259,"Honeysuckle","S","2",""
"4363",259,"Privot","S","0",""
"4364",259,"Spicebush","S","0",""
"4365",259,"Rubus","S","0",""
"4366",259,"Mapleleaf Viburnum","S","0",""
"4367",354,"Buckthorn","N","1",""
"4368",354,"Multiflora rose","N","1",""
"4369",354,"Honeysuckle","N","0",""
"4370",354,"Privot","N","1",""
"4371",354,"Spicebush","N","0",""
"4372",354,"Rubus","N","0",""
"4373",354,"Mapleleaf Viburnum","N","1",""
"4374",354,"Buckthorn","S","1",""
"4375",354,"Multiflora rose","S","2",""
"4376",354,"Honeysuckle","S","1",""
"4377",354,"Privot","S","1",""
"4378",354,"Spicebush","S","0",""
"4379",354,"Rubus","S","0",""
"4380",354,"Mapleleaf Viburnum","S","1",""
"4381",257,"Buckthorn","N","0",""
"4382",257,"Multiflora rose","N","1",""
"4383",257,"Honeysuckle","N","0",""
"4384",257,"Privot","N","0",""
"4385",257,"Spicebush","N","0",""
"4386",257,"Rubus","N","0",""
"4387",257,"Mapleleaf Viburnum","N","0",""
"4388",257,"Buckthorn","S","1",""
"4389",257,"Multiflora rose","S","1",""
"4390",257,"Honeysuckle","S","0",""
"4391",257,"Privot","S","0",""
"4392",257,"Spicebush","S","0",""
"4393",257,"Rubus","S","0",""
"4394",257,"Mapleleaf Viburnum","S","0",""
"4395",198,"Buckthorn","N","1",""
"4396",198,"Multiflora rose","N","0",""
"4397",198,"Honeysuckle","N","1",""
"4398",198,"Privot","N","1",""
"4399",198,"Spicebush","N","0",""
"4400",198,"Rubus","N","0",""
"4401",198,"Mapleleaf Viburnum","N","0",""
"4402",198,"Buckthorn","S","1",""
"4403",198,"Multiflora rose","S","2",""
"4404",198,"Honeysuckle","S","0",""
"4405",198,"Privot","S","0",""
"4406",198,"Spicebush","S","0",""
"4407",198,"Rubus","S","0",""
"4408",198,"Mapleleaf Viburnum","S","0",""
"4409",292,"Buckthorn","N","0",""
"4410",292,"Multiflora rose","N","0",""
"4411",292,"Honeysuckle","N","0",""
"4412",292,"Privot","N","0",""
"4413",292,"Spicebush","N","0",""
"4414",292,"Rubus","N","0",""
"4415",292,"Mapleleaf Viburnum","N","0",""
"4416",292,"Buckthorn","S","0",""
"4417",292,"Multiflora rose","S","0",""
"4418",292,"Honeysuckle","S","0",""
"4419",292,"Privot","S","0",""
"4420",292,"Spicebush","S","0",""
"4421",292,"Rubus","S","0",""
"4422",292,"Mapleleaf Viburnum","S","0",""
"4423",560,"Buckthorn","N","0",""
"4424",560,"Multiflora rose","N","0",""
"4425",560,"Honeysuckle","N","0",""
"4426",560,"Privot","N","0",""
"4427",560,"Spicebush","N","0",""
"4428",560,"Rubus","N","0",""
"4429",560,"Mapleleaf Viburnum","N","1",""
"4430",560,"Buckthorn","S","1",""
"4431",560,"Multiflora rose","S","0",""
"4432",560,"Honeysuckle","S","0",""
"4433",560,"Privot","S","0",""
"4434",560,"Spicebush","S","0",""
"4435",560,"Rubus","S","0",""
"4436",560,"Mapleleaf Viburnum","S","0",""
"4437",376,"Buckthorn","N","1",""
"4438",376,"Multiflora rose","N","2",""
"4439",376,"Honeysuckle","N","0",""
"4440",376,"Privot","N","0",""
"4441",376,"Spicebush","N","0",""
"4442",376,"Rubus","N","1",""
"4443",376,"Mapleleaf Viburnum","N","0",""
"4444",376,"Buckthorn","S","1",""
"4445",376,"Multiflora rose","S","2",""
"4446",376,"Honeysuckle","S","0",""
"4447",376,"Privot","S","0",""
"4448",376,"Spicebush","S","0",""
"4449",376,"Rubus","S","0",""
"4450",376,"Mapleleaf Viburnum","S","0",""
"4451",290,"Buckthorn","N","0",""
"4452",290,"Multiflora rose","N","0",""
"4453",290,"Honeysuckle","N","0",""
"4454",290,"Privot","N","0",""
"4455",290,"Spicebush","N","0",""
"4456",290,"Rubus","N","0",""
"4457",290,"Mapleleaf Viburnum","N","0",""
"4458",290,"Buckthorn","S","0",""
"4459",290,"Multiflora rose","S","0",""
"4460",290,"Honeysuckle","S","0",""
"4461",290,"Privot","S","0",""
"4462",290,"Spicebush","S","0",""
"4463",290,"Rubus","S","0",""
"4464",290,"Mapleleaf Viburnum","S","0",""
"4465",883,"Buckthorn","N","1",""
"4466",883,"Multiflora rose","N","0",""
"4467",883,"Honeysuckle","N","0",""
"4468",883,"Privot","N","0",""
"4469",883,"Spicebush","N","0",""
"4470",883,"Rubus","N","0",""
"4471",883,"Mapleleaf Viburnum","N","0",""
"4472",883,"Buckthorn","S","0",""
"4473",883,"Multiflora rose","S","1",""
"4474",883,"Honeysuckle","S","0",""
"4475",883,"Privot","S","0",""
"4476",883,"Spicebush","S","0",""
"4477",883,"Rubus","S","0",""
"4478",883,"Mapleleaf Viburnum","S","0",""
"4479",358,"Buckthorn","N","1",""
"4480",358,"Multiflora rose","N","3",""
"4481",358,"Honeysuckle","N","1",""
"4482",358,"Privot","N","0",""
"4483",358,"Spicebush","N","0",""
"4484",358,"Rubus","N","1",""
"4485",358,"Mapleleaf Viburnum","N","0",""
"4486",358,"Buckthorn","S","1",""
"4487",358,"Multiflora rose","S","3",""
"4488",358,"Honeysuckle","S","0",""
"4489",358,"Privot","S","0",""
"4490",358,"Spicebush","S","0",""
"4491",358,"Rubus","S","1",""
"4492",358,"Mapleleaf Viburnum","S","1",""
"4493",300,"Buckthorn","N","1",""
"4494",300,"Multiflora rose","N","2",""
"4495",300,"Honeysuckle","N","0",""
"4496",300,"Privot","N","1",""
"4497",300,"Spicebush","N","0",""
"4498",300,"Rubus","N","1",""
"4499",300,"Mapleleaf Viburnum","N","0",""
"4500",300,"Buckthorn","S","1",""
"4501",300,"Multiflora rose","S","3",""
"4502",300,"Honeysuckle","S","0",""
"4503",300,"Privot","S","1",""
"4504",300,"Spicebush","S","0",""
"4505",300,"Rubus","S","1",""
"4506",300,"Mapleleaf Viburnum","S","0",""
"4507",197,"Buckthorn","N","1",""
"4508",197,"Multiflora rose","N","0",""
"4509",197,"Honeysuckle","N","0",""
"4510",197,"Privot","N","1",""
"4511",197,"Spicebush","N","0",""
"4512",197,"Rubus","N","0",""
"4513",197,"Mapleleaf Viburnum","N","0",""
"4514",197,"Buckthorn","S","1",""
"4515",197,"Multiflora rose","S","0",""
"4516",197,"Honeysuckle","S","0",""
"4517",197,"Privot","S","0",""
"4518",197,"Spicebush","S","0",""
"4519",197,"Rubus","S","0",""
"4520",197,"Mapleleaf Viburnum","S","0",""
"4521",297,"Buckthorn","N","1",""
"4522",297,"Multiflora rose","N","0",""
"4523",297,"Honeysuckle","N","0",""
"4524",297,"Privot","N","0",""
"4525",297,"Spicebush","N","0",""
"4526",297,"Rubus","N","0",""
"4527",297,"Mapleleaf Viburnum","N","0",""
"4528",297,"Buckthorn","S","1",""
"4529",297,"Multiflora rose","S","0",""
"4530",297,"Honeysuckle","S","0",""
"4531",297,"Privot","S","0",""
"4532",297,"Spicebush","S","0",""
"4533",297,"Rubus","S","0",""
"4534",297,"Mapleleaf Viburnum","S","0",""
"4535",864,"Buckthorn","N","1",""
"4536",864,"Multiflora rose","N","1",""
"4537",864,"Honeysuckle","N","0",""
"4538",864,"Privot","N","0",""
"4539",864,"Spicebush","N","0",""
"4540",864,"Rubus","N","0",""
"4541",864,"Mapleleaf Viburnum","N","0",""
"4542",864,"Buckthorn","S","1",""
"4543",864,"Multiflora rose","S","0",""
"4544",864,"Honeysuckle","S","0",""
"4545",864,"Privot","S","0",""
"4546",864,"Spicebush","S","0",""
"4547",864,"Rubus","S","0",""
"4548",864,"Mapleleaf Viburnum","S","0",""
"4549",885,"Buckthorn","N","0",""
"4550",885,"Multiflora rose","N","0",""
"4551",885,"Honeysuckle","N","0",""
"4552",885,"Privot","N","0",""
"4553",885,"Spicebush","N","0",""
"4554",885,"Rubus","N","0",""
"4555",885,"Mapleleaf Viburnum","N","0",""
"4556",885,"Buckthorn","S","0",""
"4557",885,"Multiflora rose","S","0",""
"4558",885,"Honeysuckle","S","0",""
"4559",885,"Privot","S","0",""
"4560",885,"Spicebush","S","0",""
"4561",885,"Rubus","S","0",""
"4562",885,"Mapleleaf Viburnum","S","0",""
"4563",898,"Buckthorn","N","0",""
"4564",898,"Multiflora rose","N","1",""
"4565",898,"Honeysuckle","N","0",""
"4566",898,"Privot","N","0",""
"4567",898,"Spicebush","N","0",""
"4568",898,"Rubus","N","0",""
"4569",898,"Mapleleaf Viburnum","N","0",""
"4570",898,"Buckthorn","S","1",""
"4571",898,"Multiflora rose","S","0",""
"4572",898,"Honeysuckle","S","0",""
"4573",898,"Privot","S","1",""
"4574",898,"Spicebush","S","0",""
"4575",898,"Rubus","S","0",""
"4576",898,"Mapleleaf Viburnum","S","0",""
"4577",187,"Buckthorn","N","1",""
"4578",187,"Multiflora rose","N","1",""
"4579",187,"Honeysuckle","N","0",""
"4580",187,"Privot","N","0",""
"4581",187,"Spicebush","N","0",""
"4582",187,"Rubus","N","0",""
"4583",187,"Mapleleaf Viburnum","N","0",""
"4584",187,"Buckthorn","S","0",""
"4585",187,"Multiflora rose","S","1",""
"4586",187,"Honeysuckle","S","0",""
"4587",187,"Privot","S","0",""
"4588",187,"Spicebush","S","0",""
"4589",187,"Rubus","S","0",""
"4590",187,"Mapleleaf Viburnum","S","0",""
"4591",409,"Buckthorn","N","0",""
"4592",409,"Multiflora rose","N","0",""
"4593",409,"Honeysuckle","N","0",""
"4594",409,"Privot","N","0",""
"4595",409,"Spicebush","N","0",""
"4596",409,"Rubus","N","0",""
"4597",409,"Mapleleaf Viburnum","N","0",""
"4598",409,"Buckthorn","S","0",""
"4599",409,"Multiflora rose","S","0",""
"4600",409,"Honeysuckle","S","0",""
"4601",409,"Privot","S","0",""
"4602",409,"Spicebush","S","0",""
"4603",409,"Rubus","S","0",""
"4604",409,"Mapleleaf Viburnum","S","0",""
"4605",266,"Buckthorn","N","0",NA
"4606",266,"Multiflora rose","N","0",NA
"4607",266,"Honeysuckle","N","0",NA
"4608",266,"Privot","N","0",NA
"4609",266,"Spicebush","N","0",NA
"4610",266,"Rubus","N","0",NA
"4611",266,"Mapleleaf Viburnum","N","0",NA
"4612",266,"Buckthorn","S","0",NA
"4613",266,"Multiflora rose","S","0",NA
"4614",266,"Honeysuckle","S","0",NA
"4615",266,"Privot","S","0",NA
"4616",266,"Spicebush","S","0",NA
"4617",266,"Rubus","S","0",NA
"4618",266,"Mapleleaf Viburnum","S","0",NA
"4619",401,"Buckthorn","N","0",NA
"4620",401,"Multiflora rose","N","0",NA
"4621",401,"Honeysuckle","N","0",NA
"4622",401,"Privot","N","0",NA
"4623",401,"Spicebush","N","0",NA
"4624",401,"Rubus","N","0",NA
"4625",401,"Mapleleaf Viburnum","N","0",NA
"4626",401,"Buckthorn","S","0",NA
"4627",401,"Multiflora rose","S","0",NA
"4628",401,"Honeysuckle","S","0",NA
"4629",401,"Privot","S","0",NA
"4630",401,"Spicebush","S","0",NA
"4631",401,"Rubus","S","0",NA
"4632",401,"Mapleleaf Viburnum","S","0",NA
"4633",100,"Buckthorn","N","0",NA
"4634",100,"Multiflora rose","N","0",NA
"4635",100,"Honeysuckle","N","0",NA
"4636",100,"Privot","N","0",NA
"4637",100,"Spicebush","N","0",NA
"4638",100,"Rubus","N","0",NA
"4639",100,"Mapleleaf Viburnum","N","0",NA
"4640",100,"Buckthorn","S","0",NA
"4641",100,"Multiflora rose","S","0",NA
"4642",100,"Honeysuckle","S","0",NA
"4643",100,"Privot","S","0",NA
"4644",100,"Spicebush","S","0",NA
"4645",100,"Rubus","S","0",NA
"4646",100,"Mapleleaf Viburnum","S","0",NA
"4647",262,"Buckthorn","N","0",NA
"4648",262,"Multiflora rose","N","0",NA
"4649",262,"Honeysuckle","N","0",NA
"4650",262,"Privot","N","0",NA
"4651",262,"Spicebush","N","0",NA
"4652",262,"Rubus","N","0",NA
"4653",262,"Mapleleaf Viburnum","N","0",NA
"4654",262,"Buckthorn","S","0",NA
"4655",262,"Multiflora rose","S","0",NA
"4656",262,"Honeysuckle","S","0",NA
"4657",262,"Privot","S","0",NA
"4658",262,"Spicebush","S","0",NA
"4659",262,"Rubus","S","0",NA
"4660",262,"Mapleleaf Viburnum","S","0",NA
"4661",135,"Buckthorn","N","0",NA
"4662",135,"Multiflora rose","N","0",NA
"4663",135,"Honeysuckle","N","0",NA
"4664",135,"Privot","N","0",NA
"4665",135,"Spicebush","N","0",NA
"4666",135,"Rubus","N","0",NA
"4667",135,"Mapleleaf Viburnum","N","0",NA
"4668",135,"Buckthorn","S","0",NA
"4669",135,"Multiflora rose","S","0",NA
"4670",135,"Honeysuckle","S","0",NA
"4671",135,"Privot","S","0",NA
"4672",135,"Spicebush","S","0",NA
"4673",135,"Rubus","S","0",NA
"4674",135,"Mapleleaf Viburnum","S","0",NA
"4675",111,"Buckthorn","N","0",NA
"4676",111,"Multiflora rose","N","0",NA
"4677",111,"Honeysuckle","N","0",NA
"4678",111,"Privot","N","0",NA
"4679",111,"Spicebush","N","0",NA
"4680",111,"Rubus","N","0",NA
"4681",111,"Mapleleaf Viburnum","N","0",NA
"4682",111,"Buckthorn","S","0",NA
"4683",111,"Multiflora rose","S","1",NA
"4684",111,"Honeysuckle","S","0",NA
"4685",111,"Privot","S","1",NA
"4686",111,"Spicebush","S","0",NA
"4687",111,"Rubus","S","1",NA
"4688",111,"Mapleleaf Viburnum","S","0",NA
"4689",238,"Buckthorn","N","1",NA
"4690",238,"Multiflora rose","N","4",NA
"4691",238,"Honeysuckle","N","0",NA
"4692",238,"Privot","N","0",NA
"4693",238,"Spicebush","N","0",NA
"4694",238,"Rubus","N","1",NA
"4695",238,"Mapleleaf Viburnum","N","0",NA
"4696",238,"Buckthorn","S","1",NA
"4697",238,"Multiflora rose","S","4",NA
"4698",238,"Honeysuckle","S","0",NA
"4699",238,"Privot","S","0",NA
"4700",238,"Spicebush","S","0",NA
"4701",238,"Rubus","S","1",NA
"4702",238,"Mapleleaf Viburnum","S","0",NA
"4703",237,"Buckthorn","N","1",NA
"4704",237,"Multiflora rose","N","3",NA
"4705",237,"Honeysuckle","N","0",NA
"4706",237,"Privot","N","0",NA
"4707",237,"Spicebush","N","0",NA
"4708",237,"Rubus","N","0",NA
"4709",237,"Mapleleaf Viburnum","N","1",NA
"4710",237,"Buckthorn","S","1",NA
"4711",237,"Multiflora rose","S","5",NA
"4712",237,"Honeysuckle","S","0",NA
"4713",237,"Privot","S","0",NA
"4714",237,"Spicebush","S","0",NA
"4715",237,"Rubus","S","1",NA
"4716",237,"Mapleleaf Viburnum","S","0",NA
"4717",242,"Buckthorn","N","1",NA
"4718",242,"Multiflora rose","N","4",NA
"4719",242,"Honeysuckle","N","0",NA
"4720",242,"Privot","N","0",NA
"4721",242,"Spicebush","N","0",NA
"4722",242,"Rubus","N","1",NA
"4723",242,"Mapleleaf Viburnum","N","0",NA
"4724",242,"Buckthorn","S","1",NA
"4725",242,"Multiflora rose","S","4",NA
"4726",242,"Honeysuckle","S","0",NA
"4727",242,"Privot","S","0",NA
"4728",242,"Spicebush","S","0",NA
"4729",242,"Rubus","S","0",NA
"4730",242,"Mapleleaf Viburnum","S","0",NA
"4731",239,"Buckthorn","N","1",NA
"4732",239,"Multiflora rose","N","5",NA
"4733",239,"Honeysuckle","N","0",NA
"4734",239,"Privot","N","0",NA
"4735",239,"Spicebush","N","0",NA
"4736",239,"Rubus","N","1",NA
"4737",239,"Mapleleaf Viburnum","N","0",NA
"4738",239,"Buckthorn","S","1",NA
"4739",239,"Multiflora rose","S","4",NA
"4740",239,"Honeysuckle","S","0",NA
"4741",239,"Privot","S","0",NA
"4742",239,"Spicebush","S","0",NA
"4743",239,"Rubus","S","1",NA
"4744",239,"Mapleleaf Viburnum","S","0",NA
"4745",240,"Buckthorn","N","1",NA
"4746",240,"Multiflora rose","N","5",NA
"4747",240,"Honeysuckle","N","0",NA
"4748",240,"Privot","N","0",NA
"4749",240,"Spicebush","N","0",NA
"4750",240,"Rubus","N","1",NA
"4751",240,"Mapleleaf Viburnum","N","0",NA
"4752",240,"Buckthorn","S","1",NA
"4753",240,"Multiflora rose","S","4",NA
"4754",240,"Honeysuckle","S","0",NA
"4755",240,"Privot","S","0",NA
"4756",240,"Spicebush","S","0",NA
"4757",240,"Rubus","S","1",NA
"4758",240,"Mapleleaf Viburnum","S","0",NA
"4759",247,"Buckthorn","N","0",NA
"4760",247,"Multiflora rose","N","5",NA
"4761",247,"Honeysuckle","N","1",NA
"4762",247,"Privot","N","1",NA
"4763",247,"Spicebush","N","0",NA
"4764",247,"Rubus","N","1",NA
"4765",247,"Mapleleaf Viburnum","N","0",NA
"4766",247,"Buckthorn","S","1",NA
"4767",247,"Multiflora rose","S","5",NA
"4768",247,"Honeysuckle","S","0",NA
"4769",247,"Privot","S","1",NA
"4770",247,"Spicebush","S","0",NA
"4771",247,"Rubus","S","1",NA
"4772",247,"Mapleleaf Viburnum","S","0",NA
"4773",91,"Buckthorn","N","1",NA
"4774",91,"Multiflora rose","N","0",NA
"4775",91,"Honeysuckle","N","0",NA
"4776",91,"Privot","N","0",NA
"4777",91,"Spicebush","N","0",NA
"4778",91,"Rubus","N","0",NA
"4779",91,"Mapleleaf Viburnum","N","0",NA
"4780",91,"Buckthorn","S","1",NA
"4781",91,"Multiflora rose","S","1",NA
"4782",91,"Honeysuckle","S","0",NA
"4783",91,"Privot","S","0",NA
"4784",91,"Spicebush","S","0",NA
"4785",91,"Rubus","S","0",NA
"4786",91,"Mapleleaf Viburnum","S","0",NA
"4787",234,"Buckthorn","N","1",NA
"4788",234,"Multiflora rose","N","5",NA
"4789",234,"Honeysuckle","N","0",NA
"4790",234,"Privot","N","0",NA
"4791",234,"Spicebush","N","0",NA
"4792",234,"Rubus","N","1",NA
"4793",234,"Mapleleaf Viburnum","N","0",NA
"4794",234,"Buckthorn","S","1",NA
"4795",234,"Multiflora rose","S","3",NA
"4796",234,"Honeysuckle","S","0",NA
"4797",234,"Privot","S","0",NA
"4798",234,"Spicebush","S","0",NA
"4799",234,"Rubus","S","1",NA
"4800",234,"Mapleleaf Viburnum","S","0",NA
"4801",109,"Buckthorn","N","1",NA
"4802",109,"Multiflora rose","N","3",NA
"4803",109,"Honeysuckle","N","0",NA
"4804",109,"Privot","N","2",NA
"4805",109,"Spicebush","N","0",NA
"4806",109,"Rubus","N","1",NA
"4807",109,"Mapleleaf Viburnum","N","0",NA
"4808",109,"Buckthorn","S","1",NA
"4809",109,"Multiflora rose","S","4",NA
"4810",109,"Honeysuckle","S","0",NA
"4811",109,"Privot","S","1",NA
"4812",109,"Spicebush","S","0",NA
"4813",109,"Rubus","S","1",NA
"4814",109,"Mapleleaf Viburnum","S","0",NA
"4815",90,"Buckthorn","N","0",NA
"4816",90,"Multiflora rose","N","1",NA
"4817",90,"Honeysuckle","N","0",NA
"4818",90,"Privot","N","0",NA
"4819",90,"Spicebush","N","0",NA
"4820",90,"Rubus","N","0",NA
"4821",90,"Mapleleaf Viburnum","N","0",NA
"4822",90,"Buckthorn","S","0",NA
"4823",90,"Multiflora rose","S","0",NA
"4824",90,"Honeysuckle","S","0",NA
"4825",90,"Privot","S","0",NA
"4826",90,"Spicebush","S","0",NA
"4827",90,"Rubus","S","0",NA
"4828",90,"Mapleleaf Viburnum","S","0",NA
"4829",133,"Buckthorn","N","1",NA
"4830",133,"Multiflora rose","N","4",NA
"4831",133,"Honeysuckle","N","1",NA
"4832",133,"Privot","N","0",NA
"4833",133,"Spicebush","N","0",NA
"4834",133,"Rubus","N","1",NA
"4835",133,"Mapleleaf Viburnum","N","0",NA
"4836",133,"Buckthorn","S","1",NA
"4837",133,"Multiflora rose","S","4",NA
"4838",133,"Honeysuckle","S","0",NA
"4839",133,"Privot","S","0",NA
"4840",133,"Spicebush","S","0",NA
"4841",133,"Rubus","S","1",NA
"4842",133,"Mapleleaf Viburnum","S","0",NA
"4843",117,"Buckthorn","N","1",NA
"4844",117,"Multiflora rose","N","4",NA
"4845",117,"Honeysuckle","N","0",NA
"4846",117,"Privot","N","0",NA
"4847",117,"Spicebush","N","0",NA
"4848",117,"Rubus","N","1",NA
"4849",117,"Mapleleaf Viburnum","N","0",NA
"4850",117,"Buckthorn","S","1",NA
"4851",117,"Multiflora rose","S","3",NA
"4852",117,"Honeysuckle","S","0",NA
"4853",117,"Privot","S","0",NA
"4854",117,"Spicebush","S","0",NA
"4855",117,"Rubus","S","1",NA
"4856",117,"Mapleleaf Viburnum","S","0",NA
"4857",102,"Buckthorn","N","1",NA
"4858",102,"Multiflora rose","N","5",NA
"4859",102,"Honeysuckle","N","0",NA
"4860",102,"Privot","N","0",NA
"4861",102,"Spicebush","N","0",NA
"4862",102,"Rubus","N","1",NA
"4863",102,"Mapleleaf Viburnum","N","0",NA
"4864",102,"Buckthorn","S","0",NA
"4865",102,"Multiflora rose","S","3",NA
"4866",102,"Honeysuckle","S","1",NA
"4867",102,"Privot","S","0",NA
"4868",102,"Spicebush","S","0",NA
"4869",102,"Rubus","S","0",NA
"4870",102,"Mapleleaf Viburnum","S","0",NA
"4871",143,"Buckthorn","N","1",NA
"4872",143,"Multiflora rose","N","3",NA
"4873",143,"Honeysuckle","N","1",NA
"4874",143,"Privot","N","0",NA
"4875",143,"Spicebush","N","0",NA
"4876",143,"Rubus","N","1",NA
"4877",143,"Mapleleaf Viburnum","N","0",NA
"4878",143,"Buckthorn","S","1",NA
"4879",143,"Multiflora rose","S","4",NA
"4880",143,"Honeysuckle","S","0",NA
"4881",143,"Privot","S","0",NA
"4882",143,"Spicebush","S","0",NA
"4883",143,"Rubus","S","1",NA
"4884",143,"Mapleleaf Viburnum","S","0",NA
"4885",246,"Buckthorn","N","1",NA
"4886",246,"Multiflora rose","N","5",NA
"4887",246,"Honeysuckle","N","0",NA
"4888",246,"Privot","N","0",NA
"4889",246,"Spicebush","N","0",NA
"4890",246,"Rubus","N","1",NA
"4891",246,"Mapleleaf Viburnum","N","0",NA
"4892",246,"Buckthorn","S","1",NA
"4893",246,"Multiflora rose","S","5",NA
"4894",246,"Honeysuckle","S","1",NA
"4895",246,"Privot","S","0",NA
"4896",246,"Spicebush","S","0",NA
"4897",246,"Rubus","S","1",NA
"4898",246,"Mapleleaf Viburnum","S","0",NA
"4899",105,"Buckthorn","N","1",NA
"4900",105,"Multiflora rose","N","4",NA
"4901",105,"Honeysuckle","N","0",NA
"4902",105,"Privot","N","0",NA
"4903",105,"Spicebush","N","0",NA
"4904",105,"Rubus","N","1",NA
"4905",105,"Mapleleaf Viburnum","N","0",NA
"4906",105,"Buckthorn","S","1",NA
"4907",105,"Multiflora rose","S","5",NA
"4908",105,"Honeysuckle","S","0",NA
"4909",105,"Privot","S","0",NA
"4910",105,"Spicebush","S","0",NA
"4911",105,"Rubus","S","1",NA
"4912",105,"Mapleleaf Viburnum","S","0",NA
"4913",108,"Buckthorn","N","0",NA
"4914",108,"Multiflora rose","N","5",NA
"4915",108,"Honeysuckle","N","0",NA
"4916",108,"Privot","N","0",NA
"4917",108,"Spicebush","N","0",NA
"4918",108,"Rubus","N","1",NA
"4919",108,"Mapleleaf Viburnum","N","1",NA
"4920",108,"Buckthorn","S","0",NA
"4921",108,"Multiflora rose","S","6",NA
"4922",108,"Honeysuckle","S","1",NA
"4923",108,"Privot","S","0",NA
"4924",108,"Spicebush","S","0",NA
"4925",108,"Rubus","S","1",NA
"4926",108,"Mapleleaf Viburnum","S","0",NA
"4927",249,"Buckthorn","N","1",NA
"4928",249,"Multiflora rose","N","4",NA
"4929",249,"Honeysuckle","N","1",NA
"4930",249,"Privot","N","0",NA
"4931",249,"Spicebush","N","0",NA
"4932",249,"Rubus","N","1",NA
"4933",249,"Mapleleaf Viburnum","N","0",NA
"4934",249,"Buckthorn","S","1",NA
"4935",249,"Multiflora rose","S","4",NA
"4936",249,"Honeysuckle","S","2",NA
"4937",249,"Privot","S","0",NA
"4938",249,"Spicebush","S","0",NA
"4939",249,"Rubus","S","1",NA
"4940",249,"Mapleleaf Viburnum","S","0",NA
"4941",231,"Buckthorn","N","1",NA
"4942",231,"Multiflora rose","N","4",NA
"4943",231,"Honeysuckle","N","3",NA
"4944",231,"Privot","N","0",NA
"4945",231,"Spicebush","N","0",NA
"4946",231,"Rubus","N","0",NA
"4947",231,"Mapleleaf Viburnum","N","0",NA
"4948",231,"Buckthorn","S","1",NA
"4949",231,"Multiflora rose","S","5",NA
"4950",231,"Honeysuckle","S","2",NA
"4951",231,"Privot","S","0",NA
"4952",231,"Spicebush","S","0",NA
"4953",231,"Rubus","S","0",NA
"4954",231,"Mapleleaf Viburnum","S","0",NA
"4955",107,"Buckthorn","N","1",NA
"4956",107,"Multiflora rose","N","4",NA
"4957",107,"Honeysuckle","N","2",NA
"4958",107,"Privot","N","0",NA
"4959",107,"Spicebush","N","0",NA
"4960",107,"Rubus","N","1",NA
"4961",107,"Mapleleaf Viburnum","N","0",NA
"4962",107,"Buckthorn","S","1",NA
"4963",107,"Multiflora rose","S","3",NA
"4964",107,"Honeysuckle","S","0",NA
"4965",107,"Privot","S","0",NA
"4966",107,"Spicebush","S","0",NA
"4967",107,"Rubus","S","1",NA
"4968",107,"Mapleleaf Viburnum","S","0",NA
"4969",233,"Buckthorn","N","1",NA
"4970",233,"Multiflora rose","N","4",NA
"4971",233,"Honeysuckle","N","1",NA
"4972",233,"Privot","N","0",NA
"4973",233,"Spicebush","N","0",NA
"4974",233,"Rubus","N","1",NA
"4975",233,"Mapleleaf Viburnum","N","0",NA
"4976",233,"Buckthorn","S","1",NA
"4977",233,"Multiflora rose","S","3",NA
"4978",233,"Honeysuckle","S","0",NA
"4979",233,"Privot","S","0",NA
"4980",233,"Spicebush","S","0",NA
"4981",233,"Rubus","S","1",NA
"4982",233,"Mapleleaf Viburnum","S","0",NA
"4983",106,"Buckthorn","N","1",NA
"4984",106,"Multiflora rose","N","5",NA
"4985",106,"Honeysuckle","N","0",NA
"4986",106,"Privot","N","0",NA
"4987",106,"Spicebush","N","0",NA
"4988",106,"Rubus","N","1",NA
"4989",106,"Mapleleaf Viburnum","N","0",NA
"4990",106,"Buckthorn","S","1",NA
"4991",106,"Multiflora rose","S","6",NA
"4992",106,"Honeysuckle","S","0",NA
"4993",106,"Privot","S","0",NA
"4994",106,"Spicebush","S","0",NA
"4995",106,"Rubus","S","1",NA
"4996",106,"Mapleleaf Viburnum","S","0",NA
"4997",165,"Buckthorn","N","1",NA
"4998",165,"Multiflora rose","N","3",NA
"4999",165,"Honeysuckle","N","0",NA
"5000",165,"Privot","N","0",NA
"5001",165,"Spicebush","N","0",NA
"5002",165,"Rubus","N","1",NA
"5003",165,"Mapleleaf Viburnum","N","0",NA
"5004",165,"Buckthorn","S","1",NA
"5005",165,"Multiflora rose","S","4",NA
"5006",165,"Honeysuckle","S","0",NA
"5007",165,"Privot","S","0",NA
"5008",165,"Spicebush","S","0",NA
"5009",165,"Rubus","S","1",NA
"5010",165,"Mapleleaf Viburnum","S","0",NA
"5011",104,"Buckthorn","N","1",NA
"5012",104,"Multiflora rose","N","2",NA
"5013",104,"Honeysuckle","N","0",NA
"5014",104,"Privot","N","0",NA
"5015",104,"Spicebush","N","0",NA
"5016",104,"Rubus","N","1",NA
"5017",104,"Mapleleaf Viburnum","N","0",NA
"5018",104,"Buckthorn","S","1",NA
"5019",104,"Multiflora rose","S","3",NA
"5020",104,"Honeysuckle","S","0",NA
"5021",104,"Privot","S","0",NA
"5022",104,"Spicebush","S","0",NA
"5023",104,"Rubus","S","1",NA
"5024",104,"Mapleleaf Viburnum","S","0",NA
"5025",229,"Buckthorn","N","1",NA
"5026",229,"Multiflora rose","N","3",NA
"5027",229,"Honeysuckle","N","0",NA
"5028",229,"Privot","N","0",NA
"5029",229,"Spicebush","N","0",NA
"5030",229,"Rubus","N","1",NA
"5031",229,"Mapleleaf Viburnum","N","0",NA
"5032",229,"Buckthorn","S","1",NA
"5033",229,"Multiflora rose","S","3",NA
"5034",229,"Honeysuckle","S","0",NA
"5035",229,"Privot","S","0",NA
"5036",229,"Spicebush","S","0",NA
"5037",229,"Rubus","S","1",NA
"5038",229,"Mapleleaf Viburnum","S","0",NA
"5039",103,"Buckthorn","N","1",NA
"5040",103,"Multiflora rose","N","4",NA
"5041",103,"Honeysuckle","N","0",NA
"5042",103,"Privot","N","0",NA
"5043",103,"Spicebush","N","0",NA
"5044",103,"Rubus","N","1",NA
"5045",103,"Mapleleaf Viburnum","N","0",NA
"5046",103,"Buckthorn","S","1",NA
"5047",103,"Multiflora rose","S","3",NA
"5048",103,"Honeysuckle","S","0",NA
"5049",103,"Privot","S","0",NA
"5050",103,"Spicebush","S","0",NA
"5051",103,"Rubus","S","1",NA
"5052",103,"Mapleleaf Viburnum","S","0",NA
"5053",112,"Buckthorn","N","1",NA
"5054",112,"Multiflora rose","N","4",NA
"5055",112,"Honeysuckle","N","0",NA
"5056",112,"Privot","N","0",NA
"5057",112,"Spicebush","N","0",NA
"5058",112,"Rubus","N","1",NA
"5059",112,"Mapleleaf Viburnum","N","0",NA
"5060",112,"Buckthorn","S","1",NA
"5061",112,"Multiflora rose","S","3",NA
"5062",112,"Honeysuckle","S","0",NA
"5063",112,"Privot","S","0",NA
"5064",112,"Spicebush","S","0",NA
"5065",112,"Rubus","S","1",NA
"5066",112,"Mapleleaf Viburnum","S","0",NA
"5067",125,"Buckthorn","N","1",NA
"5068",125,"Multiflora rose","N","4",NA
"5069",125,"Honeysuckle","N","0",NA
"5070",125,"Privot","N","0",NA
"5071",125,"Spicebush","N","0",NA
"5072",125,"Rubus","N","1",NA
"5073",125,"Mapleleaf Viburnum","N","0",NA
"5074",125,"Buckthorn","S","1",NA
"5075",125,"Multiflora rose","S","3",NA
"5076",125,"Honeysuckle","S","0",NA
"5077",125,"Privot","S","0",NA
"5078",125,"Spicebush","S","0",NA
"5079",125,"Rubus","S","1",NA
"5080",125,"Mapleleaf Viburnum","S","0",NA
"5081",115,"Buckthorn","N","1",NA
"5082",115,"Multiflora rose","N","0",NA
"5083",115,"Honeysuckle","N","0",NA
"5084",115,"Privot","N","0",NA
"5085",115,"Spicebush","N","0",NA
"5086",115,"Rubus","N","0",NA
"5087",115,"Mapleleaf Viburnum","N","1",NA
"5088",115,"Buckthorn","S","1",NA
"5089",115,"Multiflora rose","S","0",NA
"5090",115,"Honeysuckle","S","0",NA
"5091",115,"Privot","S","0",NA
"5092",115,"Spicebush","S","0",NA
"5093",115,"Rubus","S","0",NA
"5094",115,"Mapleleaf Viburnum","S","1",NA
"5095",120,"Buckthorn","N","1",NA
"5096",120,"Multiflora rose","N","2",NA
"5097",120,"Honeysuckle","N","0",NA
"5098",120,"Privot","N","0",NA
"5099",120,"Spicebush","N","0",NA
"5100",120,"Rubus","N","1",NA
"5101",120,"Mapleleaf Viburnum","N","0",NA
"5102",120,"Buckthorn","S","1",NA
"5103",120,"Multiflora rose","S","4",NA
"5104",120,"Honeysuckle","S","1",NA
"5105",120,"Privot","S","0",NA
"5106",120,"Spicebush","S","0",NA
"5107",120,"Rubus","S","1",NA
"5108",120,"Mapleleaf Viburnum","S","0",NA
"5109",114,"Buckthorn","N","1",NA
"5110",114,"Multiflora rose","N","2",NA
"5111",114,"Honeysuckle","N","0",NA
"5112",114,"Privot","N","0",NA
"5113",114,"Spicebush","N","0",NA
"5114",114,"Rubus","N","1",NA
"5115",114,"Mapleleaf Viburnum","N","1",NA
"5116",114,"Buckthorn","S","1",NA
"5117",114,"Multiflora rose","S","2",NA
"5118",114,"Honeysuckle","S","0",NA
"5119",114,"Privot","S","0",NA
"5120",114,"Spicebush","S","0",NA
"5121",114,"Rubus","S","1",NA
"5122",114,"Mapleleaf Viburnum","S","0",NA
"5123",236,"Buckthorn","N","1",NA
"5124",236,"Multiflora rose","N","5",NA
"5125",236,"Honeysuckle","N","0",NA
"5126",236,"Privot","N","1",NA
"5127",236,"Spicebush","N","0",NA
"5128",236,"Rubus","N","1",NA
"5129",236,"Mapleleaf Viburnum","N","0",NA
"5130",236,"Buckthorn","S","1",NA
"5131",236,"Multiflora rose","S","3",NA
"5132",236,"Honeysuckle","S","0",NA
"5133",236,"Privot","S","1",NA
"5134",236,"Spicebush","S","0",NA
"5135",236,"Rubus","S","1",NA
"5136",236,"Mapleleaf Viburnum","S","0",NA
"5137",119,"Buckthorn","N","1",NA
"5138",119,"Multiflora rose","N","2",NA
"5139",119,"Honeysuckle","N","1",NA
"5140",119,"Privot","N","0",NA
"5141",119,"Spicebush","N","0",NA
"5142",119,"Rubus","N","1",NA
"5143",119,"Mapleleaf Viburnum","N","0",NA
"5144",119,"Buckthorn","S","1",NA
"5145",119,"Multiflora rose","S","2",NA
"5146",119,"Honeysuckle","S","1",NA
"5147",119,"Privot","S","0",NA
"5148",119,"Spicebush","S","0",NA
"5149",119,"Rubus","S","1",NA
"5150",119,"Mapleleaf Viburnum","S","0",NA
"5151",118,"Buckthorn","N","0",NA
"5152",118,"Multiflora rose","N","3",NA
"5153",118,"Honeysuckle","N","0",NA
"5154",118,"Privot","N","0",NA
"5155",118,"Spicebush","N","0",NA
"5156",118,"Rubus","N","1",NA
"5157",118,"Mapleleaf Viburnum","N","0",NA
"5158",118,"Buckthorn","S","0",NA
"5159",118,"Multiflora rose","S","1",NA
"5160",118,"Honeysuckle","S","0",NA
"5161",118,"Privot","S","0",NA
"5162",118,"Spicebush","S","0",NA
"5163",118,"Rubus","S","1",NA
"5164",118,"Mapleleaf Viburnum","S","0",NA
"5165",232,"Buckthorn","N","1",NA
"5166",232,"Multiflora rose","N","1",NA
"5167",232,"Honeysuckle","N","0",NA
"5168",232,"Privot","N","0",NA
"5169",232,"Spicebush","N","0",NA
"5170",232,"Rubus","N","1",NA
"5171",232,"Mapleleaf Viburnum","N","0",NA
"5172",232,"Buckthorn","S","1",NA
"5173",232,"Multiflora rose","S","1",NA
"5174",232,"Honeysuckle","S","0",NA
"5175",232,"Privot","S","1",NA
"5176",232,"Spicebush","S","0",NA
"5177",232,"Rubus","S","1",NA
"5178",232,"Mapleleaf Viburnum","S","0",NA
"5179",405,"Buckthorn","N","0",NA
"5180",405,"Multiflora rose","N","0",NA
"5181",405,"Honeysuckle","N","0",NA
"5182",405,"Privot","N","0",NA
"5183",405,"Spicebush","N","0",NA
"5184",405,"Rubus","N","0",NA
"5185",405,"Mapleleaf Viburnum","N","0",NA
"5186",405,"Buckthorn","S","0",NA
"5187",405,"Multiflora rose","S","0",NA
"5188",405,"Honeysuckle","S","0",NA
"5189",405,"Privot","S","0",NA
"5190",405,"Spicebush","S","0",NA
"5191",405,"Rubus","S","0",NA
"5192",405,"Mapleleaf Viburnum","S","0",NA
"5193",406,"Buckthorn","N","0",NA
"5194",406,"Multiflora rose","N","0",NA
"5195",406,"Honeysuckle","N","0",NA
"5196",406,"Privot","N","0",NA
"5197",406,"Spicebush","N","0",NA
"5198",406,"Rubus","N","0",NA
"5199",406,"Mapleleaf Viburnum","N","0",NA
"5200",406,"Buckthorn","S","0",NA
"5201",406,"Multiflora rose","S","0",NA
"5202",406,"Honeysuckle","S","0",NA
"5203",406,"Privot","S","0",NA
"5204",406,"Spicebush","S","0",NA
"5205",406,"Rubus","S","0",NA
"5206",406,"Mapleleaf Viburnum","S","0",NA
"5207",228,"Buckthorn","N","1",NA
"5208",228,"Multiflora rose","N","3",NA
"5209",228,"Honeysuckle","N","0",NA
"5210",228,"Privot","N","0",NA
"5211",228,"Spicebush","N","0",NA
"5212",228,"Rubus","N","0",NA
"5213",228,"Mapleleaf Viburnum","N","0",NA
"5214",228,"Buckthorn","S","1",NA
"5215",228,"Multiflora rose","S","1",NA
"5216",228,"Honeysuckle","S","0",NA
"5217",228,"Privot","S","0",NA
"5218",228,"Spicebush","S","0",NA
"5219",228,"Rubus","S","1",NA
"5220",228,"Mapleleaf Viburnum","S","1",NA
"5221",81,"Buckthorn","N","1",NA
"5222",81,"Multiflora rose","N","0",NA
"5223",81,"Honeysuckle","N","0",NA
"5224",81,"Privot","N","0",NA
"5225",81,"Spicebush","N","0",NA
"5226",81,"Rubus","N","0",NA
"5227",81,"Mapleleaf Viburnum","N","1",NA
"5228",81,"Buckthorn","S","0",NA
"5229",81,"Multiflora rose","S","0",NA
"5230",81,"Honeysuckle","S","0",NA
"5231",81,"Privot","S","0",NA
"5232",81,"Spicebush","S","0",NA
"5233",81,"Rubus","S","0",NA
"5234",81,"Mapleleaf Viburnum","S","1",NA
"5235",98,"Buckthorn","N","1",NA
"5236",98,"Multiflora rose","N","1",NA
"5237",98,"Honeysuckle","N","0",NA
"5238",98,"Privot","N","0",NA
"5239",98,"Spicebush","N","0",NA
"5240",98,"Rubus","N","1",NA
"5241",98,"Mapleleaf Viburnum","N","0",NA
"5242",98,"Buckthorn","S","1",NA
"5243",98,"Multiflora rose","S","1",NA
"5244",98,"Honeysuckle","S","0",NA
"5245",98,"Privot","S","0",NA
"5246",98,"Spicebush","S","0",NA
"5247",98,"Rubus","S","1",NA
"5248",98,"Mapleleaf Viburnum","S","0",NA
"5249",97,"Multiflora rose","N","2",NA
"5250",122,"Buckthorn","N","0",NA
"5251",122,"Multiflora rose","N","2",NA
"5252",122,"Honeysuckle","N","1",NA
"5253",122,"Privot","N","0",NA
"5254",122,"Spicebush","N","0",NA
"5255",122,"Rubus","N","1",NA
"5256",122,"Mapleleaf Viburnum","N","0",NA
"5257",122,"Buckthorn","S","0",NA
"5258",122,"Multiflora rose","S","0",NA
"5259",122,"Honeysuckle","S","0",NA
"5260",122,"Privot","S","1",NA
"5261",122,"Spicebush","S","0",NA
"5262",122,"Rubus","S","1",NA
"5263",122,"Mapleleaf Viburnum","S","0",NA
"5264",99,"Buckthorn","N","1",NA
"5265",99,"Multiflora rose","N","3",NA
"5266",99,"Honeysuckle","N","0",NA
"5267",99,"Privot","N","0",NA
"5268",99,"Spicebush","N","0",NA
"5269",99,"Rubus","N","1",NA
"5270",99,"Mapleleaf Viburnum","N","0",NA
"5271",99,"Buckthorn","S","1",NA
"5272",99,"Multiflora rose","S","2",NA
"5273",99,"Honeysuckle","S","0",NA
"5274",99,"Privot","S","0",NA
"5275",99,"Spicebush","S","0",NA
"5276",99,"Rubus","S","0",NA
"5277",99,"Mapleleaf Viburnum","S","0",NA
"5278",76,"Buckthorn","N","1",NA
"5279",76,"Multiflora rose","N","3",NA
"5280",76,"Honeysuckle","N","0",NA
"5281",76,"Privot","N","0",NA
"5282",76,"Spicebush","N","0",NA
"5283",76,"Rubus","N","1",NA
"5284",76,"Mapleleaf Viburnum","N","0",NA
"5285",76,"Buckthorn","S","1",NA
"5286",76,"Multiflora rose","S","4",NA
"5287",76,"Honeysuckle","S","0",NA
"5288",76,"Privot","S","0",NA
"5289",76,"Spicebush","S","0",NA
"5290",76,"Rubus","S","0",NA
"5291",76,"Mapleleaf Viburnum","S","0",NA
"5292",230,"Buckthorn","N","1",NA
"5293",230,"Multiflora rose","N","5",NA
"5294",230,"Honeysuckle","N","0",NA
"5295",230,"Privot","N","0",NA
"5296",230,"Spicebush","N","0",NA
"5297",230,"Rubus","N","1",NA
"5298",230,"Mapleleaf Viburnum","N","0",NA
"5299",230,"Buckthorn","S","0",NA
"5300",230,"Multiflora rose","S","3",NA
"5301",230,"Honeysuckle","S","0",NA
"5302",230,"Privot","S","0",NA
"5303",230,"Spicebush","S","0",NA
"5304",230,"Rubus","S","0",NA
"5305",230,"Mapleleaf Viburnum","S","0",NA
"5306",113,"Buckthorn","N","0",NA
"5307",113,"Multiflora rose","N","3",NA
"5308",113,"Honeysuckle","N","1",NA
"5309",113,"Privot","N","0",NA
"5310",113,"Spicebush","N","0",NA
"5311",113,"Rubus","N","1",NA
"5312",113,"Mapleleaf Viburnum","N","0",NA
"5313",113,"Buckthorn","S","1",NA
"5314",113,"Multiflora rose","S","2",NA
"5315",113,"Honeysuckle","S","0",NA
"5316",113,"Privot","S","0",NA
"5317",113,"Spicebush","S","0",NA
"5318",113,"Rubus","S","1",NA
"5319",113,"Mapleleaf Viburnum","S","0",NA
"5320",116,"Buckthorn","N","1",NA
"5321",116,"Multiflora rose","N","5",NA
"5322",116,"Honeysuckle","N","0",NA
"5323",116,"Privot","N","0",NA
"5324",116,"Spicebush","N","0",NA
"5325",116,"Rubus","N","1",NA
"5326",116,"Mapleleaf Viburnum","N","0",NA
"5327",116,"Buckthorn","S","1",NA
"5328",116,"Multiflora rose","S","2",NA
"5329",116,"Honeysuckle","S","0",NA
"5330",116,"Privot","S","0",NA
"5331",116,"Spicebush","S","0",NA
"5332",116,"Rubus","S","1",NA
"5333",116,"Mapleleaf Viburnum","S","0",NA
"5334",73,"Buckthorn","N","1",NA
"5335",73,"Multiflora rose","N","2",NA
"5336",73,"Honeysuckle","N","0",NA
"5337",73,"Privot","N","0",NA
"5338",73,"Spicebush","N","0",NA
"5339",73,"Rubus","N","0",NA
"5340",73,"Mapleleaf Viburnum","N","0",NA
"5341",73,"Buckthorn","S","1",NA
"5342",73,"Multiflora rose","S","2",NA
"5343",73,"Honeysuckle","S","0",NA
"5344",73,"Privot","S","0",NA
"5345",73,"Spicebush","S","0",NA
"5346",73,"Rubus","S","0",NA
"5347",73,"Mapleleaf Viburnum","S","0",NA
"5348",79,"Buckthorn","N","1",NA
"5349",79,"Multiflora rose","N","3",NA
"5350",79,"Honeysuckle","N","0",NA
"5351",79,"Privot","N","0",NA
"5352",79,"Spicebush","N","0",NA
"5353",79,"Rubus","N","0",NA
"5354",79,"Mapleleaf Viburnum","N","0",NA
"5355",79,"Buckthorn","S","1",NA
"5356",79,"Multiflora rose","S","2",NA
"5357",79,"Honeysuckle","S","0",NA
"5358",79,"Privot","S","0",NA
"5359",79,"Spicebush","S","0",NA
"5360",79,"Rubus","S","0",NA
"5361",79,"Mapleleaf Viburnum","S","0",NA
"5362",301,"Buckthorn","N","0",NA
"5363",301,"Multiflora rose","N","1",NA
"5364",301,"Honeysuckle","N","0",NA
"5365",301,"Privot","N","0",NA
"5366",301,"Spicebush","N","0",NA
"5367",301,"Rubus","N","1",NA
"5368",301,"Mapleleaf Viburnum","N","1",NA
"5369",301,"Buckthorn","S","1",NA
"5370",301,"Multiflora rose","S","1",NA
"5371",301,"Honeysuckle","S","0",NA
"5372",301,"Privot","S","0",NA
"5373",301,"Spicebush","S","0",NA
"5374",301,"Rubus","S","1",NA
"5375",301,"Mapleleaf Viburnum","S","0",NA
"5376",362,"Buckthorn","N","1",NA
"5377",362,"Multiflora rose","N","0",NA
"5378",362,"Honeysuckle","N","0",NA
"5379",362,"Privot","N","0",NA
"5380",362,"Spicebush","N","0",NA
"5381",362,"Rubus","N","0",NA
"5382",362,"Mapleleaf Viburnum","N","0",NA
"5383",362,"Buckthorn","S","1",NA
"5384",362,"Multiflora rose","S","0",NA
"5385",362,"Honeysuckle","S","1",NA
"5386",362,"Privot","S","0",NA
"5387",362,"Spicebush","S","0",NA
"5388",362,"Rubus","S","0",NA
"5389",362,"Mapleleaf Viburnum","S","0",NA
"5390",359,"Buckthorn","N","0",NA
"5391",359,"Multiflora rose","N","0",NA
"5392",359,"Honeysuckle","N","0",NA
"5393",359,"Privot","N","0",NA
"5394",359,"Spicebush","N","0",NA
"5395",359,"Rubus","N","0",NA
"5396",359,"Mapleleaf Viburnum","N","0",NA
"5397",359,"Buckthorn","S","1",NA
"5398",359,"Multiflora rose","S","0",NA
"5399",359,"Honeysuckle","S","0",NA
"5400",359,"Privot","S","0",NA
"5401",359,"Spicebush","S","0",NA
"5402",359,"Rubus","S","0",NA
"5403",359,"Mapleleaf Viburnum","S","1",NA
"5404",375,"Buckthorn","N","1",NA
"5405",375,"Multiflora rose","N","1",NA
"5406",375,"Honeysuckle","N","0",NA
"5407",375,"Privot","N","0",NA
"5408",375,"Spicebush","N","0",NA
"5409",375,"Rubus","N","0",NA
"5410",375,"Mapleleaf Viburnum","N","0",NA
"5411",375,"Buckthorn","S","0",NA
"5412",375,"Multiflora rose","S","0",NA
"5413",375,"Honeysuckle","S","0",NA
"5414",375,"Privot","S","0",NA
"5415",375,"Spicebush","S","0",NA
"5416",375,"Rubus","S","0",NA
"5417",375,"Mapleleaf Viburnum","S","0",NA
"5418",373,"Buckthorn","N","0",NA
"5419",373,"Multiflora rose","N","1",NA
"5420",373,"Honeysuckle","N","0",NA
"5421",373,"Privot","N","0",NA
"5422",373,"Spicebush","N","0",NA
"5423",373,"Rubus","N","0",NA
"5424",373,"Mapleleaf Viburnum","N","0",NA
"5425",373,"Buckthorn","S","1",NA
"5426",373,"Multiflora rose","S","1",NA
"5427",373,"Honeysuckle","S","0",NA
"5428",373,"Privot","S","0",NA
"5429",373,"Spicebush","S","0",NA
"5430",373,"Rubus","S","0",NA
"5431",373,"Mapleleaf Viburnum","S","0",NA
"5432",258,"Buckthorn","N","0",NA
"5433",258,"Multiflora rose","N","0",NA
"5434",258,"Honeysuckle","N","1",NA
"5435",258,"Privot","N","0",NA
"5436",258,"Spicebush","N","0",NA
"5437",258,"Rubus","N","0",NA
"5438",258,"Mapleleaf Viburnum","N","0",NA
"5439",258,"Buckthorn","S","0",NA
"5440",258,"Multiflora rose","S","0",NA
"5441",258,"Honeysuckle","S","0",NA
"5442",258,"Privot","S","0",NA
"5443",258,"Spicebush","S","0",NA
"5444",258,"Rubus","S","0",NA
"5445",258,"Mapleleaf Viburnum","S","0",NA
"5446",398,"Buckthorn","N","0",NA
"5447",398,"Multiflora rose","N","0",NA
"5448",398,"Honeysuckle","N","0",NA
"5449",398,"Privot","N","0",NA
"5450",398,"Spicebush","N","0",NA
"5451",398,"Rubus","N","0",NA
"5452",398,"Mapleleaf Viburnum","N","0",NA
"5453",398,"Buckthorn","S","0",NA
"5454",398,"Multiflora rose","S","0",NA
"5455",398,"Honeysuckle","S","0",NA
"5456",398,"Privot","S","0",NA
"5457",398,"Spicebush","S","0",NA
"5458",398,"Rubus","S","0",NA
"5459",398,"Mapleleaf Viburnum","S","0",NA
"5460",355,"Buckthorn","N","0",NA
"5461",355,"Multiflora rose","N","0",NA
"5462",355,"Honeysuckle","N","0",NA
"5463",355,"Privot","N","0",NA
"5464",355,"Spicebush","N","0",NA
"5465",355,"Rubus","N","0",NA
"5466",355,"Mapleleaf Viburnum","N","0",NA
"5467",355,"Buckthorn","S","0",NA
"5468",355,"Multiflora rose","S","1",NA
"5469",355,"Honeysuckle","S","0",NA
"5470",355,"Privot","S","0",NA
"5471",355,"Spicebush","S","0",NA
"5472",355,"Rubus","S","0",NA
"5473",355,"Mapleleaf Viburnum","S","0",NA
"5474",357,"Buckthorn","N","0",NA
"5475",357,"Multiflora rose","N","1",NA
"5476",357,"Honeysuckle","N","0",NA
"5477",357,"Privot","N","0",NA
"5478",357,"Spicebush","N","0",NA
"5479",357,"Rubus","N","0",NA
"5480",357,"Mapleleaf Viburnum","N","0",NA
"5481",357,"Buckthorn","S","0",NA
"5482",357,"Multiflora rose","S","0",NA
"5483",357,"Honeysuckle","S","0",NA
"5484",357,"Privot","S","0",NA
"5485",357,"Spicebush","S","0",NA
"5486",357,"Rubus","S","0",NA
"5487",357,"Mapleleaf Viburnum","S","1",NA
"5488",189,"Buckthorn","N","0",NA
"5489",189,"Multiflora rose","N","0",NA
"5490",189,"Honeysuckle","N","1",NA
"5491",189,"Privot","N","0",NA
"5492",189,"Spicebush","N","1",NA
"5493",189,"Rubus","N","0",NA
"5494",189,"Mapleleaf Viburnum","N","0",NA
"5495",189,"Buckthorn","S","0",NA
"5496",189,"Multiflora rose","S","0",NA
"5497",189,"Honeysuckle","S","0",NA
"5498",189,"Privot","S","0",NA
"5499",189,"Spicebush","S","0",NA
"5500",189,"Rubus","S","0",NA
"5501",189,"Mapleleaf Viburnum","S","0",NA
"5502",199,"Buckthorn","N","0",NA
"5503",199,"Multiflora rose","N","0",NA
"5504",199,"Honeysuckle","N","0",NA
"5505",199,"Privot","N","0",NA
"5506",199,"Spicebush","N","0",NA
"5507",199,"Rubus","N","0",NA
"5508",199,"Mapleleaf Viburnum","N","0",NA
"5509",199,"Buckthorn","S","0",NA
"5510",199,"Multiflora rose","S","0",NA
"5511",199,"Honeysuckle","S","0",NA
"5512",199,"Privot","S","0",NA
"5513",199,"Spicebush","S","0",NA
"5514",199,"Rubus","S","0",NA
"5515",199,"Mapleleaf Viburnum","S","0",NA
"5516",356,"Buckthorn","N","1",NA
"5517",356,"Multiflora rose","N","0",NA
"5518",356,"Honeysuckle","N","0",NA
"5519",356,"Privot","N","0",NA
"5520",356,"Spicebush","N","0",NA
"5521",356,"Rubus","N","0",NA
"5522",356,"Mapleleaf Viburnum","N","0",NA
"5523",356,"Buckthorn","S","0",NA
"5524",356,"Multiflora rose","S","0",NA
"5525",356,"Honeysuckle","S","0",NA
"5526",356,"Privot","S","0",NA
"5527",356,"Spicebush","S","0",NA
"5528",356,"Rubus","S","0",NA
"5529",356,"Mapleleaf Viburnum","S","0",NA
"5530",288,"Buckthorn","N","0",NA
"5531",288,"Multiflora rose","N","0",NA
"5532",288,"Honeysuckle","N","0",NA
"5533",288,"Privot","N","0",NA
"5534",288,"Spicebush","N","0",NA
"5535",288,"Rubus","N","0",NA
"5536",288,"Mapleleaf Viburnum","N","0",NA
"5537",288,"Buckthorn","S","1",NA
"5538",288,"Multiflora rose","S","0",NA
"5539",288,"Honeysuckle","S","0",NA
"5540",288,"Privot","S","0",NA
"5541",288,"Spicebush","S","0",NA
"5542",288,"Rubus","S","0",NA
"5543",288,"Mapleleaf Viburnum","S","0",NA
"5544",254,"Buckthorn","N","0",NA
"5545",254,"Multiflora rose","N","0",NA
"5546",254,"Honeysuckle","N","0",NA
"5547",254,"Privot","N","0",NA
"5548",254,"Spicebush","N","0",NA
"5549",254,"Rubus","N","0",NA
"5550",254,"Mapleleaf Viburnum","N","0",NA
"5551",254,"Buckthorn","S","1",NA
"5552",254,"Multiflora rose","S","1",NA
"5553",254,"Honeysuckle","S","0",NA
"5554",254,"Privot","S","0",NA
"5555",254,"Spicebush","S","0",NA
"5556",254,"Rubus","S","0",NA
"5557",254,"Mapleleaf Viburnum","S","0",NA
"5558",255,"Buckthorn","N","0",NA
"5559",255,"Multiflora rose","N","0",NA
"5560",255,"Honeysuckle","N","0",NA
"5561",255,"Privot","N","0",NA
"5562",255,"Spicebush","N","0",NA
"5563",255,"Rubus","N","0",NA
"5564",255,"Mapleleaf Viburnum","N","0",NA
"5565",255,"Buckthorn","S","1",NA
"5566",255,"Multiflora rose","S","0",NA
"5567",255,"Honeysuckle","S","0",NA
"5568",255,"Privot","S","0",NA
"5569",255,"Spicebush","S","0",NA
"5570",255,"Rubus","S","1",NA
"5571",255,"Mapleleaf Viburnum","S","0",NA
"5572",408,"Buckthorn","N","0",NA
"5573",408,"Multiflora rose","N","0",NA
"5574",408,"Honeysuckle","N","0",NA
"5575",408,"Privot","N","0",NA
"5576",408,"Spicebush","N","0",NA
"5577",408,"Rubus","N","0",NA
"5578",408,"Mapleleaf Viburnum","N","0",NA
"5579",408,"Buckthorn","S","0",NA
"5580",408,"Multiflora rose","S","1",NA
"5581",408,"Honeysuckle","S","0",NA
"5582",408,"Privot","S","0",NA
"5583",408,"Spicebush","S","0",NA
"5584",408,"Rubus","S","0",NA
"5585",408,"Mapleleaf Viburnum","S","1",NA
"5586",260,"Buckthorn","N","1",NA
"5587",260,"Multiflora rose","N","0",NA
"5588",260,"Honeysuckle","N","0",NA
"5589",260,"Privot","N","0",NA
"5590",260,"Spicebush","N","0",NA
"5591",260,"Rubus","N","0",NA
"5592",260,"Mapleleaf Viburnum","N","0",NA
"5593",260,"Buckthorn","S","0",NA
"5594",260,"Multiflora rose","S","1",NA
"5595",260,"Honeysuckle","S","0",NA
"5596",260,"Privot","S","0",NA
"5597",260,"Spicebush","S","0",NA
"5598",260,"Rubus","S","0",NA
"5599",260,"Mapleleaf Viburnum","S","0",NA
"5600",412,"Buckthorn","N","0",NA
"5601",412,"Multiflora rose","N","0",NA
"5602",412,"Honeysuckle","N","0",NA
"5603",412,"Privot","N","0",NA
"5604",412,"Spicebush","N","0",NA
"5605",412,"Rubus","N","0",NA
"5606",412,"Mapleleaf Viburnum","N","0",NA
"5607",412,"Buckthorn","S","0",NA
"5608",412,"Multiflora rose","S","0",NA
"5609",412,"Honeysuckle","S","0",NA
"5610",412,"Privot","S","0",NA
"5611",412,"Spicebush","S","0",NA
"5612",412,"Rubus","S","0",NA
"5613",412,"Mapleleaf Viburnum","S","0",NA
"5614",200,"Buckthorn","N",NA,NA
"5615",200,"Multiflora rose","N","0",NA
"5616",200,"Honeysuckle","N","0",NA
"5617",200,"Privot","N","0",NA
"5618",200,"Spicebush","N","0",NA
"5619",200,"Rubus","N","0",NA
"5620",200,"Mapleleaf Viburnum","N","0",NA
"5621",200,"Buckthorn","S","0",NA
"5622",200,"Multiflora rose","S","0",NA
"5623",200,"Honeysuckle","S","0",NA
"5624",200,"Privot","S","0",NA
"5625",200,"Spicebush","S","0",NA
"5626",200,"Rubus","S","0",NA
"5627",200,"Mapleleaf Viburnum","S","0",NA
"5628",410,"Buckthorn","N","0",NA
"5629",410,"Multiflora rose","N","1",NA
"5630",410,"Honeysuckle","N","0",NA
"5631",410,"Privot","N","0",NA
"5632",410,"Spicebush","N","0",NA
"5633",410,"Rubus","N","0",NA
"5634",410,"Mapleleaf Viburnum","N","0",NA
"5635",410,"Buckthorn","S","0",NA
"5636",410,"Multiflora rose","S","0",NA
"5637",410,"Honeysuckle","S","0",NA
"5638",410,"Privot","S","0",NA
"5639",410,"Spicebush","S","0",NA
"5640",410,"Rubus","S","0",NA
"5641",410,"Mapleleaf Viburnum","S","0",NA
"5642",270,"Buckthorn","N","0",NA
"5643",270,"Multiflora rose","N","0",NA
"5644",270,"Honeysuckle","N","0",NA
"5645",270,"Privot","N","0",NA
"5646",270,"Spicebush","N","0",NA
"5647",270,"Rubus","N","0",NA
"5648",270,"Mapleleaf Viburnum","N","0",NA
"5649",270,"Buckthorn","S","0",NA
"5650",270,"Multiflora rose","S","0",NA
"5651",270,"Honeysuckle","S","0",NA
"5652",270,"Privot","S","0",NA
"5653",270,"Spicebush","S","0",NA
"5654",270,"Rubus","S","0",NA
"5655",270,"Mapleleaf Viburnum","S","0",NA
"5656",269,"Buckthorn","N","0",NA
"5657",269,"Multiflora rose","N","0",NA
"5658",269,"Honeysuckle","N","0",NA
"5659",269,"Privot","N","0",NA
"5660",269,"Spicebush","N","0",NA
"5661",269,"Rubus","N","0",NA
"5662",269,"Mapleleaf Viburnum","N","0",NA
"5663",269,"Buckthorn","S","0",NA
"5664",269,"Multiflora rose","S","0",NA
"5665",269,"Honeysuckle","S","0",NA
"5666",269,"Privot","S","0",NA
"5667",269,"Spicebush","S","0",NA
"5668",269,"Rubus","S","0",NA
"5669",269,"Mapleleaf Viburnum","S","0",NA
"5670",264,"Buckthorn","N","0",NA
"5671",264,"Multiflora rose","N","0",NA
"5672",264,"Honeysuckle","N","0",NA
"5673",264,"Privot","N","0",NA
"5674",264,"Spicebush","N","0",NA
"5675",264,"Rubus","N","0",NA
"5676",264,"Mapleleaf Viburnum","N","0",NA
"5677",264,"Buckthorn","S","1",NA
"5678",264,"Multiflora rose","S","0",NA
"5679",264,"Honeysuckle","S","0",NA
"5680",264,"Privot","S","0",NA
"5681",264,"Spicebush","S","0",NA
"5682",264,"Rubus","S","0",NA
"5683",264,"Mapleleaf Viburnum","S","0",NA
"5684",265,"Buckthorn","N","0",NA
"5685",265,"Multiflora rose","N","0",NA
"5686",265,"Honeysuckle","N","0",NA
"5687",265,"Privot","N","0",NA
"5688",265,"Spicebush","N","0",NA
"5689",265,"Rubus","N","0",NA
"5690",265,"Mapleleaf Viburnum","N","0",NA
"5691",265,"Buckthorn","S","0",NA
"5692",265,"Multiflora rose","S","0",NA
"5693",265,"Honeysuckle","S","0",NA
"5694",265,"Privot","S","0",NA
"5695",265,"Spicebush","S","0",NA
"5696",265,"Rubus","S","0",NA
"5697",265,"Mapleleaf Viburnum","S","0",NA
"5698",404,"Buckthorn","N","0",NA
"5699",404,"Multiflora rose","N","1",NA
"5700",404,"Honeysuckle","N","0",NA
"5701",404,"Privot","N","0",NA
"5702",404,"Spicebush","N","0",NA
"5703",404,"Rubus","N","0",NA
"5704",404,"Mapleleaf Viburnum","N","0",NA
"5705",404,"Buckthorn","S","0",NA
"5706",404,"Multiflora rose","S","1",NA
"5707",404,"Honeysuckle","S","0",NA
"5708",404,"Privot","S","0",NA
"5709",404,"Spicebush","S","0",NA
"5710",404,"Rubus","S","0",NA
"5711",404,"Mapleleaf Viburnum","S","0",NA
"5712",263,"Buckthorn","N","1",NA
"5713",263,"Multiflora rose","N","0",NA
"5714",263,"Honeysuckle","N","0",NA
"5715",263,"Privot","N","0",NA
"5716",263,"Spicebush","N","0",NA
"5717",263,"Rubus","N","0",NA
"5718",263,"Mapleleaf Viburnum","N","0",NA
"5719",263,"Buckthorn","S","1",NA
"5720",263,"Multiflora rose","S","0",NA
"5721",263,"Honeysuckle","S","0",NA
"5722",263,"Privot","S","0",NA
"5723",263,"Spicebush","S","0",NA
"5724",263,"Rubus","S","0",NA
"5725",263,"Mapleleaf Viburnum","S","0",NA
"5726",345,"Mapleleaf Viburnum","S","0",""
"5727",345,"Buckthorn","N","0",""
"5728",345,"Multiflora rose","N","1",""
"5729",345,"Honeysuckle","N","0",""
"5730",345,"Privot","N","0",""
"5731",345,"Spicebush","N","0",""
"5732",345,"Rubus","N","0",""
"5733",345,"Mapleleaf Viburnum","N","0",""
"5734",345,"Buckthorn","S","0",""
"5735",345,"Multiflora rose","S","1",""
"5736",345,"Honeysuckle","S","0",""
"5737",345,"Privot","S","0",""
"5738",345,"Spicebush","S","0",""
"5739",345,"Rubus","S","0",""
"5740",325,"Mapleleaf Viburnum","S","0",""
"5741",894,"Buckthorn","N","1",""
"5742",894,"Multiflora rose","N","0",""
"5743",894,"Honeysuckle","N","0",""
"5744",894,"Privot","N","0",""
"5745",894,"Spicebush","N","0",""
"5746",894,"Rubus","N","0",""
"5747",894,"Mapleleaf Viburnum","N","1",""
"5748",894,"Buckthorn","S","2",""
"5749",894,"Multiflora rose","S","0",""
"5750",894,"Honeysuckle","S","0",""
"5751",894,"Privot","S","1",""
"5752",894,"Spicebush","S","0",""
"5753",894,"Rubus","S","0",""
"5754",894,"Mapleleaf Viburnum","S","0",""
"5755",360,"Buckthorn","N","0",""
"5756",360,"Multiflora rose","N","0",""
"5757",360,"Honeysuckle","N","0",""
"5758",360,"Privot","N","0",""
"5759",360,"Spicebush","N","0",""
"5760",360,"Rubus","N","0",""
"5761",360,"Mapleleaf Viburnum","N","1",""
"5762",360,"Buckthorn","S","1",""
"5763",360,"Multiflora rose","S","0",""
"5764",360,"Honeysuckle","S","0",""
"5765",360,"Privot","S","0",""
"5766",360,"Spicebush","S","0",""
"5767",360,"Rubus","S","0",""
"5768",360,"Mapleleaf Viburnum","S","0",""
"5769",219,"Buckthorn","N","0","tag missing"
"5770",219,"Multiflora rose","N","0",""
"5771",219,"Honeysuckle","N","0",""
"5772",219,"Privot","N","0",""
"5773",219,"Spicebush","N","0",""
"5774",219,"Rubus","N","0",""
"5775",219,"Mapleleaf Viburnum","N","0",""
"5776",219,"Buckthorn","S","0",""
"5777",219,"Multiflora rose","S","0",""
"5778",219,"Honeysuckle","S","0",""
"5779",219,"Privot","S","0",""
"5780",219,"Spicebush","S","0",""
"5781",219,"Rubus","S","1",""
"5782",219,"Mapleleaf Viburnum","S","0",""
"5783",123,"Buckthorn","N","1",""
"5784",123,"Multiflora rose","N","0",""
"5785",123,"Honeysuckle","N","0",""
"5786",123,"Privot","N","0",""
"5787",123,"Spicebush","N","0",""
"5788",123,"Rubus","N","0",""
"5789",123,"Mapleleaf Viburnum","N","0",""
"5790",123,"Buckthorn","S","1",""
"5791",123,"Multiflora rose","S","0",""
"5792",123,"Honeysuckle","S","0",""
"5793",123,"Privot","S","1",""
"5794",123,"Spicebush","S","0",""
"5795",123,"Rubus","S","0",""
"5796",123,"Mapleleaf Viburnum","S","0",""
"5797",201,"Buckthorn","N","0",""
"5798",201,"Multiflora rose","N","0",""
"5799",201,"Honeysuckle","N","1",""
"5800",201,"Privot","N","0",""
"5801",201,"Spicebush","N","0",""
"5802",201,"Rubus","N","0",""
"5803",201,"Mapleleaf Viburnum","N","1",""
"5804",201,"Buckthorn","S","1",""
"5805",201,"Multiflora rose","S","1",""
"5806",201,"Honeysuckle","S","0",""
"5807",201,"Privot","S","0",""
"5808",201,"Spicebush","S","0",""
"5809",201,"Rubus","S","0",""
"5810",201,"Mapleleaf Viburnum","S","0",""
"5811",222,"Buckthorn","N","0",""
"5812",222,"Multiflora rose","N","0",""
"5813",222,"Honeysuckle","N","0",""
"5814",222,"Privot","N","0",""
"5815",222,"Spicebush","N","0",""
"5816",222,"Rubus","N","0",""
"5817",222,"Mapleleaf Viburnum","N","0",""
"5818",222,"Buckthorn","S","0",""
"5819",222,"Multiflora rose","S","0",""
"5820",222,"Honeysuckle","S","0",""
"5821",222,"Privot","S","0",""
"5822",222,"Spicebush","S","0",""
"5823",222,"Rubus","S","0",""
"5824",222,"Mapleleaf Viburnum","S","0",""
"5825",216,"Buckthorn","N","0",""
"5826",216,"Multiflora rose","N","0",""
"5827",216,"Honeysuckle","N","0",""
"5828",216,"Privot","N","0",""
"5829",216,"Spicebush","N","0",""
"5830",216,"Rubus","N","0",""
"5831",216,"Mapleleaf Viburnum","N","0",""
"5832",216,"Buckthorn","S","1",""
"5833",216,"Multiflora rose","S","1",""
"5834",216,"Honeysuckle","S","0",""
"5835",216,"Privot","S","0",""
"5836",216,"Spicebush","S","0",""
"5837",216,"Rubus","S","1",""
"5838",216,"Mapleleaf Viburnum","S","0",""
"5839",215,"Buckthorn","N","0",""
"5840",215,"Multiflora rose","N","1",""
"5841",215,"Honeysuckle","N","0",""
"5842",215,"Privot","N","0",""
"5843",215,"Spicebush","N","0",""
"5844",215,"Rubus","N","1",""
"5845",215,"Mapleleaf Viburnum","N","0",""
"5846",215,"Buckthorn","S","0",""
"5847",215,"Multiflora rose","S","1",""
"5848",215,"Honeysuckle","S","0",""
"5849",215,"Privot","S","0",""
"5850",215,"Spicebush","S","0",""
"5851",215,"Rubus","S","0",""
"5852",215,"Mapleleaf Viburnum","S","0",""
"5853",217,"Buckthorn","N","0",""
"5854",217,"Multiflora rose","N","1",""
"5855",217,"Honeysuckle","N","0",""
"5856",217,"Privot","N","0",""
"5857",217,"Spicebush","N","0",""
"5858",217,"Rubus","N","0",""
"5859",217,"Mapleleaf Viburnum","N","0",""
"5860",217,"Buckthorn","S","1",""
"5861",217,"Multiflora rose","S","1",""
"5862",217,"Honeysuckle","S","0",""
"5863",217,"Privot","S","0",""
"5864",217,"Spicebush","S","0",""
"5865",217,"Rubus","S","0",""
"5866",217,"Mapleleaf Viburnum","S","0",""
"5867",212,"Buckthorn","N","0",""
"5868",212,"Multiflora rose","N","1",""
"5869",212,"Honeysuckle","N","0",""
"5870",212,"Privot","N","0",""
"5871",212,"Spicebush","N","0",""
"5872",212,"Rubus","N","0",""
"5873",212,"Mapleleaf Viburnum","N","0",""
"5874",212,"Buckthorn","S","1",""
"5875",212,"Multiflora rose","S","1",""
"5876",212,"Honeysuckle","S","0",""
"5877",212,"Privot","S","0",""
"5878",212,"Spicebush","S","0",""
"5879",212,"Rubus","S","0",""
"5880",212,"Mapleleaf Viburnum","S","0",""
"5881",140,"Buckthorn","N","0",""
"5882",140,"Multiflora rose","N","0",""
"5883",140,"Honeysuckle","N","0",""
"5884",140,"Privot","N","0",""
"5885",140,"Spicebush","N","0",""
"5886",140,"Rubus","N","0",""
"5887",140,"Mapleleaf Viburnum","N","0",""
"5888",140,"Buckthorn","S","0",""
"5889",140,"Multiflora rose","S","0",""
"5890",140,"Honeysuckle","S","0",""
"5891",140,"Privot","S","0",""
"5892",140,"Spicebush","S","0",""
"5893",140,"Rubus","S","0",""
"5894",140,"Mapleleaf Viburnum","S","0",""
"5895",202,"Buckthorn","N","0",""
"5896",202,"Multiflora rose","N","1",""
"5897",202,"Honeysuckle","N","0",""
"5898",202,"Privot","N","0",""
"5899",202,"Spicebush","N","0",""
"5900",202,"Rubus","N","0",""
"5901",202,"Mapleleaf Viburnum","N","0",""
"5902",202,"Buckthorn","S","1",""
"5903",202,"Multiflora rose","S","1",""
"5904",202,"Honeysuckle","S","0",""
"5905",202,"Privot","S","0",""
"5906",202,"Spicebush","S","0",""
"5907",202,"Rubus","S","0",""
"5908",202,"Mapleleaf Viburnum","S","0",""
"5909",218,"Buckthorn","N","0",""
"5910",218,"Multiflora rose","N","0",""
"5911",218,"Honeysuckle","N","0",""
"5912",218,"Privot","N","0",""
"5913",218,"Spicebush","N","0",""
"5914",218,"Rubus","N","0",""
"5915",218,"Mapleleaf Viburnum","N","0",""
"5916",218,"Buckthorn","S","0",""
"5917",218,"Multiflora rose","S","0",""
"5918",218,"Honeysuckle","S","0",""
"5919",218,"Privot","S","0",""
"5920",218,"Spicebush","S","0",""
"5921",218,"Rubus","S","0",""
"5922",218,"Mapleleaf Viburnum","S","0",""
"5923",139,"Buckthorn","N","0",""
"5924",139,"Multiflora rose","N","0",""
"5925",139,"Honeysuckle","N","0",""
"5926",139,"Privot","N","0",""
"5927",139,"Spicebush","N","0",""
"5928",139,"Rubus","N","0",""
"5929",139,"Mapleleaf Viburnum","N","0",""
"5930",139,"Buckthorn","S","0",""
"5931",139,"Multiflora rose","S","0",""
"5932",139,"Honeysuckle","S","0",""
"5933",139,"Privot","S","0",""
"5934",139,"Spicebush","S","0",""
"5935",139,"Rubus","S","0",""
"5936",139,"Mapleleaf Viburnum","S","0",""
"5937",136,"Buckthorn","N","0",""
"5938",136,"Multiflora rose","N","0",""
"5939",136,"Honeysuckle","N","0",""
"5940",136,"Privot","N","0",""
"5941",136,"Spicebush","N","0",""
"5942",136,"Rubus","N","0",""
"5943",136,"Mapleleaf Viburnum","N","0",""
"5944",136,"Buckthorn","S","0",""
"5945",136,"Multiflora rose","S","0",""
"5946",136,"Honeysuckle","S","0",""
"5947",136,"Privot","S","0",""
"5948",136,"Spicebush","S","0",""
"5949",136,"Rubus","S","0",""
"5950",136,"Mapleleaf Viburnum","S","0",""
"5951",861,"Buckthorn","N","0",""
"5952",861,"Multiflora rose","N","0",""
"5953",861,"Honeysuckle","N","0",""
"5954",861,"Privot","N","0",""
"5955",861,"Spicebush","N","0",""
"5956",861,"Rubus","N","0",""
"5957",861,"Mapleleaf Viburnum","N","0",""
"5958",861,"Buckthorn","S","0",""
"5959",861,"Multiflora rose","S","1",""
"5960",861,"Honeysuckle","S","0",""
"5961",861,"Privot","S","0",""
"5962",861,"Spicebush","S","0",""
"5963",861,"Rubus","S","0",""
"5964",861,"Mapleleaf Viburnum","S","0",""
"5965",137,"Buckthorn","N","1",""
"5966",137,"Multiflora rose","N","0",""
"5967",137,"Honeysuckle","N","0",""
"5968",137,"Privot","N","0",""
"5969",137,"Spicebush","N","0",""
"5970",137,"Rubus","N","1",""
"5971",137,"Mapleleaf Viburnum","N","0",""
"5972",137,"Buckthorn","S","0",""
"5973",137,"Multiflora rose","S","0",""
"5974",137,"Honeysuckle","S","0",""
"5975",137,"Privot","S","0",""
"5976",137,"Spicebush","S","0",""
"5977",137,"Rubus","S","0",""
"5978",137,"Mapleleaf Viburnum","S","0",""
"5979",221,"Buckthorn","N","0",""
"5980",221,"Multiflora rose","N","0",""
"5981",221,"Honeysuckle","N","0",""
"5982",221,"Privot","N","0",""
"5983",221,"Spicebush","N","0",""
"5984",221,"Rubus","N","0",""
"5985",221,"Mapleleaf Viburnum","N","0",""
"5986",221,"Buckthorn","S","0",""
"5987",221,"Multiflora rose","S","0",""
"5988",221,"Honeysuckle","S","0",""
"5989",221,"Privot","S","0",""
"5990",221,"Spicebush","S","0",""
"5991",221,"Rubus","S","0",""
"5992",221,"Mapleleaf Viburnum","S","0",""
"5993",2,"Buckthorn","N","1",""
"5994",2,"Multiflora rose","N","1",""
"5995",2,"Honeysuckle","N","0",""
"5996",2,"Privot","N","0",""
"5997",2,"Spicebush","N","0",""
"5998",2,"Rubus","N","0",""
"5999",2,"Mapleleaf Viburnum","N","0",""
"6000",2,"Buckthorn","S","0",""
"6001",2,"Multiflora rose","S","1",""
"6002",2,"Honeysuckle","S","1",""
"6003",2,"Privot","S","0",""
"6004",2,"Spicebush","S","0",""
"6005",2,"Rubus","S","0",""
"6006",2,"Mapleleaf Viburnum","S","0",""
"6007",134,"Buckthorn","N","1",""
"6008",134,"Multiflora rose","N","0",""
"6009",134,"Honeysuckle","N","1",""
"6010",134,"Privot","N","0",""
"6011",134,"Spicebush","N","0",""
"6012",134,"Rubus","N","0",""
"6013",134,"Mapleleaf Viburnum","N","0",""
"6014",134,"Buckthorn","S","0",""
"6015",134,"Multiflora rose","S","0",""
"6016",134,"Honeysuckle","S","0",""
"6017",134,"Privot","S","0",""
"6018",134,"Spicebush","S","0",""
"6019",134,"Rubus","S","0",""
"6020",134,"Mapleleaf Viburnum","S","0",""
"6021",11,"Buckthorn","N","1",""
"6022",11,"Multiflora rose","N","0",""
"6023",11,"Honeysuckle","N","0",""
"6024",11,"Privot","N","0",""
"6025",11,"Spicebush","N","0",""
"6026",11,"Rubus","N","0",""
"6027",11,"Mapleleaf Viburnum","N","0",""
"6028",11,"Buckthorn","S","1",""
"6029",11,"Multiflora rose","S","0",""
"6030",11,"Honeysuckle","S","0",""
"6031",11,"Privot","S","0",""
"6032",11,"Spicebush","S","0",""
"6033",11,"Rubus","S","0",""
"6034",11,"Mapleleaf Viburnum","S","0",""
"6035",155,"Buckthorn","N","1",""
"6036",155,"Multiflora rose","N","1",""
"6037",155,"Honeysuckle","N","0",""
"6038",155,"Privot","N","0",""
"6039",155,"Spicebush","N","0",""
"6040",155,"Rubus","N","0",""
"6041",155,"Mapleleaf Viburnum","N","0",""
"6042",155,"Buckthorn","S","0",""
"6043",155,"Multiflora rose","S","0",""
"6044",155,"Honeysuckle","S","0",""
"6045",155,"Privot","S","0",""
"6046",155,"Spicebush","S","0",""
"6047",155,"Rubus","S","0",""
"6048",155,"Mapleleaf Viburnum","S","0",""
"6049",12,"Buckthorn","N","1",""
"6050",12,"Multiflora rose","N","1",""
"6051",12,"Honeysuckle","N","0",""
"6052",12,"Privot","N","0",""
"6053",12,"Spicebush","N","1",""
"6054",12,"Rubus","N","0",""
"6055",12,"Mapleleaf Viburnum","N","0",""
"6056",12,"Buckthorn","S","1",""
"6057",12,"Multiflora rose","S","0",""
"6058",12,"Honeysuckle","S","1",""
"6059",12,"Privot","S","0",""
"6060",12,"Spicebush","S","0",""
"6061",12,"Rubus","S","0",""
"6062",12,"Mapleleaf Viburnum","S","0",""
"6063",156,"Buckthorn","N","1",""
"6064",156,"Multiflora rose","N","1",""
"6065",156,"Honeysuckle","N","0",""
"6066",156,"Privot","N","0",""
"6067",156,"Spicebush","N","1",""
"6068",156,"Rubus","N","0",""
"6069",156,"Mapleleaf Viburnum","N","0",""
"6070",156,"Buckthorn","S","1",""
"6071",156,"Multiflora rose","S","1",""
"6072",156,"Honeysuckle","S","1",""
"6073",156,"Privot","S","0",""
"6074",156,"Spicebush","S","0",""
"6075",156,"Rubus","S","0",""
"6076",156,"Mapleleaf Viburnum","S","0",""
"6077",6,"Buckthorn","N","1",""
"6078",6,"Multiflora rose","N","1",""
"6079",6,"Honeysuckle","N","0",""
"6080",6,"Privot","N","0",""
"6081",6,"Spicebush","N","0",""
"6082",6,"Rubus","N","0",""
"6083",6,"Mapleleaf Viburnum","N","0",""
"6084",6,"Buckthorn","S","1",""
"6085",6,"Multiflora rose","S","0",""
"6086",6,"Honeysuckle","S","0",""
"6087",6,"Privot","S","0",""
"6088",6,"Spicebush","S","0",""
"6089",6,"Rubus","S","0",""
"6090",6,"Mapleleaf Viburnum","S","0",""
"6091",220,"Buckthorn","N","0",""
"6092",220,"Multiflora rose","N","0",""
"6093",220,"Honeysuckle","N","0",""
"6094",220,"Privot","N","0",""
"6095",220,"Spicebush","N","0",""
"6096",220,"Rubus","N","0",""
"6097",220,"Mapleleaf Viburnum","N","0",""
"6098",220,"Buckthorn","S","1",""
"6099",220,"Multiflora rose","S","0",""
"6100",220,"Honeysuckle","S","0",""
"6101",220,"Privot","S","0",""
"6102",220,"Spicebush","S","0",""
"6103",220,"Rubus","S","1",""
"6104",220,"Mapleleaf Viburnum","S","0",""
"6105",5,"Buckthorn","N","1",""
"6106",5,"Multiflora rose","N","1",""
"6107",5,"Honeysuckle","N","0",""
"6108",5,"Privot","N","0",""
"6109",5,"Spicebush","N","0",""
"6110",5,"Rubus","N","1",""
"6111",5,"Mapleleaf Viburnum","N","0",""
"6112",5,"Buckthorn","S","0",""
"6113",5,"Multiflora rose","S","0",""
"6114",5,"Honeysuckle","S","0",""
"6115",5,"Privot","S","0",""
"6116",5,"Spicebush","S","0",""
"6117",5,"Rubus","S","0",""
"6118",5,"Mapleleaf Viburnum","S","0",""
"6119",10,"Buckthorn","N","1",""
"6120",10,"Multiflora rose","N","1",""
"6121",10,"Honeysuckle","N","0",""
"6122",10,"Privot","N","0",""
"6123",10,"Spicebush","N","0",""
"6124",10,"Rubus","N","0",""
"6125",10,"Mapleleaf Viburnum","N","0",""
"6126",10,"Buckthorn","S","1",""
"6127",10,"Multiflora rose","S","0",""
"6128",10,"Honeysuckle","S","0",""
"6129",10,"Privot","S","0",""
"6130",10,"Spicebush","S","0",""
"6131",10,"Rubus","S","0",""
"6132",10,"Mapleleaf Viburnum","S","0",""
"6133",157,"Buckthorn","N","0",""
"6134",157,"Multiflora rose","N","1",""
"6135",157,"Honeysuckle","N","0",""
"6136",157,"Privot","N","0",""
"6137",157,"Spicebush","N","0",""
"6138",157,"Rubus","N","1",""
"6139",157,"Mapleleaf Viburnum","N","0",""
"6140",157,"Buckthorn","S","1",""
"6141",157,"Multiflora rose","S","1",""
"6142",157,"Honeysuckle","S","0",""
"6143",157,"Privot","S","0",""
"6144",157,"Spicebush","S","0",""
"6145",157,"Rubus","S","1",""
"6146",157,"Mapleleaf Viburnum","S","0",""
"6147",78,"Buckthorn","N","1",""
"6148",78,"Multiflora rose","N","0",""
"6149",78,"Honeysuckle","N","0",""
"6150",78,"Privot","N","0",""
"6151",78,"Spicebush","N","0",""
"6152",78,"Rubus","N","1",""
"6153",78,"Mapleleaf Viburnum","N","0",""
"6154",78,"Buckthorn","S","1",""
"6155",78,"Multiflora rose","S","0",""
"6156",78,"Honeysuckle","S","0",""
"6157",78,"Privot","S","0",""
"6158",78,"Spicebush","S","0",""
"6159",78,"Rubus","S","1",""
"6160",78,"Mapleleaf Viburnum","S","0",""
"6161",296,"Buckthorn","N","0",""
"6162",296,"Multiflora rose","N","0",""
"6163",296,"Honeysuckle","N","0",""
"6164",296,"Privot","N","0",""
"6165",296,"Spicebush","N","0",""
"6166",296,"Rubus","N","0",""
"6167",296,"Mapleleaf Viburnum","N","0",""
"6168",296,"Buckthorn","S","1",""
"6169",296,"Multiflora rose","S","0",""
"6170",296,"Honeysuckle","S","0",""
"6171",296,"Privot","S","0",""
"6172",296,"Spicebush","S","0",""
"6173",296,"Rubus","S","1",""
"6174",296,"Mapleleaf Viburnum","S","0",""
"6175",332,"Buckthorn","N","1",NA
"6176",332,"Multiflora rose","N","0",NA
"6177",332,"Honeysuckle","N","0",NA
"6178",332,"Privot","N","0",NA
"6179",332,"Spicebush","N","0",NA
"6180",332,"Rubus","N","0",NA
"6181",332,"Mapleleaf Viburnum","N","0",NA
"6182",332,"Buckthorn","S","1",NA
"6183",332,"Multiflora rose","S","0",NA
"6184",332,"Honeysuckle","S","0",NA
"6185",332,"Privot","S","0",NA
"6186",332,"Spicebush","S","0",NA
"6187",332,"Rubus","S","0",NA
"6188",332,"Mapleleaf Viburnum","S","0",NA
"6189",92,"Buckthorn","N","1",NA
"6190",92,"Multiflora rose","N","4",NA
"6191",92,"Honeysuckle","N","0",NA
"6192",92,"Privot","N","0",NA
"6193",92,"Spicebush","N","0",NA
"6194",92,"Rubus","N","1",NA
"6195",92,"Mapleleaf Viburnum","N","0",NA
"6196",92,"Buckthorn","S","1",NA
"6197",92,"Multiflora rose","S","2",NA
"6198",92,"Honeysuckle","S","0",NA
"6199",92,"Privot","S","0",NA
"6200",92,"Spicebush","S","0",NA
"6201",92,"Rubus","S","1",NA
"6202",92,"Mapleleaf Viburnum","S","0",NA
