Tree,Species,Plot_ID,Treatment,Treatment_2019,TreatmentYear,Block,Size,Notes_2019,Notes_2020,Notes.2021,Valid,DBH2018,DBH2019,DBH2020,DBH2021,Initial_dendro_2020,Initial_dendro_2021,SmallTreeDBH2018,SmallTreeHeight2018,Smalltree2018measurementnotes,SmallTreeDBH2020.cm.,SmallTreeHeight2020.m.,Small.tree.2020.Measurement.notes,BandPresent2018,BandPresent2019,BandPresent.2020,BandPresent.2021,HerbSurveys2018,HerbSurveys2019,HerbSurveys2020,HerbSurveys2021,EphemeralSurveys2019,EphemeralSurveys2020,EphemeralSurveys2021,SeedlingPlots2018,SeedlingPlots2019,SeedlingPlots2020,SeedlingPlots2021,VisualCover2018,VisualCover2019,VisualCover2020,VisualCover2021,FourmSurveys2018,TenmSurveys2018,Greaterthan20_2019,MeanPercentopenness2018,MeanPercentopenness2019,PhotoObstruction,HemiDifference,Mean.openness2020,Hemi_2020,Hemi_2021,Auto_percent_openness_18,Auto_percent_openness_19,Auto_percent_openness_20,Auto_percent_openness_21,Soil_sample_2018,meanVWC2019,meanVWC2019_corrected,meanPER2019,VWC_ref_2019,PER_ref_2019,VWC_m_2020,PER_m_2020,corrected_VWC_m_2020
1,red maple,IC+TSI-18-S,IC+TSI,IC+TSI,2018,South,Large,,,,Yes,28.5,29,29.4,29.8,27.48,36.41,NA,NA,NA,NA,NA,NA,Yes,Yes,Yes,Yes,No,No,No,No,No,No,Yes,No,No,No,No,Yes,Yes,Yes,Yes,No,No,No,NA,29.405,Yes,NA,33.145,Yes,Yes,#N/A,20.535,25.8425,20.26,NA,21.9,21.9,1.4585,31.975,1.61625,15.375,1.35925,18.16032609
10,sugar maple,IC+TSI-18-S,IC+TSI,IC+TSI,2018,South,Large,,,,Yes,8.9,9,9.2,9,4.73,4.89,NA,NA,NA,NA,NA,NA,Yes,Yes,Yes,Yes,No,No,No,No,No,No,No,No,No,No,No,Yes,Yes,Yes,Yes,No,No,No,NA,33.8875,Yes,NA,37.9775,Yes,Yes,#N/A,25.5725,30.9125,26.205,NA,21.725,21.725,1.45575,31.975,1.61625,17.35,1.3895,20.49311594
100,sugar maple,IC-19-M,IC,Control,2019,Middle,Large,,,,Yes,10.6,10.7,10.8,10.8,3.66,3.35,NA,NA,NA,NA,NA,NA,Yes,Yes,Yes,Yes,Yes,Yes,Yes,Yes,Yes,Yes,Yes,Yes,Yes,Yes,Yes,No,Yes,Yes,Yes,Yes,Yes,Yes,28.6275,23.6025,No,-5.025,19.4025,Yes,Yes,19.38,16.2725,14.925,27.0525,Yes,8.05,8.81786552,1.2415,28.925,1.5675,17.725,1.39425,17.77170619
101,red maple,IC-18-M,IC,IC,2018,Middle,Large,,,,Yes,10.3,10.7,11,11.4,23.98,28.94,NA,NA,NA,NA,NA,NA,Yes,Yes,Yes,Yes,No,Yes,Yes,Yes,Yes,Yes,Yes,Yes,Yes,Yes,Yes,No,No,Yes,Yes,Yes,Yes,Yes,27.7975,31.07,No,3.2725,30.245,Yes,Yes,#N/A,21.7125,17.4475,19.425,Yes,25.1,25.1,1.507,31.975,1.61625,27.1,1.53825,27.34993412
102,red maple,IC-19-M,IC,Control,2019,Middle,Large,,,,Yes,13.4,13.6,13.8,13.8,14.23,17.41,NA,NA,NA,NA,NA,NA,Yes,Yes,Yes,Yes,No,Yes,Yes,Yes,No,Yes,Yes,No,Yes,Yes,Yes,Yes,Yes,Yes,Yes,No,No,No,NA,41.8525,Yes,NA,31.4825,Yes,Yes,#N/A,29.855,25.6025,26.525,NA,20.6,21.40531665,1.43925,30.725,1.5965,24.525,1.4965,25.930583
103,sugar maple,IC-19-M,IC,Control,2019,Middle,Large,,,,Yes,9.5,9.6,9.8,9.8,7.43,7.72,NA,NA,NA,NA,NA,NA,Yes,Yes,Yes,Yes,No,No,No,No,No,No,No,No,No,No,No,Yes,Yes,Yes,Yes,No,No,No,NA,21.0975,No,NA,28.365,Yes,Yes,#N/A,15.0775,21.5075,23.89,NA,21.175,21.60545348,1.448,31.325,1.60625,17.575,1.3935,20.4115448
104,red maple,IC-19-M,IC,Control,2019,Middle,Large,,,Fallen over,Maybe,12.3,12.4,12.6,NA,11.19,NA,NA,NA,NA,NA,NA,NA,Yes,Yes,Yes,Yes,No,No,No,No,No,No,No,No,No,No,No,Yes,Yes,Yes,Yes,No,No,No,NA,27.4225,No,NA,27.7625,Yes,No,#N/A,16.905,23.29,NA,NA,21.95,22.39620798,1.4595,31.325,1.60625,16.275,1.3735,18.90172925
105,red maple,IC-19-M,IC,Control,2019,Middle,Large,,,,Yes,14.4,14.7,15.1,15,20.09,22.65,NA,NA,NA,NA,NA,NA,Yes,Yes,Yes,Yes,No,No,No,No,No,No,No,No,No,No,No,Yes,Yes,Yes,Yes,No,No,No,NA,39.69,Yes,NA,32.9025,Yes,Yes,#N/A,28.56,26.24,28.0975,NA,19.475,20.23633698,1.4225,30.725,1.5965,17.6,1.39375,20.44057971
106,tulip poplar,IC-19-M,IC,Control,2019,Middle,Large,,,,Yes,24.3,24.8,25.7,25.7,24.54,36.54,NA,NA,NA,NA,NA,NA,Yes,Yes,Yes,Yes,No,No,No,No,No,No,No,No,No,No,No,Yes,Yes,Yes,Yes,No,No,No,NA,31.685,No,NA,31.4575,Yes,Yes,#N/A,24.045,26.3975,27.8625,NA,22.475,22.93188038,1.46775,31.325,1.60625,21.625,1.4545,25.11520092
107,red maple,IC-19-M,IC,Control,2019,Middle,Large,,,,Yes,15.2,15.3,15.4,15.4,4.59,4.95,NA,NA,NA,NA,NA,NA,Yes,Yes,Yes,Yes,Yes,No,No,No,No,No,No,No,No,No,No,Yes,Yes,Yes,Yes,No,No,No,NA,37.9425,No,NA,33.55,Yes,Yes,#N/A,32.115,25.7675,27.055,NA,22.25,22.70230649,1.46425,31.325,1.60625,18.35,1.4045,21.31162714
108,tulip poplar,IC-19-M,IC,Control,2019,Middle,Large,,,,Yes,14.1,14.5,15,15.3,25.76,33.15,NA,NA,NA,NA,NA,NA,Yes,Yes,Yes,Yes,Yes,Yes,Yes,Yes,Yes,Yes,Yes,Yes,Yes,Yes,Yes,No,Yes,Yes,Yes,Yes,Yes,Yes,29.2975,36.385,No,7.0875,36.0725,Yes,Yes,20.3,25.33,30.66,27.32,Yes,25.825,26.8345778,1.519,30.725,1.5965,23.175,1.478,26.91536561
109,red maple,IC-19-M,IC,Control,2019,Middle,Large,,,,Yes,18.5,18.8,19,19.1,13.11,16.45,NA,NA,NA,NA,NA,NA,Yes,Yes,Yes,Yes,No,Yes,Yes,Yes,No,Yes,Yes,No,Yes,Yes,Yes,Yes,Yes,Yes,Yes,No,No,No,NA,42.935,Yes,NA,37.6775,Yes,Yes,#N/A,33.745,31.335,24.8125,NA,22.625,23.50948006,1.47,30.725,1.5965,15.55,1.3635,18.05971673
11,red maple,IC+TSI-18-S,IC+TSI,IC+TSI,2018,South,Large,,,,Yes,26.6,27,27.5,27.7,18.83,25.86,NA,NA,NA,NA,NA,NA,Yes,Yes,Yes,Yes,Yes,Yes,Yes,Yes,No,Yes,No,No,Yes,Yes,Yes,Yes,Yes,Yes,Yes,No,No,No,NA,37.915,Yes,NA,37.31,Yes,Yes,#N/A,29.87,30.19,20.865,NA,25.85,25.85,1.519,31.975,1.61625,18.15,1.4005,21.43804348
110,red maple,IC-18-M,IC,IC,2018,Middle,Large,,,,Yes,16.5,16.9,16.9,17,21.48,27.57,NA,NA,NA,NA,NA,NA,Yes,Yes,Yes,Yes,No,No,No,No,No,No,No,No,No,No,No,Yes,Yes,Yes,Yes,No,No,No,NA,32.9275,Yes,NA,31.365,Yes,Yes,#N/A,22.195,20.315,18.8025,NA,26.1,27.12032838,1.527,30.725,1.5965,27.95,1.55725,28.20777339
111,red maple,IC-19-M,IC,Control,2019,Middle,Large,,,,Yes,9.5,9.6,9.5,9.4,9.91,8.76,NA,NA,NA,NA,NA,NA,Yes,Yes,Yes,Yes,No,Yes,Yes,Yes,Yes,Yes,Yes,Yes,Yes,Yes,Yes,No,Yes,Yes,Yes,Yes,Yes,Yes,22.065,28.3925,Yes,6.3275,29.6075,Yes,Yes,#N/A,21.8,23.985,28.45,Yes,18.1,18.46794371,1.40125,31.325,1.60625,22.475,1.4675,22.53422266
112,red maple,IC-19-M,IC,Control,2019,Middle,Large,,,,Yes,16.6,16.9,17.2,17.5,21.47,29.44,NA,NA,NA,NA,NA,NA,Yes,Yes,Yes,Yes,No,No,No,No,No,No,No,No,No,No,No,Yes,Yes,Yes,Yes,No,No,No,NA,32.785,No,NA,37.895,Yes,Yes,#N/A,23.335,25.0625,19.9175,NA,21.325,21.75850274,1.45025,31.325,1.60625,25.625,1.5155,27.09362648
113,red maple,IC-18-M,IC,IC,2018,Middle,Large,,,,Yes,19.9,20.1,20.7,21,26.44,38.15,NA,NA,NA,NA,NA,NA,Yes,Yes,Yes,Yes,No,No,No,No,No,No,No,No,No,No,No,Yes,Yes,Yes,Yes,No,No,No,NA,27.41,Yes,NA,50.65,Yes,Yes,#N/A,19.0625,30.935,22.08,NA,23.775,24.70443706,1.48775,30.725,1.5965,29.975,1.56,30.68586957
114,red maple,IC-19-M,IC,Control,2019,Middle,Large,,,,Yes,24.2,24.7,25.1,25.7,32.18,48.31,NA,NA,NA,NA,NA,NA,Yes,Yes,Yes,Yes,No,No,No,No,No,No,No,No,No,No,No,Yes,Yes,Yes,Yes,No,No,No,NA,29.365,No,NA,38.6425,Yes,Yes,#N/A,18.4525,22.915,18.5675,NA,17.15,17.49863174,1.386,31.325,1.60625,24.025,1.4905,25.40192688
115,sugar maple,IC-19-M,IC,Control,2019,Middle,Large,,,,Yes,14.1,14.5,14.2,14.5,6.02,6,NA,NA,NA,NA,NA,NA,Yes,Yes,Yes,Yes,No,No,No,No,No,No,No,No,No,No,No,Yes,Yes,Yes,Yes,No,No,No,NA,25.6,No,NA,29.395,Yes,Yes,#N/A,16.66,20.135,18.9875,NA,10.85,11.07056294,1.288,31.325,1.60625,10.675,1.28525,12.39790843
116,sugar maple,IC-18-M,IC,IC,2018,Middle,Large,,,,Yes,16.4,16.5,16.8,16.6,4.33,5.25,NA,NA,NA,NA,NA,NA,Yes,Yes,Yes,Yes,No,No,No,No,No,No,No,No,No,No,No,Yes,Yes,Yes,Yes,No,No,No,NA,28.2175,Yes,NA,48.1375,Yes,Yes,#N/A,19.635,29.4925,21.895,NA,20.475,21.27543002,1.437,30.725,1.5965,18.275,1.4045,21.2245224
117,red maple,IC-19-M,IC,Control,2019,Middle,Large,,,,Yes,13.4,13.5,13.7,13.7,12.33,14.27,NA,NA,NA,NA,NA,NA,Yes,Yes,Yes,Yes,No,No,No,No,No,No,No,No,No,Yes,No,Yes,Yes,Yes,Yes,No,No,No,NA,34.195,No,NA,35.4575,Yes,Yes,#N/A,27.4075,31.59,28.705,NA,24.95,25.92537138,1.50525,30.725,1.5965,21.675,1.4565,25.17327075
118,red maple,IC-19-M,IC,Control,2019,Middle,Large,,,,Yes,10.6,10.9,11.3,11.4,19.29,20.55,NA,NA,NA,NA,NA,NA,Yes,Yes,Yes,Yes,Yes,Yes,Yes,Yes,Yes,Yes,Yes,Yes,Yes,Yes,Yes,No,Yes,Yes,Yes,Yes,Yes,Yes,33.6425,25.72,Yes,-7.9225,30.5025,Yes,Yes,24.3975,16.7025,21.71,27.63,NA,25.9,25.9,1.51975,31.975,1.61625,25.275,1.5105,29.35429842
119,sugar maple,IC-19-M,IC,Control,2019,Middle,Large,,,,Yes,8.8,8.9,9.1,9.2,7.5,8.71,NA,NA,NA,NA,NA,NA,Yes,Yes,Yes,Yes,No,No,No,No,No,No,No,No,No,No,No,Yes,Yes,Yes,Yes,No,No,No,NA,24.5725,No,NA,39.27,Yes,Yes,#N/A,16.8125,26.145,23.2025,NA,16.65,16.98846755,1.379,31.325,1.60625,20.125,1.43175,21.27840909
12,tulip poplar,IC+TSI-18-S,IC+TSI,IC+TSI,2018,South,Large,,,,Yes,46.6,47.3,48.1,48.6,38.59,60.7,NA,NA,NA,NA,NA,NA,Yes,Yes,Yes,Yes,No,No,No,No,No,No,No,No,No,No,No,Yes,Yes,Yes,Yes,No,No,No,NA,38.2575,No,NA,34.8425,Yes,Yes,#N/A,29.21,29.17625,26.195,NA,26.475,26.475,1.53125,31.975,1.61625,17.225,1.38675,20.1752635
120,sugar maple,IC-19-M,IC,Control,2019,Middle,Large,,,,Yes,10.2,10.3,10.6,10.6,7.58,10.42,NA,NA,NA,NA,NA,NA,Yes,Yes,Yes,Yes,No,Yes,Yes,Yes,Yes,Yes,Yes,Yes,Yes,Yes,Yes,No,Yes,Yes,Yes,Yes,Yes,Yes,36.0675,34.1925,No,-1.875,NA,NA,Yes,25.1725,21.935,#N/A,20.1025,Yes,18.975,19.36073104,1.414,31.325,1.60625,26.525,1.52975,28.04520751
121,sugar maple,IC-18-M,IC,IC,2018,Middle,Large,,Target Tree Dead,,No,11.5,11.5,11.5,NA,5.83,NA,NA,NA,NA,NA,NA,NA,Yes,Yes,Yes,NA,No,No,No,No,No,No,No,No,No,No,No,Yes,Yes,Yes,No,No,No,No,NA,26.48,No,NA,45.39,Yes,No,#N/A,19.6375,26.9575,NA,NA,14.7,14.7,1.3485,31.975,1.61625,12.6,1.31625,14.63359684
122,sugar maple,IC-18-M,IC,IC,2018,Middle,Large,,,,Yes,14.7,14.9,14.9,14.9,10.73,11.63,NA,NA,NA,NA,NA,NA,Yes,Yes,Yes,Yes,No,No,No,No,No,No,No,No,No,No,No,Yes,Yes,Yes,Yes,No,No,No,NA,30.60333333,No,NA,49.865,Yes,Yes,#N/A,23.97666667,33.905,24.98,NA,34.275,34.275,1.6615,31.975,1.61625,32.375,1.63275,37.6002141
123,sugar maple,IC-18-M,IC,IC,2018,Middle,Large,,,,Yes,12.4,12.5,12.7,12.5,6.26,6.67,NA,NA,NA,NA,NA,NA,Yes,Yes,Yes,Yes,Yes,Yes,Yes,Yes,Yes,Yes,Yes,Yes,Yes,Yes,Yes,No,Yes,Yes,Yes,Yes,Yes,Yes,32.665,28.07,No,-4.595,51.28,Yes,Yes,22.93,17.695,30.3475,17.3325,Yes,13.425,13.425,1.33,31.975,1.61625,11.675,1.30075,13.55930501
124,sugar maple,IC-18-M,IC,IC,2018,Middle,Large,,,,Yes,9.7,9.6,10,10,8.64,12.19,NA,NA,NA,NA,NA,NA,Yes,Yes,Yes,Yes,No,No,No,No,No,No,No,No,No,No,No,Yes,Yes,Yes,Yes,No,No,No,NA,32.7375,Yes,NA,47.895,Yes,Yes,#N/A,19.95,26.7525,22.6,NA,17.725,17.725,1.39525,31.975,1.61625,15.65,1.36375,18.17585639
125,tulip poplar,IC-19-M,IC,Control,2019,Middle,Large,,,,Yes,28.7,29.1,29.7,30.1,25.43,38.43,NA,NA,NA,NA,NA,NA,Yes,Yes,Yes,Yes,No,No,No,No,No,No,No,No,No,No,No,Yes,Yes,Yes,Yes,No,No,No,NA,28.275,Yes,NA,37.1825,Yes,Yes,#N/A,19.2825,24.79,27.185,NA,17.625,17.98328772,1.393,31.325,1.60625,18.7,1.40975,21.71811594
126,sugar maple,IC+TSI-19-S,IC+TSI,Control,2019,South,Large,,,,Yes,9.8,9.9,10.1,10.1,12.34,13.37,NA,NA,NA,NA,NA,NA,Yes,Yes,Yes,Yes,Yes,Yes,Yes,Yes,Yes,Yes,Yes,Yes,Yes,Yes,Yes,No,Yes,Yes,Yes,Yes,Yes,Yes,34.8925,38.055,Yes,3.1625,36.7725,Yes,Yes,24.19,25.33,28.1875,22.815,Yes,20.625,22.56010555,1.43975,28.975,1.57225,13.875,1.33625,16.25148221
127,sugar maple,IC+TSI-19-S,IC+TSI,Control,2019,South,Large,,,,Yes,7.8,7.8,7.8,7.9,5.48,5.73,NA,NA,NA,NA,NA,NA,Yes,Yes,Yes,Yes,Yes,Yes,Yes,Yes,Yes,Yes,Yes,Yes,Yes,Yes,Yes,Yes,Yes,Yes,Yes,Yes,Yes,Yes,44.0025,42.0425,Yes,-1.96,31.465,Yes,Yes,33.15,31.425,22.1975,24.4425,Yes,22.95,25.10324473,1.47475,28.975,1.57225,32.35,1.62225,33.11719368
128,tulip poplar,IC+TSI-19-S,IC+TSI,Control,2019,South,Large,,,,Yes,45.8,46.3,46.9,47,20.71,24.07,NA,NA,NA,NA,NA,NA,Yes,Yes,Yes,Yes,No,No,No,No,No,No,No,No,No,No,No,Yes,Yes,Yes,Yes,No,No,No,NA,33.0175,Yes,NA,33.93125,Yes,Yes,#N/A,24.2375,24.51875,26.8075,NA,24.1,26.36114152,1.49425,28.975,1.57225,32.6,1.62775,33.37312253
129,sugar maple,IC+TSI-19-S,IC+TSI,Control,2019,South,Large,,,,Yes,8.6,8.6,9,9,6.55,7.22,NA,NA,NA,NA,NA,NA,Yes,Yes,Yes,Yes,No,No,No,No,No,No,No,No,No,No,No,Yes,Yes,Yes,Yes,No,No,No,NA,38.0275,Yes,NA,32.4575,Yes,Yes,#N/A,24.16,26.315,22.5775,NA,26.45,28.93162627,1.53075,28.975,1.57225,35.225,1.67125,36.06037549
13,tulip poplar,IC+TSI-19-S,IC+TSI,Control,2019,South,Large,,,,Yes,29.6,30.1,30.2,30.4,19.27,22.72,NA,NA,NA,NA,NA,NA,Yes,Yes,Yes,Yes,Yes,Yes,Yes,Yes,Yes,Yes,Yes,Yes,Yes,Yes,Yes,No,Yes,Yes,Yes,Yes,Yes,Yes,27.605,39.0625,Yes,11.4575,37.99,Yes,Yes,23.26,29.22,26.8325,24.5025,Yes,18.35,20.07165755,1.40525,28.975,1.57225,21.15,1.44775,24.77252964
130,red maple,IC+TSI-19-S,IC+TSI,Control,2019,South,Large,,,,Yes,17.9,18.1,18.2,18.2,3.82,3.82,NA,NA,NA,NA,NA,NA,Yes,Yes,Yes,Yes,No,No,No,No,No,No,No,No,No,No,No,Yes,Yes,Yes,Yes,No,No,No,NA,35.9575,Yes,NA,36.49,Yes,Yes,#N/A,26.095,25.74,24.0325,NA,21.55,23.57189211,1.453,28.975,1.57225,31.625,1.611,32.375
131,tulip poplar,IC+TSI-19-S,IC+TSI,Control,2019,South,Large,,,,Yes,28.3,28.3,28.6,28.6,12.02,12.39,NA,NA,NA,NA,NA,NA,Yes,Yes,Yes,Yes,Yes,Yes,Yes,Yes,Yes,Yes,Yes,Yes,Yes,Yes,Yes,No,Yes,Yes,Yes,Yes,Yes,Yes,40.37,36.8,Yes,-3.57,33.3675,Yes,Yes,27.8075,23.6825,26.97,24.3625,Yes,21.35,23.35312745,1.4505,28.975,1.57225,28.975,1.56725,29.66215415
132,red maple,IC+TSI-19-S,IC+TSI,Control,2019,South,Large,,,,Yes,23.5,24.1,24.7,24.9,37.15,46.46,NA,NA,NA,NA,NA,NA,Yes,Yes,Yes,Yes,No,No,No,No,No,No,No,No,No,No,No,Yes,Yes,Yes,Yes,No,No,No,NA,33.6925,Yes,NA,31.2225,Yes,Yes,#N/A,21.47,24.875,23.1575,NA,21.125,23.1070172,1.4475,28.975,1.57225,25.275,1.51,29.60405138
133,tulip poplar,IC-19-M,IC,Control,2019,Middle,Large,,,,Yes,29.2,29.7,30.5,30.9,33.92,50.33,NA,NA,NA,NA,NA,NA,Yes,Yes,Yes,Yes,No,No,No,No,No,No,No,No,No,No,No,Yes,Yes,Yes,Yes,No,No,No,NA,36.6175,Yes,NA,36.8425,Yes,Yes,#N/A,29.6975,32.665,31.93,NA,24.825,25.79548475,1.5045,30.725,1.5965,23.35,1.48125,27.11861001
134,sugar maple,IC+TSI-18-S,IC+TSI,IC+TSI,2018,South,Large,,,,Yes,8.9,8.9,9.4,9,5.31,5.2,NA,NA,NA,NA,NA,NA,Yes,Yes,Yes,Yes,No,No,No,No,No,No,No,No,No,No,No,Yes,Yes,Yes,Yes,No,No,No,NA,38.0925,No,NA,22.315,Yes,Yes,#N/A,27.8375,17.94,22.9025,NA,26.375,26.375,1.5275,31.975,1.61625,21.1,1.44675,24.92246377
135,red maple,IC-19-M,IC,Control,2019,Middle,Large,,,,Yes,9.3,9.4,9.5,9.5,6.04,6.23,NA,NA,NA,NA,NA,NA,Yes,Yes,Yes,Yes,No,No,No,No,No,No,No,No,No,No,No,Yes,Yes,Yes,Yes,No,No,No,NA,27.9475,No,NA,24.285,Yes,Yes,#N/A,20.1,18.4175,29.255,NA,7.275,7.968940579,1.228,28.925,1.5675,23.375,1.48125,23.4365942
136,red maple,IC+TSI-18-S,IC+TSI,IC+TSI,2018,South,Large,,,,Yes,14.2,14.2,14.4,14.4,9.12,9.67,NA,NA,NA,NA,NA,NA,Yes,Yes,Yes,Yes,No,No,No,No,No,No,No,No,No,No,No,Yes,Yes,Yes,Yes,No,No,No,NA,34.8875,Yes,NA,27.315,Yes,Yes,#N/A,26.3875,28.205,20.9925,NA,21.25,21.25,1.449,31.975,1.61625,17.75,1.398,20.96557971
137,tulip poplar,IC+TSI-18-S,IC+TSI,IC+TSI,2018,South,Large,,,,Yes,38.5,39.2,39.9,40.5,38.33,56.33,NA,NA,NA,NA,NA,NA,Yes,Yes,Yes,Yes,No,No,No,No,No,No,No,No,No,No,No,Yes,Yes,Yes,Yes,No,No,No,NA,35.83,Yes,NA,28.0125,Yes,Yes,#N/A,25.9025,26.25,24.06,NA,20.25,20.25,1.43375,31.975,1.61625,26.5,1.51425,31.30072464
138,tulip poplar,IC+TSI-19-S,IC+TSI,Control,2019,South,Large,,,,Yes,33.6,34,34.6,34.6,31.68,36.53,NA,NA,NA,NA,NA,NA,Yes,Yes,Yes,Yes,No,No,No,No,No,No,No,No,No,No,No,Yes,Yes,Yes,Yes,No,No,No,NA,33.1575,Yes,NA,33.72,Yes,Yes,#N/A,18.6875,27.615,18.2125,NA,21.4,23.40781861,1.45075,28.975,1.57225,15.825,1.367,19.3486166
139,red maple,IC+TSI-18-S,IC+TSI,IC+TSI,2018,South,Large,,,,Yes,28.1,28.3,28.5,28.6,7.07,8.01,NA,NA,NA,NA,NA,NA,Yes,Yes,Yes,Yes,Yes,Yes,Yes,Yes,Yes,Yes,Yes,Yes,Yes,Yes,Yes,No,Yes,Yes,Yes,Yes,Yes,Yes,31.4675,36.5025,Yes,5.035,25.7025,Yes,Yes,20.275,24.7975,21.3275,19.576,Yes,17.8,19.47005473,1.39675,28.975,1.57225,19.9,1.4285,23.50507246
14,red maple,IC+TSI-19-S,IC+TSI,Control,2019,South,Large,,,,Yes,20.3,21.2,22.2,23,65.63,20.33,NA,NA,NA,NA,NA,NA,Yes,Yes,Yes,Yes,Yes,Yes,Yes,Yes,Yes,Yes,Yes,Yes,Yes,Yes,Yes,No,Yes,Yes,Yes,Yes,Yes,Yes,32.1775,36.035,Yes,3.8575,34.3025,Yes,Yes,29.51,29.3525,24.89,19.465,Yes,17.325,18.95048866,1.38925,28.975,1.57225,13.525,1.3305,15.84153491
140,sugar maple,IC+TSI-18-S,IC+TSI,IC+TSI,2018,South,Large,,,,Yes,7.7,7.7,8.1,7.8,10.4,10.43,NA,NA,NA,NA,NA,NA,Yes,Yes,Yes,Yes,No,No,No,No,No,No,No,No,No,No,No,Yes,Yes,Yes,Yes,No,No,No,NA,34.0975,Yes,NA,22.92,Yes,Yes,#N/A,24.5475,19.2575,18.725,NA,18.875,20.64591478,1.41275,28.975,1.57225,19.625,1.4245,23.18025362
141,tulip poplar,IC+TSI-18-S,IC+TSI,IC+TSI,2018,South,Large,,,,Yes,40.2,40.9,41.2,41.2,23.78,29.61,NA,NA,NA,NA,NA,NA,Yes,Yes,Yes,Yes,No,Yes,Yes,Yes,Yes,Yes,Yes,Yes,Yes,Yes,Yes,No,Yes,Yes,Yes,Yes,Yes,Yes,28.665,32.82,No,4.155,33.1125,Yes,Yes,17.69,22.535,23.1025,17.37,Yes,20.975,20.975,1.44475,31.975,1.61625,15.325,1.35775,18.10126812
142,sugar maple,,NA,NA,NA,NA,Large,Not in plot,Not in plot,,No,21.7,22.1,21.9,21.9,37.48,37.85,NA,NA,NA,NA,NA,NA,Yes,Yes,Yes,Yes,No,No,No,No,No,No,No,No,No,No,No,Yes,Yes,No,No,No,No,No,NA,31.805,Yes,NA,NA,NA,No,#N/A,21.1925,#N/A,NA,NA,NA,NA,NA,24.95,1.5055,NA,NA,NA
143,tulip poplar,IC-19-M,IC,Control,2019,Middle,Large,,,,Yes,42.1,42.7,43.5,43.7,29.63,42.48,NA,NA,NA,NA,NA,NA,Yes,Yes,Yes,Yes,No,No,No,No,No,No,No,No,No,No,No,Yes,Yes,Yes,Yes,No,No,No,NA,36.4575,Yes,NA,34.7875,Yes,Yes,#N/A,20.63,28.1275,27.9725,NA,19.5,20.26231431,1.42225,30.725,1.5965,18.75,1.41075,21.77618577
145,sugar maple,IC-19-S,IC,Control,2019,South,Large,,,,Yes,13.8,13.9,14,14,10.77,11.58,NA,NA,NA,NA,NA,NA,Yes,Yes,Yes,Yes,Yes,Yes,Yes,Yes,Yes,Yes,Yes,Yes,Yes,Yes,Yes,No,Yes,Yes,Yes,Yes,Yes,Yes,30.2675,36.9425,No,6.675,33.9875,Yes,Yes,22.575,27.495,28.3225,24.45,Yes,9.775,13.35177873,1.27075,20.275,1.4355,24.35,1.49575,25.4247365
146,sugar maple,IC-19-S,IC,Control,2019,South,Large,,,,Yes,8.65,8.8,9,9,7.28,9.63,NA,NA,NA,NA,NA,NA,Yes,Yes,Yes,Yes,No,No,No,No,No,No,No,No,No,No,No,Yes,Yes,Yes,Yes,No,No,No,NA,33.175,Yes,NA,29.5325,Yes,Yes,#N/A,16.4175,15.87,18.69,NA,21.9,23.95473026,1.45875,28.975,1.57225,28.975,1.57025,29.66215415
147,red maple,IC-19-S,IC,Control,2019,South,Large,,,,Yes,20.7,22.4,21.9,22.2,30.24,39.27,NA,NA,NA,NA,NA,NA,Yes,Yes,Yes,Yes,Yes,Yes,Yes,Yes,Yes,Yes,Yes,Yes,Yes,Yes,Yes,No,Yes,Yes,Yes,Yes,Yes,Yes,35.8825,33.015,Yes,-2.8675,29.6525,Yes,Yes,25.6925,23.3625,28.2625,20.1625,Yes,16.85,23.01559812,1.3805,20.275,1.4355,29.35,1.57325,30.64542161
148,tulip poplar,IC-19-S,IC,Control,2019,South,Large,,,,Yes,23.5,25.2,25,25.2,37.02,48.48,NA,NA,NA,NA,NA,NA,Yes,Yes,Yes,Yes,Yes,Yes,Yes,Yes,Yes,Yes,Yes,Yes,Yes,Yes,Yes,No,Yes,Yes,Yes,Yes,Yes,Yes,29.5075,33.585,Yes,4.0775,NA,NA,Yes,23.4,23.855,#N/A,21.5925,Yes,21.275,29.05975371,1.45425,20.275,1.4355,34.925,1.66775,36.46648551
149,red maple,IC-19-S,IC,Control,2019,South,Large,,,,Yes,15.8,16.4,16.3,16.6,14.22,17.42,NA,NA,NA,NA,NA,NA,Yes,Yes,Yes,Yes,No,No,No,No,No,No,No,No,No,No,No,Yes,Yes,Yes,Yes,No,No,No,NA,34.4025,Yes,NA,36.9925,Yes,Yes,#N/A,24.2825,28.02,17.315,NA,12.775,17.44951134,1.31975,20.275,1.4355,30.525,1.59375,31.87228261
15,sugar maple,IC+TSI-19-S,IC+TSI,Control,2019,South,Large,,,,Yes,15.1,15.4,15.4,15.5,7.42,8.53,NA,NA,NA,NA,NA,NA,Yes,Yes,Yes,Yes,Yes,No,No,No,No,No,No,No,No,No,No,Yes,Yes,Yes,Yes,No,No,Yes,NA,30.98,Yes,NA,39.8125,Yes,Yes,#N/A,21.84,26.3675,23.63,Yes,17.525,19.16925332,1.39225,28.975,1.57225,18.25,1.40325,21.37582345
150,sugar maple,IC-19-S,IC,Control,2019,South,Large,,,,Yes,20.33,20.9,20.8,20.8,10.92,11.97,NA,NA,NA,NA,NA,NA,Yes,Yes,Yes,Yes,Yes,Yes,Yes,Yes,Yes,Yes,Yes,Yes,Yes,Yes,Yes,No,Yes,Yes,Yes,Yes,Yes,Yes,26.845,23.095,No,-3.75,35.2325,Yes,Yes,22,14.2625,13.535,18.4775,Yes,8.3,11.3370602,1.24575,20.275,1.4355,19.175,1.4175,19.62974308
151,tulip poplar,IC-18-S,IC,IC,2018,South,Large,,,,Yes,12.95,14.1,14.8,15.5,52,2.01,NA,NA,NA,NA,NA,NA,Yes,Yes,Yes,Yes,No,No,No,No,No,No,No,No,No,No,No,Yes,Yes,Yes,Yes,No,No,No,NA,27.0725,Yes,NA,23.6975,Yes,Yes,#N/A,17.9,19.7275,18.0825,NA,26.425,28.78031666,1.5305,29.125,1.572,35.6,1.68875,36.98366271
152,red maple,IC-19-S,IC,Control,2019,South,Large,,,,Yes,36.28,36.9,37.5,38.1,34.89,44.53,NA,NA,NA,NA,NA,NA,Yes,Yes,Yes,Yes,Yes,No,No,No,No,No,No,No,No,No,No,Yes,Yes,Yes,Yes,No,No,Yes,NA,32.8175,Yes,NA,36.9325,Yes,Yes,#N/A,22.385,28.73333333,29.9675,Yes,16.575,22.63997264,1.37825,20.275,1.4355,29.225,1.57125,30.51490448
153,tulip poplar,IC-19-S,IC,Control,2019,South,Large,,,,Yes,25.3,25.7,26.4,26.5,28.87,37,NA,NA,NA,NA,NA,NA,Yes,Yes,Yes,Yes,Yes,Yes,Yes,Yes,Yes,Yes,Yes,Yes,Yes,Yes,Yes,No,Yes,Yes,Yes,Yes,Yes,Yes,24.66,28.56,Yes,3.9,30.774,Yes,Yes,19.675,19.955,29.18333333,20.31,Yes,13.925,19.02030884,1.33725,20.275,1.4355,30.15,1.587,31.48073123
154,sugar maple,IC+TSI-18-S,IC+TSI,IC+TSI,2018,South,small,,,,Yes,NA,NA,NA,NA,NA,NA,7.5,10.63,,7.5,9,needs ID stick,NA,NA,NA,NA,No,No,No,No,No,No,No,No,No,No,No,Yes,Yes,Yes,Yes,No,No,No,NA,40.49,Yes,NA,41.5,Yes,Yes,#N/A,31.795,32.24,24.34,NA,26.275,26.275,1.52575,31.975,1.61625,18.775,1.41125,21.9907444
155,elm,IC+TSI-18-S,IC+TSI,IC+TSI,2018,South,small,,,Tag fallen off,Yes,NA,NA,NA,NA,NA,NA,8,10.37,,8.4,11.17,needs ID stick,NA,NA,NA,NA,No,No,No,No,No,No,No,No,No,No,No,Yes,Yes,Yes,Yes,No,No,No,NA,39.85,Yes,NA,37.44,Yes,Yes,#N/A,30.5225,31.09625,26.3475,NA,28.275,28.275,1.557,31.975,1.61625,23.275,1.47925,27.49148551
156,sugar maple,IC+TSI-18-S,IC+TSI,IC+TSI,2018,South,small,,,,Yes,NA,NA,NA,NA,NA,NA,6.4,8.61,,6.3,8.87,,NA,NA,NA,NA,No,No,No,No,No,No,No,No,No,No,No,Yes,Yes,Yes,Yes,No,No,No,NA,38.78,Yes,NA,29.8125,Yes,Yes,#N/A,28.74,24.86,29.105,NA,29.075,29.075,1.56925,31.975,1.61625,21.025,1.4455,24.62611989
157,elm,IC+TSI-18-S,IC+TSI,IC+TSI,2018,South,small,,,,Yes,NA,NA,NA,NA,NA,NA,5.3,6.8,,6,7.13,needs ID stick,NA,NA,NA,NA,No,No,No,No,No,No,No,No,No,No,No,Yes,Yes,Yes,Yes,No,No,No,NA,38.1825,Yes,NA,43.625,Yes,Yes,#N/A,31.135,36.81625,29.255,NA,26.85,26.85,1.53975,31.975,1.61625,20.325,1.43475,23.8062253
158,sugar maple,IC+TSI-19-S,IC+TSI,Control,2019,South,small,,,,Yes,NA,NA,NA,NA,NA,NA,4.5,5.41,,4.5,5.92,needs ID stick,NA,NA,NA,NA,No,No,No,No,No,No,No,No,No,No,No,Yes,Yes,Yes,Yes,No,No,No,NA,33.3525,No,NA,42.2975,Yes,Yes,#N/A,24.3075,22.8025,20.9375,NA,25.3,27.67372948,1.51375,28.975,1.57225,31,1.60175,36.30961792
159,elm,IC+TSI-19-S,IC+TSI,Control,2019,South,small,,,,Yes,NA,NA,NA,NA,NA,NA,5.9,6.32,,6.2,6.55,,NA,NA,NA,NA,No,Yes,Yes,Yes,Yes,Yes,Yes,Yes,Yes,Yes,Yes,No,Yes,Yes,Yes,Yes,Yes,Yes,NA,37.32,No,NA,43.33,Yes,Yes,#N/A,28.71,21.5575,31.23,NA,19.025,20.80998827,1.41525,28.975,1.57225,22.325,1.46525,26.14878129
16,tulip poplar,IC+TSI-19-S,IC+TSI,Control,2019,South,Large,,,,Yes,30.45,31.2,31.8,32.4,37.35,57.72,NA,NA,NA,NA,NA,NA,Yes,Yes,Yes,Yes,No,No,No,No,No,No,No,No,No,No,No,Yes,Yes,Yes,Yes,No,No,No,NA,24.9075,Yes,NA,48.99,Yes,Yes,#N/A,17.7575,21.61,24.0575,NA,19.85,21.71239249,1.4285,28.975,1.57225,23.275,1.48025,27.26149539
160,red maple,IC+TSI-19-S,IC+TSI,Control,2019,South,small,,,,Yes,NA,NA,NA,NA,NA,NA,6.6,8.46,,6.4,9.33,,NA,NA,NA,NA,No,No,No,No,No,No,No,No,No,No,No,Yes,Yes,Yes,Yes,No,No,No,NA,27.3875,No,NA,40.2375,Yes,Yes,#N/A,16.935,20.3325,24.57,NA,17.525,19.16925332,1.3925,28.975,1.57225,17.675,1.39425,20.7023386
161,sugar maple,IC+TSI-19-S,IC+TSI,Control,2019,South,small,,,,Yes,NA,NA,NA,NA,NA,NA,4.9,7.7,,4.6,7.61,,NA,NA,NA,NA,No,No,No,No,No,No,No,No,No,No,No,Yes,Yes,Yes,Yes,No,No,No,NA,32.9925,No,NA,42.975,Yes,Yes,#N/A,19.3125,21.8375,25.1,NA,16.075,17.58320954,1.37125,28.975,1.57225,17.625,1.3935,21.54940711
162,sugar maple,IC+TSI-19-S,IC+TSI,Control,2019,South,small,,Target Tree fallen down,,No,NA,NA,NA,NA,NA,NA,5.8,8.48,,5.9,8.59,needs ID stick,NA,NA,NA,NA,No,No,No,No,No,No,No,No,No,No,No,Yes,Yes,Yes,Yes,No,No,No,NA,27.0075,No,NA,NA,NA,No,#N/A,16.07,#N/A,NA,NA,17.275,18.8957975,1.3885,28.975,1.57225,20.475,1.4365,25.03399209
163,elm,IC+TSI-19-S,IC+TSI,Control,2019,South,small,,,,Yes,NA,NA,NA,NA,NA,NA,8,11.62,,8.2,8.9,,NA,NA,NA,NA,No,Yes,Yes,Yes,Yes,Yes,Yes,Yes,Yes,Yes,Yes,No,Yes,Yes,Yes,Yes,Yes,Yes,NA,28.02666667,No,NA,35.8275,Yes,Yes,#N/A,22.41,25.0675,19.6725,NA,15.25,16.68080532,1.358,28.975,1.57225,14.675,1.34925,17.18850461
164,sugar maple,IC+TSI-19-S,IC+TSI,Control,2019,South,small,,,Missing number tag,Yes,NA,NA,NA,NA,NA,NA,5,6.67,,5,7.07,,NA,NA,NA,NA,No,No,No,No,No,No,No,No,No,No,No,Yes,Yes,Yes,Yes,No,No,No,NA,35.845,Yes,NA,32.3475,Yes,Yes,#N/A,24.9475,25.4675,21.955,NA,20.675,22.61479672,1.44,28.975,1.57225,30.55,1.59225,31.27450593
165,tulip poplar,IC-19-M,IC,Control,2019,Middle,Large,,,,Yes,49.1,49.5,50.4,50.3,20.36,27.7,NA,NA,NA,NA,NA,NA,Yes,Yes,Yes,Yes,No,No,No,No,No,No,No,No,No,No,No,Yes,Yes,Yes,Yes,No,No,No,NA,27.2775,Yes,NA,29.2375,Yes,Yes,#N/A,20.32,22.7575,23.825,NA,22.075,22.52374902,1.46125,31.325,1.60625,14.85,1.35075,17.24673913
166,tulip poplar,IC+TSI-18-S,IC+TSI,IC+TSI,2018,South,Large,,,,Yes,44.7,45.1,46.1,46.5,138.46,55.27,NA,NA,NA,NA,NA,NA,Yes,Yes,Yes,Yes,No,No,No,No,No,No,No,No,No,No,No,Yes,Yes,Yes,Yes,No,No,No,NA,28.995,Yes,NA,36.535,Yes,Yes,#N/A,22.4425,30.08875,21.285,NA,25.15,25.15,1.508,31.975,1.61625,18.3,1.404,21.61521739
167,red maple,IC+TSI-19-S,IC+TSI,Control,2019,South,Large,,,,Yes,8.7,8.6,9,8.9,7.32,7.81,NA,NA,NA,NA,NA,NA,Yes,Yes,Yes,Yes,No,No,No,No,No,No,No,No,No,No,No,Yes,Yes,Yes,Yes,No,No,No,NA,37.8975,No,NA,34.65,Yes,Yes,#N/A,28.445,30.6875,27.0525,NA,17.4,19.03252541,1.391,28.975,1.57225,20.375,1.43575,23.8647892
17,red maple,IC+TSI-18-S,IC+TSI,IC+TSI,2018,South,Large,,,,Yes,17.9,18.1,18.2,18.2,14.44,15.7,NA,NA,NA,NA,NA,NA,Yes,Yes,Yes,Yes,No,No,No,No,No,No,No,No,No,No,No,Yes,Yes,Yes,Yes,No,No,No,NA,42.19,Yes,NA,42.015,Yes,Yes,#N/A,33.1725,34.24125,26.9675,NA,29.9,29.9,1.58275,31.975,1.61625,20.95,1.444,24.74528986
172,red maple,C-18-S,Control,Control,2018,South,Large,,,,Yes,25,25.6,25.8,26.3,23.53,37.28,NA,NA,NA,NA,NA,NA,Yes,Yes,Yes,Yes,No,Yes,Yes,Yes,No,Yes,Yes,No,Yes,Yes,Yes,Yes,Yes,Yes,Yes,No,No,No,NA,34.9575,Yes,NA,31.49,Yes,Yes,#N/A,27.195,23.26,31.1,NA,21.925,21.925,1.4595,31.975,1.61625,27.85,1.55025,28.4921278
173,tulip poplar,IC+TSI-19-S,IC+TSI,Control,2019,South,Large,,,,Yes,38.2,39,38.9,38.9,25.6,30.52,NA,NA,NA,NA,NA,NA,Yes,Yes,Yes,Yes,No,No,No,No,No,No,No,No,No,No,No,Yes,Yes,Yes,Yes,No,No,No,NA,35.785,No,NA,30.185,Yes,Yes,#N/A,25.98,21.89,23.75,NA,14.85,16.243276,1.352,28.975,1.57225,14.675,1.34875,17.18850461
174,tulip poplar,IC+TSI-19-S,IC+TSI,Control,2019,South,Large,,,,Yes,28.2,28.5,29.2,29.1,17.22,21.85,NA,NA,NA,NA,NA,NA,Yes,Yes,Yes,Yes,No,No,No,No,No,No,No,No,No,No,No,Yes,Yes,Yes,Yes,No,No,No,NA,33.845,Yes,NA,36.1775,Yes,Yes,#N/A,21.4075,30.305,22.8225,NA,20,21.87646599,1.4305,28.975,1.57225,17.7,1.395,20.73162055
175,red maple,C-19-S,Control,Control,2019,South,Large,,,,Yes,30.4,30.9,31.5,31.8,31.6,40.27,NA,NA,NA,NA,NA,NA,Yes,Yes,Yes,Yes,No,Yes,Yes,Yes,Yes,Yes,Yes,Yes,Yes,Yes,Yes,No,Yes,Yes,Yes,Yes,Yes,Yes,24.175,28.88,Yes,4.705,43.15,Yes,Yes,17.73,22.015,28.3475,21.8925,NA,26.05,26.57955434,1.5615,31.325,1.60625,38.325,1.72525,40.52149209
176,tulip poplar,IC+TSI-19-S,IC+TSI,Control,2019,South,Large,,,,Yes,43.2,43.2,44,44.3,35.41,47.56,NA,NA,NA,NA,NA,NA,Yes,Yes,Yes,Yes,No,No,No,No,No,No,No,No,No,No,No,Yes,Yes,Yes,Yes,No,No,No,NA,34.7975,Yes,NA,33.275,Yes,Yes,#N/A,21.0825,28.1,22.695,NA,19.475,21.30220876,1.422,28.975,1.57225,15.825,1.36475,18.53547431
177,sugar maple,C-18-S,Control,Control,2018,South,Large,,,,Yes,20.1,20.1,20.4,20.2,4.37,4.17,NA,NA,NA,NA,NA,NA,Yes,Yes,Yes,Yes,No,Yes,Yes,Yes,Yes,Yes,Yes,Yes,Yes,Yes,Yes,No,Yes,Yes,Yes,Yes,Yes,Yes,26.865,28.215,Yes,1.35,39.205,Yes,Yes,21.62,20.545,26.4775,18.9575,Yes,24.2,24.2,1.4955,31.975,1.61625,30.55,1.59225,31.25438076
178,sugar maple,IC+TSI-19-M,IC+TSI,Control,2019,Middle,Large,,,,Yes,24.3,22.3,24.6,24.5,8.7,9.37,NA,NA,NA,NA,NA,NA,Yes,Yes,Yes,Yes,No,Yes,Yes,Yes,No,Yes,Yes,No,Yes,Yes,Yes,Yes,Yes,Yes,Yes,No,No,No,NA,44.4025,Yes,NA,23.535,Yes,Yes,#N/A,36.265,20.5775,24.7825,NA,20.125,20.53410868,1.43175,31.325,1.60625,27.45,1.545,29.02322134
179,red maple,C-19-S,Control,Control,2019,South,Large,,,,Yes,13.3,13.3,13.4,13.4,9.41,9.79,NA,NA,NA,NA,NA,NA,Yes,Yes,Yes,Yes,No,Yes,Yes,Yes,Yes,Yes,Yes,Yes,Yes,Yes,Yes,No,Yes,Yes,Yes,Yes,Yes,Yes,29.65,35.598,No,5.948,44.23,Yes,Yes,24.015,26.624,31.0425,28.095,Yes,24.775,25.27863566,1.50275,31.325,1.60625,30.075,1.58525,30.76842885
18,red maple,IC+TSI-19-S,IC+TSI,Control,2019,South,Large,,,,Yes,29.1,28.6,28.8,29,17.93,21.76,NA,NA,NA,NA,NA,NA,Yes,Yes,Yes,Yes,No,No,No,No,No,No,No,No,No,No,No,Yes,Yes,Yes,Yes,No,No,No,NA,33.1,Yes,NA,35.465,Yes,Yes,#N/A,22.8825,19.7925,24.39,Yes,18.4,20.12634871,1.40575,28.975,1.57225,18.575,1.40825,21.7564888
180,sugar maple,C-19-S,Control,Control,2019,South,Large,,,,Yes,35.9,36.1,36.3,36.4,12.52,13.53,NA,NA,NA,NA,NA,NA,Yes,Yes,Yes,Yes,No,Yes,Yes,Yes,Yes,Yes,Yes,Yes,Yes,Yes,Yes,No,Yes,Yes,Yes,Yes,Yes,Yes,34.84666667,30.60333333,No,-4.24333334,44.2275,Yes,Yes,#N/A,21.17333333,28.315,24.47,Yes,31.35,31.98729476,1.62625,31.325,1.60625,34.03333333,1.685,34.81802811
181,red maple,C-18-S,Control,Control,2018,South,Large,,,,Yes,16.6,16.7,16.9,16.8,8.36,9.65,NA,NA,NA,NA,NA,NA,Yes,Yes,Yes,Yes,No,No,No,No,No,No,No,No,No,No,No,Yes,Yes,Yes,Yes,No,No,No,NA,36.8975,No,NA,41.415,Yes,Yes,#N/A,27.79,24.16,23.555,NA,29,29,1.56875,31.975,1.61625,34.225,1.653,35.01411397
182,tulip poplar,C-18-S,Control,Control,2018,South,Large,,,,Yes,43,44.1,45.6,46.3,70.4,97.55,NA,NA,NA,NA,NA,NA,Yes,Yes,Yes,Yes,No,No,No,No,No,No,No,No,No,No,No,Yes,Yes,Yes,Yes,No,No,No,31.8925,37.3825,No,5.49,41.1875,Yes,Yes,27.0375,29.215,29.15,21.435,NA,25.4,25.4,1.51275,31.975,1.61625,28.975,1.569,29.64306653
183,sugar maple,C-19-S,Control,Control,2019,South,Large,,,,Yes,18.5,18.3,18.6,18.5,4.28,4.18,NA,NA,NA,NA,NA,NA,Yes,Yes,Yes,Yes,No,Yes,Yes,Yes,Yes,Yes,Yes,Yes,Yes,Yes,Yes,No,Yes,Yes,Yes,Yes,Yes,Yes,34.23,35.10333333,No,0.87333333,37.625,Yes,Yes,29.4275,25.02666667,20.125,29.095,Yes,16.375,16.70787725,1.3745,31.325,1.60625,26.9,1.5355,27.52022398
184,tulip poplar,C-19-S,Control,Control,2019,South,Large,,,,Yes,28.45,29.1,29.9,30.3,42.83,58.29,NA,NA,NA,NA,NA,NA,Yes,Yes,Yes,Yes,No,Yes,Yes,Yes,Yes,Yes,Yes,Yes,Yes,Yes,Yes,No,Yes,Yes,Yes,Yes,Yes,Yes,35.9475,37.41,No,1.4625,42.925,Yes,Yes,29.92,25.995,26.2375,20.2575,Yes,22.775,23.23797889,1.472,31.325,1.60625,33.425,1.6395,34.19566864
185,sugar maple,IC+TSI-18-M,IC+TSI,IC+TSI,2018,Middle,Large,,,,Yes,17.5,17.5,18,17.9,8.41,13.23,NA,NA,NA,NA,NA,NA,Yes,Yes,Yes,Yes,No,Yes,Yes,Yes,Yes,Yes,Yes,Yes,Yes,Yes,Yes,No,Yes,Yes,Yes,Yes,Yes,Yes,24.22,38.49,No,14.27,34.9725,Yes,Yes,14.0525,30.4425,26.3975,17.79,Yes,13.075,15.65115324,1.32325,25.675,1.51725,21.075,1.44675,22.28285573
186,tulip poplar,C-18-S,Control,Control,2018,South,Large,,,,Yes,28.9,29.3,30.3,30.6,32.35,44.72,NA,NA,NA,NA,NA,NA,Yes,Yes,Yes,Yes,No,Yes,Yes,Yes,Yes,Yes,Yes,Yes,Yes,Yes,Yes,No,Yes,Yes,Yes,Yes,Yes,No,34.9775,32.675,Yes,-2.3025,53.71,Yes,Yes,29.5,20.6125,16.365,18.225,Yes,22.425,24.42378812,1.46675,29.125,1.572,31.125,1.602,31.84263834
187,tulip poplar,C-19-N,Control,Control,2019,North,Large,,,,Yes,23.1,23.4,23.7,24.3,14.38,17.08,NA,NA,NA,NA,NA,NA,Yes,Yes,Yes,Yes,No,Yes,Yes,Yes,Yes,Yes,Yes,Yes,Yes,Yes,Yes,No,Yes,Yes,Yes,Yes,Yes,Yes,22.39,26.2,Yes,3.81,25.6825,Yes,Yes,8.945,17.9975,16.49,24.7275,Yes,19.675,23.55154418,1.42575,25.675,1.51725,31.2,1.60825,32.41264822
188,red maple,IC+TSI-18-N,IC+TSI,IC+TSI,2018,North,Large,,,,Yes,11.8,11.9,12,12,6.04,6.81,NA,NA,NA,NA,NA,NA,Yes,Yes,Yes,Yes,No,Yes,Yes,Yes,Yes,Yes,Yes,Yes,Yes,Yes,Yes,No,Yes,Yes,Yes,Yes,Yes,Yes,20.5425,33.37,Yes,12.8275,33.0525,Yes,Yes,14.37,25.225,27.9825,27.6675,Yes,12.2,13.87881157,1.30875,27.575,1.546,21.225,1.4485,26.35647233
189,tulip poplar,IC+TSI-19-N,IC+TSI,Control,2019,North,Large,,,,Yes,21.3,21.3,21.7,21.8,7.52,11.76,NA,NA,NA,NA,NA,NA,Yes,Yes,Yes,Yes,No,Yes,Yes,Yes,Yes,Yes,Yes,Yes,Yes,Yes,Yes,No,Yes,Yes,Yes,Yes,Yes,Yes,22.2625,28.9875,No,6.725,27.5725,Yes,Yes,15.8925,22.3075,28.01,35.275,Yes,19.3,23.54026583,1.41875,24.95,1.5055,32.925,1.63225,32.925
19,red maple,IC+TSI-19-S,IC+TSI,Control,2019,South,Large,,,,Yes,19.7,20.1,20.3,20.5,23.03,26.1,NA,NA,NA,NA,NA,NA,Yes,Yes,Yes,Yes,No,Yes,Yes,Yes,Yes,Yes,Yes,No,Yes,Yes,Yes,No,Yes,Yes,Yes,Yes,Yes,Yes,28.185,31.2325,No,3.0475,42.72,Yes,Yes,22.055,23.46,24.975,30.635,Yes,18.4,20.12634871,1.40625,28.975,1.57225,17.875,1.3975,20.9365942
190,red maple,IC+TSI-18-N,IC+TSI,IC+TSI,2018,North,Large,,,,Yes,22.6,22.7,23,23,9.9,13.65,NA,NA,NA,NA,NA,NA,Yes,Yes,Yes,Yes,No,Yes,Yes,Yes,Yes,Yes,Yes,Yes,Yes,Yes,Yes,No,Yes,Yes,Yes,Yes,Yes,Yes,23.665,30.465,No,6.8,24.38,Yes,Yes,15.2375,23.37,17.4225,31.7475,Yes,13.15,14.9595387,1.32325,27.575,1.546,19.7,1.425,24.46277997
191,tulip poplar,IC+TSI-18-N,IC+TSI,IC+TSI,2018,North,Large,,,,Yes,35.5,35.9,36.3,36.4,15.95,21.08,NA,NA,NA,NA,NA,NA,Yes,Yes,Yes,Yes,No,Yes,Yes,Yes,Yes,Yes,Yes,Yes,Yes,Yes,Yes,No,Yes,Yes,Yes,Yes,Yes,Yes,20.15,32.87,Yes,12.72,26.9175,Yes,Yes,13.2475,22.0175,22.8575,17.7625,Yes,14.15,16.09714621,1.34025,27.575,1.546,23.05,1.477,28.62269433
192,red maple,IC+TSI-18-M,IC+TSI,IC+TSI,2018,Middle,Large,,,,Yes,18.4,19.2,18.8,20.1,12.3,16.29,NA,NA,NA,NA,NA,NA,Yes,Yes,Yes,Yes,No,Yes,Yes,Yes,Yes,Yes,Yes,Yes,Yes,Yes,Yes,No,Yes,Yes,Yes,Yes,Yes,Yes,25.34,37.68,No,12.34,48.0375,Yes,Yes,19.6525,27.7325,29.11,19.3675,Yes,17.05,19.39620798,1.38475,27.575,1.546,24.8,1.503,26.22134387
193,sugar maple,C-18-S,Control,Control,2018,South,Large,,,,Yes,16.65,16.7,17,16.9,8.06,8.67,NA,NA,NA,NA,NA,NA,Yes,Yes,Yes,Yes,No,No,No,No,No,No,No,No,No,No,No,Yes,Yes,Yes,Yes,No,No,No,NA,36.2875,Yes,NA,46.3,Yes,Yes,#N/A,26.175,29.115,32.8125,NA,23.9,23.9,1.48975,31.975,1.61625,28.55,1.56075,29.20826746
194,sugar maple,C-18-S,Control,Control,2018,South,Large,,,,Yes,9.8,10,9.8,10.3,7.1,7.19,NA,NA,NA,NA,NA,NA,Yes,Yes,Yes,Yes,No,No,No,No,No,No,No,No,No,No,No,Yes,Yes,Yes,Yes,No,No,No,NA,33.46,Yes,NA,37.3775,Yes,Yes,#N/A,22.77,23.4375,24.565,NA,25.025,25.025,1.5065,31.975,1.61625,32.875,1.63175,33.63298748
195,tulip poplar,IC+TSI-18-M,IC+TSI,IC+TSI,2018,Middle,Large,,,,Yes,23.4,23.6,25.2,245,14.57,24.4,NA,NA,NA,NA,NA,NA,Yes,Yes,Yes,Yes,No,Yes,Yes,Yes,Yes,Yes,Yes,Yes,Yes,Yes,Yes,No,Yes,Yes,Yes,Yes,Yes,Yes,27.3825,34.89,Yes,7.5075,34.56,Yes,Yes,20.6125,26.4925,27.7975,17.1375,Yes,14.95,17.00723221,1.353,27.575,1.546,25.5,1.5145,26.96146245
196,sugar maple,IC+TSI-18-N,IC+TSI,IC+TSI,2018,North,Large,,,,Yes,16.5,16.6,16.7,16.6,4.1,3.77,NA,NA,NA,NA,NA,NA,Yes,Yes,Yes,Yes,No,Yes,Yes,Yes,Yes,Yes,Yes,Yes,Yes,Yes,Yes,No,Yes,Yes,Yes,Yes,Yes,Yes,20.3175,35.42,No,15.1025,38.965,Yes,Yes,15.2025,26.085,30.265,30.73,Yes,13.95,15.86962471,1.33675,27.575,1.546,19.375,1.4205,24.05920619
197,sugar maple,IC-18-N,IC,IC,2018,North,Large,,,,Yes,11.45,11.1,11.6,11.7,6.1,6.06,NA,NA,NA,NA,NA,NA,Yes,Yes,Yes,Yes,No,Yes,Yes,Yes,Yes,Yes,Yes,Yes,Yes,Yes,Yes,No,Yes,Yes,Yes,Yes,Yes,Yes,18.78,28.68,No,9.9,31.965,Yes,Yes,11.2675,20.8775,26.795,19.23,Yes,16.9,18.51204066,1.382,28.925,1.5675,12.375,1.3115,15.36684783
198,tulip poplar,IC-18-N,IC,IC,2018,North,Large,,,,Yes,33.43,33.6,34.5,34.5,26.56,33.61,NA,NA,NA,NA,NA,NA,Yes,Yes,Yes,Yes,No,Yes,Yes,Yes,Yes,Yes,Yes,Yes,Yes,Yes,Yes,No,Yes,Yes,Yes,Yes,Yes,Yes,22.7025,27.5875,No,4.885,24.8825,Yes,Yes,12.84,19.135,18.645,22.08,Yes,17.65,19.33358092,1.39475,28.925,1.5675,20.05,1.532,24.89739789
199,red maple,IC+TSI-19-N,IC+TSI,Control,2019,North,Large,,,,Yes,21.6,12.6,21.9,22,13.79,16.41,NA,NA,NA,NA,NA,NA,Yes,Yes,Yes,Yes,No,Yes,Yes,Yes,Yes,Yes,Yes,Yes,Yes,Yes,Yes,No,Yes,Yes,Yes,Yes,Yes,Yes,20.1625,37.08,Yes,16.9175,27.68,Yes,Yes,12.4375,22.905,25.8925,28.425,Yes,16.3,19.88115715,1.37375,24.95,1.5055,32.875,1.6305,32.875
2,sugar maple,IC+TSI-18-S,IC+TSI,IC+TSI,2018,South,Large,,,,Yes,14.4,14.4,14.4,14.4,8.36,8.79,NA,NA,NA,NA,NA,NA,Yes,Yes,Yes,Yes,No,No,No,No,No,No,No,No,No,No,No,Yes,Yes,Yes,Yes,No,No,No,NA,36.37,No,NA,32.3675,Yes,Yes,#N/A,27.725,24.25625,25.2975,NA,27.375,27.375,1.542,31.975,1.61625,19.85,1.42775,23.44601449
20,tulip poplar,IC+TSI-19-S,IC+TSI,Control,2019,South,Large,,,,Yes,34,33.9,34.3,34.3,8.13,9.19,NA,NA,NA,NA,NA,NA,Yes,Yes,Yes,Yes,No,No,No,No,No,No,No,Yes,No,No,No,Yes,Yes,Yes,Yes,No,No,No,NA,22.975,Yes,NA,42.3175,Yes,Yes,#N/A,16.01,20.8975,21.4775,NA,16.975,18.56765051,1.383,28.975,1.57225,20.45,1.43675,23.95263505
200,sugar maple,C-19-N,Control,Control,2019,North,Large,,"Just out of boundary, but leaving because Control plot, and veg survey",,Yes,10.9,11.5,11.5,11.9,11.29,22.23,NA,NA,NA,NA,NA,NA,Yes,Yes,Yes,Yes,No,Yes,Yes,Yes,Yes,Yes,Yes,Yes,Yes,Yes,Yes,No,Yes,Yes,Yes,Yes,Yes,Yes,14.57,23.1825,Yes,8.6125,40.87,Yes,Yes,9.37,14.3275,13.5675,24.75,Yes,13.375,16.01026193,1.32825,25.675,1.51725,26.925,1.53625,27.97149209
201,red maple,IC+TSI-18-S,IC+TSI,IC+TSI,2018,South,Large,,,,Yes,31.1,31.2,31.4,31.4,26.85,27.32,NA,NA,NA,NA,NA,NA,Yes,Yes,Yes,Yes,No,No,No,No,No,No,No,No,No,No,No,Yes,Yes,Yes,Yes,No,No,No,NA,39.9925,Yes,NA,33.5725,Yes,Yes,#N/A,31.395,28.7025,25.0425,NA,22.775,24.91182565,1.472,28.975,1.57225,18.525,1.40775,21.88097826
202,tulip poplar,IC+TSI-18-S,IC+TSI,IC+TSI,2018,South,Large,,,,Yes,25.9,26.5,27.3,28,42.47,67.79,NA,NA,NA,NA,NA,NA,Yes,Yes,Yes,Yes,Yes,No,No,No,No,No,No,No,No,No,No,Yes,Yes,Yes,Yes,No,No,No,NA,32.9275,Yes,NA,21.795,Yes,Yes,#N/A,25.1725,17.765,23.99,NA,18.725,20.48184128,1.411,28.975,1.57225,19.525,1.423,23.06213768
203,elm,IC-19-S,IC,Control,2019,South,small,,,Very bent over,Yes,NA,NA,NA,NA,NA,NA,4.75,5.65,two measures,4.6,6.37,,NA,NA,NA,NA,No,No,No,No,No,No,No,No,No,No,No,No,Yes,Yes,Yes,No,No,No,NA,42.4525,No,NA,34.4625,Yes,Yes,#N/A,30.94,25.895,19.545,NA,19.45,21.18362001,1.4215,29.125,1.572,24,1.49075,24.56916996
204,elm,IC-19-S,IC,Control,2019,South,small,,,,Yes,NA,NA,NA,NA,NA,NA,3.6,4.95,two measures,4.3,5.74,,NA,NA,NA,NA,Yes,Yes,Yes,Yes,Yes,Yes,Yes,Yes,Yes,Yes,Yes,No,Yes,Yes,Yes,Yes,Yes,Yes,25.7075,30.5225,Yes,4.815,34.0075,Yes,Yes,17.75,23.06,24.9525,18.3075,Yes,25.7,35.10390931,1.524,20.275,1.4355,33.725,1.646375,34.52480237
205,elm,IC-19-S,IC,Control,2019,South,small,,,,Yes,NA,NA,NA,NA,NA,NA,6.2,6.71,two measures,6.6,8.09,,NA,NA,NA,NA,No,No,No,No,No,No,No,No,No,No,No,Yes,Yes,Yes,Yes,No,No,No,NA,31.11,Yes,NA,38.43,Yes,Yes,#N/A,21.26,28.2075,17.8475,NA,16.9,23.08389367,1.38325,20.275,1.4355,33.025,1.63775,34.30858037
206,elm,IC-19-S,IC,Control,2019,South,small,,,,Yes,NA,NA,NA,NA,NA,NA,4.4,4.67,two measures,4.6,5.12,,NA,NA,NA,NA,No,No,No,No,No,No,No,No,No,No,No,No,Yes,Yes,Yes,No,No,No,NA,42.6625,Yes,NA,27.715,Yes,Yes,#N/A,33.3075,20.93,27.525,NA,24.65,26.84710712,1.5005,29.125,1.572,29.65,1.57925,30.35316206
207,sugar maple,IC-18-S,IC,IC,2018,South,small,,,,Yes,NA,NA,NA,NA,NA,NA,5.8,9.047,two measures,5.9,9.23,,NA,NA,NA,NA,No,No,No,No,No,No,No,No,No,No,No,Yes,Yes,Yes,Yes,No,No,No,NA,32.1975,Yes,NA,25.3075,Yes,Yes,#N/A,22.4425,22.5025,13.23,NA,18.65,20.39980454,1.41,28.975,1.57225,25.3,1.51075,26.41666667
208,sugar maple,IC-19-S,IC,Control,2019,South,small,,,,Yes,NA,NA,NA,NA,NA,NA,6.05,7.2,two measures,5.7,8.72,,NA,NA,NA,NA,No,No,No,No,No,No,No,No,No,No,No,No,Yes,Yes,Yes,No,No,No,NA,43.765,Yes,NA,28.75875,Yes,Yes,#N/A,33.3375,18.99333333,22.2675,NA,20.225,22.02769742,1.4335,29.125,1.572,26.4,1.52925,27.02608696
209,sugar maple,IC+TSI-19-S,IC+TSI,Control,2019,South,small,,"Why no soil moisture 2020? Does not appear in data but is on survey list, must have missed",,Yes,NA,NA,NA,NA,NA,NA,3.5,5.94,,3.6,6.09,,NA,NA,NA,NA,No,No,No,No,No,No,No,No,No,No,No,Yes,Yes,Yes,Yes,No,No,No,NA,36.0275,Yes,NA,33.5275,Yes,Yes,#N/A,26.275,28.645,25.7625,NA,21.1,23.07967162,1.44825,28.975,1.57225,NA,NA,NA
21,red maple,IC+TSI-19-S,IC+TSI,Control,2019,South,Large,,,,Yes,10.55,10.7,10.9,10.8,11.45,12.89,NA,NA,NA,NA,NA,NA,Yes,Yes,Yes,Yes,No,No,No,No,No,No,No,No,No,No,No,Yes,Yes,Yes,Yes,No,No,No,NA,34.1775,Yes,NA,44.4075,Yes,Yes,#N/A,24.1925,23.5,22.645,NA,21.825,23.87269351,1.46025,28.975,1.57225,24.45,1.4995,28.63774704
210,elm,IC-19-S,IC,Control,2019,South,small,,,,Yes,NA,NA,NA,NA,NA,NA,7.9,9.37,two measures,8.2,9.88,,NA,NA,NA,NA,No,No,No,No,No,No,No,No,No,No,No,Yes,Yes,Yes,Yes,No,No,No,NA,28.55,No,NA,33.0575,Yes,Yes,#N/A,18.56,23.0975,16.3625,NA,14.85,20.28377639,1.3505,20.275,1.4355,30.225,1.5895,30.94179842
211,sugar maple,IC-19-S,IC,Control,2019,South,small,,,,Yes,NA,NA,NA,NA,NA,NA,5.55,8.69,two measures,5.6,8.91,,NA,NA,NA,NA,No,No,No,No,No,No,No,No,No,No,No,Yes,Yes,Yes,Yes,No,No,No,NA,41.655,Yes,NA,35.4475,Yes,Yes,#N/A,30.6075,31.19,27.34,NA,12.7,17.34706802,1.3175,20.275,1.4355,29.925,1.5825,30.63468379
212,elm,IC+TSI-18-S,IC+TSI,IC+TSI,2018,South,small,,,,Yes,NA,NA,NA,NA,NA,NA,5.9,5.96,,6.5,7.17,,NA,NA,NA,NA,No,No,No,No,No,No,No,No,No,No,No,Yes,Yes,Yes,Yes,No,No,No,NA,33.1175,Yes,NA,37.015,Yes,Yes,#N/A,23.9775,28.17375,23.625,NA,16.35,17.88401095,1.37575,28.975,1.57225,16.475,1.37625,19.29680501
213,elm,IC+TSI-19-S,IC+TSI,Control,2019,South,small,,,,Yes,NA,NA,NA,NA,NA,NA,4.8,6.42,,5.7,7.71,,NA,NA,NA,NA,No,No,No,No,No,No,No,No,No,No,No,Yes,Yes,Yes,Yes,No,No,No,NA,37.03,Yes,NA,34.11,Yes,Yes,#N/A,29.1325,27.1175,20.9325,NA,28.2,30.84581705,1.5615,28.975,1.57225,34.325,1.655,35.13903162
214,red maple,IC-19-S,IC,Control,2019,South,small,Target Tree fallen down,Target Tree fallen down,,No,NA,NA,NA,NA,NA,NA,3.8,4.99,two measures,NA,NA,NA,NA,NA,NA,NA,No,No,No,No,No,No,No,No,No,No,No,No,Yes,No,No,No,No,No,NA,NA,No,NA,36.775,Yes,No,#N/A,#N/A,27.6075,NA,NA,NA,NA,NA,NA,NA,NA,NA,NA
215,sugar maple,IC+TSI-18-S,IC+TSI,IC+TSI,2018,South,small,,,,Yes,NA,NA,NA,NA,NA,NA,2.6,4.01,,2.3,4.09,,NA,NA,NA,NA,No,No,No,No,No,No,No,No,No,No,No,Yes,Yes,Yes,Yes,No,No,No,NA,37.4825,No,NA,36.18,Yes,Yes,#N/A,27.895,29.30125,26.6075,NA,22.775,24.91182565,1.4685,28.975,1.57225,21.675,1.4545,25.38745059
216,sugar maple,IC+TSI-18-S,IC+TSI,IC+TSI,2018,South,small,,,,Yes,NA,NA,NA,NA,NA,NA,5.7,9.91,,6.2,11.14,needs flagging,NA,NA,NA,NA,No,No,No,No,No,No,No,No,No,No,No,Yes,Yes,Yes,Yes,No,No,No,NA,33.63,Yes,NA,28.215,Yes,Yes,#N/A,24.9925,21.7375,22.055,NA,34.45,34.45,1.6595,31.975,1.61625,29.575,1.58375,34.64054677
217,elm,IC+TSI-18-S,IC+TSI,IC+TSI,2018,South,small,,,Partially split trunk,Yes,NA,NA,NA,NA,NA,NA,4.6,7.27,,4.9,7.79,,NA,NA,NA,NA,No,No,No,No,No,No,No,No,No,No,No,Yes,Yes,Yes,Yes,No,No,No,NA,40.81,Yes,NA,23.8275,Yes,Yes,#N/A,28.6225,18.3525,22.325,NA,19.975,21.84912041,1.4295,28.975,1.57225,18.675,1.41025,21.8736166
218,sugar maple,IC+TSI-18-S,IC+TSI,IC+TSI,2018,South,small,,,,Yes,NA,NA,NA,NA,NA,NA,4.7,7.72,,4.7,7.98,,NA,NA,NA,NA,No,No,No,No,No,No,No,No,No,No,No,Yes,Yes,Yes,Yes,No,No,No,NA,36.1325,No,NA,28.6925,Yes,Yes,#N/A,26.8,21.235,26.5325,NA,20.525,20.525,1.438,31.975,1.61625,15.05,1.3545,17.77644928
219,sugar maple,IC+TSI-18-S,IC+TSI,IC+TSI,2018,South,small,,,Alive but top broken off,Yes,NA,NA,NA,NA,NA,NA,4.2,5.91,,4,5.7,,NA,NA,NA,NA,No,No,No,No,No,No,No,No,No,No,No,Yes,Yes,Yes,Yes,No,No,No,NA,34.83,No,NA,37.875,Yes,Yes,#N/A,25.035,31.1975,24.5375,NA,29.175,29.175,1.5755,31.975,1.61625,20.7,1.4415,25.30909091
22,tulip poplar,IC-18-S,IC,IC,2018,South,Large,,,,Yes,34.5,,35.1,35.4,18.61,23.27,NA,NA,NA,NA,NA,NA,Yes,Yes,Yes,Yes,Yes,Yes,Yes,Yes,No,Yes,Yes,No,Yes,Yes,Yes,Yes,Yes,Yes,Yes,No,No,No,NA,33.54,Yes,NA,30.3975,Yes,Yes,#N/A,23.42666667,18.12,24.2425,Yes,14.05,20.0039484,1.34025,18.425,1.4065,30.025,1.58425,31.3502141
220,sugar maple,IC+TSI-18-S,IC+TSI,IC+TSI,2018,South,small,,,,Yes,NA,NA,NA,NA,NA,NA,3.8,5.41,,3.8,5.29,,NA,NA,NA,NA,No,No,No,No,No,No,No,No,No,No,No,Yes,Yes,Yes,Yes,No,No,No,NA,36.58,Yes,NA,38.85,Yes,Yes,#N/A,26.0925,32.80625,23.6575,NA,27.825,27.825,1.554,31.975,1.61625,18.45,1.40675,22.55810277
221,elm,IC+TSI-18-S,IC+TSI,IC+TSI,2018,South,small,,,Top snapped off,Maybe,NA,NA,NA,NA,NA,NA,9.5,7.46,,9.1,8.34,needs flagging,NA,NA,NA,NA,No,No,No,No,No,No,No,No,No,No,No,Yes,Yes,Yes,Yes,No,No,No,NA,38.0175,Yes,NA,34.495,Yes,Yes,#N/A,30.1125,27.6675,25.095,NA,18.8,18.8,1.4115,31.975,1.61625,17.975,1.399,21.23134058
222,sugar maple,IC+TSI-18-S,IC+TSI,IC+TSI,2018,South,small,,,,Yes,NA,NA,NA,NA,NA,NA,2.3,5.23,,2.3,5.37,,NA,NA,NA,NA,No,No,No,No,No,No,No,No,No,No,No,Yes,Yes,Yes,Yes,No,No,No,NA,35.4975,Yes,NA,24.7875,Yes,Yes,#N/A,27.175,19.05,27.1625,NA,23.175,23.175,1.47775,31.975,1.61625,15.55,1.36175,19.01238472
223,elm,IC+TSI-18-S,IC+TSI,IC+TSI,2018,South,small,Not in plot,Not in plot,,No,NA,NA,NA,NA,NA,NA,5.3,6.61,,5.5,7.24,,NA,NA,NA,NA,No,Yes,No,No,Yes,Yes,No,Yes,Yes,No,No,No,Yes,No,No,Yes,Yes,Yes,NA,37.66,No,NA,NA,NA,Yes,#N/A,29.18,#N/A,31.24,NA,18.9,18.9,1.41325,31.975,1.61625,NA,NA,NA
224,elm,IC+TSI-18-S,IC+TSI,IC+TSI,2018,South,small,,,,Yes,NA,NA,NA,NA,NA,NA,8.5,10.7,,8.8,12.51,,NA,NA,NA,NA,No,No,No,No,No,No,No,No,No,No,No,Yes,Yes,Yes,Yes,No,No,No,NA,30.425,Yes,NA,26.4325,Yes,Yes,#N/A,20.5625,16.24125,25.8,NA,20.95,20.95,1.44425,31.975,1.61625,15.825,1.36625,18.69184783
225,sugar maple,IC+TSI-18-S,IC+TSI,IC+TSI,2018,South,small,,,,Yes,NA,NA,NA,NA,NA,NA,4.5,7.16,,4.4,6.82,,NA,NA,NA,NA,No,No,No,No,No,No,No,No,No,No,No,Yes,Yes,Yes,Yes,No,No,No,NA,39.22,Yes,NA,37.385,Yes,Yes,#N/A,30.815,28.48625,22.03,NA,26.8,26.8,1.5335,31.975,1.61625,18.8375,1.41225,22.61893939
226,tulip poplar,IC+TSI-18-S,IC+TSI,IC+TSI,2018,South,small,,,,Yes,NA,NA,NA,NA,NA,NA,8,9.81,,8.3,8.79,,NA,NA,NA,NA,No,Yes,Yes,Yes,Yes,Yes,Yes,Yes,Yes,Yes,Yes,No,Yes,Yes,Yes,Yes,Yes,Yes,NA,36.5625,No,NA,34.415,Yes,Yes,#N/A,23.74,24.17125,14.895,NA,23.4,23.4,1.4815,31.975,1.61625,16.2,1.372,19.13478261
227,sugar maple,IC-18-M,IC,IC,2018,Middle,small,,,,Yes,NA,NA,NA,NA,NA,NA,1.8,3.03,,2,3.04,,NA,NA,NA,NA,No,Yes,Yes,Yes,Yes,Yes,Yes,Yes,Yes,Yes,Yes,Yes,Yes,Yes,Yes,Yes,Yes,Yes,NA,35.92,No,NA,49.4975,Yes,Yes,#N/A,28.11,34.695,28.9975,NA,23.025,23.025,1.476,31.975,1.61625,16.05,1.3685,18.64041502
228,sugar maple,IC-18-M,IC,IC,2018,Middle,small,,,,Yes,NA,NA,NA,NA,NA,NA,5.9,9.41,,6.2,9.69,,NA,NA,NA,NA,No,No,No,No,No,No,No,No,No,No,No,Yes,Yes,Yes,Yes,No,No,No,NA,33.14,Yes,NA,41.11,Yes,Yes,#N/A,25.04,24.935,16.4175,NA,25.6,26.60078186,1.51475,30.725,1.5965,34.3,1.65325,34.39038208
229,sugar maple,IC-19-M,IC,Control,2019,Middle,small,,,,Yes,NA,NA,NA,NA,NA,NA,4,5.82,,4.1,6,,NA,NA,NA,NA,No,No,No,No,No,No,No,No,No,No,No,Yes,Yes,Yes,Yes,No,No,No,NA,23.015,Yes,NA,27.9075,Yes,Yes,#N/A,17.035,23.1075,22.8425,NA,21.4,21.83502737,1.45125,31.325,1.60625,17.95,1.39875,20.84706851
23,sugar maple,IC+TSI-18-S,IC+TSI,IC+TSI,2018,South,Large,,,,Yes,13.4,12.8,12.8,12.7,9.37,9.04,NA,NA,NA,NA,NA,NA,Yes,Yes,Yes,Yes,No,No,No,No,No,No,No,No,No,No,No,Yes,Yes,Yes,Yes,No,No,No,NA,40.535,Yes,NA,36.8025,Yes,Yes,#N/A,33.49,29.8375,24.195,NA,26.4,26.4,1.52775,31.975,1.61625,19.175,1.41725,22.64873188
230,sugar maple,IC-18-M,IC,IC,2018,Middle,small,,,,Yes,NA,NA,NA,NA,NA,NA,4.9,8.32,,5,8.71,,NA,NA,NA,NA,No,No,No,No,No,No,No,No,No,No,No,Yes,Yes,Yes,Yes,No,No,No,NA,32.505,Yes,NA,40.635,Yes,Yes,#N/A,21.485,30.4325,28.875,NA,25.55,25.55,1.51525,31.975,1.61625,13.45,1.33,15.62078393
231,red maple,IC-19-M,IC,Control,2019,Middle,small,,,Broken in half,Maybe,NA,NA,NA,NA,NA,NA,4,5.17,,4,5.14,,NA,NA,NA,NA,No,No,No,No,No,No,No,No,No,No,No,Yes,Yes,Yes,Yes,No,No,No,NA,28.255,No,NA,36.2075,Yes,No,#N/A,23.495,30.4,NA,NA,21.675,22.11561767,1.4555,31.325,1.60625,21.7,1.456,25.20230567
232,sugar maple,IC-19-M,IC,Control,2019,Middle,small,,,,Yes,NA,NA,NA,NA,NA,NA,5.2,7.88,,5.2,8.3,,NA,NA,NA,NA,No,No,No,No,No,No,No,No,No,No,No,Yes,Yes,Yes,Yes,No,No,No,NA,30.23,Yes,NA,28.2275,Yes,Yes,#N/A,21.0625,20.225,23.905,NA,23.3,23.3,1.48075,31.975,1.61625,24.225,1.4935,28.13483202
233,sugar maple,IC-19-M,IC,Control,2019,Middle,small,,,,Yes,NA,NA,NA,NA,NA,NA,6.4,10.66,,6.7,12.93,,NA,NA,NA,NA,No,No,No,No,No,No,No,No,No,No,No,Yes,Yes,Yes,Yes,No,No,No,NA,25.4225,No,NA,41.4925,Yes,Yes,#N/A,19.6125,26.0025,27.75333333,NA,20.275,20.68715794,1.4335,31.325,1.60625,19.55,1.42275,22.70530303
234,red maple,IC-19-M,IC,Control,2019,Middle,small,,,,Yes,NA,NA,NA,NA,NA,NA,4.75,8.7,,4.8,8.46,,NA,NA,NA,NA,No,No,No,No,No,No,No,No,No,No,No,Yes,Yes,Yes,Yes,No,No,No,NA,32.245,Yes,NA,33.3775,Yes,Yes,#N/A,25.275,25.3525,29.535,NA,17.425,17.77922205,1.3905,31.325,1.60625,27.6,1.54625,27.67272727
235,sugar maple,IC-18-M,IC,IC,2018,Middle,small,,,,Yes,NA,NA,NA,NA,NA,NA,5.5,9.68,,5.7,9.27,,NA,NA,NA,NA,No,No,No,No,No,No,No,No,No,No,No,Yes,Yes,Yes,Yes,No,No,No,NA,20.7675,Yes,NA,35.6425,Yes,Yes,#N/A,15.3025,28.1525,19.7675,NA,23.7,24.62650508,1.4865,30.725,1.5965,26.175,1.524,26.24397233
236,sugar maple,IC-19-M,IC,Control,2019,Middle,small,,,,Yes,NA,NA,NA,NA,NA,NA,3.75,6.84,,4.1,7.22,,NA,NA,NA,NA,No,Yes,Yes,Yes,Yes,Yes,Yes,Yes,Yes,Yes,Yes,No,Yes,Yes,Yes,Yes,Yes,Yes,NA,28.625,Yes,NA,28.1525,Yes,Yes,#N/A,19.425,16.8525,28.4775,NA,22.525,22.9828968,1.4685,31.325,1.60625,20.95,1.444,24.33125823
237,elm,IC-19-M,IC,Control,2019,Middle,small,,,,Yes,NA,NA,NA,NA,NA,NA,4.8,5.9,,4.9,5.45,,NA,NA,NA,NA,No,No,No,No,No,No,No,No,No,No,No,Yes,Yes,Yes,Yes,No,No,No,NA,33.0925,No,NA,28.3125,Yes,Yes,#N/A,25.8025,20.255,29.95,NA,18.6,20.3741986,1.409,28.925,1.5675,27.325,1.545,27.39700264
238,elm,IC-19-M,IC,Control,2019,Middle,small,,,,Yes,NA,NA,NA,NA,NA,NA,3.4,5.51,,3.7,5.57,,NA,NA,NA,NA,No,No,No,No,No,No,No,No,No,No,No,Yes,Yes,Yes,Yes,No,No,No,NA,35.135,Yes,NA,31.01,Yes,Yes,#N/A,28.0975,26.3375,27.8675,NA,24.475,24.97253714,1.49775,31.325,1.60625,33.175,1.63775,33.26241765
239,red maple,IC-19-M,IC,Control,2019,Middle,small,,,,Yes,NA,NA,NA,NA,NA,NA,7.65,10.66,,7.7,10.26,,NA,NA,NA,NA,No,Yes,Yes,Yes,Yes,Yes,Yes,Yes,Yes,Yes,Yes,Yes,Yes,Yes,Yes,Yes,Yes,Yes,NA,36.44,No,NA,38.61,Yes,Yes,#N/A,28.5775,33.3425,27.94,NA,22.2,22.65129007,1.46375,31.325,1.60625,30,1.585,30.07905138
24,red maple,IC-18-S,IC,IC,2018,South,Large,,,,Yes,17.7,,18.1,18.3,17.95,20.11,NA,NA,NA,NA,NA,NA,Yes,Yes,Yes,Yes,No,No,No,No,No,No,No,No,No,No,No,Yes,Yes,Yes,Yes,No,No,No,NA,38.5725,Yes,NA,22.71,Yes,Yes,#N/A,29.3725,18.435,26.45,NA,31.925,34.7705434,1.616,29.125,1.572,32.2,1.6195,33.62121212
240,elm,IC-19-M,IC,Control,2019,Middle,small,,,,Yes,NA,NA,NA,NA,NA,NA,5.4,6.63,,5.7,5.54,,NA,NA,NA,NA,No,No,No,No,No,No,No,No,No,No,No,Yes,Yes,Yes,Yes,No,No,No,NA,40.9275,Yes,NA,36.38,Yes,Yes,#N/A,34.865,23.4975,27.8775,NA,22.65,23.53545739,1.4705,30.725,1.5965,32.225,1.6195,32.30991436
241,red maple,IC-18-M,IC,IC,2018,Middle,small,,,,Yes,NA,NA,NA,NA,NA,NA,4.85,7.48,,5,7.34,,NA,NA,NA,NA,No,No,No,No,No,No,No,No,No,No,No,Yes,Yes,Yes,Yes,No,No,No,NA,28.9575,Yes,NA,34.3525,Yes,Yes,#N/A,20.065,27.975,23.5,NA,23.05,23.9510946,1.476,30.725,1.5965,28.25,1.558,28.51054018
242,elm,IC-19-M,IC,Control,2019,Middle,small,,,,Yes,NA,NA,NA,NA,NA,NA,4.55,6.2,,4.8,6.18,,NA,NA,NA,NA,No,No,No,No,No,No,No,No,No,No,No,Yes,Yes,Yes,Yes,No,No,No,NA,39.3825,Yes,NA,35.0875,Yes,Yes,#N/A,31.875,29.2425,25.245,NA,19.525,19.92191165,1.42325,31.325,1.60625,26.525,1.52825,26.5948946
243,sugar maple,IC-18-M,IC,IC,2018,Middle,small,,,Broken,Yes,NA,NA,NA,NA,NA,NA,2.8,4.78,,2.8,4.32,,NA,NA,NA,NA,No,No,No,No,No,No,No,No,No,No,No,Yes,Yes,Yes,Yes,No,No,No,NA,24.85,Yes,NA,33.435,Yes,Yes,#N/A,17.2025,27.255,19.2775,NA,22.375,23.2497068,1.46575,30.725,1.5965,25.15,1.5085,25.38194993
244,elm,IC-18-M,IC,IC,2018,Middle,small,,,,Yes,NA,NA,NA,NA,NA,NA,4.9,6.29,,5.3,7.26,,NA,NA,NA,NA,No,No,No,No,No,No,No,No,No,No,No,No,Yes,Yes,Yes,No,No,No,NA,30.9925,Yes,NA,27.475,Yes,Yes,#N/A,19.4225,20.7475,19.115,NA,25,25.97732604,1.506,30.725,1.5965,24.6,1.49975,24.66482213
245,sugar maple,IC-18-M,IC,IC,2018,Middle,small,,,,Yes,NA,NA,NA,NA,NA,NA,4.7,7.855,,4.6,8.2,,NA,NA,NA,NA,No,Yes,Yes,Yes,Yes,Yes,Yes,Yes,Yes,Yes,Yes,No,Yes,Yes,Yes,Yes,Yes,Yes,NA,32.6775,Yes,NA,31.49,Yes,Yes,#N/A,20.8375,20.64,16.6825,NA,26.7,27.74378421,1.532,30.725,1.5965,26.7,1.5325,26.77035573
246,sugar maple,IC-19-M,IC,Control,2019,Middle,small,,,,Yes,NA,NA,NA,NA,NA,NA,3.9,6.57,,3.8,6.6,,NA,NA,NA,NA,No,No,No,No,No,No,No,No,No,No,No,Yes,Yes,Yes,Yes,No,No,No,NA,41.32,Yes,NA,31.5525,Yes,Yes,#N/A,26.5,27.4075,26.645,NA,23.2,24.10695857,1.47875,30.725,1.5965,20.6,1.43925,23.92476943
247,sugar maple,IC-19-M,IC,Control,2019,Middle,small,,,,Yes,NA,NA,NA,NA,NA,NA,2.5,5.125,,2.6,5.15,,NA,NA,NA,NA,No,No,No,No,No,No,No,No,No,No,No,Yes,Yes,Yes,Yes,No,No,No,NA,34.58,Yes,NA,34.345,Yes,Yes,#N/A,27.8325,26.055,28.715,NA,22.125,22.57476544,1.46175,31.325,1.60625,35.5,1.6755,35.59354414
248,sugar maple,IC-19-S,IC,Control,2019,South,small,,,,Yes,NA,NA,NA,NA,NA,NA,6.8,12.26,,6.9,11.71,,NA,NA,NA,NA,No,Yes,Yes,Yes,Yes,Yes,Yes,Yes,Yes,Yes,Yes,No,Yes,Yes,Yes,Yes,Yes,Yes,24.805,30.38,Yes,5.575,35.0575,Yes,Yes,18.9725,24.2725,23.6175,18.1625,Yes,19.025,25.98645426,1.42125,20.275,1.4355,34.3,1.66325,35.11343874
249,elm,IC-19-M,IC,Control,2019,Middle,small,,,,Yes,NA,NA,NA,NA,NA,NA,3.7,4.78,,4,5.63,,NA,NA,NA,NA,No,No,No,No,No,No,No,No,No,No,No,Yes,Yes,Yes,Yes,No,No,No,NA,32.1025,Yes,NA,28.67,Yes,Yes,#N/A,25.2325,22.86,26.8225,NA,25.2,25.71227521,1.5095,31.325,1.60625,27.125,1.54125,31.50288208
25,red maple,IC-18-S,IC,IC,2018,South,Large,,,,Yes,23.1,24.5,23.8,24,16.29,18.06,NA,NA,NA,NA,NA,NA,Yes,Yes,Yes,Yes,Yes,Yes,Yes,Yes,Yes,Yes,Yes,Yes,Yes,Yes,Yes,No,Yes,Yes,Yes,Yes,Yes,Yes,22.6675,29.9575,Yes,7.29,35.4425,Yes,Yes,20.3425,23.1775,18.3825,26.38684211,Yes,34.225,46.74829945,1.65575,20.275,1.4355,41.15,1.7785,42.96623847
250,sugar maple,IC-19-S,IC,Control,2019,South,small,,,,Yes,NA,NA,NA,NA,NA,NA,4.7,8.21,,4.6,8.81,,NA,NA,NA,NA,No,No,No,No,No,No,No,No,No,No,No,No,Yes,Yes,Yes,No,No,No,NA,44.2275,Yes,NA,29.1075,Yes,No,#N/A,33.9975,22.1575,NA,NA,9.75,13.31763096,1.26975,20.275,1.4355,23.175,1.47775,24.19787549
251,red maple,C-18-M,Control,Control,2018,Middle,small,,,,Yes,NA,NA,NA,NA,NA,NA,4.4,7.13,,4.4,7.67,,NA,NA,NA,NA,No,Yes,Yes,Yes,Yes,Yes,Yes,Yes,Yes,Yes,Yes,No,Yes,Yes,Yes,Yes,Yes,Yes,NA,23.4325,Yes,NA,35.9775,Yes,No,#N/A,18.6225,29.6325,NA,NA,32,35.05238468,1.616,28.925,1.5675,32.05,1.62125,39.79858366
252,tulip poplar,IC-19-N,IC,Control,2019,North,Large,,,,Yes,32.2,33.7,33.9,34.3,47.1,64.61,NA,NA,NA,NA,NA,NA,Yes,Yes,Yes,Yes,No,Yes,Yes,Yes,Yes,Yes,Yes,Yes,Yes,Yes,Yes,No,Yes,Yes,Yes,Yes,Yes,Yes,32.47,44.72,Yes,12.25,34.12,Yes,No,22.0375,35.305,24.355,NA,Yes,18.15,21.72607506,1.402,25.675,1.51725,35.475,1.67525,35.475
253,red maple,IC-19-N,IC,Control,2019,North,Large,,,,Yes,15.55,15.6,16.2,16.4,19.49,23.59,NA,NA,NA,NA,NA,NA,Yes,Yes,Yes,Yes,No,Yes,Yes,Yes,Yes,Yes,Yes,Yes,Yes,Yes,Yes,No,Yes,Yes,Yes,Yes,Yes,Yes,31.7675,38.9725,Yes,7.205,34.33,Yes,Yes,20.0375,27.1925,23.325,24.03916667,Yes,24.725,29.59654027,1.503,25.675,1.51725,38.975,1.736,38.975
254,tulip poplar,IC+TSI-19-N,IC+TSI,Control,2019,North,Large,,Why no veg survey in 2020?,,Yes,30.7,30.9,31.5,31.7,17.11,24.01,NA,NA,NA,NA,NA,NA,Yes,Yes,Yes,Yes,No,Yes,Yes,Yes,Yes,Yes,Yes,Yes,Yes,Yes,Yes,No,Yes,No,Yes,Yes,Yes,Yes,31.415,36.7425,Yes,5.3275,32.25,Yes,Yes,22.63,26.925,30.88,30.495,NA,11.725,14.30101642,1.30225,24.95,1.5055,30.15,1.5865,30.15
255,red maple,IC+TSI-19-N,IC+TSI,Control,2019,North,Large,,,,Yes,19.7,19.6,20,20.2,4.77,4.68,NA,NA,NA,NA,NA,NA,Yes,Yes,Yes,Yes,No,Yes,Yes,Yes,Yes,Yes,Yes,Yes,Yes,Yes,Yes,No,Yes,Yes,Yes,Yes,Yes,Yes,33.2875,32.685,No,-0.6025,29.4025,Yes,Yes,23.3675,23.6775,31.5125,32.55,Yes,12.15,14.81939015,1.30875,24.95,1.5055,29.5,1.57725,29.5
256,sugar maple,IC+TSI-18-N,IC+TSI,IC+TSI,2018,North,Large,,,,Yes,14.4,14.4,14.5,14.5,3.22,3.1,NA,NA,NA,NA,NA,NA,Yes,Yes,Yes,Yes,No,Yes,Yes,Yes,Yes,Yes,Yes,Yes,Yes,Yes,Yes,No,Yes,Yes,Yes,Yes,Yes,Yes,17.9375,27.0325,Yes,9.095,21.8225,Yes,Yes,13.67,19.57,19.29,28.905,Yes,13.05,14.84577795,1.32325,27.575,1.546,31.625,1.61375,31.72916667
257,tulip poplar,IC-18-N,IC,IC,2018,North,Large,,,,Yes,19.35,19.5,20.2,20.5,19.78,30.82,NA,NA,NA,NA,NA,NA,Yes,Yes,Yes,Yes,No,Yes,Yes,Yes,Yes,Yes,Yes,Yes,Yes,Yes,Yes,No,Yes,Yes,Yes,Yes,Yes,Yes,18.9425,37.9875,Yes,19.045,31.8075,Yes,Yes,13.55,22.58,20.935,22.975,Yes,12.9,14.67513683,1.32075,27.575,1.546,18.55,1.40725,23.03474967
258,sugar maple,IC+TSI-19-N,IC+TSI,Control,2019,North,Large,,,,Yes,12.1,12.15,12.2,12.2,6.05,6.4,NA,NA,NA,NA,NA,NA,Yes,Yes,Yes,Yes,No,Yes,Yes,Yes,Yes,Yes,Yes,Yes,Yes,Yes,Yes,No,Yes,Yes,Yes,Yes,Yes,Yes,21.3,32.1575,Yes,10.8575,28.525,Yes,Yes,13.885,22.2725,25.8325,24.725,Yes,10.375,12.65441751,1.2795,24.95,1.5055,28.875,1.5655,28.875
259,red maple,IC-18-N,IC,IC,2018,North,Large,,,,Yes,11.73,11.8,12.1,12.4,10.03,12.64,NA,NA,NA,NA,NA,NA,Yes,Yes,Yes,Yes,No,Yes,Yes,Yes,Yes,Yes,Yes,Yes,Yes,Yes,Yes,No,Yes,Yes,Yes,Yes,Yes,Yes,25.7575,33.925,No,8.1675,34.8725,Yes,Yes,16.1775,24.42,26.6675,23.44,Yes,29.075,31.84837764,1.57525,28.925,1.5675,42.7,1.81125,42.7
26,red maple,IC-18-S,IC,IC,2018,South,Large,,,,Yes,12.3,13.5,12.4,12.5,4.96,5.17,NA,NA,NA,NA,NA,NA,Yes,Yes,Yes,Yes,No,No,No,No,No,No,No,No,No,No,No,Yes,Yes,Yes,Yes,No,No,No,NA,36.195,Yes,NA,23.5275,Yes,Yes,#N/A,27.11,14.435,25.9825,NA,13.7,19.5056294,1.3335,18.425,1.4065,30.7,1.59475,32.05500659
260,red maple,C-19-N,Control,Control,2019,North,Large,,,,Yes,12.7,13.1,13.5,14.1,24.34,37.07,NA,NA,NA,NA,NA,NA,Yes,Yes,Yes,Yes,No,Yes,Yes,Yes,Yes,Yes,Yes,Yes,Yes,Yes,Yes,No,Yes,Yes,Yes,Yes,Yes,Yes,13.72,22.355,Yes,8.635,18.8375,Yes,Yes,8.1725,13.7725,12.125,30.445,Yes,18.675,22.35451525,1.41,25.675,1.51725,28.55,1.56125,29.65965086
261,sugar maple,IC+TSI-18-N,IC+TSI,IC+TSI,2018,North,Large,Tree Girdled,Tree Girdled,,No,31.5,31.8,32.3,32.5,13.92,27.97,NA,NA,NA,NA,NA,NA,Yes,Yes,Yes,Yes,No,No,No,No,Yes,No,No,Yes,No,No,No,No,Yes,No,Yes,Yes,Yes,Yes,19.0225,21.89,Yes,2.8675,NA,NA,No,13.1925,16.9525,#N/A,NA,Yes,NA,NA,NA,27.575,1.546,20.625,1.4375,20.69293478
262,tulip poplar,C-18-N,Control,Control,2018,North,Large,,,,Yes,35.4,35.5,36.1,36.3,19.5,27.14,NA,NA,NA,NA,NA,NA,Yes,Yes,Yes,Yes,No,Yes,Yes,Yes,No,Yes,Yes,No,Yes,Yes,Yes,Yes,Yes,Yes,Yes,No,No,No,16.4725,31.165,Yes,14.6925,47.075,Yes,Yes,9.895,22.4825,24.445,20.365,NA,9.25,11.28225176,1.2615,24.95,1.5055,22.825,1.474,23.71213768
263,red maple,C-18-N,Control,Control,2018,North,Large,,,,Yes,10.7,10.8,11,11,6.71,8.03,NA,NA,NA,NA,NA,NA,Yes,Yes,Yes,Yes,No,No,No,No,No,No,No,No,No,No,No,Yes,Yes,Yes,Yes,No,No,No,13.755,22.31,Yes,8.555,43.3625,Yes,Yes,9.99,16.6325,24.7825,23.3875,NA,11,13.16731821,1.29025,25.675,1.51725,19.175,1.41625,19.92027339
264,tulip poplar,C-18-N,Control,Control,2018,North,Large,,,,Yes,21.5,21.5,21.9,22.1,9.41,10.35,NA,NA,NA,NA,NA,NA,Yes,Yes,Yes,Yes,No,Yes,Yes,Yes,Yes,Yes,Yes,Yes,Yes,Yes,Yes,No,Yes,Yes,Yes,Yes,Yes,Yes,20.805,24.0425,No,3.2375,44.1675,Yes,Yes,16.99,17.485,21.55,25.94,Yes,10.15,12.37998436,1.27625,24.95,1.5055,26,1.522,27.01054018
265,sugar maple,C-18-N,Control,Control,2018,North,Large,,,,Yes,11.9,11.7,11.9,12.3,7.75,8.38,NA,NA,NA,NA,NA,NA,Yes,Yes,Yes,Yes,No,Yes,Yes,Yes,Yes,Yes,Yes,Yes,Yes,Yes,Yes,No,Yes,Yes,Yes,Yes,Yes,Yes,18.29,29.3125,Yes,11.0225,46.81,Yes,Yes,13.815,20.555,23.86,24.6375,Yes,11.55,14.08756841,1.2965,24.95,1.5055,28.625,1.57025,29.73756588
266,red maple,C-18-N,Control,Control,2018,North,Large,,,,Yes,15.3,15.2,15.5,15.5,1.63,2.36,NA,NA,NA,NA,NA,NA,Yes,Yes,Yes,Yes,No,Yes,Yes,Yes,Yes,Yes,Yes,Yes,Yes,Yes,Yes,No,Yes,Yes,Yes,Yes,Yes,Yes,16.7875,24.62,No,7.8325,36.33,Yes,Yes,12.965,16.4525,16.49,17.8,Yes,6.575,8.01954652,1.215,24.95,1.5055,16.375,1.37425,17.01144598
267,tulip poplar,,NA,NA,NA,NA,Large,Not in plot,Not in plot,,No,16.2,SKIP IN 2019,NA,NA,NA,NA,NA,NA,NA,NA,NA,NA,Yes,Yes,NA,NA,No,No,No,No,Yes,No,No,Yes,No,No,No,No,No,No,No,Yes,Yes,No,18.03,NA,No,NA,NA,NA,No,9.7225,#N/A,#N/A,NA,Yes,11.8,14.39249414,1.30375,24.95,1.5055,NA,NA,NA
268,sugar maple,,NA,NA,NA,NA,Large,Not in plot,Not in plot,,No,16.5,SKIP IN 2019,NA,NA,NA,NA,NA,NA,NA,NA,NA,NA,Yes,Yes,NA,NA,No,No,No,No,No,No,No,Yes,No,No,No,Yes,No,No,No,No,Yes,No,15.475,NA,No,NA,NA,NA,No,10.9775,#N/A,#N/A,NA,NA,NA,NA,NA,24.95,1.5055,NA,NA,NA
269,tulip poplar,C-19-N,Control,Control,2019,North,Large,,,,Yes,20.9,20.9,21.3,21.3,6.25,7.51,NA,NA,NA,NA,NA,NA,Yes,Yes,Yes,Yes,No,Yes,Yes,Yes,Yes,Yes,Yes,Yes,Yes,Yes,Yes,No,Yes,Yes,Yes,Yes,Yes,Yes,16.5075,25.105,Yes,8.5975,24.29,Yes,Yes,10.8475,13.1925,17.4775,20.995,Yes,13.8,16.51899922,1.33475,25.675,1.51725,25,1.506,25.97167325
27,tulip poplar,IC-18-S,IC,IC,2018,South,Large,,,,Yes,29.2,29.8,30.5,31.2,41.6,56.82,NA,NA,NA,NA,NA,NA,Yes,Yes,Yes,Yes,No,Yes,Yes,Yes,Yes,Yes,Yes,Yes,Yes,Yes,Yes,No,Yes,Yes,Yes,Yes,Yes,Yes,24.8725,28.32,Yes,3.4475,20.635,Yes,Yes,19.76,23.0725,11.7375,28.5225,Yes,15.375,21.89044175,1.36,18.425,1.4065,29.725,1.57875,31.03697299
270,sugar maple,C-19-N,Control,Control,2019,North,Large,,,,Yes,11.8,11.7,12.1,12,11.26,15.72,NA,NA,NA,NA,NA,NA,Yes,Yes,Yes,Yes,No,Yes,Yes,Yes,Yes,Yes,Yes,Yes,Yes,Yes,Yes,No,Yes,Yes,Yes,Yes,Yes,Yes,19.38,22.91,Yes,3.53,20.865,Yes,Yes,11.4425,15.195,11.815,15.4925,Yes,10.725,12.83813526,1.2855,25.675,1.51725,27.95,1.55325,29.0363307
271,sugar maple,,NA,NA,NA,NA,Large,Not in plot,Not in plot,,No,22.1,SKIP IN 2022,NA,NA,NA,NA,NA,NA,NA,NA,NA,NA,Yes,Yes,NA,NA,No,No,No,No,Yes,No,No,Yes,No,No,No,No,No,No,No,Yes,Yes,No,18.1175,NA,No,NA,NA,NA,No,10.8925,#N/A,#N/A,NA,Yes,7.15,8.720875683,1.226,24.95,1.5055,NA,NA,NA
272,sugar maple,IC-19-N,IC,Control,2019,North,Large,,,,Yes,9.85,9.7,10,10.5,7.84,11.75,NA,NA,NA,NA,NA,NA,Yes,Yes,Yes,Yes,No,Yes,Yes,Yes,Yes,Yes,Yes,Yes,Yes,Yes,Yes,No,Yes,Yes,Yes,Yes,Yes,Yes,34.405,39.4825,Yes,5.0775,41.7825,Yes,Yes,19.5675,26.435,21.9475,17.39833333,NA,18.575,22.23481235,1.40825,25.675,1.51725,24.025,1.491,29.83341568
273,sugar maple,C-18-M,Control,Control,2018,Middle,small,,,,Yes,NA,NA,NA,NA,NA,NA,2.2,3.82,,2.3,4.01,,NA,NA,NA,NA,No,No,No,No,No,No,No,No,No,No,No,Yes,Yes,Yes,Yes,No,No,No,NA,36.3975,Yes,NA,35.4125,Yes,Yes,#N/A,30.31,27.4875,27.16,NA,28.55,31.27329945,1.56125,28.925,1.5675,31.425,1.60675,31.71482213
274,sugar maple,C-18-M,Control,Control,2018,Middle,small,,,,Yes,NA,NA,NA,NA,NA,NA,2.8,5.01,,2.9,5.15,,NA,NA,NA,NA,No,No,No,No,No,No,No,No,No,No,No,Yes,Yes,Yes,Yes,No,No,No,NA,35.4025,No,NA,37.94,Yes,Yes,#N/A,26.6,30.9125,23.59,NA,17.225,18.86804144,1.38825,28.925,1.5675,28.45,1.5595,28.71238472
275,red maple,C-19-M,Control,Control,2019,Middle,small,,,,Yes,NA,NA,NA,NA,NA,NA,2.5,2.29,,2.5,4.58,,NA,NA,NA,NA,No,Yes,Yes,Yes,Yes,Yes,Yes,Yes,Yes,Yes,Yes,No,Yes,Yes,Yes,Yes,Yes,Yes,NA,32.92,Yes,NA,29.925,Yes,Yes,#N/A,23.9675,24.59,18.3825,NA,21.55,23.60559031,1.45375,28.925,1.5675,16.15,1.3715,20.05451252
276,red maple,C-19-M,Control,Control,2019,Middle,small,,,,Yes,NA,NA,NA,NA,NA,NA,3.8,5.81,,4,5.69,,NA,NA,NA,NA,No,Yes,Yes,Yes,No,Yes,Yes,No,Yes,Yes,Yes,Yes,Yes,Yes,Yes,No,No,No,NA,23.92,Yes,NA,32.69,Yes,Yes,#N/A,21.16,30.2,18.6675,NA,23,25.19390149,1.476,28.925,1.5675,18.025,1.40025,22.38282279
277,elm,C-18-M,Control,Control,2018,Middle,small,,,,Yes,NA,NA,NA,NA,NA,NA,9.8,9.88,,9.8,8.81,,NA,NA,NA,NA,No,Yes,Yes,Yes,Yes,Yes,Yes,Yes,Yes,Yes,Yes,No,Yes,Yes,Yes,Yes,Yes,Yes,NA,31.5225,No,NA,29.65,Yes,Yes,#N/A,21.0675,23.43,24.295,NA,31.95,34.99761533,1.63275,28.925,1.5675,35.925,1.69025,35.925
278,sugar maple,IC+TSI-19-M,IC+TSI,Control,2019,Middle,small,,,,Yes,NA,NA,NA,NA,NA,NA,4.2,7.89,,4.2,8.03,,NA,NA,NA,NA,No,No,No,No,No,No,No,No,No,No,No,Yes,Yes,Yes,Yes,No,No,No,NA,39.6275,Yes,NA,20.655,Yes,Yes,#N/A,30.88,17.9325,25.8625,NA,20.85,21.27384676,1.44325,31.325,1.60625,29.75,1.58175,31.45503953
279,sugar maple,C-18-M,Control,Control,2018,Middle,small,,,,Yes,NA,NA,NA,NA,NA,NA,3.9,6.06,,4,6.39,,NA,NA,NA,NA,No,Yes,Yes,Yes,Yes,Yes,Yes,Yes,Yes,Yes,Yes,No,Yes,Yes,Yes,Yes,Yes,Yes,NA,33.0675,No,NA,30.5375,Yes,Yes,#N/A,22.6025,22.0425,20.94,NA,8.325,9.119096951,1.24425,28.925,1.5675,24.525,1.4985,24.525
28,tulip poplar,IC-18-S,IC,IC,2018,South,Large,,,,Yes,44.3,44.6,44.9,44.9,14.7,16.29,NA,NA,NA,NA,NA,NA,Yes,Yes,Yes,Yes,No,No,No,No,No,No,No,No,No,No,No,Yes,Yes,Yes,Yes,No,No,No,NA,32.9475,Yes,NA,33.665,Yes,Yes,#N/A,19.605,17.1575,16.7,NA,12.4,17.65473026,1.31375,18.425,1.4065,29.35,1.5745,30.64542161
280,red maple,C-18-M,Control,Control,2018,Middle,small,,,Missing dendro,Yes,NA,NA,NA,NA,NA,NA,4.3,7.81,,4.4,8.9,,NA,NA,NA,NA,No,No,No,No,No,No,No,No,No,No,No,Yes,Yes,Yes,Yes,No,No,No,NA,36.525,Yes,NA,34.0125,Yes,Yes,#N/A,29.815,28.525,28.1525,NA,29.075,31.84837764,1.56875,28.925,1.5675,34.425,1.6555,34.74249012
281,sugar maple,C-19-M,Control,Control,2019,Middle,small,,,,Yes,NA,NA,NA,NA,NA,NA,3.7,6.22,,3.5,6.33,,NA,NA,NA,NA,No,No,No,No,No,No,No,No,No,No,No,Yes,Yes,Yes,Yes,No,No,No,NA,29.5075,Yes,NA,32.765,Yes,Yes,#N/A,24.2575,28.0625,25.41,NA,16.125,17.66311572,1.37125,28.925,1.5675,16.025,1.36975,19.89929183
282,sugar maple,C-18-M,Control,Control,2018,Middle,small,,,,Yes,NA,NA,NA,NA,NA,NA,2.9,4.89,,2.8,4.95,,NA,NA,NA,NA,No,No,No,No,No,No,No,No,No,No,No,Yes,No,Yes,Yes,No,No,No,NA,30.15,Yes,NA,30.11625,Yes,Yes,#N/A,23.6675,24.655,23.87,NA,17.65,19.33358092,1.394,28.925,1.5675,33.7,1.645,33.7
283,red maple,C-18-M,Control,Control,2018,Middle,small,,,,Yes,NA,NA,NA,NA,NA,NA,7.6,10.25,,7.2,>10.5,,NA,NA,NA,NA,No,No,No,No,No,No,No,No,No,No,No,Yes,Yes,Yes,Yes,No,No,No,NA,31.375,No,NA,29.6325,Yes,Yes,#N/A,23.7025,24.295,25.28,NA,23.925,26.20713448,1.493,28.925,1.5675,37.125,1.715,37.125
284,sugar maple,IC+TSI-18-N,IC+TSI,IC+TSI,2018,North,small,,,,Yes,NA,NA,NA,NA,NA,NA,5.1,7.92,,5.1,7.35,,NA,NA,NA,NA,No,No,No,No,No,No,No,No,No,No,No,No,Yes,Yes,Yes,No,No,No,NA,29.005,Yes,NA,NA,NA,Yes,#N/A,21.14,#N/A,15.595,NA,16.625,18.21080923,1.379,28.925,1.5675,33.725,1.64575,33.83608366
285,red maple,C-19-M,Control,Control,2019,Middle,small,,,,Yes,NA,NA,NA,NA,NA,NA,6.7,8.83,,6.7,8.15,,NA,NA,NA,NA,No,No,No,No,No,No,No,No,No,No,No,Yes,Yes,Yes,Yes,No,No,No,NA,37.7,No,NA,31.6375,Yes,Yes,#N/A,27.7225,24.875,22.33,NA,20.225,22.1542025,1.43375,28.925,1.5675,22.525,1.4685,27.97076746
286,sugar maple,C-19-M,Control,Control,2019,Middle,small,,,,Yes,NA,NA,NA,NA,NA,NA,1.9,3.32,,2,3.44,,NA,NA,NA,NA,No,Yes,Yes,Yes,No,Yes,Yes,No,Yes,Yes,Yes,Yes,Yes,Yes,Yes,No,No,No,NA,31.375,No,NA,24.8475,Yes,Yes,#N/A,25.6625,19.705,26.915,NA,22.225,24.34497654,1.46575,28.925,1.5675,21.425,1.45275,26.60482543
287,sugar maple,C-18-M,Control,Control,2018,Middle,small,,,,Yes,NA,NA,NA,NA,NA,NA,3.8,5.67,,3.9,6.15,,NA,NA,NA,NA,No,No,No,No,No,No,No,No,No,No,No,Yes,Yes,Yes,Yes,No,No,No,NA,25.9725,Yes,NA,33.09,Yes,Yes,#N/A,19.35,26.6525,24.5725,NA,16.075,17.60834637,1.37,28.925,1.5675,12.1,1.3085,15.02536232
288,tulip poplar,IC+TSI-19-N,IC+TSI,Control,2019,North,Large,,Target Tree Dead,,No,NA,30,30.3,30,1.11,7.74,NA,NA,NA,NA,NA,NA,Yes,Yes,Yes,Yes,No,Yes,Yes,Yes,Yes,Yes,No,Yes,Yes,Yes,Yes,No,Yes,Yes,Yes,Yes,Yes,Yes,18.05,31.235,Yes,13.185,21.77,Yes,Yes,9.666666667,18.47,14.8675,26.6975,Yes,10.875,13.26426896,1.2885,24.95,1.5055,32.425,1.6235,32.425
289,tulip poplar,IC+TSI-18-M,IC+TSI,IC+TSI,2018,Middle,Large,,,,Yes,NA,28.2,39.1,39.5,14.76,28.77,NA,NA,NA,NA,NA,NA,NA,Yes,Yes,Yes,No,No,No,No,No,No,No,No,No,No,No,No,Yes,Yes,Yes,No,No,No,NA,20.53,Yes,NA,45.9725,Yes,Yes,#N/A,17.0875,25.82,18.655,NA,13.375,16.01026193,1.32825,25.675,1.51725,20.75,1.4415,21.93922925
29,tulip poplar,IC-18-S,IC,IC,2018,South,Large,,,,Yes,27.8,28.3,28.4,28.8,20.82,30.05,NA,NA,NA,NA,NA,NA,Yes,Yes,Yes,Yes,No,No,No,No,No,No,No,No,No,No,No,Yes,Yes,Yes,Yes,No,No,No,NA,33.51666667,Yes,NA,30.6525,Yes,Yes,#N/A,23.02,19.17,11.995,NA,16.35,23.27861611,1.374,18.425,1.4065,30.525,1.59425,31.87228261
290,red oak,IC-18-N,IC,IC,2018,North,Large,,,,Yes,NA,40.1,40.1,40.9,20.14,32.81,NA,NA,NA,NA,NA,NA,NA,Yes,Yes,Yes,No,No,No,No,No,No,No,No,No,No,No,No,Yes,Yes,Yes,No,No,No,NA,27,No,NA,25.0925,Yes,Yes,#N/A,20.135,16.8675,17.95,NA,8.925,9.776329163,1.25575,28.925,1.5675,9.9,1.27,12.29347826
291,red oak,IC+TSI-18-M,IC+TSI,IC+TSI,2018,Middle,Large,,,,Yes,NA,30.5,31.6,32.3,34.19,57.2,NA,NA,NA,NA,NA,NA,NA,Yes,Yes,Yes,No,No,No,No,No,No,No,No,No,No,No,No,Yes,Yes,Yes,No,No,No,NA,27.7475,No,NA,28.5275,Yes,Yes,#N/A,21.565,22.5675,18.0125,NA,11.075,12.59900313,1.29125,27.575,1.546,23.775,1.48725,25.13759881
292,red oak,IC-18-N,IC,IC,2018,North,Large,,,,Yes,NA,18.95,19.3,19.4,10.69,15.1,NA,NA,NA,NA,NA,NA,NA,Yes,Yes,Yes,No,No,No,No,No,No,No,No,No,No,No,No,Yes,Yes,Yes,No,No,No,NA,30.5775,No,NA,30.605,Yes,Yes,#N/A,24.9475,20.3975,24.9425,NA,8.825,10.03938624,1.255,27.575,1.546,10.5,1.28225,13.03853755
293,sugar maple,IC-19-N,IC,Control,2019,North,Large,,,,Yes,NA,15.5,14.9,15.2,13.1,20.18,NA,NA,NA,NA,NA,NA,NA,Yes,Yes,Yes,No,Yes,Yes,Yes,No,Yes,Yes,No,Yes,Yes,Yes,No,Yes,Yes,Yes,No,No,No,NA,34.9175,Yes,NA,34.18,Yes,Yes,#N/A,23.2675,26.685,15.44428571,NA,13.625,14.92464816,1.33225,28.925,1.5675,21.475,1.45275,21.475
295,tulip poplar,IC-18-M,IC,IC,2018,Middle,Large,,,,Yes,NA,32.4,33,33.1,13.29,21.57,NA,NA,NA,NA,NA,NA,NA,Yes,Yes,Yes,No,No,No,No,No,No,No,No,No,No,No,No,Yes,Yes,Yes,No,No,No,NA,35.18125,Yes,NA,33.24,Yes,Yes,#N/A,26.0525,22.125,20.715,NA,25.2,26.18514465,1.50875,30.725,1.5965,28.875,1.56675,28.95108696
296,red oak,IC+TSI-18-N,IC+TSI,IC+TSI,2018,North,Large,,,,Yes,NA,20.85,21,21.2,8.73,16.26,NA,NA,NA,NA,NA,NA,NA,Yes,Yes,Yes,No,No,No,No,No,No,No,No,No,No,No,No,Yes,Yes,Yes,No,No,No,NA,21.83,Yes,NA,19.5525,Yes,Yes,#N/A,18.2725,15.6775,18.3625,NA,10.1,11.48983581,1.2745,27.575,1.546,30.7,1.59525,30.80111989
297,red maple,IC-18-N,IC,IC,2018,North,Large,,,,Yes,NA,31.1,31.5,31.8,8.81,14.24,NA,NA,NA,NA,NA,NA,NA,Yes,Yes,Yes,No,No,No,No,No,No,No,No,No,No,No,No,Yes,Yes,Yes,No,No,No,NA,24.9925,Yes,NA,35.84,Yes,Yes,#N/A,20.64,24.2325,16.015,NA,13.625,15.49990227,1.33175,27.575,1.546,25.05,1.50825,25.05
299,red maple,IC-18-N,IC,IC,2018,North,Large,,,,Yes,NA,18,18.7,18.7,17.15,21.51,NA,NA,NA,NA,NA,NA,NA,Yes,Yes,Yes,No,No,No,No,No,No,No,No,No,No,No,No,Yes,Yes,Yes,No,No,No,NA,29.2925,Yes,NA,36.65,Yes,Yes,#N/A,20.4325,25.29,23.6975,NA,18.2,19.93604378,1.4035,28.925,1.5675,31.225,1.6025,31.225
3,red maple,IC+TSI-19-S,IC+TSI,Control,2019,South,Large,,,,Yes,30.5,31,31.2,31.5,24.25,30.76,NA,NA,NA,NA,NA,NA,Yes,Yes,Yes,Yes,No,No,No,No,No,No,No,No,No,No,No,Yes,Yes,Yes,Yes,No,No,No,NA,43.4475,Yes,NA,40.7625,Yes,Yes,#N/A,36.095,27.2875,29.185,NA,14.275,15.6143276,1.342,28.975,1.57225,12.975,1.32175,15.19733202
30,red maple,IC-18-S,IC,IC,2018,South,Large,,,,Yes,12.8,13.1,13.4,13.4,8.68,10.7,NA,NA,NA,NA,NA,NA,Yes,Yes,Yes,Yes,No,No,No,No,No,No,No,No,No,No,No,Yes,Yes,Yes,Yes,No,No,No,NA,36.225,Yes,NA,20.605,Yes,Yes,#N/A,25.4425,12.7225,24.665,NA,16.625,23.67015247,1.37925,18.425,1.4065,30.725,1.59725,32.08111001
300,tulip poplar,IC-18-N,IC,IC,2018,North,Large,,,,Yes,NA,48.7,49.8,50.5,140.76,52.89,NA,NA,NA,NA,NA,NA,NA,Yes,Yes,Yes,No,No,No,No,No,No,No,No,No,No,No,No,Yes,Yes,Yes,No,No,No,NA,26.355,No,NA,37.275,Yes,Yes,#N/A,20.1375,25.8975,18.195,NA,19.275,21.92738468,1.4195,27.575,1.546,22.75,1.47275,28.25016469
301,red maple,IC+TSI-19-M,IC+TSI,Control,2019,Middle,Large,,,,Yes,24,24.1,24.6,24.8,17.12,22.43,NA,NA,NA,NA,NA,NA,Yes,Yes,Yes,Yes,No,No,No,No,No,No,No,No,No,No,No,Yes,Yes,Yes,Yes,No,No,No,NA,37.3625,No,NA,25.0975,Yes,Yes,#N/A,23.805,19.9325,24.9925,NA,18.825,20.62066067,1.4115,28.925,1.5675,26.7,1.53175,28.23023715
302,sugar maple,IC+TSI-19-M,IC+TSI,Control,2019,Middle,Large,,,,Yes,13,12.9,13.3,13.2,8.13,8.02,NA,NA,NA,NA,NA,NA,Yes,Yes,Yes,Yes,No,No,No,No,No,No,No,No,No,No,No,Yes,Yes,Yes,Yes,No,No,No,NA,42.735,Yes,NA,20.475,Yes,Yes,#N/A,30.81,17.21,23.415,NA,13.325,14.59603206,1.32725,28.925,1.5675,26.05,1.522,27.54298419
303,tulip poplar,IC+TSI-19-M,IC+TSI,Control,2019,Middle,Large,,,,Yes,20.1,20.7,21.2,21.8,31.04,47.03,NA,NA,NA,NA,NA,NA,Yes,Yes,Yes,Yes,No,No,No,No,No,No,No,No,No,No,No,Yes,Yes,Yes,Yes,No,No,No,NA,36.95,No,NA,30.88,Yes,Yes,#N/A,24.6125,23.5625,25.46,NA,30.425,33.32715012,1.595,28.925,1.5675,37.625,1.71325,39.78137352
304,tulip poplar,C-19-M,Control,Control,2019,Middle,Large,,,,Yes,48.4,40.4,49.1,39.1,21.47,29.73,NA,NA,NA,NA,NA,NA,Yes,Yes,Yes,Yes,No,Yes,Yes,Yes,Yes,Yes,Yes,Yes,Yes,Yes,Yes,No,Yes,Yes,Yes,Yes,Yes,Yes,20.115,30.9725,No,10.8575,19.95,Yes,Yes,12.375,18.9875,14.7125,18.0175,Yes,14.575,15.96526583,1.347,28.925,1.5675,13.575,1.3315,16.8569664
305,sugar maple,C-19-M,Control,Control,2019,Middle,Large,,,,Yes,24.1,24.1,24.3,24.5,4.42,4.89,NA,NA,NA,NA,NA,NA,Yes,Yes,Yes,Yes,No,Yes,Yes,Yes,Yes,Yes,Yes,Yes,Yes,Yes,Yes,No,Yes,Yes,Yes,Yes,Yes,Yes,17.615,23.015,No,5.4,24.27,Yes,Yes,13.315,14.265,18.1875,14.9775,NA,5.7,6.243706021,1.19925,28.925,1.5675,4.425,1.16725,5.494812253
306,sugar maple,C-19-M,Control,Control,2019,Middle,Large,,,,Yes,22.3,22.5,22.4,22.5,4.82,5.57,NA,NA,NA,NA,NA,NA,Yes,Yes,Yes,Yes,No,Yes,Yes,Yes,Yes,Yes,Yes,Yes,Yes,Yes,Yes,No,Yes,Yes,Yes,Yes,Yes,Yes,22.955,34.3225,Yes,11.3675,22.8525,Yes,Yes,17.27,24.1275,19.2875,14.7875,Yes,6.975,7.640324472,1.22175,28.925,1.5675,4.575,1.1775,5.681077075
307,sugar maple,C-18-M,Control,Control,2018,Middle,Large,,,,Yes,13.2,13.3,13.4,13.5,8.68,10.6,NA,NA,NA,NA,NA,NA,Yes,Yes,Yes,Yes,No,Yes,Yes,Yes,Yes,Yes,Yes,Yes,Yes,Yes,Yes,No,Yes,Yes,Yes,Yes,Yes,Yes,19.9425,30.2,Yes,10.2575,31.1825,Yes,Yes,11.9825,20.045,24.7825,25.9925,Yes,16,17.52619234,1.369,28.925,1.5675,12.35,1.313,15.33580369
308,red maple,C-18-M,Control,Control,2018,Middle,Large,,,,Yes,13.6,5.85,14.1,13.8,10.15,11.64,NA,NA,NA,NA,NA,NA,Yes,Yes,Yes,Yes,No,Yes,Yes,Yes,Yes,Yes,Yes,Yes,Yes,Yes,Yes,No,Yes,Yes,Yes,Yes,Yes,Yes,25.1575,23.43,Yes,-1.7275,33.055,Yes,Yes,15.365,18.325,22.505,23.9375,Yes,26.625,29.16467944,1.53975,28.925,1.5675,17.675,1.3955,21.94820487
309,red maple,C-18-M,Control,Control,2018,Middle,Large,,,,Yes,19.9,19.9,20.2,20.4,7.36,8.14,NA,NA,NA,NA,NA,NA,Yes,Yes,Yes,Yes,No,Yes,Yes,Yes,Yes,Yes,Yes,Yes,Yes,Yes,Yes,No,Yes,Yes,Yes,Yes,Yes,Yes,17.56,34.375,No,16.815,31.7425,Yes,Yes,13.73,24.155,26.185,21.18,Yes,11.875,13.00772088,1.3035,28.925,1.5675,29.3,1.5725,29.3
31,red maple,IC-18-S,IC,IC,2018,South,Large,,,,Yes,11.1,12,12.4,12.5,28.99,9.58,NA,NA,NA,NA,NA,NA,Yes,Yes,Yes,Yes,No,No,No,No,No,No,No,No,No,No,No,Yes,Yes,Yes,Yes,No,No,No,NA,31.1475,Yes,NA,32.1525,Yes,Yes,#N/A,19.83,15.5725,13.2975,NA,34.8,37.90179828,1.66675,29.125,1.572,37.825,1.716,39.49448287
310,sugar maple,C-18-M,Control,Control,2018,Middle,Large,,,,Yes,16.4,16.3,16.5,16.5,4.12,4.36,NA,NA,NA,NA,NA,NA,Yes,Yes,Yes,Yes,No,Yes,Yes,Yes,Yes,Yes,Yes,Yes,Yes,Yes,Yes,No,Yes,Yes,Yes,Yes,Yes,Yes,23.705,26.5425,Yes,2.8375,29.035,Yes,Yes,15.735,18.7725,22.465,22.5225,Yes,8.25,9.036942925,1.24475,28.925,1.5675,24.775,1.50275,24.775
311,red maple,C-18-S,Control,Control,2018,South,small,,,,Yes,NA,NA,NA,NA,NA,NA,7.2,10.05,,7.3,10.09,,NA,NA,NA,NA,No,No,No,No,No,No,No,No,No,No,No,Yes,Yes,Yes,Yes,No,No,No,NA,29.3475,Yes,NA,40.7225,Yes,Yes,#N/A,20.8725,26.5975,19.31,NA,38.025,41.41424942,1.71875,29.125,1.572,36.75,1.69625,37.59733202
312,red maple,C-19-S,Control,Control,2019,South,small,,,,Yes,NA,NA,NA,NA,NA,NA,7,8.95,,7.2,9.21,,NA,NA,NA,NA,No,No,No,No,No,No,No,No,No,No,No,Yes,Yes,Yes,Yes,No,No,No,NA,23.555,No,NA,46.0325,Yes,Yes,#N/A,19.2375,29.485,20.39,NA,22.95,23.41653636,1.47475,31.325,1.60625,30.4,1.5935,31.10092227
313,sugar maple,C-18-S,Control,Control,2018,South,small,,,,Yes,NA,NA,NA,NA,NA,NA,2.7,5.61,,2.8,4.72,,NA,NA,NA,NA,No,Yes,Yes,Yes,Yes,Yes,Yes,Yes,Yes,Yes,Yes,No,Yes,Yes,Yes,Yes,Yes,Yes,NA,29.3025,Yes,NA,36.6425,Yes,Yes,#N/A,20.0775,25.37,25.9025,NA,25.65,27.93623925,1.51625,29.125,1.572,29.45,1.575,30.12901845
314,red maple,C-18-S,Control,Control,2018,South,small,,,,Yes,NA,NA,NA,NA,NA,NA,4.7,4.99,,5.3,5.18,,NA,NA,NA,NA,No,Yes,Yes,Yes,Yes,Yes,Yes,Yes,Yes,Yes,Yes,No,Yes,Yes,Yes,Yes,Yes,Yes,NA,27.5,No,NA,50.3925,Yes,Yes,#N/A,18.5225,27.7175,24.985,NA,21.95,21.95,1.45925,31.975,1.61625,28.95,1.56825,29.61749012
315,red maple,C-18-S,Control,Control,2018,South,small,,,,Yes,NA,NA,NA,NA,NA,NA,6.5,10.88,,6.5,10.89,,NA,NA,NA,NA,No,No,No,No,No,No,No,No,No,No,No,Yes,Yes,Yes,Yes,No,No,No,NA,37.995,Yes,NA,42.5175,Yes,Yes,#N/A,28.0625,31.315,30.5225,NA,20.25,20.66164973,1.4335,31.325,1.60625,29.375,1.5745,30.0522892
316,sugar maple,C-18-S,Control,Control,2018,South,small,,,,Yes,NA,NA,NA,NA,NA,NA,5.8,10.26,,5.9,10.27,,NA,NA,NA,NA,No,No,No,No,No,No,No,No,No,Yes,No,Yes,Yes,Yes,Yes,No,No,No,NA,34.425,Yes,NA,43.8425,Yes,Yes,#N/A,25.1875,23.905,23.9525,NA,27.975,27.975,1.554,31.975,1.61625,30,1.58425,30.6916996
317,elm,C-18-S,Control,Control,2018,South,small,,,,Yes,NA,NA,NA,NA,NA,NA,3.7,4.43,,3.9,5.08,,NA,NA,NA,NA,No,No,No,No,No,No,No,No,No,No,No,Yes,Yes,Yes,Yes,No,No,No,NA,32.93,Yes,NA,39.8625,Yes,Yes,#N/A,22.77,28.955,18.0275,NA,26.45,28.80754496,1.528,29.125,1.572,36.175,1.68675,37.00907444
318,elm,IC+TSI-19-M,IC+TSI,Control,2019,Middle,small,,,,Yes,NA,NA,NA,NA,NA,NA,3.8,5.23,,4.1,5.25,,NA,NA,NA,NA,No,No,No,No,No,No,No,No,No,No,No,Yes,Yes,Yes,Yes,No,No,No,NA,33.3125,Yes,NA,22.915,Yes,Yes,#N/A,25.6925,19.9875,25.2375,NA,16.35,17.9095778,1.3745,28.925,1.5675,29.85,1.5815,31.56077075
319,elm,C-18-S,Control,Control,2018,South,small,,,,Yes,NA,NA,NA,NA,NA,NA,5.8,6.9,,6.2,7.32,,NA,NA,NA,NA,No,No,No,No,No,No,No,No,No,No,No,Yes,Yes,Yes,Yes,No,No,No,NA,31.1925,Yes,NA,40.3275,Yes,Yes,#N/A,23.1375,24.145,24.7875,NA,26.125,26.125,1.52375,31.975,1.61625,29.2,1.57075,29.87325428
32,tulip poplar,IC-18-S,IC,IC,2018,South,Large,,,,Yes,8.8,9,9.3,9.1,9.48,9.53,NA,NA,NA,NA,NA,NA,Yes,Yes,Yes,Yes,No,No,No,No,No,No,No,No,No,No,No,Yes,Yes,Yes,Yes,No,No,No,NA,30.595,Yes,NA,30.05,Yes,Yes,#N/A,20.5,22.125,12.5225,NA,10.375,14.77159891,1.28125,18.425,1.4065,25.125,1.509,26.23394269
320,elm,C-18-S,Control,Control,2018,South,small,,,,Yes,NA,NA,NA,NA,NA,NA,3.5,5.14,,3.6,5.29,,NA,NA,NA,NA,No,No,No,No,No,No,No,No,No,No,No,Yes,Yes,Yes,Yes,No,No,No,NA,36.9425,Yes,NA,38.8825,Yes,Yes,#N/A,26.595,22.445,31.495,NA,22.925,22.925,1.4745,31.975,1.61625,28.775,1.565,29.4384552
321,elm,C-19-S,Control,Control,2019,South,small,,,,Yes,NA,NA,NA,NA,NA,NA,3.6,3.98,,4.2,4.51,,NA,NA,NA,NA,No,No,No,No,No,No,No,No,No,No,No,Yes,Yes,Yes,Yes,No,No,No,NA,30.1225,No,NA,47.59,Yes,Yes,#N/A,23.8975,31.9175,30.59,NA,28.7,29.28342455,1.56575,31.325,1.60625,35.25,1.67275,37.27025692
322,sugar maple,C-19-S,Control,Control,2019,South,small,,,,Yes,NA,NA,NA,NA,NA,NA,7,11.19,,6.8,11.33,,NA,NA,NA,NA,No,No,No,No,No,No,No,No,No,No,No,Yes,Yes,Yes,Yes,No,No,No,NA,33.92,No,NA,43.6925,Yes,Yes,#N/A,23.9025,30.335,22.79,NA,23.075,23.5440774,1.477,31.325,1.60625,30.9,1.59825,32.67094862
323,sugar maple,C-19-S,Control,Control,2019,South,small,,,,Yes,NA,NA,NA,NA,NA,NA,5.6,9.76,,5.4,9.46,,NA,NA,NA,NA,No,Yes,Yes,Yes,Yes,Yes,Yes,Yes,Yes,Yes,Yes,No,Yes,Yes,Yes,Yes,Yes,Yes,NA,37.1425,No,NA,46.0375,Yes,Yes,#N/A,27.5775,32.0425,30.3275,NA,22.35,22.80433933,1.46525,31.325,1.60625,32.35,1.6225,33.09588274
324,sugar maple,C-19-S,Control,Control,2019,South,small,,,,Yes,NA,NA,NA,NA,NA,NA,3.9,4.8,,4.1,5.21,,NA,NA,NA,NA,No,No,No,No,No,No,No,No,No,No,No,Yes,Yes,Yes,Yes,No,No,No,NA,28.035,Yes,NA,45.4975,Yes,Yes,#N/A,22.925,30.5975,23.02833333,NA,22.925,23.39102815,1.47475,31.325,1.60625,34.725,1.6625,36.71516798
325,sugar maple,IC+TSI-18-M,IC+TSI,IC+TSI,2018,Middle,small,,,,Yes,NA,NA,NA,NA,NA,NA,5.8,6.67,,6,7,,NA,NA,NA,NA,No,Yes,Yes,Yes,No,Yes,Yes,No,Yes,Yes,Yes,Yes,Yes,Yes,Yes,No,No,No,NA,30.5375,No,NA,36.135,Yes,Yes,#N/A,23.6125,29.245,17.4425,NA,14.375,16.3531079,1.34375,27.575,1.546,18.125,1.401,19.16378458
326,sugar maple,IC+TSI-18-M,IC+TSI,IC+TSI,2018,Middle,small,,,,Yes,NA,NA,NA,NA,NA,NA,3.9,4.42,,4,4.51,,NA,NA,NA,NA,No,No,No,No,No,No,No,No,No,No,No,Yes,Yes,Yes,Yes,No,No,No,NA,28.53,No,NA,32.2775,Yes,Yes,#N/A,23.6875,24.1025,20.225,NA,16.1,18.31548085,1.37025,27.575,1.546,28.225,1.55625,29.84263834
327,sugar maple,C-19-S,Control,Control,2019,South,small,,,,Yes,NA,NA,NA,NA,NA,NA,3.6,6.64,,3.8,6.85,,NA,NA,NA,NA,No,No,No,No,No,No,No,No,No,No,No,Yes,Yes,Yes,Yes,No,No,No,NA,21.5575,No,NA,41.2275,Yes,Yes,#N/A,17.09,27.6175,27.355,NA,20.425,20.8402072,1.43775,31.325,1.60625,30.175,1.59225,31.90439723
328,elm,C-19-S,Control,Control,2019,South,small,,,,Yes,NA,NA,NA,NA,NA,NA,5,6.35,,5.2,7.12,,NA,NA,NA,NA,No,No,No,No,No,No,No,No,No,No,No,Yes,Yes,Yes,Yes,No,No,No,NA,30.07,Yes,NA,45.075,Yes,Yes,#N/A,22.5375,29.53,22.57,NA,23.2,23.67161845,1.4805,31.325,1.60625,35.925,1.68525,36.75331028
329,sugar maple,C-19-S,Control,Control,2019,South,small,,,,Yes,NA,NA,NA,NA,NA,NA,5.1,7.96,,5.3,7.8,,NA,NA,NA,NA,No,Yes,Yes,Yes,Yes,Yes,Yes,Yes,Yes,Yes,Yes,No,Yes,Yes,Yes,Yes,Yes,Yes,NA,34.205,No,NA,40.59,Yes,Yes,#N/A,24.5875,27.28,24.4025,NA,18.375,18.74853401,1.40475,31.325,1.60625,25.7,1.51725,26.29255599
33,sugar maple,IC-18-S,IC,IC,2018,South,Large,,,,Yes,11.1,12.1,12.7,13,41.2,52.57,NA,NA,NA,NA,NA,NA,Yes,Yes,Yes,Yes,No,No,No,No,No,No,No,No,No,No,No,Yes,Yes,Yes,Yes,No,No,No,NA,32.1575,Yes,NA,29.2925,Yes,Yes,#N/A,20.2575,20.3225,13.9525,Yes,20.3,28.90250196,1.435,18.425,1.4065,32.725,1.63525,34.16938406
330,sugar maple,IC+TSI-19-M,IC+TSI,Control,2019,Middle,small,,,,Yes,NA,NA,NA,NA,NA,NA,7.1,10.69,two measures,7.7,10.22,,NA,NA,NA,NA,No,Yes,Yes,Yes,Yes,Yes,Yes,Yes,Yes,Yes,Yes,Yes,Yes,Yes,Yes,Yes,Yes,Yes,NA,38.36875,No,NA,22.7575,Yes,Yes,#N/A,29.09,19.385,22.3775,NA,34.95,35.66047694,1.683,31.325,1.60625,41.125,1.7895,43.4819664
331,red maple,IC+TSI-18-M,IC+TSI,IC+TSI,2018,Middle,small,,,,Yes,NA,NA,NA,NA,NA,NA,6.1,9.32,,6.2,9.09,,NA,NA,NA,NA,No,No,No,No,No,No,No,No,No,No,No,Yes,Yes,Yes,Yes,No,No,No,NA,29.11,Yes,NA,30.7925,Yes,Yes,#N/A,25.0125,24.62,27.565,NA,22.925,27.44188819,1.475,25.675,1.51725,27.15,1.539,28.70602767
332,red maple,IC+TSI-19-M,IC+TSI,Control,2019,Middle,small,,,,Yes,NA,NA,NA,NA,NA,NA,8.1,11.84,,8,12.35,,NA,NA,NA,NA,No,Yes,Yes,Yes,Yes,Yes,Yes,Yes,Yes,Yes,Yes,No,Yes,Yes,Yes,Yes,Yes,Yes,NA,39.16,No,NA,25.67,Yes,Yes,#N/A,29.5675,21.1125,24.29,NA,16.725,19.02648554,1.37975,27.575,1.546,28.425,1.5595,30.05410079
333,sugar maple,IC+TSI-18-M,IC+TSI,IC+TSI,2018,Middle,Large,,"Not sure why being measured as a small tree, missing a lot of surveys",,Yes,NA,NA,NA,NA,NA,NA,NA,NA,NA,7.6,>10.5,,NA,NA,NA,NA,No,No,No,No,No,No,No,No,No,No,No,No,Yes,Yes,Yes,No,No,No,NA,NA,No,NA,32.865,Yes,Yes,#N/A,#N/A,27.6825,20.8025,NA,16.2,19.39186865,1.3725,25.675,1.51725,25.025,1.50675,26.45923913
334,red maple,IC+TSI-19-M,IC+TSI,Control,2019,Middle,small,Target Tree fallen down,Target Tree fallen down,,No,NA,NA,NA,NA,NA,NA,7.2,10.1,,NA,NA,fallen/dead,NA,NA,NA,NA,No,No,No,No,Yes,No,No,Yes,No,No,No,No,No,No,No,Yes,Yes,Yes,NA,NA,No,NA,NA,NA,No,#N/A,#N/A,#N/A,NA,NA,NA,NA,NA,27.575,1.546,NA,NA,NA
335,sugar maple,IC+TSI-18-M,IC+TSI,IC+TSI,2018,Middle,small,,,,Yes,NA,NA,NA,NA,NA,NA,3.9,4.54,,3.9,4.67,,NA,NA,NA,NA,No,No,No,No,No,No,No,No,No,No,No,Yes,Yes,Yes,Yes,No,No,No,NA,32.4725,Yes,NA,32.8975,Yes,Yes,#N/A,24.6825,26.6075,21.615,NA,22.35,25.42552776,1.46575,27.575,1.546,26.875,1.53525,28.4152668
336,sugar maple,IC+TSI-19-M,IC+TSI,Control,2019,Middle,small,,,,Yes,NA,NA,NA,NA,NA,NA,4.2,6.19,,4.6,7.23,,NA,NA,NA,NA,No,No,No,No,No,No,No,No,No,No,No,Yes,Yes,Yes,Yes,No,No,No,NA,41.5025,Yes,NA,19.1275,Yes,Yes,#N/A,33.2725,14.0925,21.545,NA,14.075,16.01182565,1.3395,27.575,1.546,27.76666667,1.549,29.35803689
337,sugar maple,IC+TSI-18-M,IC+TSI,IC+TSI,2018,Middle,small,,,,Yes,NA,NA,NA,NA,NA,NA,4.6,4.65,,4.7,4.89,,NA,NA,NA,NA,No,No,No,No,No,No,No,No,No,No,No,Yes,Yes,Yes,Yes,No,No,No,NA,27.445,Yes,NA,31.4075,Yes,Yes,#N/A,19.96,23.4775,18.9,NA,26.5,30.1465989,1.52925,27.575,1.546,32.675,1.62775,34.54767787
338,elm,IC+TSI-18-M,IC+TSI,IC+TSI,2018,Middle,small,,,,Yes,NA,NA,NA,NA,NA,NA,7.3,10.02,,7,9.25,,NA,NA,NA,NA,No,Yes,Yes,Yes,No,Yes,Yes,No,Yes,Yes,Yes,Yes,Yes,Yes,Yes,No,No,No,NA,29.2875,Yes,NA,30.755,Yes,Yes,#N/A,23.8175,24.565,17.7075,NA,25.55,29.06587177,1.51925,27.575,1.546,29.625,1.587,31.32287549
339,red maple,IC+TSI-19-M,IC+TSI,Control,2019,Middle,small,,,,Yes,NA,NA,NA,NA,NA,NA,5.5,6.96,,5.5,7.36,,NA,NA,NA,NA,No,No,No,No,No,No,No,No,No,No,No,Yes,Yes,Yes,Yes,No,No,No,NA,39.575,Yes,NA,21.0675,Yes,Yes,#N/A,28.2275,16.7825,22.375,NA,15.55,17.68979672,1.362,27.575,1.546,28.475,1.5615,30.1069664
34,tulip poplar,IC-18-S,IC,IC,2018,South,Large,,,,Yes,20.1,20.9,21.1,22.4,52.31,70.87,NA,NA,NA,NA,NA,NA,Yes,Yes,Yes,Yes,No,No,No,No,No,No,No,No,No,No,No,Yes,Yes,Yes,Yes,No,No,No,NA,33.12,Yes,NA,27.025,Yes,Yes,#N/A,22.9475,24.27,13.005,NA,31.825,34.81092651,1.619,28.975,1.57225,35.475,1.68575,37.04076087
340,red maple,IC+TSI-18-M,IC+TSI,IC+TSI,2018,Middle,small,,,,Yes,NA,NA,NA,NA,NA,NA,NA,NA,NA,8.5,>10.5,,NA,NA,NA,NA,No,No,No,No,No,No,No,No,No,No,No,No,Yes,Yes,Yes,No,No,No,NA,24.6975,No,NA,45.9475,Yes,Yes,#N/A,19.97,29.6725,19.575,NA,16.775,20.08016028,1.381,25.675,1.51725,25.275,1.51075,26.72356719
341,sugar maple,IC+TSI-19-M,IC+TSI,Control,2019,Middle,small,,,,Yes,NA,NA,NA,NA,NA,NA,4.2,7.54,,4.1,7.81,,NA,NA,NA,NA,No,No,No,No,No,No,No,No,No,No,No,Yes,Yes,Yes,Yes,No,No,No,NA,39.5675,Yes,NA,20.1,Yes,Yes,#N/A,29.2525,17.045,35.275,NA,23.325,26.53469508,1.483,27.575,1.546,33.2,1.63675,35.1027668
342,elm,IC+TSI-19-M,IC+TSI,Control,2019,Middle,small,,,,Yes,NA,NA,NA,NA,NA,NA,3.3,3.73,,3.5,4.23,,NA,NA,NA,NA,No,No,No,No,No,No,No,No,No,No,No,Yes,Yes,Yes,Yes,No,No,No,NA,36.885,Yes,NA,23.7825,Yes,Yes,#N/A,27.125,20.5275,29.25,NA,18.2,19.93604378,1.40325,28.925,1.5675,29.2,1.571,30.87351779
343,red maple,IC+TSI-18-M,IC+TSI,IC+TSI,2018,Middle,small,,,,Yes,NA,NA,NA,NA,NA,NA,6.4,8.66,,6.5,6.87,,NA,NA,NA,NA,No,Yes,Yes,Yes,Yes,Yes,Yes,Yes,Yes,Yes,Yes,No,Yes,Yes,Yes,Yes,No,Yes,NA,37.0675,No,NA,32.9225,Yes,Yes,#N/A,27.445,24.975,18.535,NA,15.325,17.43383503,1.3575,27.575,1.546,19.85,1.42725,20.98764822
344,tulip poplar,C-18-S,Control,Control,2018,South,Large,,,,Yes,62.8,63.9,65.3,65.6,52.11,76.17,NA,NA,NA,NA,NA,NA,Yes,Yes,Yes,Yes,No,Yes,Yes,Yes,No,Yes,Yes,No,Yes,Yes,Yes,Yes,Yes,Yes,Yes,No,No,No,NA,32.76,Yes,NA,45.7425,Yes,Yes,#N/A,23.2825,30.05,21.06,NA,16.375,16.375,1.37425,31.975,1.61625,25.93333333,1.520333333,26.53126921
345,sugar maple,IC+TSI-18-M,IC+TSI,IC+TSI,2018,Middle,Large,,,,Yes,16.7,16.7,17.1,17.5,8.57,10.44,NA,NA,NA,NA,NA,NA,Yes,Yes,Yes,Yes,No,Yes,Yes,Yes,Yes,Yes,Yes,Yes,Yes,Yes,Yes,No,Yes,Yes,Yes,Yes,Yes,Yes,19.715,29.7825,No,10.0675,40.11,Yes,Yes,13.09,22.1625,24.0575,17.2975,Yes,8.05,9.636082879,1.241,25.675,1.51725,12.325,1.31,13.03137352
346,sugar maple,IC-18-N,IC,IC,2018,North,Large,,,,Yes,8.8,8.8,9,9.2,7.96,10.36,NA,NA,NA,NA,NA,NA,Yes,Yes,Yes,Yes,No,Yes,Yes,Yes,Yes,Yes,Yes,Yes,Yes,Yes,Yes,No,Yes,Yes,Yes,Yes,Yes,Yes,18.895,35.0125,Yes,16.1175,35.4925,Yes,Yes,10.8875,21.88,23.47,13.23285714,Yes,23.7,25.9606724,1.48775,28.925,1.5675,26.8,1.53475,33.27931489
347,sugar maple,IC-19-N,IC,Control,2019,North,small,,,Half of tree dead?,Yes,NA,NA,NA,NA,NA,NA,2.5,4.52,,2.5,4.68,,NA,NA,NA,NA,No,No,No,No,No,No,No,No,No,No,No,No,Yes,Yes,Yes,No,No,No,NA,34.365,Yes,NA,33.535,Yes,Yes,#N/A,26.9525,27.18,21.34142857,NA,13.9,16.63870211,1.33675,25.675,1.51725,23.65,1.4855,23.86811594
348,sugar maple,IC-19-N,IC,Control,2019,North,small,,,,Yes,NA,NA,NA,NA,NA,NA,5.8,7.43,,5.9,7.58,,NA,NA,NA,NA,No,Yes,Yes,Yes,Yes,Yes,Yes,Yes,Yes,Yes,Yes,No,Yes,Yes,Yes,Yes,Yes,Yes,NA,43.88,Yes,NA,26.825,Yes,Yes,#N/A,32.7825,19.53,22.724,NA,30.95,37.04804535,1.6,25.675,1.51725,39.825,1.75275,39.825
349,red maple,IC+TSI-18-N,IC+TSI,IC+TSI,2018,North,small,,Why no veg survey in 2020?,,Yes,NA,NA,NA,NA,NA,NA,7.2,9.51,,7.2,8.84,,NA,NA,NA,NA,No,No,No,No,No,No,No,No,No,No,No,Yes,Yes,No,Yes,No,No,No,NA,37.6075,Yes,NA,33.995,Yes,Yes,#N/A,32.255,29.125,21.56714286,NA,23.825,27.10349883,1.49375,27.575,1.546,32.05,1.623,32.3455863
35,sugar maple,IC-18-S,IC,IC,2018,South,Large,,,,Yes,24.2,24.6,24.7,24.8,10.82,12.52,NA,NA,NA,NA,NA,NA,Yes,Yes,Yes,Yes,No,Yes,Yes,Yes,Yes,Yes,Yes,Yes,Yes,Yes,Yes,No,Yes,Yes,Yes,Yes,Yes,Yes,26.8075,33.66,Yes,6.8525,22.51,Yes,Yes,23.445,24.9725,12.2925,11.4825,Yes,14.875,21.17855747,1.3515,18.425,1.4065,34.15,1.6515,35.65727931
350,elm,IC-18-N,IC,IC,2018,North,small,,,,Yes,NA,NA,NA,NA,NA,NA,8.7,12.67,two measures,7.5,9.98,,NA,NA,NA,NA,No,No,No,No,No,No,No,No,No,No,No,Yes,Yes,Yes,Yes,No,No,No,NA,37.8025,Yes,NA,33.335,Yes,Yes,#N/A,29.865,25.8325,20.364,NA,34.75,38.06469898,1.67675,28.925,1.5675,40.95,1.77975,40.95
351,red maple,IC-19-N,IC,Control,2019,North,small,,,,Yes,NA,NA,NA,NA,NA,NA,4.25,7.44,,4.4,7.55,,NA,NA,NA,NA,No,No,No,No,No,No,No,No,No,No,No,Yes,Yes,Yes,Yes,No,No,No,NA,32.63,Yes,NA,40.3425,Yes,Yes,#N/A,26.56,23.2,20.24,NA,26.075,31.21252932,1.52275,25.675,1.51725,38.975,1.73425,38.975
352,red maple,IC-19-N,IC,Control,2019,North,small,,,,Yes,NA,NA,NA,NA,NA,NA,5.4,7.2,,5.6,7.36,,NA,NA,NA,NA,No,No,No,No,No,No,No,No,No,No,No,Yes,Yes,Yes,Yes,No,No,No,NA,38.21,No,NA,32.03,Yes,Yes,#N/A,31.5,23.42,21.648,NA,21.225,25.40693902,1.4485,25.675,1.51725,33.05,1.63425,33.05
353,red maple,IC-19-N,IC,Control,2019,North,small,,,,Yes,NA,NA,NA,NA,NA,NA,5.1,8.43,,5.1,8.83,,NA,NA,NA,NA,No,No,No,No,No,No,No,No,No,No,No,Yes,Yes,Yes,Yes,No,No,No,NA,29.7525,Yes,NA,34.69,Yes,Yes,#N/A,23.6875,22.285,18.62,NA,24.95,29.86587178,1.513,25.675,1.51725,35,1.6765,43.46179183
354,sugar maple,IC-18-N,IC,IC,2018,North,small,,,,Yes,NA,NA,NA,NA,NA,NA,5.6,8.51,,5.6,8.52,,NA,NA,NA,NA,No,No,No,No,No,No,No,No,No,No,No,Yes,Yes,Yes,Yes,No,No,No,NA,38.1075,No,NA,35.6375,Yes,Yes,#N/A,29.405,23.335,25.6625,NA,19.85,22.58150899,1.42825,27.575,1.546,24.625,1.5005,30.57847497
355,red maple,IC+TSI-19-N,IC+TSI,Control,2019,North,small,,,,Yes,NA,NA,NA,NA,NA,NA,6.3,8.94,,6.5,>10.5,,NA,NA,NA,NA,No,Yes,Yes,Yes,Yes,Yes,Yes,Yes,Yes,Yes,Yes,No,Yes,Yes,Yes,Yes,Yes,Yes,NA,29.1725,Yes,NA,23.525,Yes,Yes,#N/A,22.11,20.9825,28.2075,NA,16.175,19.72869429,1.37175,24.95,1.5055,32.325,1.62225,32.325
356,red maple,IC+TSI-19-N,IC+TSI,Control,2019,North,small,,,,Yes,NA,NA,NA,NA,NA,NA,7.3,12.72,,7.3,>10.5,,NA,NA,NA,NA,No,Yes,Yes,Yes,Yes,Yes,Yes,Yes,Yes,Yes,Yes,No,Yes,Yes,Yes,Yes,Yes,Yes,NA,35.6975,No,NA,28.42,Yes,Yes,#N/A,24.39,28.6125,30.1925,NA,8.6,10.48944488,1.25075,24.95,1.5055,23.675,1.48625,23.675
357,sugar maple,IC+TSI-19-N,IC+TSI,Control,2019,North,small,,,Missing tag,Yes,NA,NA,NA,NA,NA,NA,2.5,3.28,,2.5,3.41,,NA,NA,NA,NA,No,No,No,No,No,No,No,No,No,No,No,Yes,Yes,Yes,Yes,No,No,No,NA,23.8425,Yes,NA,21.8675,Yes,Yes,#N/A,19.6225,19.01,36.59,NA,22.825,27.83971853,1.4735,24.95,1.5055,33.525,1.64275,34.82801383
358,sugar maple,IC-18-N,IC,IC,2018,North,small,,,,Yes,NA,NA,NA,NA,NA,NA,2.7,4.19,,2.8,4.16,,NA,NA,NA,NA,No,No,No,No,No,No,No,No,No,No,No,Yes,Yes,Yes,Yes,No,No,No,NA,28.49,Yes,NA,33.6975,Yes,Yes,#N/A,23.79,22.13,27.0825,NA,35.225,38.58500782,1.67075,28.925,1.5675,41.575,1.788,41.575
359,sugar maple,IC+TSI-19-N,IC+TSI,Control,2019,North,small,,,,Yes,NA,NA,NA,NA,NA,NA,7.4,9.86,,8.3,9.69,,NA,NA,NA,NA,No,No,No,No,No,No,No,No,No,No,No,Yes,Yes,Yes,Yes,No,No,No,NA,23.1775,No,NA,27.2425,Yes,Yes,#N/A,18.73,27.8775,35.745,NA,14.1,17.19781079,1.33975,24.95,1.5055,32.875,1.6305,32.875
36,sugar maple,IC-18-S,IC,IC,2018,South,Large,,,,Yes,18.2,18.4,18.5,18.8,11.3,12.2,NA,NA,NA,NA,NA,NA,Yes,Yes,Yes,Yes,No,No,No,No,No,No,No,No,No,No,No,Yes,Yes,Yes,Yes,No,No,No,NA,32.735,Yes,NA,30.2775,Yes,Yes,#N/A,23.0575,22.46,15.2525,NA,6.075,8.297908523,1.20675,20.275,1.4355,22.675,1.47075,23.55630764
360,sugar maple,IC-18-N,IC,IC,2018,North,small,,,,Yes,NA,NA,NA,NA,NA,NA,3.8,9.52,,6.2,9.75,,NA,NA,NA,NA,No,Yes,Yes,Yes,Yes,Yes,Yes,Yes,Yes,Yes,Yes,No,Yes,Yes,Yes,Yes,Yes,Yes,NA,31.42,No,NA,24.2525,Yes,Yes,#N/A,21.75,18.3275,22.525,NA,21.075,23.97507819,1.44825,27.575,1.546,27.675,1.549,34.36585968
361,red maple,IC-19-N,IC,Control,2019,North,small,,,,Yes,NA,NA,NA,NA,NA,NA,6.6,8.38,,6.5,9.3,,NA,NA,NA,NA,No,No,No,No,No,No,No,No,No,No,No,Yes,Yes,Yes,Yes,No,No,No,NA,39.2175,Yes,NA,28.5475,Yes,Yes,#N/A,31.1925,20.565,17.05571429,NA,21.925,26.24485927,1.4595,25.675,1.51725,28.425,1.562,28.68715415
362,red maple,IC+TSI-19-N,IC+TSI,Control,2019,North,small,,,,Yes,NA,NA,NA,NA,NA,NA,5.9,8.16,,5.9,9.01,,NA,NA,NA,NA,No,Yes,Yes,Yes,Yes,Yes,Yes,Yes,Yes,Yes,Yes,No,Yes,Yes,Yes,Yes,Yes,Yes,NA,40.4,Yes,NA,28.7525,Yes,Yes,#N/A,25.6125,27.7675,24.1575,NA,18.75,22.86942924,1.411,24.95,1.5055,34.4,1.65675,34.4
363,sugar maple,IC+TSI-19-N,IC+TSI,Control,2019,North,small,,,,Yes,NA,NA,NA,NA,NA,NA,5.7,10.9,,5.7,9.18,,NA,NA,NA,NA,No,No,No,No,No,No,No,No,No,No,No,Yes,Yes,Yes,Yes,No,Yes,No,NA,22.755,No,NA,28.12,Yes,Yes,#N/A,19.6675,26.6025,33.8925,NA,11.8,14.39249414,1.30325,24.95,1.5055,28.825,1.566,29.94533926
364,sugar maple,IC+TSI-18-N,IC+TSI,IC+TSI,2018,North,small,,,,Yes,NA,NA,NA,NA,NA,NA,3.4,5.65,,3.4,5.88,,NA,NA,NA,NA,No,No,No,No,No,No,No,No,No,No,No,Yes,Yes,Yes,Yes,No,No,No,NA,30.45,Yes,NA,31.3375,Yes,Yes,#N/A,24.455,30.21,20.31,NA,28.925,34.62406177,1.57625,25.675,1.51725,41.65,1.79025,41.78718709
365,red maple,IC+TSI-18-N,IC+TSI,IC+TSI,2018,North,small,,,,Yes,NA,NA,NA,NA,NA,NA,8.7,13,,10.8,>10.5,,NA,NA,NA,NA,No,Yes,Yes,Yes,Yes,No,No,Yes,Yes,Yes,Yes,No,Yes,Yes,Yes,Yes,Yes,Yes,NA,33.915,No,NA,28.145,Yes,Yes,#N/A,24.6825,21.5575,33.5875,NA,21.025,25.16753323,1.44575,25.675,1.51725,30.275,1.5895,37.59444993
366,sugar maple,IC+TSI-18-N,IC+TSI,IC+TSI,2018,North,small,,,,Yes,NA,NA,NA,NA,NA,NA,4.3,6.52,,4.5,6.3,,NA,NA,NA,NA,No,No,No,No,No,No,No,No,No,No,No,Yes,Yes,Yes,Yes,No,No,No,NA,25.235,Yes,NA,25.995,Yes,Yes,#N/A,18.9175,21.3725,22.8775,NA,17.325,20.73852619,1.38925,25.675,1.51725,33.5,1.642,33.61034256
367,red maple,IC+TSI-18-N,IC+TSI,IC+TSI,2018,North,small,,,,Yes,NA,NA,NA,NA,NA,NA,11.1,13.58,,11.1,>10.5,,NA,NA,NA,NA,No,No,No,No,No,No,No,No,No,No,No,Yes,Yes,Yes,Yes,No,No,No,NA,25.445,No,NA,20.2375,Yes,Yes,#N/A,21.13,16.845,22.885,NA,9.65,11.55132916,1.26825,25.675,1.51725,18.575,1.4085,23.06579381
368,sugar maple,IC+TSI-18-N,IC+TSI,IC+TSI,2018,North,small,,,,Yes,NA,NA,NA,NA,NA,NA,7,11.02,,7,10.45,,NA,NA,NA,NA,No,Yes,Yes,Yes,Yes,Yes,Yes,Yes,Yes,Yes,Yes,No,Yes,Yes,Yes,Yes,Yes,Yes,NA,33.2675,Yes,NA,29.1125,Yes,Yes,#N/A,24.57,21.1,29.13,NA,10.775,12.89798671,1.28525,25.675,1.51725,16.05,1.36975,19.93033597
369,sugar maple,IC+TSI-18-N,IC+TSI,IC+TSI,2018,North,small,,,,Yes,NA,NA,NA,NA,NA,NA,3.7,4.86,,3.8,4.51,,NA,NA,NA,NA,No,No,No,No,No,No,No,No,No,No,No,Yes,Yes,Yes,Yes,No,No,No,NA,23.5225,Yes,NA,24.1,Yes,Yes,#N/A,19.645,#N/A,20.3875,NA,10.7,12.80820954,1.28525,25.675,1.51725,31.975,1.616,32.0803195
37,sugar maple,IC-18-S,IC,IC,2018,South,Large,,,,Yes,13.9,14.3,14.3,14.2,6.87,7.91,NA,NA,NA,NA,NA,NA,Yes,Yes,Yes,Yes,No,No,No,No,No,No,No,No,No,No,No,Yes,Yes,Yes,Yes,No,No,No,NA,28.685,Yes,NA,30.7625,Yes,Yes,#N/A,18.7675,22.045,14.9225,NA,7.525,10.27847928,1.23225,20.275,1.4355,19.475,1.4215,20.23193347
371,red maple,IC-19-N,IC,Control,2019,North,Large,,,,Yes,14.7,14.9,15.1,15.3,14.84,18.38,NA,NA,NA,NA,NA,NA,Yes,Yes,Yes,Yes,No,Yes,Yes,Yes,Yes,Yes,Yes,Yes,Yes,Yes,Yes,No,Yes,Yes,Yes,Yes,Yes,Yes,29.9425,42.9375,Yes,12.995,38.4975,Yes,Yes,21.0825,30.325,23.7875,19.5875,Yes,34.5,41.29749805,2.40525,25.675,1.51725,42.75,1.81025,42.75
372,red maple,IC+TSI-19-N,IC+TSI,Control,2019,North,Large,,,,Yes,19.25,19.3,19.5,19.7,10.94,14.45,NA,NA,NA,NA,NA,NA,Yes,Yes,Yes,Yes,No,Yes,Yes,Yes,Yes,Yes,Yes,Yes,Yes,Yes,Yes,No,Yes,Yes,Yes,Yes,Yes,Yes,27.9375,40.81,Yes,12.8725,28.04,Yes,Yes,22.035,33.8425,27.7025,29,Yes,11.375,13.87412041,1.29575,24.95,1.5055,32.35,1.6235,32.35
373,tulip poplar,IC+TSI-19-N,IC+TSI,Control,2019,North,Large,,,,Yes,26.7,27.3,28.3,29,44.01,67.32,NA,NA,NA,NA,NA,NA,Yes,Yes,Yes,Yes,No,Yes,Yes,Yes,Yes,Yes,Yes,Yes,Yes,Yes,Yes,No,Yes,Yes,Yes,Yes,Yes,Yes,22.695,40.9725,Yes,18.2775,27.51,Yes,Yes,16.3375,33.9075,25.54,21.8625,Yes,15.075,18.0452111,1.3545,25.675,1.51725,32.75,1.62775,32.75
374,tulip poplar,IC+TSI-18-N,IC+TSI,IC+TSI,2018,North,Large,Tree Girdled,Tree Girdled,,No,31.5,,31.8,31.5,4.96,NA,NA,NA,NA,NA,NA,NA,Yes,Yes,Yes,No,No,No,No,No,Yes,No,No,Yes,No,No,No,No,Yes,No,No,Yes,Yes,Yes,16.4875,34.4725,No,17.985,NA,NA,No,13.795,23.7575,#N/A,NA,Yes,24.675,28.07046521,1.5085,27.575,1.546,39.025,1.73875,39.15354084
375,red maple,IC+TSI-19-N,IC+TSI,Control,2019,North,Large,,,,Yes,13.8,13.8,14,14,5.98,6.01,NA,NA,NA,NA,NA,NA,Yes,Yes,Yes,Yes,No,Yes,Yes,Yes,Yes,Yes,Yes,Yes,Yes,Yes,Yes,No,Yes,Yes,Yes,Yes,Yes,Yes,22.89,37.5875,Yes,14.6975,30.4275,Yes,Yes,16.415,24.335,22.94,30.1675,Yes,15.775,18.88313135,1.36475,25.675,1.51725,29.525,1.5765,29.525
376,red maple,IC-18-N,IC,IC,2018,North,Large,,,,Yes,13.3,13.2,13.7,13.4,7.8,9.1,NA,NA,NA,NA,NA,NA,Yes,Yes,Yes,Yes,No,Yes,Yes,Yes,Yes,Yes,Yes,Yes,Yes,Yes,Yes,No,Yes,Yes,Yes,Yes,Yes,Yes,16.965,29.1375,No,12.1725,23.295,Yes,Yes,13.295,22.3475,21.7975,25.7475,Yes,35.175,38.53023847,1.684,28.925,1.5675,40.525,1.77575,50.32254611
377,red maple,IC+TSI-19-M,IC+TSI,Control,2019,Middle,Large,,,,Yes,10.4,10.4,10.6,10.5,5.3,4.9,NA,NA,NA,NA,NA,NA,Yes,Yes,Yes,Yes,No,No,No,No,No,No,No,No,No,No,No,Yes,Yes,Yes,Yes,No,No,No,NA,38.835,No,NA,21.135,Yes,Yes,#N/A,30,18.315,29.15,NA,19.175,21.00404613,1.41925,28.925,1.5675,28.225,1.55625,29.84263834
378,red maple,IC+TSI-18-M,IC+TSI,IC+TSI,2018,Middle,Large,,,,Yes,15.9,15.9,16.1,16.1,3.39,14.09,NA,NA,NA,NA,NA,NA,Yes,Yes,Yes,Yes,No,No,No,No,No,No,No,No,No,No,No,Yes,Yes,Yes,Yes,No,Yes,No,NA,36.5675,Yes,NA,36.5,Yes,Yes,#N/A,29.6475,27.8525,23.405,NA,27.825,31.65392885,1.553,27.575,1.546,32.35,1.62225,34.20405138
379,red maple,IC+TSI-19-M,IC+TSI,Control,2019,Middle,Large,,,,Yes,19.6,19.8,20.1,20.2,10.46,11.77,NA,NA,NA,NA,NA,NA,Yes,Yes,Yes,Yes,No,Yes,Yes,Yes,Yes,Yes,Yes,Yes,Yes,Yes,Yes,No,Yes,Yes,Yes,Yes,Yes,Yes,20.51,34.6,Yes,14.09,23.195,Yes,Yes,16.13,28.2675,20.8725,24.8175,Yes,21.85,23.93420641,1.458,28.925,1.5675,31,1.6,32.77667984
38,sugar maple,IC-18-S,IC,IC,2018,South,Large,,,,Yes,20.9,21,21,21.1,15.28,15.74,NA,NA,NA,NA,NA,NA,Yes,Yes,Yes,Yes,No,No,No,No,No,No,No,No,No,No,No,Yes,Yes,Yes,Yes,No,No,No,NA,26.565,Yes,NA,31.265,Yes,Yes,#N/A,17.9,17.955,14.6525,Yes,9.05,12.36149336,1.25825,20.275,1.4355,25.125,1.5085,26.10153162
380,sugar maple,IC+TSI-18-M,IC+TSI,IC+TSI,2018,Middle,Large,,,,Yes,9.4,9.3,9.6,9.6,4.12,3.81,NA,NA,NA,NA,NA,NA,Yes,Yes,Yes,Yes,No,Yes,Yes,Yes,Yes,Yes,Yes,Yes,Yes,Yes,Yes,No,Yes,Yes,Yes,Yes,Yes,Yes,21.865,34.31,No,12.445,32.635,Yes,Yes,16.1575,23.735,24.77,22.8075,Yes,18.275,20.78977717,1.404,27.575,1.546,26.65,1.53225,28.17737154
381,red maple,IC+TSI-18-M,IC+TSI,IC+TSI,2018,Middle,Large,,,,Yes,23.3,23.7,24.4,24.4,31.72,41.17,NA,NA,NA,NA,NA,NA,Yes,Yes,Yes,Yes,No,Yes,Yes,Yes,Yes,Yes,Yes,Yes,Yes,Yes,Yes,No,Yes,Yes,Yes,Yes,Yes,Yes,22.115,35.6025,No,13.4875,32.4325,Yes,Yes,16.8425,26.67,25.67,25.5125,Yes,24.7,29.56661454,1.50225,25.675,1.51725,25.95,1.52025,27.43725296
382,red maple,IC+TSI-19-M,IC+TSI,Control,2019,Middle,Large,,,,Yes,18.6,18.9,18.8,19,9.7,10.52,NA,NA,NA,NA,NA,NA,Yes,Yes,Yes,Yes,No,Yes,Yes,Yes,Yes,Yes,Yes,Yes,Yes,Yes,Yes,No,Yes,Yes,Yes,Yes,Yes,Yes,28.3325,30.3675,No,2.035,21.6325,Yes,Yes,22.855,24.805,17.445,22.675,Yes,19.775,21.66127834,1.42675,28.925,1.5675,30.025,1.5835,31.7458004
383,tulip poplar,IC+TSI-19-M,IC+TSI,Control,2019,Middle,Large,,,,Yes,28.3,29.6,29.4,29.8,31.4,46.31,NA,NA,NA,NA,NA,NA,Yes,Yes,Yes,Yes,No,Yes,Yes,Yes,Yes,Yes,Yes,Yes,Yes,Yes,Yes,No,Yes,Yes,Yes,Yes,No,Yes,32.6175,34.5025,No,1.885,23.895,Yes,Yes,28.055,28.7925,21.3675,25.84,Yes,18.275,20.01819781,1.40425,28.925,1.5675,30.575,1.5935,32.32732213
384,red maple,C-19-S,Control,Control,2019,South,Large,,,,Yes,18,18.1,18.5,18.4,10.15,11.98,NA,NA,NA,NA,NA,NA,Yes,Yes,Yes,Yes,No,Yes,Yes,Yes,Yes,Yes,Yes,Yes,Yes,Yes,Yes,No,Yes,Yes,Yes,Yes,Yes,Yes,31.055,39.8675,Yes,8.8125,47.0525,Yes,Yes,24.2825,27.7925,29.8825,21.36,Yes,26,26.52853792,1.52225,31.325,1.60625,33.775,1.64475,34.55373847
385,sugar maple,C-19-S,Control,Control,2019,South,Large,,,Completely dead,Maybe,15,15.1,15.1,NA,5.14,NA,NA,NA,NA,NA,NA,NA,Yes,Yes,Yes,Yes,No,Yes,Yes,Yes,Yes,Yes,Yes,Yes,Yes,Yes,Yes,No,Yes,Yes,Yes,Yes,Yes,Yes,24.03,27.215,No,3.185,36.8825,Yes,Yes,18.5525,19.6125,25.5575,23.0825,NA,14.925,15.2284011,1.353,31.325,1.60625,17.3,1.38925,17.69888011
386,red maple,C-18-S,Control,Control,2018,South,Large,,,,Yes,21.1,21,21.1,21.1,6.89,7.37,NA,NA,NA,NA,NA,NA,Yes,Yes,Yes,Yes,No,Yes,Yes,Yes,No,Yes,Yes,No,Yes,Yes,Yes,Yes,Yes,Yes,Yes,No,No,Yes,NA,33.1825,No,NA,42.455,Yes,Yes,#N/A,23.86,32.005,19.55,NA,18.95,18.95,1.4135,31.975,1.61625,27.1,1.53925,27.72483531
387,sugar maple,C-18-S,Control,Control,2018,South,Large,,,,Yes,10.8,10.8,10.9,10.8,4.41,4.59,NA,NA,NA,NA,NA,NA,Yes,Yes,Yes,Yes,No,Yes,Yes,Yes,Yes,Yes,Yes,Yes,Yes,Yes,Yes,No,Yes,Yes,Yes,Yes,Yes,Yes,25.9925,26.8225,Yes,0.83,44.315,Yes,Yes,19.16,19.19,28.565,25.7175,NA,23.975,26.11194293,1.49075,29.125,1.572,29.35,1.5735,30.02671278
388,red maple,C-18-S,Control,Control,2018,South,Large,,,,Yes,16.8,16.8,17.4,17.1,6.05,5.89,NA,NA,NA,NA,NA,NA,Yes,Yes,Yes,Yes,No,No,No,No,No,No,No,No,No,No,No,Yes,Yes,Yes,Yes,No,No,No,NA,35.71,Yes,NA,41.59,Yes,Yes,#N/A,27.11,30.675,22.8625,NA,23.75,25.86688819,1.4865,29.125,1.572,31.5,1.6095,32.22628458
389,sugar maple,C-18-S,Control,Control,2018,South,Large,,,,Yes,20.1,20.2,20.4,20.5,5.15,8.24,NA,NA,NA,NA,NA,NA,Yes,Yes,Yes,Yes,No,Yes,Yes,Yes,Yes,Yes,Yes,Yes,Yes,Yes,Yes,No,Yes,Yes,Yes,Yes,Yes,Yes,20.905,32.675,No,11.77,34.6725,Yes,Yes,14.03,18.4925,19.2775,15.95,Yes,26.95,29.35211102,1.53675,29.125,1.572,31.8,1.61275,32.53320158
39,sugar maple,IC-18-S,IC,IC,2018,South,Large,,,,Yes,11.3,11.3,11.3,11.3,3.7,4.2,NA,NA,NA,NA,NA,NA,Yes,Yes,Yes,Yes,No,No,No,No,No,No,No,No,No,No,No,Yes,Yes,Yes,Yes,No,No,No,NA,31.4725,Yes,NA,31.2775,Yes,Yes,#N/A,19.685,20.53,22.9225,NA,10.4,14.20547303,1.28025,20.275,1.4355,21.5,1.4525,22.335639
390,red maple,C-19-S,Control,Control,2019,South,Large,,,,Yes,12.2,12.2,12.4,12.5,5.9,7.24,NA,NA,NA,NA,NA,NA,Yes,Yes,Yes,Yes,No,Yes,Yes,Yes,Yes,Yes,Yes,Yes,Yes,Yes,Yes,No,Yes,Yes,Yes,Yes,Yes,Yes,35.4875,26.0675,Yes,-9.42,44.5525,Yes,Yes,29.68,17.815,30.715,32.0375,NA,23.35,23.82466771,1.4805,31.325,1.60625,34.85,1.66625,36.84733202
391,red maple,C-19-S,Control,Control,2019,South,Large,,,,Yes,26.5,26.7,27.1,27.4,11.87,18.18,NA,NA,NA,NA,NA,NA,Yes,Yes,Yes,Yes,No,Yes,Yes,Yes,Yes,Yes,Yes,Yes,Yes,Yes,Yes,No,Yes,Yes,Yes,Yes,Yes,Yes,37.5025,31.0675,Yes,-6.435,47.0425,Yes,Yes,32.38,23.075,28.6825,23.275,Yes,20.95,21.37587959,1.4445,31.325,1.60625,29.175,1.5715,30.84708498
392,red maple,C-19-M,Control,Control,2019,Middle,Large,,,,Yes,14,13.9,14,14,6.95,7.47,NA,NA,NA,NA,NA,NA,Yes,Yes,Yes,Yes,No,Yes,Yes,Yes,Yes,Yes,Yes,Yes,Yes,Yes,Yes,No,Yes,Yes,Yes,Yes,Yes,Yes,22.185,29.2675,No,7.0825,27.595,Yes,Yes,15.34,21.545,20.5125,20.0625,Yes,20.475,22.42804926,1.438,28.925,1.5675,20.85,1.44325,25.89081028
393,tulip poplar,C-19-M,Control,Control,2019,Middle,Large,,,,Yes,27.5,27.6,28.1,28.2,17.51,20.23,NA,NA,NA,NA,NA,NA,Yes,Yes,Yes,Yes,No,Yes,Yes,Yes,Yes,Yes,Yes,Yes,Yes,Yes,Yes,No,Yes,Yes,Yes,Yes,Yes,Yes,20.2875,29.285,Yes,8.9975,24.37,Yes,Yes,12.9225,22.72,18.9625,13.465,Yes,13.325,14.59603206,1.3275,28.925,1.5675,13.025,1.323,16.17399539
394,tulip poplar,C-18-M,Control,Control,2018,Middle,Large,,,,Yes,31.3,31.2,31.6,31.5,8.05,10.18,NA,NA,NA,NA,NA,NA,Yes,Yes,Yes,Yes,No,Yes,Yes,Yes,Yes,Yes,Yes,Yes,Yes,Yes,Yes,No,Yes,Yes,Yes,Yes,Yes,Yes,14.385,19.235,Yes,4.85,31.9275,Yes,Yes,10.215,12.3875,22.94,15.5375,Yes,9,9.85848319,1.25725,28.925,1.5675,25.925,1.52075,25.925
395,sugar maple,C-18-M,Control,Control,2018,Middle,Large,,,,Yes,19.1,19,19.2,19.1,6.33,6.38,NA,NA,NA,NA,NA,NA,Yes,Yes,Yes,Yes,No,Yes,Yes,Yes,Yes,Yes,Yes,Yes,Yes,Yes,Yes,No,Yes,Yes,Yes,Yes,Yes,Yes,23.01,32.3175,No,9.3075,NA,NA,Yes,14.55,24.2825,#N/A,18.2675,Yes,21.4,23.44128225,1.4545,28.925,1.5675,20.175,1.436,25.05261858
396,tulip poplar,IC+TSI-18-N,IC+TSI,IC+TSI,2018,North,Large,,,,Yes,16.4,17.4,16.8,17.2,12.96,19.72,NA,NA,NA,NA,NA,NA,Yes,Yes,Yes,Yes,No,Yes,Yes,Yes,Yes,Yes,Yes,Yes,Yes,Yes,Yes,No,Yes,Yes,Yes,Yes,Yes,Yes,14.8575,24.0725,No,9.215,21.67,Yes,Yes,11.21,19.0025,16.1275,26.455,Yes,11.525,13.11092651,1.2975,27.575,1.546,29.25,1.57275,29.34634387
397,red maple,IC+TSI-18-N,IC+TSI,IC+TSI,2018,North,Large,,,,Yes,11.5,11.5,11.6,11.7,7.84,8.36,NA,NA,NA,NA,NA,NA,Yes,Yes,Yes,Yes,No,No,No,No,No,No,No,No,No,No,No,Yes,Yes,Yes,Yes,No,No,No,19.26,35.435,No,16.175,26.4875,Yes,Yes,11.85,28.0375,18.9775,22.68,NA,11.075,12.59900313,1.29125,27.575,1.546,31.4,1.6085,31.50342556
398,red maple,IC+TSI-19-N,IC+TSI,Control,2019,North,Large,,,,Yes,18.6,18.6,18.9,18.8,7.31,8.02,NA,NA,NA,NA,NA,NA,Yes,Yes,Yes,Yes,No,Yes,Yes,Yes,Yes,Yes,Yes,Yes,Yes,Yes,Yes,No,Yes,Yes,Yes,Yes,Yes,Yes,19.05666667,32.1675,Yes,13.11083333,26.8875,Yes,Yes,11.33666667,18.565,21.7025,24.1925,Yes,7.525,9.178264268,1.23175,24.95,1.5055,25.675,1.51625,25.675
399,tulip poplar,IC-19-N,IC,Control,2019,North,Large,,,,Yes,28.2,28.4,28.9,29,19.54,26.24,NA,NA,NA,NA,NA,NA,Yes,Yes,Yes,Yes,No,Yes,Yes,Yes,Yes,Yes,Yes,Yes,Yes,Yes,Yes,No,Yes,Yes,Yes,Yes,Yes,Yes,39.735,41.175,Yes,1.44,29.4775,Yes,Yes,25.8925,29.0375,22.315,29.2075,Yes,13.6,16.27959343,1.33175,25.675,1.51725,29.05,1.56975,29.05
4,red maple,IC+TSI-19-S,IC+TSI,Control,2019,South,Large,,,,Yes,12.6,12.7,13,13.2,14.63,18.85,NA,NA,NA,NA,NA,NA,Yes,Yes,Yes,Yes,Yes,Yes,Yes,Yes,Yes,Yes,Yes,Yes,Yes,No,Yes,No,Yes,Yes,Yes,Yes,Yes,Yes,31.6975,37.73,No,6.0325,46.9525,Yes,Yes,24,29.86,21.245,35.6175,Yes,18.525,20.26307662,1.40725,28.975,1.57225,20.8,1.44175,24.36258235
40,tulip poplar,IC-19-S,IC,Control,2019,South,Large,,,,Yes,37.6,38.5,38.9,39.3,29.98,40.84,NA,NA,NA,NA,NA,NA,Yes,Yes,Yes,Yes,No,No,No,No,No,No,No,No,No,No,No,Yes,Yes,Yes,Yes,No,No,No,NA,33.2675,No,NA,35.2,Yes,Yes,#N/A,22.5,28.52,20.85,NA,11.35,15.50308835,1.29575,20.275,1.4355,21.65,1.45525,22.49146904
400,red maple,IC-19-N,IC,Control,2019,North,Large,,Target Tree Dead,,No,11.5,,11.5,NA,too small,NA,NA,NA,NA,NA,NA,NA,Yes,Yes,Dendro_Problem,NA,No,Yes,Yes,Yes,Yes,Yes,No,Yes,Yes,Yes,Yes,No,Yes,Yes,Yes,Yes,Yes,Yes,37.2675,44.135,Yes,6.8675,36.0925,Yes,No,23.1375,32.7175,25.3325,NA,Yes,13.225,15.83070758,1.3245,25.675,1.51725,31.05,1.60525,31.05
401,sugar maple,C-18-N,Control,Control,2018,North,small,,,,Yes,NA,NA,NA,NA,NA,NA,NA,NA,NA,4.1,6.63,,NA,NA,NA,NA,No,No,No,No,No,No,No,No,No,No,No,No,Yes,Yes,Yes,No,No,No,NA,27.7375,Yes,NA,47.3075,Yes,Yes,#N/A,18.5775,22.8975,27.5375,NA,13.5,16.46598905,1.33,24.95,1.5055,31.575,1.61875,32.80222332
402,Unknown,C-18-N,NA,NA,NA,NA,small,Not in plot,Not in plot,,No,NA,NA,NA,NA,NA,NA,NA,NA,NA,4.9,5.55,,NA,NA,NA,NA,No,No,No,No,No,No,No,No,No,No,No,No,Yes,No,No,No,No,No,NA,NA,No,NA,NA,NA,No,NA,NA,NA,NA,NA,NA,NA,NA,24.95,1.5055,NA,NA,NA
403,Unknown,,NA,NA,NA,NA,small,Not in plot,Not in plot,,No,NA,NA,NA,NA,NA,NA,NA,NA,NA,NA,NA,NA,NA,NA,NA,NA,No,No,No,No,No,No,No,No,No,No,No,No,Yes,No,No,No,No,No,NA,NA,No,NA,NA,NA,No,NA,NA,NA,NA,NA,NA,NA,NA,24.95,1.5055,NA,NA,NA
404,sugar maple,C-18-N,Control,Control,2018,North,small,,,,Yes,NA,NA,NA,NA,NA,NA,NA,NA,NA,7.1,7.83,,NA,NA,NA,NA,No,No,No,No,No,No,No,No,No,No,No,No,Yes,Yes,Yes,No,No,No,NA,24.66,Yes,NA,47.685,Yes,Yes,#N/A,17.3825,21.775,24.2025,NA,17.725,21.21733777,1.39525,25.675,1.51725,31.175,1.60625,32.38667655
405,sugar maple,C-19-N,Control,Control,2019,North,small,,,,Yes,NA,NA,NA,NA,NA,NA,NA,NA,NA,4.5,7.2,,NA,NA,NA,NA,No,No,No,No,No,No,No,No,No,No,No,No,Yes,Yes,Yes,No,No,No,NA,23.7875,Yes,NA,23.8525,Yes,Yes,#N/A,14.0725,13.8725,22.815,NA,9.925,12.10555121,1.2725,24.95,1.5055,23.475,1.48275,24.38740119
406,Red Maple,C-19-N,Control,Control,2019,North,small,,,Fallen tree leaning on it,Yes,NA,NA,NA,NA,NA,NA,NA,NA,NA,5.4,6.79,,NA,NA,NA,NA,No,No,No,No,No,No,No,No,No,No,No,No,Yes,Yes,Yes,No,No,No,NA,20.98,Yes,NA,22.94,Yes,Yes,#N/A,13.4075,14.7525,21.76,NA,15.075,18.38702111,1.353,24.95,1.5055,26.85,1.53675,27.89357708
407,Unknown,,NA,NA,NA,NA,small,Not in plot,Not in plot,,No,NA,NA,NA,NA,NA,NA,NA,NA,NA,5.7,10.5,,NA,NA,NA,NA,No,No,No,No,No,No,No,No,No,No,No,No,Yes,No,No,No,No,No,NA,NA,No,NA,NA,NA,No,NA,NA,NA,NA,NA,NA,NA,NA,24.95,1.5055,NA,NA,NA
408,Red Maple,C-19-N,Control,Control,2019,North,small,,,,Yes,NA,NA,NA,NA,NA,NA,NA,NA,NA,4.4,4.49,,NA,NA,NA,NA,No,Yes,Yes,Yes,No,Yes,Yes,No,Yes,Yes,Yes,No,Yes,Yes,Yes,No,No,No,NA,24.805,Yes,NA,NA,NA,Yes,#N/A,14.475,#N/A,24.935,NA,15.275,18.28461689,1.3585,25.675,1.51725,26.875,1.535,27.91954875
409,sugar maple,C-19-N,Control,Control,2019,North,small,,,"Still rooted but squashed by another tree, now parallell to the ground",Maybe,NA,NA,NA,NA,NA,NA,NA,NA,NA,4.5,8.08,,NA,NA,NA,NA,No,No,No,No,No,No,No,No,No,No,No,No,Yes,Yes,Yes,No,No,No,NA,22.27,Yes,NA,24.615,Yes,No,#N/A,14.23,16.6525,NA,NA,12.65,14.39073495,1.3175,27.575,1.546,27.625,1.54625,28.69869895
41,red maple,IC-18-S,IC,IC,2018,South,Large,,,,Yes,16.4,17.3,17.7,18.2,41.52,53.43,NA,NA,NA,NA,NA,NA,Yes,Yes,Yes,Yes,No,No,No,No,No,No,No,No,No,No,No,Yes,Yes,Yes,Yes,No,No,No,NA,29.0275,Yes,NA,24.385,Yes,Yes,#N/A,17.31,11.1,13.8925,NA,15.4,21.92603597,1.36,18.425,1.4065,29.6,1.57725,30.90645586
410,sugar maple,C-19-N,Control,Control,2019,North,small,,,,Yes,NA,NA,NA,NA,NA,NA,NA,NA,NA,5.9,7.68,,NA,NA,NA,NA,No,No,No,No,No,No,No,No,No,No,No,No,Yes,Yes,Yes,No,No,No,NA,25.7325,Yes,NA,25.1075,Yes,Yes,#N/A,18.465,18.36,21.6875,NA,14.75,17.6561767,1.34975,25.675,1.51725,27.25,1.5405,28.30912385
411,sugar maple,C-19-N,Control,Control,2019,North,small,,,,Yes,NA,NA,NA,NA,NA,NA,NA,NA,NA,3.2,5.42,,NA,NA,NA,NA,No,No,No,No,No,No,No,No,No,No,No,No,Yes,Yes,Yes,No,No,No,NA,24.9925,Yes,NA,42.3175,Yes,Yes,#N/A,18.2325,19.0525,26.6,NA,20.45,24.94292416,1.4385,24.95,1.5055,30.2,1.5925,30.29947299
412,red maple,C-18-N,Control,Control,2018,North,small,,,,Yes,NA,NA,NA,NA,NA,NA,NA,NA,NA,5,9.38,,NA,NA,NA,NA,No,Yes,Yes,Yes,No,Yes,Yes,No,Yes,Yes,Yes,No,Yes,Yes,Yes,No,No,No,NA,24.49,No,NA,41.685,Yes,Yes,#N/A,16.1125,19.885,24.525,NA,37.825,46.13526192,1.717,24.95,1.5055,39.8,1.755,41.34690382
42,red maple,IC-18-S,IC,IC,2018,South,Large,,,,Yes,6.8,7.2,7.9,8.2,broken,11.87,NA,NA,NA,NA,NA,NA,Yes,Yes,Dendro_Problem,Yes,No,No,No,No,No,No,No,No,No,No,No,Yes,Yes,Yes,Yes,No,No,No,NA,28.1075,Yes,NA,30.175,Yes,Yes,#N/A,16.535,16.1975,14.07,NA,14.325,20.39548476,1.34425,18.425,1.4065,28.525,1.56,29.78400856
43,sugar maple,IC-18-S,IC,IC,2018,South,Large,,,,Yes,16,16.2,16.1,16.1,9.33,9.62,NA,NA,NA,NA,NA,NA,Yes,Yes,Yes,Yes,No,No,No,No,No,No,No,No,No,No,No,Yes,Yes,Yes,Yes,No,No,No,NA,29.6675,Yes,NA,34.8425,Yes,Yes,#N/A,19.2825,26.1175,19.2025,NA,9.975,13.62496091,1.27375,20.275,1.4355,25.225,1.5095,26.20541831
44,sugar maple,IC-19-S,IC,Control,2019,South,Large,,,,Yes,12.2,12.3,12.5,12.4,4.67,5.11,NA,NA,NA,NA,NA,NA,Yes,Yes,Yes,Yes,No,No,No,No,No,No,No,No,No,No,No,Yes,Yes,Yes,Yes,No,No,No,NA,30.635,Yes,NA,31.8525,Yes,Yes,#N/A,19.2225,17.1325,17.0725,NA,10.85,15.44788898,1.2885,18.425,1.4065,26.875,1.535,27.91954875
45,tulip poplar,IC-18-S,IC,IC,2018,South,Large,,,,Yes,29.5,30,30.3,30.3,15.58,19.67,NA,NA,NA,NA,NA,NA,Yes,Yes,Yes,Yes,No,No,No,No,No,No,No,No,No,No,No,Yes,Yes,Yes,Yes,No,No,No,NA,33.0225,Yes,NA,28.9025,Yes,Yes,#N/A,24.205,14.45,15.04,NA,14.8,21.07177482,1.3515,18.425,1.4065,32.525,1.624,33.96055665
46,sugar maple,IC-19-S,IC,Control,2019,South,Large,,,,Yes,9.7,9.8,9.8,10.2,6.74,7.12,NA,NA,NA,NA,NA,NA,Yes,Yes,Yes,Yes,No,No,No,No,No,No,No,No,No,No,No,Yes,Yes,Yes,Yes,No,No,No,NA,33.1475,Yes,NA,32.925,Yes,Yes,#N/A,21.4625,26.09,18.855,NA,10.75,15.30551212,1.28625,18.425,1.4065,20,1.4295,20.7773386
47,tulip poplar,IC-18-S,IC,IC,2018,South,Large,,,,Yes,8.6,8.8,9.1,9.6,11.86,7.56,NA,NA,NA,NA,NA,NA,Yes,Yes,Yes,Yes,No,No,No,No,No,No,No,No,No,No,No,Yes,Yes,Yes,Yes,No,No,No,NA,35.245,Yes,NA,31.5125,Yes,Yes,#N/A,24.6675,16.8975,16.595,NA,19.25,27.40754496,1.4195,18.425,1.4065,31.55,1.60825,32.94252306
48,red maple,IC-18-S,IC,IC,2018,South,Large,,,Tag has been absorbed by tree,Yes,28.7,30.4,31.4,32.4,76.78,107.03,NA,NA,NA,NA,NA,NA,Yes,Yes,Yes,Yes,No,No,No,No,No,No,No,No,No,No,No,Yes,Yes,Yes,Yes,No,No,No,NA,36.035,Yes,NA,32.23,Yes,Yes,#N/A,26.66,16.1975,20.4225,NA,NA,NA,NA,NA,NA,33.975,1.6485,35.47455534
49,tulip poplar,IC-18-S,IC,IC,2018,South,Large,,,,Yes,23.3,25,23.9,24,17.11,22.96,NA,NA,NA,NA,NA,NA,Yes,Yes,Yes,Yes,No,No,No,No,No,No,No,No,No,No,No,Yes,Yes,Yes,Yes,No,No,No,NA,31.755,Yes,NA,27.945,Yes,Yes,#N/A,18.7775,17.4275,21.095,NA,28.475,40.54181001,1.56625,18.425,1.4065,36.975,1.70225,37.85187747
5,sugar maple,IC+TSI-18-S,IC+TSI,IC+TSI,2018,South,Large,,,,Yes,10.6,10.6,10.8,10.8,9.7,10.42,NA,NA,NA,NA,NA,NA,Yes,Yes,Yes,Yes,Yes,Yes,Yes,Yes,Yes,Yes,Yes,Yes,Yes,Yes,Yes,No,Yes,Yes,Yes,Yes,Yes,Yes,29.0675,36.16,No,7.0925,30.2125,Yes,Yes,24.635,29.55,21.87875,31.2225,Yes,17.775,19.44270915,1.3965,28.975,1.57225,18.675,1.40925,22.05815217
50,tulip poplar,IC-18-S,IC,IC,2018,South,Large,,,,Yes,32,32.5,32.6,32.8,19.99,26.05,NA,NA,NA,NA,NA,NA,Yes,Yes,Yes,Yes,No,Yes,Yes,Yes,Yes,Yes,Yes,Yes,Yes,Yes,Yes,No,Yes,Yes,Yes,Yes,Yes,Yes,26.4175,36.3625,Yes,9.945,31.3425,Yes,Yes,24.76,28.125,24.0375,20.555,Yes,11.675,15.94700938,1.30275,20.275,1.4355,24.85,1.50325,25.81584321
51,sugar maple,IC-18-S,IC,IC,2018,South,Large,,,,Yes,8.3,8.8,9.3,9.3,19.66,17.07,NA,NA,NA,NA,NA,NA,Yes,Yes,Yes,Yes,No,No,No,No,No,No,No,No,No,No,No,Yes,Yes,Yes,Yes,No,No,No,NA,34.095,Yes,NA,29.92,Yes,Yes,#N/A,25.1675,19.065,15.5975,NA,13.85,19.71919468,1.3365,18.425,1.4065,30.625,1.5955,31.81529974
52,sugar maple,IC-19-S,IC,Control,2019,South,Large,,,,Yes,8.8,8.5,9.81,9.1,7.88,8.22,NA,NA,NA,NA,NA,NA,Yes,Yes,Yes,Yes,No,No,No,No,No,No,No,No,No,No,No,Yes,Yes,Yes,Yes,No,No,No,NA,38.34,No,NA,34.2575,Yes,Yes,#N/A,26.275,29.64,27.52,NA,11.4,15.57138389,1.29725,20.275,1.4355,24.225,1.4945,25.16655138
53,sugar maple,IC-18-S,IC,IC,2018,South,Large,,,,Yes,9.5,10,9.8,9.9,7.26,9.09,NA,NA,NA,NA,NA,NA,Yes,Yes,Yes,Yes,No,No,No,No,No,No,No,No,No,No,No,Yes,Yes,Yes,Yes,No,No,No,NA,33.67,Yes,NA,36.355,Yes,Yes,#N/A,25.3625,29.455,27.815,NA,12.5,17.07388585,1.31525,20.275,1.4355,27.425,1.543,28.49092556
54,tulip poplar,IC-19-S,IC,Control,2019,South,Large,,,,Yes,20.4,21.8,22.7,23.5,67.58,95.19,NA,NA,NA,NA,NA,NA,Yes,Yes,Yes,Yes,No,No,No,No,No,No,No,No,No,No,No,Yes,Yes,Yes,Yes,No,No,No,NA,31.7825,Yes,NA,35.36,Yes,Yes,#N/A,19.515,20.2875,14.755,NA,10.7,15.23432369,1.2845,18.425,1.4065,27.025,1.53725,28.07537879
55,red maple,IC-19-S,IC,Control,2019,South,Large,,,,Yes,12.7,13.5,14,14.3,34.26,50.54,NA,NA,NA,NA,NA,NA,Yes,Yes,Yes,Yes,No,Yes,Yes,Yes,Yes,Yes,Yes,Yes,Yes,Yes,Yes,No,Yes,Yes,Yes,Yes,Yes,Yes,29.535,32.8475,Yes,3.3125,31.99,Yes,Yes,29.1225,25.765,16.6875,18.035,Yes,19.125,26.12304535,1.418,20.275,1.4355,34.125,1.65275,35.45133399
56,tulip poplar,IC-18-S,IC,IC,2018,South,Large,,,,Yes,27.8,29.1,28.5,28.6,21.84,28.32,NA,NA,NA,NA,NA,NA,Yes,Yes,Yes,Yes,No,No,No,No,No,No,No,No,No,No,No,No,Yes,Yes,Yes,No,No,No,NA,40.0475,Yes,NA,31.175,Yes,Yes,#N/A,29.67,22.6025,22.6825,NA,23.05,25.1044957,1.4775,29.125,1.572,27.025,1.53825,27.66590909
57,sugar maple,IC-18-S,IC,IC,2018,South,Large,,,,Yes,11.1,11.2,11.2,11.2,17.01,17.05,NA,NA,NA,NA,NA,NA,Yes,Yes,Yes,Yes,No,No,No,No,No,No,No,No,No,No,No,Yes,Yes,Yes,Yes,No,No,No,NA,42.7475,Yes,NA,30.815,Yes,Yes,#N/A,34.32,23.9025,22.0075,NA,12.775,18.18864347,1.31925,18.425,1.4065,25.875,1.51975,27.01704545
58,sugar maple,IC-18-S,IC,IC,2018,South,Large,,,,Yes,17.4,17.6,17.6,17.5,8.79,8.95,NA,NA,NA,NA,NA,NA,Yes,Yes,Yes,Yes,No,No,No,No,No,No,No,No,No,No,No,Yes,Yes,Yes,Yes,No,No,No,NA,34.375,Yes,NA,33.85,Yes,Yes,#N/A,26.325,23.9025,24.6425,NA,10.75,15.30551212,1.28675,18.425,1.4065,23.575,1.4845,24.6155303
59,red maple,IC-18-S,IC,IC,2018,South,Large,,,,Yes,29.5,30.1,30.8,31,27.57,34.77,NA,NA,NA,NA,NA,NA,Yes,Yes,Yes,Yes,Yes,Yes,Yes,Yes,Yes,Yes,Yes,Yes,Yes,Yes,Yes,Yes,Yes,Yes,Yes,Yes,Yes,Yes,30.3675,41.715,Yes,11.3475,30.275,Yes,Yes,30.08,32.975,19.455,21.745,Yes,15.05,20.55695856,1.354,20.275,1.4355,27.65,1.547,28.30573123
6,red maple,IC+TSI-18-S,IC+TSI,IC+TSI,2018,South,Large,,,,Yes,11.3,11.3,11.6,11.4,9.62,10.47,NA,NA,NA,NA,NA,NA,Yes,Yes,Yes,Yes,No,No,No,No,No,No,No,No,No,No,No,Yes,Yes,Yes,Yes,No,No,No,NA,35.5575,Yes,NA,36.3175,Yes,Yes,#N/A,26.34,31.405,28.39,NA,25.275,25.275,1.5105,31.975,1.61625,18.95,1.4595,22.38297101
60,red maple,IC-18-S,IC,IC,2018,South,Large,,,,Yes,13.3,13.5,13.5,13.8,broken,14.34,NA,NA,NA,NA,NA,NA,Yes,Yes,Dendro_Problem,Yes,No,No,No,No,No,No,No,No,No,No,No,Yes,Yes,Yes,Yes,No,No,No,NA,36.1425,Yes,NA,36.0575,Yes,Yes,#N/A,26.9025,27.415,26.7975,NA,28.025,30.52292807,1.5535,29.125,1.572,30.275,1.58975,31.61124835
61,red maple,IC-18-S,IC,IC,2018,South,Large,,,,Yes,10.9,11.2,11.2,11.2,9.83,10.37,NA,NA,NA,NA,NA,NA,Yes,Yes,Yes,Yes,No,No,No,No,No,No,No,No,No,No,No,Yes,Yes,Yes,Yes,No,No,No,NA,35.8375,Yes,NA,31.3625,Yes,No,#N/A,25.8825,21.385,NA,NA,15.8,22.49554339,1.365,18.425,1.4065,25.875,1.52,26.48863636
62,sugar maple,IC-18-S,IC,IC,2018,South,Large,,Target Tree Dead,,No,14.7,15.2,14.7,14.8,8.06,7.54,NA,NA,NA,NA,NA,NA,Yes,Yes,Yes,Yes,No,No,No,No,No,No,No,No,No,No,No,Yes,Yes,Yes,Yes,No,No,No,NA,38.27,Yes,NA,39.775,Yes,No,#N/A,26.7675,32.705,NA,NA,12.35,17.58354183,1.31375,18.425,1.4065,25.95,1.52125,27.09535573
63,tulip poplar,IC-19-S,IC,Control,2019,South,Large,,,,Yes,32.35,32.8,33.6,33.4,25.89,31.27,NA,NA,NA,NA,NA,NA,Yes,Yes,Yes,Yes,No,No,No,No,No,No,No,No,No,No,No,Yes,Yes,Yes,Yes,No,No,No,NA,46.61,Yes,NA,30.1375,Yes,Yes,#N/A,37.2475,23.585,28.1875,NA,11.825,16.15189601,1.3035,20.275,1.4355,27.575,1.546,28.79207839
64,tulip poplar,IC-18-S,IC,IC,2018,South,Large,,,,Yes,25.9,26.4,26.7,26.9,29.57,36.92,NA,NA,NA,NA,NA,NA,Yes,Yes,Yes,Yes,No,No,No,No,No,No,No,No,No,No,No,Yes,Yes,Yes,Yes,No,No,No,NA,38.6925,Yes,NA,40.99,Yes,Yes,#N/A,26.6775,34.065,25.915,NA,33.025,35.96858874,1.6335,29.125,1.572,31,1.60275,32.36824769
65,tulip poplar,IC-18-S,IC,IC,2018,South,Large,,,,Yes,43,44.5,43.8,44.8,20.8,25.96,NA,NA,NA,NA,NA,NA,Yes,Yes,Yes,Yes,No,No,No,No,No,No,No,No,No,No,No,Yes,Yes,Yes,Yes,No,No,No,NA,38.805,Yes,NA,36.1725,Yes,Yes,#N/A,28.0725,24.0025,23.155,NA,27.15,29.56993745,1.541,29.125,1.572,29.175,1.5725,30.46269763
66,red maple,IC-18-S,IC,IC,2018,South,Large,,,,Yes,27.9,28.2,28.3,28.4,8.92,9.17,NA,NA,NA,NA,NA,NA,Yes,Yes,Yes,Yes,No,No,No,No,No,No,No,No,No,No,No,Yes,Yes,Yes,Yes,No,No,No,NA,32.1725,Yes,NA,17.8625,Yes,Yes,#N/A,23.0225,15.7325,19.9475,NA,31.6,44.99108679,1.61225,18.425,1.4065,38.275,1.72375,39.96434453
67,red maple,IC-18-S,IC,IC,2018,South,Large,,,,Yes,9.9,10.3,10.4,10.5,14.62,15.85,NA,NA,NA,NA,NA,NA,Yes,Yes,Yes,Yes,No,No,No,No,No,No,No,No,No,No,No,Yes,Yes,Yes,Yes,No,No,No,NA,39.0325,Yes,NA,23.81,Yes,Yes,#N/A,31.4425,20.6875,24.23,NA,34.125,48.58610243,1.658,18.425,1.4065,38.025,1.72075,39.70331028
68,red maple,IC-18-S,IC,IC,2018,South,Large,,,,Yes,17.8,18.2,18.8,19.3,28.84,40.23,NA,NA,NA,NA,NA,NA,Yes,Yes,Yes,Yes,No,No,No,No,No,No,No,No,No,No,No,Yes,Yes,Yes,Yes,No,No,No,NA,31.5825,Yes,NA,23.2825,Yes,Yes,#N/A,21.33,19.4625,26.5975,NA,12.825,18.2598319,1.32025,18.425,1.4065,25.65,1.51625,26.78211462
69,tulip poplar,IC-18-S,IC,IC,2018,South,Large,,,,Yes,28.6,29,29.2,29.2,broken,24.25,NA,NA,NA,NA,NA,NA,Yes,Yes,Dendro_Problem,Yes,No,No,No,No,No,Yes,No,No,No,No,No,Yes,Yes,Yes,Yes,No,No,No,NA,41.965,Yes,NA,31.02,Yes,Yes,#N/A,31.99,21.745,18.17,NA,27.5,29.9511337,1.54775,29.125,1.572,29.2,1.5715,30.48880105
7,tulip poplar,IC+TSI-18-S,IC+TSI,IC+TSI,2018,South,Large,,,,Yes,39.6,40.5,41.5,42,52.98,73.73,NA,NA,NA,NA,NA,NA,Yes,Yes,Yes,Yes,Yes,Yes,Yes,Yes,Yes,Yes,Yes,Yes,Yes,Yes,Yes,No,Yes,Yes,Yes,Yes,Yes,Yes,29.3675,37.7125,No,8.345,33.105,Yes,Yes,27.77,26.1125,24.0325,23.0925,Yes,24.975,24.975,1.5055,31.975,1.61625,15.775,1.3655,18.63278986
70,sugar maple,IC-18-S,IC,IC,2018,South,Large,,,,Yes,8.7,8.8,8.9,8.8,5.15,5.18,NA,NA,NA,NA,NA,NA,Yes,Yes,Yes,Yes,No,No,No,No,No,No,No,No,No,No,No,Yes,Yes,Yes,Yes,No,No,No,NA,37.3525,Yes,NA,36.6975,Yes,Yes,#N/A,28.08,31.6375,26.3325,NA,31.15,33.92646599,1.6055,29.125,1.572,33.55,1.64275,35.0307971
71,sugar maple,IC-18-S,IC,IC,2018,South,Large,,,,Yes,7.6,7.7,7.8,7.6,4.9,4.84,NA,NA,NA,NA,NA,NA,Yes,Yes,Yes,Yes,Yes,Yes,Yes,Yes,Yes,Yes,Yes,Yes,Yes,Yes,Yes,No,Yes,Yes,Yes,Yes,Yes,Yes,NA,43.57,Yes,NA,38.76,Yes,Yes,#N/A,37.66,33.245,27.145,Yes,14.825,20.24962862,1.35075,20.275,1.4355,27.575,1.547,28.79207839
72,red maple,IC-18-S,IC,IC,2018,South,Large,,,,Yes,8.9,9.3,9.4,9.5,9.26,13.99,NA,NA,NA,NA,NA,NA,Yes,Yes,Yes,Yes,No,No,No,No,No,No,No,No,No,No,No,Yes,Yes,Yes,Yes,No,No,No,NA,40.5175,Yes,NA,NA,NA,Yes,#N/A,29.505,#N/A,24.625,NA,10.625,15.12754105,1.28425,18.425,1.4065,27.7,1.54975,28.92259552
73,tulip poplar,IC-18-M,IC,IC,2018,Middle,Large,,,,Yes,17.3,17.4,17.8,17.8,7.33,10.18,NA,NA,NA,NA,NA,NA,Yes,Yes,Yes,Yes,Yes,Yes,Yes,Yes,Yes,Yes,Yes,Yes,Yes,Yes,Yes,No,Yes,Yes,Yes,Yes,Yes,Yes,24.4775,38.9975,Yes,14.52,49.5825,Yes,Yes,21.265,22.89,33.8925,19.555,Yes,22.075,22.93797889,1.462,30.725,1.5965,17.55,1.39325,20.38250988
74,red maple,IC-18-S,IC,IC,2018,South,Large,,,,Yes,20.8,21.15,21.2,21.3,15.45,16.74,NA,NA,NA,NA,NA,NA,Yes,Yes,Yes,Yes,No,No,No,No,No,No,No,No,No,No,No,No,Yes,Yes,Yes,No,No,No,NA,32.415,Yes,NA,24.765,Yes,Yes,#N/A,21.9675,16.39,13.7725,NA,16.6,20.24706802,1.378,24.95,1.5055,30.375,1.587,30.47504941
75,red maple,IC-18-S,IC,IC,2018,South,Large,,,,Yes,18.2,18.7,18.8,19,18.5,22.05,NA,NA,NA,NA,NA,NA,Yes,Yes,Yes,Yes,No,No,No,No,No,No,No,No,No,No,No,Yes,Yes,Yes,Yes,No,No,No,NA,34.325,Yes,NA,20.005,Yes,Yes,#N/A,23.32,16.8425,24.275,NA,12.575,17.90388976,1.31625,18.425,1.4065,25.5,1.5135,26.62549407
76,sugar maple,IC-18-M,IC,IC,2018,Middle,Large,,,,Yes,7.2,7.4,7.9,7.8,10.73,8.54,NA,NA,NA,NA,NA,NA,Yes,Yes,Yes,Yes,No,No,No,No,No,No,No,No,No,No,No,Yes,Yes,Yes,Yes,No,No,No,NA,27.3725,Yes,NA,51.0425,Yes,Yes,#N/A,18.1,31.9975,23.555,NA,18.7,19.43103988,1.41025,30.725,1.5965,15.75,1.36425,18.29199605
77,red maple,IC-18-S,IC,IC,2018,South,Large,,,,Yes,9.9,10,10.2,10.1,6.15,6.23,NA,NA,NA,NA,NA,NA,Yes,Yes,Yes,Yes,No,No,No,No,No,No,No,No,No,No,No,Yes,Yes,Yes,Yes,No,No,No,NA,29.7175,No,NA,23.8,Yes,Yes,#N/A,20.6925,19.365,26.5025,NA,12.25,17.44116498,1.31175,18.425,1.4065,26,1.5235,27.14756258
78,sugar maple,IC+TSI-18-S,IC+TSI,IC+TSI,2018,South,Large,,,,Yes,10.1,10.3,10.5,10.9,11.92,26.17,NA,NA,NA,NA,NA,NA,Yes,Yes,Yes,Yes,No,Yes,Yes,Yes,Yes,Yes,Yes,Yes,Yes,Yes,Yes,No,Yes,Yes,Yes,Yes,Yes,Yes,29.785,45.3375,No,15.5525,31.2775,Yes,Yes,26.7075,38.5175,31.525,34.74,Yes,11.575,15.8104183,1.3005,20.275,1.4355,14.65,1.34775,17.15922266
79,sugar maple,IC-18-M,IC,IC,2018,Middle,Large,,,,Yes,8,8,8.2,8.2,4.76,5.2,NA,NA,NA,NA,NA,NA,Yes,Yes,Yes,Yes,No,No,No,No,No,No,No,No,No,No,No,Yes,Yes,Yes,Yes,No,No,No,NA,28.615,Yes,NA,44.565,Yes,Yes,#N/A,18.3775,28.01,21.3175,NA,19.675,20.44415559,1.425,30.725,1.5965,16.775,1.3815,19.48242754
8,sugar maple,IC+TSI-19-S,IC+TSI,Control,2019,South,Large,,,,Yes,10.4,10.6,10.6,10.8,11.85,15.7,NA,NA,NA,NA,NA,NA,Yes,Yes,Yes,Yes,No,No,No,No,No,No,No,No,No,No,No,Yes,Yes,Yes,Yes,No,No,No,NA,21.09,Yes,NA,30.7175,Yes,Yes,#N/A,14.745,25.1525,22.5075,NA,16.525,18.07543002,1.3765,28.975,1.57225,22.1,1.46175,25.88524374
80,sugar maple,IC-18-M,IC,IC,2018,Middle,Large,,,,Yes,9.9,9.9,10.1,11,11.45,10.94,NA,NA,NA,NA,NA,NA,Yes,Yes,Yes,Yes,Yes,Yes,Yes,Yes,Yes,Yes,Yes,Yes,Yes,Yes,Yes,No,Yes,Yes,Yes,Yes,Yes,Yes,29.48,35.7975,Yes,6.3175,26.9575,Yes,Yes,20.2325,27.9325,23.0175,26.6425,Yes,14.525,14.525,1.34525,31.975,1.61625,14.35,1.34275,16.66604084
81,sugar maple,IC-18-M,IC,IC,2018,Middle,Large,,,,Yes,19.1,19.1,19.4,19.4,6.05,7.07,NA,NA,NA,NA,NA,NA,Yes,Yes,Yes,Yes,No,No,No,No,No,No,No,No,No,No,No,Yes,Yes,Yes,Yes,No,No,No,NA,28.4725,Yes,NA,26.175,Yes,Yes,#N/A,23.6075,23.64,32.365,NA,15.35,15.35,1.359,31.975,1.61625,20.05,1.43125,20.52549407
82,sugar maple,IC-18-M,IC,IC,2018,Middle,Large,,,,Yes,10.08,10.9,11,11,7.61,7.52,NA,NA,NA,NA,NA,NA,Yes,Yes,Yes,Yes,No,No,No,No,No,No,No,No,No,No,No,Yes,Yes,Yes,Yes,No,No,No,NA,24.285,Yes,NA,26.685,Yes,Yes,#N/A,20.8675,24.02,26.155,NA,13,13,1.32075,31.975,1.61625,16.5,1.37625,16.89130435
83,sugar maple,IC-18-M,IC,IC,2018,Middle,Large,,,,Yes,10.3,10.4,10.6,10.5,4.97,5.15,NA,NA,NA,NA,NA,NA,Yes,Yes,Yes,Yes,No,No,No,No,No,No,No,No,No,No,No,Yes,Yes,Yes,Yes,No,No,No,NA,23.3425,Yes,NA,26.255,Yes,Yes,#N/A,20.88,25.4175,34.3425,NA,17.7,17.7,1.395,31.975,1.61625,22.8,1.4715,23.34071146
84,sugar maple,IC-18-M,IC,IC,2018,Middle,Large,,,,Yes,19.7,19.7,20,19.8,11.29,11.19,NA,NA,NA,NA,NA,NA,Yes,Yes,Yes,Yes,No,No,No,No,No,No,No,No,No,No,No,Yes,Yes,Yes,Yes,No,No,No,NA,22.5925,No,NA,52.5675,Yes,Yes,#N/A,20.1525,35.5625,27.025,NA,14.4,14.4,1.34375,31.975,1.61625,20.1,1.43125,20.57667984
85,sugar maple,IC-18-M,IC,IC,2018,Middle,Large,,Target Tree fallen down,,No,12.7,13,Knocked over,NA,Knocked over,NA,NA,NA,NA,NA,NA,NA,Yes,Yes,No,NA,No,No,No,No,No,No,No,No,No,No,No,Yes,Yes,No,No,No,No,No,NA,21.9175,No,NA,NA,NA,No,#N/A,19.3775,#N/A,NA,NA,15.825,16.44364738,1.36725,30.725,1.5965,NA,NA,NA
857,red oak,IC+TSI-18-S,IC+TSI,IC+TSI,2018,South,Large,,,,Yes,NA,31.6,32.3,32.7,23.79,36.34,NA,NA,NA,NA,NA,NA,NA,Yes,Yes,Yes,No,No,No,No,No,No,No,No,No,No,No,No,Yes,Yes,Yes,No,No,No,NA,27.94,No,NA,32.79,Yes,Yes,#N/A,21.4125,25.6775,23.0025,NA,20.775,20.775,1.44175,31.975,1.61625,13.4,1.32825,15.82753623
859,red oak,IC-18-M,IC,IC,2018,Middle,Large,,,,Yes,NA,23.2,23.6,24.5,19.6,37.87,NA,NA,NA,NA,NA,NA,NA,Yes,Yes,Yes,No,No,No,No,No,No,No,No,No,No,No,No,Yes,Yes,Yes,No,No,No,NA,22.655,No,NA,22.1075,Yes,Yes,#N/A,16.0075,16.4925,20.5475,NA,19.45,20.21035966,1.34525,30.725,1.5965,27.45,1.54425,27.52233202
86,sugar maple,IC-18-M,IC,IC,2018,Middle,Large,,,,Yes,9.17,9.7,10.1,10,10.69,13.04,NA,NA,NA,NA,NA,NA,Yes,Yes,Yes,Yes,No,No,No,No,No,No,No,No,No,No,No,Yes,Yes,Yes,Yes,No,No,No,NA,23.575,Yes,NA,22.8175,Yes,Yes,#N/A,18.82,19.8575,25.9275,NA,10.2,10.2,1.2765,31.975,1.61625,13.875,1.33475,14.20405138
860,red maple,IC-18-S,IC,IC,2018,South,Large,,,,Yes,NA,34.2,34,34.6,10.1,19.1,NA,NA,NA,NA,NA,NA,NA,Yes,Yes,Yes,No,No,No,No,No,No,No,No,No,No,No,No,Yes,Yes,Yes,No,No,No,NA,28.9125,Yes,NA,33.4225,Yes,Yes,#N/A,18.3,25.8675,22.3125,NA,12.35,16.86899922,1.31175,20.275,1.4355,28.075,1.55475,29.16618906
861,red oak,IC+TSI-18-S,IC+TSI,IC+TSI,2018,South,Large,,,,Yes,NA,52.6,53.6,54.1,29.5,46.7,NA,NA,NA,NA,NA,NA,NA,Yes,Yes,Yes,No,No,No,No,No,No,No,No,No,No,No,No,Yes,Yes,Yes,No,No,No,NA,35.1425,Yes,NA,22.4425,Yes,Yes,#N/A,24.8575,18.56,22.6175,NA,22,22,1.46075,31.975,1.61625,14.85,1.351,17.54021739
864,tulip poplar,IC-18-N,IC,IC,2018,North,Large,,,,Yes,NA,8.07,32.4,33,33.65,53.84,NA,NA,NA,NA,NA,NA,NA,Yes,Yes,Yes,No,Yes,Yes,Yes,No,Yes,Yes,No,Yes,Yes,Yes,No,Yes,Yes,Yes,No,No,No,NA,21.625,No,NA,34.03,Yes,Yes,#N/A,17.465,22.705,21.3125,NA,13.2,15.01641908,1.32575,27.575,1.546,28.25,1.55825,28.25
87,sugar maple,IC-18-M,IC,IC,2018,Middle,Large,,,,Yes,9.3,9.6,9.4,9.5,7.56,7.42,NA,NA,NA,NA,NA,NA,Yes,Yes,Yes,Yes,No,No,No,No,No,No,No,No,No,No,No,Yes,Yes,Yes,Yes,No,No,No,NA,23.06,No,NA,21.165,Yes,Yes,#N/A,17.65,18.8675,21.5875,NA,8.25,8.572517592,1.24525,30.725,1.5965,7.975,1.24075,8.164130435
874,red oak,IC-18-S,IC,IC,2018,South,Large,,,,Yes,NA,34.8,35.5,36.3,28.81,51.42,NA,NA,NA,NA,NA,NA,NA,Yes,Yes,Yes,No,No,No,No,No,No,No,No,No,No,No,No,Yes,Yes,Yes,No,No,No,NA,29.9,Yes,NA,34.7175,Yes,Yes,#N/A,19.9625,23.9975,24.1075,NA,8.975,12.25905004,1.2575,20.275,1.4355,19.25,1.4185,19.99818841
88,tulip poplar,IC-18-M,IC,IC,2018,Middle,Large,, ,,Yes,14.8,14.6,15.3,15.4,11.91,15.69,NA,NA,NA,NA,NA,NA,Yes,Yes,Yes,Yes,No,No,No,No,No,No,No,No,No,No,No,Yes,Yes,Yes,Yes,No,No,No,NA,29.5125,Yes,NA,31.9975,Yes,Yes,#N/A,17.785,23.2875,18.745,NA,25.8,26.80860047,1.51775,30.725,1.5965,29.475,1.57525,29.55266798
880,red maple,IC-18-S,IC,IC,2018,South,Large,,,,Yes,NA,42.2,42.5,42.5,2.05,4.02,NA,NA,NA,NA,NA,NA,NA,Yes,Yes,Yes,No,No,No,No,No,No,No,No,No,No,No,No,Yes,Yes,Yes,No,No,No,NA,39.22,Yes,NA,35.085,Yes,Yes,#N/A,26.2025,28.1,21.9,NA,34.55,37.62951525,1.65925,29.125,1.572,34.2,1.6545,35.70948617
881,tulip poplar,IC-18-M,IC,IC,2018,Middle,Large,,,,Yes,NA,24.9,25.4,25.5,7.58,13.07,NA,NA,NA,NA,NA,NA,NA,Yes,Yes,Yes,No,No,No,No,No,No,No,No,No,No,No,No,Yes,Yes,Yes,No,No,No,NA,37.685,Yes,NA,31.785,Yes,Yes,#N/A,26.095,22.4575,22.2275,NA,27.175,28.2373534,1.54525,30.725,1.5965,29.025,1.573,29.29268775
882,red oak,IC+TSI-18-N,IC+TSI,IC+TSI,2018,North,Large,,,,Yes,NA,31,31.8,32.3,22.52,37.74,NA,NA,NA,NA,NA,NA,NA,Yes,Yes,Yes,No,No,No,No,No,No,No,No,No,No,No,No,Yes,Yes,Yes,No,No,No,NA,30.3425,Yes,NA,26.6775,Yes,Yes,#N/A,23.695,25.635,21.51833333,NA,30.725,34.95299062,1.60625,27.575,1.546,42.6,1.80875,42.74031621
883,red maple,IC-18-N,IC,IC,2018,North,Large,,,,Yes,NA,22.9,23.3,23.6,20.25,27.37,NA,NA,NA,NA,NA,NA,NA,Yes,Yes,Yes,No,No,No,No,No,No,No,No,No,No,No,No,Yes,Yes,Yes,No,No,No,NA,27.0475,No,NA,33.1675,Yes,Yes,#N/A,21.055,27.065,16.1575,NA,19.25,21.08620016,1.41925,28.925,1.5675,16.1,1.3695,19.99242424
884,tulip poplar,IC-18-M,IC,IC,2018,Middle,Large,,,,Yes,NA,25.5,26,26.2,16.47,21.69,NA,NA,NA,NA,NA,NA,NA,Yes,Yes,Yes,No,No,No,No,No,No,No,No,No,No,No,No,Yes,Yes,Yes,No,No,No,NA,35.135,No,NA,46.87,Yes,Yes,#N/A,21.525,32.575,18.985,NA,20.975,21.79497655,1.44475,30.725,1.5965,21.35,1.451,24.79581686
885,sugar maple,IC-18-N,IC,IC,2018,North,Large,,,,Yes,NA,11,11.7,11.7,14.03,22.03,NA,NA,NA,NA,NA,NA,NA,Yes,Yes,Yes,No,Yes,Yes,Yes,No,Yes,Yes,No,Yes,Yes,Yes,No,Yes,Yes,Yes,No,No,No,NA,23.115,Yes,NA,26.7075,Yes,Yes,#N/A,16.3325,13.895,13.0025,NA,18.85,21.44390149,1.41225,27.575,1.546,30.6,1.59525,30.6
886,red oak,IC+TSI-18-N,IC+TSI,IC+TSI,2018,North,Large,,,,Yes,NA,28.7,29.5,30.4,29.82,51.41,NA,NA,NA,NA,NA,NA,NA,Yes,Yes,Yes,No,No,No,No,No,No,No,No,No,No,No,No,Yes,Yes,Yes,No,No,No,NA,19.8775,Yes,NA,21.3625,Yes,Yes,#N/A,13.2625,18.2075,14.57857143,NA,11.025,12.54212275,1.29075,27.575,1.546,26.575,1.53075,26.66253294
888,sugar maple,IC-18-M,IC,IC,2018,Middle,Large,,,,Yes,NA,27.1,27.4,27.4,13.28,13.66,NA,NA,NA,NA,NA,NA,NA,Yes,Yes,Yes,No,No,No,No,No,No,No,No,No,No,No,No,Yes,Yes,Yes,No,No,No,NA,36.2325,Yes,NA,41.775,Yes,Yes,#N/A,25.7375,23.465,29.4925,NA,25.325,25.325,1.51125,31.975,1.61625,14.675,1.3485,17.04349473
889,red oak,IC+TSI-18-N,IC+TSI,IC+TSI,2018,North,Large,,,,Yes,NA,12.19,35.9,36.4,25.18,42.76,NA,NA,NA,NA,NA,NA,NA,Yes,Yes,Yes,No,No,No,No,No,No,No,No,No,No,No,No,Yes,Yes,Yes,No,No,No,NA,29.6875,Yes,NA,31.45,Yes,Yes,#N/A,24.2075,24.71,22.85142857,NA,15.65,18.73350274,1.36325,25.675,1.51725,20.6,1.439,25.58036891
89,tulip poplar,IC-18-M,IC,IC,2018,Middle,Large,,Target tree knocked over by girdled tree as of 4/14,,Maybe,28.3,28.6,29.1,NA,22.15,NA,NA,NA,NA,NA,NA,NA,Yes,Yes,Yes,Yes,Yes,Yes,Yes,Yes,Yes,Yes,Yes,Yes,Yes,Yes,Yes,No,Yes,Yes,Yes,Yes,Yes,Yes,21.9175,28.1,Yes,6.1825,22.5075,Yes,No,12.4375,20.755,17.445,NA,Yes,20.425,21.22347537,1.43675,30.725,1.5965,31.75,1.61375,31.83366271
890,tulip poplar,IC+TSI-18-N,IC+TSI,IC+TSI,2018,North,Large,,,,Yes,NA,45.2,46.3,46.4,135.85,10.03,NA,NA,NA,NA,NA,NA,NA,Yes,Yes,Yes,No,No,No,No,No,No,No,No,No,No,No,No,Yes,Yes,Yes,No,No,No,NA,27.435,Yes,NA,31.3275,Yes,Yes,#N/A,23.1825,21.48,25.435,NA,14.575,16.5806294,1.3465,27.575,1.546,34.75,1.662,34.86445982
891,tulip poplar,IC+TSI-18-N,IC+TSI,IC+TSI,2018,North,Large,,,,Yes,NA,28.4,29,29.1,9.01,13.75,NA,NA,NA,NA,NA,NA,NA,Yes,Yes,Yes,No,No,No,No,No,No,No,No,No,No,No,No,Yes,Yes,Yes,No,No,No,NA,22.7425,Yes,NA,25.9675,Yes,Yes,#N/A,18.46,20.4775,17.51428571,NA,13.05,14.84577795,1.323,27.575,1.546,30.4,1.5895,30.50013175
892,red maple,IC-19-N,IC,Control,2019,North,Large,,,,Yes,NA,14.4,14.6,14.7,9.62,10.84,NA,NA,NA,NA,NA,NA,NA,Yes,Yes,Yes,No,Yes,Yes,Yes,No,Yes,Yes,No,Yes,Yes,Yes,No,Yes,Yes,Yes,No,No,No,NA,35.8475,Yes,NA,37.8025,Yes,Yes,#N/A,27.375,24.2075,19.4875,NA,16.575,19.8407545,1.3785,25.675,1.51725,32.6,1.62525,32.6
893,red maple,IC-19-N,IC,Control,2019,North,Large,,,,Yes,NA,22.3,22.3,22.7,13.55,18.77,NA,NA,NA,NA,NA,NA,NA,Yes,Yes,Yes,No,No,No,No,No,No,No,No,No,No,No,No,Yes,Yes,Yes,No,No,No,NA,36.1075,Yes,NA,37.365,Yes,Yes,#N/A,29.2625,25.1,37.84,NA,24.9,29.80602033,1.50425,25.675,1.51725,37.4,1.70675,37.4
894,tulip poplar,IC-19-N,IC,Control,2019,North,Large,,,,Yes,NA,23.6,23.9,23.8,9.61,9.93,NA,NA,NA,NA,NA,NA,NA,Yes,Yes,Yes,No,No,No,No,No,No,No,No,No,No,No,No,Yes,Yes,Yes,No,No,No,NA,34.695,Yes,NA,32.7975,Yes,Yes,#N/A,26.5125,22.35,24.795,NA,15.65,18.73350274,1.36375,25.675,1.51725,37.35,1.70725,37.35
895,tulip poplar,IC-18-S,IC,IC,2018,South,Large,,,,Yes,NA,36.4,36.7,37.2,16.46,24.41,NA,NA,NA,NA,NA,NA,NA,Yes,Yes,Yes,No,No,No,No,No,No,No,No,No,No,No,No,Yes,Yes,Yes,No,No,No,NA,41.9675,Yes,NA,37.03,Yes,Yes,#N/A,31.79,25.6,24.19,NA,12.775,17.44951134,1.319,20.275,1.4355,24.05,1.49125,24.62035573
897,red maple,IC+TSI-18-M,IC+TSI,IC+TSI,2018,Middle,Large,,,,Yes,NA,26.4,26.9,27.1,16.88,20.78,NA,NA,NA,NA,NA,NA,NA,Yes,Yes,Yes,No,No,No,No,No,No,No,No,No,No,No,No,Yes,Yes,Yes,No,No,No,NA,29.5125,Yes,NA,29.5175,Yes,Yes,#N/A,26.0625,23.6375,23.625,NA,15.975,19.12253714,1.36875,25.675,1.51725,25.9,1.52075,27.38438735
898,red maple,IC-18-N,IC,IC,2018,North,Large,,,,Yes,NA,36.3,37.2,37.7,24.46,42.5,NA,NA,NA,NA,NA,NA,NA,Yes,Yes,Yes,No,No,No,No,No,No,No,No,No,No,No,No,Yes,Yes,Yes,No,No,No,NA,27.855,Yes,NA,26.0025,Yes,Yes,#N/A,21.195,15.6675,17.385,NA,10.325,11.7457975,1.279,27.575,1.546,23.375,1.48075,23.375
9,sugar maple,IC+TSI-19-S,IC+TSI,Control,2019,South,Large,,,,Yes,14.7,15.1,14.9,14.9,10.78,10.77,NA,NA,NA,NA,NA,NA,Yes,Yes,Yes,Yes,No,No,No,No,No,No,No,No,No,No,No,Yes,Yes,Yes,Yes,No,No,No,NA,32.2725,Yes,NA,35.845,Yes,Yes,#N/A,20.16,23.5875,23.795,NA,15.75,17.22771697,1.365,28.975,1.57225,13.9,1.33625,16.28076416
90,tulip poplar,IC-19-M,IC,Control,2019,Middle,Large,,,,Yes,28.7,28.9,29.3,29.2,11.06,12.97,NA,NA,NA,NA,NA,NA,Yes,Yes,Yes,Yes,Yes,Yes,Yes,Yes,Yes,Yes,Yes,Yes,Yes,Yes,Yes,No,Yes,Yes,Yes,Yes,Yes,Yes,22.7625,25.975,No,3.2125,22.175,Yes,Yes,14.0275,19.29,16.715,28.0975,Yes,16.3,16.93721658,1.37325,30.725,1.5965,21.95,1.461,22.00783926
900,tulip poplar,IC-18-M,IC,IC,2018,Middle,Large,,,,Yes,NA,30.5,30.9,30.9,9.47,10.54,NA,NA,NA,NA,NA,NA,NA,Yes,Yes,Yes,No,No,No,No,No,No,No,No,No,No,No,No,Yes,Yes,Yes,No,No,No,NA,23.5925,Yes,NA,31.4175,Yes,Yes,#N/A,15.635,24.2575,19.8,NA,22.725,23.61338937,1.47125,30.725,1.5965,28.875,1.56725,28.95108696
901,elm,IC-18-S,IC,IC,2018,South,small,,,,Yes,NA,NA,NA,NA,NA,NA,4,4.8,,4.1,5.75,,NA,NA,NA,NA,No,No,No,No,No,No,No,No,No,No,No,No,Yes,Yes,Yes,No,No,No,NA,36.695,Yes,NA,22.6575,Yes,Yes,#N/A,26.61,19.9375,26.57,NA,34.3,37.35723221,1.65475,29.125,1.572,31.4,1.607,32.7859025
902,sugar maple,IC-18-S,IC,IC,2018,South,small,,,,Yes,NA,NA,NA,NA,NA,NA,3.8,5.96,,4.2,6.07,,NA,NA,NA,NA,No,No,No,No,No,No,No,No,No,No,No,No,Yes,Yes,Yes,No,No,No,NA,39.2025,Yes,NA,20.1425,Yes,Yes,#N/A,27.44,16.8875,17.2375,NA,18.425,20.06725958,1.40575,29.125,1.572,25.05,1.5075,26.15563241
903,sugar maple,IC-18-S,IC,IC,2018,South,small,,,,Yes,NA,NA,NA,NA,NA,NA,4.6,7.16,,4.6,7.11,,NA,NA,NA,NA,No,No,No,No,No,No,No,No,No,No,No,Yes,Yes,Yes,Yes,No,No,No,NA,39.7625,Yes,NA,32.6925,Yes,Yes,#N/A,30.845,22.9675,25.3425,NA,17.625,25.09392103,1.39425,18.425,1.4065,30.55,1.595,31.89838603
904,elm,IC-18-S,IC,IC,2018,South,small,,,,Yes,NA,NA,NA,NA,NA,NA,7,8.64,,7.8,9.89,,NA,NA,NA,NA,No,No,No,No,No,No,No,No,No,No,No,Yes,Yes,Yes,Yes,No,Yes,No,NA,41.0825,Yes,NA,33.85,Yes,Yes,#N/A,33.0925,26.2525,26.4525,NA,34.475,49.08442143,1.65725,18.425,1.4065,39.625,1.7505,41.37392951
905,sugar maple,IC-18-S,IC,IC,2018,South,small,,,,Yes,NA,NA,NA,NA,NA,NA,3,6.04,,3.85,6.65,,NA,NA,NA,NA,No,No,No,No,No,No,No,No,No,No,No,Yes,Yes,Yes,Yes,No,No,No,NA,42.415,No,NA,31.8675,Yes,Yes,#N/A,31.8225,23.53,24.115,NA,24.6,35.0247068,1.50075,18.425,1.4065,36.75,1.7005,38.37203557
906,sugar maple,IC-18-S,IC,IC,2018,South,small,,,,Yes,NA,NA,NA,NA,NA,NA,2.1,4.6,,2.1,4.97,,NA,NA,NA,NA,No,Yes,Yes,Yes,Yes,Yes,Yes,Yes,Yes,Yes,Yes,No,Yes,Yes,Yes,Yes,Yes,Yes,NA,36.24,Yes,NA,23.685,Yes,Yes,#N/A,28.9025,19.96,19.36,NA,18.55,26.41090696,1.4085,18.425,1.4065,29.1,1.57025,30.38438735
907,elm,IC-18-S,IC,IC,2018,South,small,,,,Yes,NA,NA,NA,NA,NA,NA,7.7,7.93,,8.7,9.84,,NA,NA,NA,NA,No,No,No,No,No,No,No,No,No,No,No,Yes,Yes,Yes,Yes,No,No,No,NA,42.2275,Yes,NA,24.955,Yes,Yes,#N/A,30.535,22.37,22.6675,NA,20.925,22.88825254,1.444,28.975,1.57225,23.55,1.48425,24.58942688
908,sugar maple,IC-18-S,IC,IC,2018,South,small,,,,Yes,NA,NA,NA,NA,NA,NA,6.2,6.58,,6,8.09,,NA,NA,NA,NA,No,No,No,No,No,No,No,No,No,No,No,Yes,Yes,Yes,Yes,No,No,No,NA,44.66,Yes,NA,26.8325,Yes,Yes,#N/A,32.98333333,21.075,23.3,NA,21.15,23.13436279,1.447,28.975,1.57225,28.875,1.56625,29.55978261
909,elm,IC-18-S,IC,IC,2018,South,small,,,,Yes,NA,NA,NA,NA,NA,NA,7.7,8.01,,8,8.64,,NA,NA,NA,NA,No,No,No,No,No,No,No,No,No,No,No,No,Yes,Yes,Yes,No,No,No,NA,NA,No,NA,30.3975,Yes,Yes,#N/A,#N/A,21.1425,23.68,NA,18.55,26.41090696,1.40675,18.425,1.4065,28.6,1.565,29.27826087
91,tulip poplar,IC-19-M,IC,Control,2019,Middle,Large,,,,Yes,13.7,13.8,14.2,14,12.19,13.33,NA,NA,NA,NA,NA,NA,Yes,Yes,Yes,Yes,No,No,No,No,No,No,No,No,No,No,No,Yes,Yes,Yes,Yes,No,No,No,NA,27.5425,Yes,NA,22.705,Yes,Yes,#N/A,20.715,16.0875,28.5025,NA,13.325,13.59587568,1.32875,31.325,1.60625,25,1.50625,25.06587615
910,elm,IC-18-S,IC,IC,2018,South,small,,,,Yes,NA,NA,NA,NA,NA,NA,3.9,5.81,,3.6,5.51,,NA,NA,NA,NA,No,Yes,Yes,Yes,Yes,Yes,Yes,Yes,Yes,Yes,Yes,No,Yes,Yes,Yes,Yes,Yes,Yes,NA,34.34,Yes,NA,30.6575,Yes,Yes,#N/A,26.46,19.5075,20.1925,NA,31.375,42.85545348,1.60625,20.275,1.4355,34,1.64925,35.50065876
911,elm,IC-18-S,IC,IC,2018,South,small,,,,Yes,NA,NA,NA,NA,NA,NA,3.7,9.34,,8.5,11.38,,NA,NA,NA,NA,No,No,No,No,No,No,No,No,No,No,No,Yes,Yes,Yes,Yes,No,No,No,NA,32.6275,Yes,NA,26.785,Yes,Yes,#N/A,20.93,12.1575,14.63,NA,15.8,22.49554339,1.36625,18.425,1.4065,29.45,1.577,30.59463109
912,red oak,IC-19-S,IC,Control,2019,South,small,,,,Yes,NA,NA,NA,NA,NA,NA,3.1,5.11,,3,5.72,no tag,NA,NA,NA,NA,No,No,No,No,No,No,No,No,No,No,No,Yes,Yes,Yes,Yes,No,No,No,NA,29.3825,Yes,NA,27.7375,Yes,Yes,#N/A,20.125,14.14,15.7475,NA,14.075,15.3295348,1.33925,29.125,1.572,28.575,1.5625,29.68562253
913,sugar maple,IC-19-S,IC,Control,2019,South,small,,,,Yes,NA,NA,NA,NA,NA,NA,5,6.59,,4.9,6.69,,NA,NA,NA,NA,No,No,No,No,No,No,No,No,No,No,No,Yes,Yes,Yes,Yes,No,No,No,NA,30.185,Yes,NA,25.9375,Yes,Yes,#N/A,19.0775,13.11,14.5225,NA,16,17.42611415,1.368,29.125,1.572,30.45,1.59,31.17213439
914,elm,IC-19-S,IC,Control,2019,South,small,,,,Yes,NA,NA,NA,NA,NA,NA,3,4.3,,3.6,5.29,,NA,NA,NA,NA,No,No,No,No,No,No,No,No,No,No,No,Yes,Yes,Yes,Yes,No,No,No,NA,36.2925,No,NA,37.9625,Yes,Yes,#N/A,25.3925,31.7925,20.55,NA,22.05,24.01536356,1.4605,29.125,1.572,30.325,1.59025,31.04416996
915,elm,IC-19-S,IC,Control,2019,South,small,,,,Yes,NA,NA,NA,NA,NA,NA,5.1,8,,5.8,8.8,,NA,NA,NA,NA,No,No,No,No,No,No,No,No,No,No,No,Yes,Yes,Yes,Yes,No,No,No,NA,24.3925,Yes,NA,28.4425,Yes,Yes,#N/A,15.79,25.0725,17.7725,NA,11.625,15.87871384,1.3005,20.275,1.4355,24.925,1.50525,26.02511528
92,red maple,IC-18-M,IC,IC,2018,Middle,Large,,,,Yes,15.7,15.5,16.2,16.3,14.95,15.86,NA,NA,NA,NA,NA,NA,Yes,Yes,Yes,Yes,No,No,No,No,No,No,No,No,No,No,No,Yes,Yes,Yes,Yes,No,No,No,NA,24.6225,Yes,NA,20.5975,Yes,Yes,#N/A,17.28,16.5025,20.8125,NA,24.3,25.24996091,1.49575,30.725,1.5965,29.375,1.5745,29.45240448
925,elm,IC-19-S,IC,Control,2019,South,small,,,Bent over,Yes,NA,NA,NA,NA,NA,NA,6.1,9.36,,6.2,NA,tree fell on,NA,NA,NA,NA,No,No,No,No,No,No,No,No,No,No,No,Yes,Yes,Yes,Yes,No,No,No,NA,36.4325,No,NA,33.85,Yes,Yes,#N/A,21.1425,21.9675,23.74,NA,27.9,30.38678655,1.5505,29.125,1.572,35.025,1.6665,35.85563241
926,sugar maple,IC-19-S,IC,Control,2019,South,small,,,Tree fallen on it,Maybe,NA,NA,NA,NA,NA,NA,5.1,7.52,,5.4,8.02,,NA,NA,NA,NA,No,No,No,No,No,No,No,No,No,No,No,Yes,Yes,Yes,Yes,No,No,No,NA,28.135,Yes,NA,36.645,Yes,Yes,#N/A,16.0275,24.025,22.48,NA,20.15,21.94601251,1.4325,29.125,1.572,30.625,1.594,31.97669631
927,sugar maple,IC-19-S,IC,Control,2019,South,small,,,Completely seperated from base of tree,No,NA,NA,NA,NA,NA,NA,4.8,9.29,,4.4,9.51,,NA,NA,NA,NA,No,No,No,No,No,No,No,No,No,No,No,Yes,Yes,Yes,Yes,No,No,No,NA,26.5425,No,NA,23.2625,Yes,No,#N/A,16.145,21.5925,NA,NA,10.075,10.97300626,1.27525,29.125,1.572,27.575,1.5485,28.22895257
929,red maple,C-19-M,Control,Control,2019,Middle,Large,,,,Yes,14.8,14.9,15.1,15.1,9.52,10.91,NA,NA,NA,NA,NA,NA,Yes,Yes,Yes,Yes,No,No,No,No,No,No,No,No,No,No,No,Yes,Yes,Yes,Yes,No,No,No,NA,22.995,Yes,NA,20.04,Yes,Yes,#N/A,17.705,14.165,19.5525,NA,14.125,15.47234167,1.34075,28.925,1.5675,15.275,1.3575,18.96796772
93,tulip poplar,IC-18-M,IC,IC,2018,Middle,Large,,,,Yes,23,23.1,23.3,23.4,12.19,15.1,NA,NA,NA,NA,NA,NA,Yes,Yes,Yes,Yes,No,No,No,No,No,No,No,No,No,No,No,Yes,Yes,Yes,Yes,No,No,No,NA,20.0675,Yes,NA,34.535,Yes,Yes,#N/A,14.0625,24.675,19.8475,NA,22.025,22.88602424,1.461,30.725,1.5965,30.2,1.58875,30.27957839
930,tulip poplar,IC-19-S,IC,Control,2019,South,Large,,,,Yes,22.1,22.4,22.8,23,16.57,27.73,NA,NA,NA,NA,NA,NA,Yes,Yes,Yes,Yes,No,No,No,No,No,No,No,No,No,No,No,Yes,Yes,Yes,Yes,No,No,No,NA,25.4475,Yes,NA,25.9,Yes,Yes,#N/A,16.555,24.965,21.3675,NA,14.175,19.36178655,1.339,20.275,1.4355,26.9,1.535,28.0872859
931,red maple,IC+TSI-19-M,IC+TSI,Control,2019,Middle,Large,,,,Yes,19.2,19.3,19.5,19.4,7.73,8.28,NA,NA,NA,NA,NA,NA,Yes,Yes,Yes,Yes,No,Yes,Yes,Yes,Yes,Yes,Yes,Yes,Yes,Yes,Yes,No,Yes,Yes,Yes,Yes,Yes,Yes,34.6875,35.4575,Yes,0.77,21.4225,Yes,Yes,29.03,27.3,19.5125,24.84,NA,29.825,30.43129398,1.5855,31.325,1.60625,34.8,1.66625,36.7944664
936,tulip poplar,IC+TSI-19-M,IC+TSI,Control,2019,Middle,Large,,,,Yes,27.5,27.5,28.2,28.5,29.26,39.54,NA,NA,NA,NA,NA,NA,Yes,Yes,Yes,Yes,No,Yes,Yes,Yes,Yes,Yes,Yes,Yes,Yes,Yes,Yes,No,Yes,Yes,Yes,Yes,Yes,Yes,34.7225,36.7775,Yes,2.055,20.2575,Yes,Yes,28.305,30.365,17.745,34.6875,Yes,17.175,18.81327209,1.38675,28.925,1.5675,27.15,1.5395,28.70602767
94,red maple,IC-18-M,IC,IC,2018,Middle,Large,,,,Yes,15.6,15.8,16.1,16.2,18.13,21.78,NA,NA,NA,NA,NA,NA,Yes,Yes,Yes,Yes,No,No,No,No,No,No,No,No,No,No,No,Yes,Yes,Yes,Yes,No,No,No,NA,30.255,Yes,NA,35.12,Yes,Yes,#N/A,19.93,22.73,21.4625,NA,21.825,22.67820563,1.43525,30.725,1.5965,26.775,1.53475,26.84555336
940,tulip poplar,C-19-S,Control,Control,2019,South,Large,,,,Yes,29.1,29.2,29.7,30,21.07,30.4,NA,NA,NA,NA,NA,NA,Yes,Yes,Yes,Yes,No,Yes,Yes,Yes,Yes,Yes,Yes,Yes,Yes,Yes,Yes,No,Yes,Yes,Yes,Yes,Yes,Yes,20.8275,36.1875,No,15.36,38.115,Yes,Yes,17.215,24.3125,21.46,21.4425,Yes,18.15,18.51896013,1.402,31.325,1.60625,24.575,1.5015,25.14161726
95,tulip poplar,IC-18-M,IC,IC,2018,Middle,Large,,,,Yes,25.3,25.5,25.7,25.8,13.9,15.3,NA,NA,NA,NA,NA,NA,Yes,Yes,Yes,Yes,No,No,No,No,No,No,No,No,No,No,No,Yes,Yes,Yes,Yes,No,No,No,NA,39.7625,Yes,NA,28.675,Yes,Yes,#N/A,23.72,17.9525,21.8475,NA,22.7,23.58741204,1.47075,30.725,1.5965,34.425,1.65775,34.51571146
96,tulip poplar,IC-18-M,IC,IC,2018,Middle,Large,,,,Yes,15,15.3,15.5,15.6,17.78,19.61,NA,NA,NA,NA,NA,NA,Yes,Yes,Yes,Yes,No,No,No,No,No,No,No,No,No,No,No,Yes,No,Yes,Yes,No,No,No,NA,32.3675,Yes,NA,29.4375,Yes,Yes,#N/A,20.49,19.8275,18.1325,NA,27.75,28.8348319,1.5505,30.725,1.5965,30.375,1.59,30.65513834
961,sugar maple,C-19-M,Control,Control,2019,Middle,Large,,,,Yes,19.3,18.8,19.2,19.4,5.19,4.77,NA,NA,NA,NA,NA,NA,Yes,Yes,Yes,Yes,No,Yes,Yes,Yes,Yes,Yes,Yes,Yes,Yes,Yes,Yes,No,Yes,Yes,Yes,Yes,Yes,No,27.2175,38.085,No,10.8675,20.1,Yes,Yes,18.7875,26.4825,18.8575,19.7525,Yes,18.375,20.12773651,1.40375,28.925,1.5675,15.175,1.3565,18.84379117
969,tulip poplar,C-18-M,Control,Control,2018,Middle,Large,,,,Yes,33.2,33.9,33.9,34,no band,6.34,NA,NA,NA,NA,NA,NA,Yes,Yes,No,Yes,No,No,No,No,No,No,No,No,No,No,No,Yes,Yes,Yes,Yes,No,No,No,NA,28.81,Yes,NA,29.8425,Yes,Yes,#N/A,20.4425,22.695,30.4925,NA,13.45,14.73295544,1.3285,28.925,1.5675,31.35,1.6065,31.35
97,tulip poplar,IC-18-M,IC,IC,2018,Middle,Large,,,,Yes,21.4,21.9,22.7,22.9,39.95,48.27,NA,NA,NA,NA,NA,NA,Yes,Yes,Yes,Yes,No,No,No,No,No,No,No,No,No,No,No,Yes,Yes,Yes,Yes,No,No,No,NA,35.5675,Yes,NA,29.7725,Yes,Yes,#N/A,24.26,19.63,21.245,NA,22.75,23.63936669,1.47125,30.725,1.5965,30.575,1.5955,30.85698287
978,sugar maple,C-19-M,Control,Control,2019,Middle,Large,,,,Yes,15.9,15.9,16.1,16.4,2.66,2.42,NA,NA,NA,NA,NA,NA,Yes,Yes,Yes,Yes,No,Yes,Yes,Yes,Yes,Yes,Yes,Yes,Yes,Yes,Yes,No,No,Yes,Yes,Yes,Yes,Yes,18.5525,27.82,No,9.2675,19.59,Yes,Yes,13.5625,19.305,15.8425,15.6175,Yes,4.4,4.819702893,1.176,28.925,1.5675,4.65,1.1805,5.774209486
98,red maple,IC-18-M,IC,IC,2018,Middle,Large,,,,Yes,8.3,8.4,9,9.2,broken,17.25,NA,NA,NA,NA,NA,NA,Yes,Yes,Dendro_Problem,Yes,Yes,Yes,Yes,Yes,Yes,Yes,Yes,Yes,Yes,Yes,Yes,No,Yes,Yes,Yes,Yes,Yes,Yes,41.38,28.045,Yes,-13.335,42.1925,Yes,Yes,28.315,16.88,26.455,26.435,Yes,27.125,28.18539875,1.5385,30.725,1.5965,21.425,1.452,24.88292161
981,red maple,IC+TSI-19-M,IC+TSI,Control,2019,Middle,Large,,,,Yes,24.1,24.5,25.2,25.8,35.28,49.98,NA,NA,NA,NA,NA,NA,Yes,Yes,Yes,Yes,No,No,No,No,No,No,No,No,No,No,No,Yes,Yes,Yes,Yes,No,No,No,NA,40.275,Yes,NA,21.5075,Yes,Yes,#N/A,32.76,17.6125,32.47,NA,15.225,17.32007428,1.35725,27.575,1.546,24.275,1.49525,25.66625494
99,tulip poplar,IC-18-M,IC,IC,2018,Middle,Large,,,,Yes,14,14.1,14.5,14.5,13.84,17.95,NA,NA,NA,NA,NA,NA,Yes,Yes,Yes,Yes,No,No,No,No,No,No,No,No,No,No,No,Yes,Yes,Yes,Yes,No,No,No,NA,32.835,Yes,NA,44.9025,Yes,Yes,#N/A,20.4025,25.5,15.6375,NA,26.925,27.97758014,1.53575,30.725,1.5965,34.7,1.662,34.7914361
996,tulip poplar,IC+TSI-18-M,IC+TSI,IC+TSI,2018,Middle,Large,,,,Yes,31.5,32.1,33.2,34.1,51.21,78.78,NA,NA,NA,NA,NA,NA,Yes,Yes,Yes,Yes,No,Yes,Yes,Yes,Yes,Yes,Yes,Yes,Yes,Yes,Yes,No,Yes,Yes,Yes,Yes,Yes,Yes,21.895,33.665,Yes,11.77,44.835,Yes,Yes,16.435,26.805,30.34,21.8025,Yes,15.7,18.79335418,1.36425,25.675,1.51725,21.075,1.4465,22.28285573
999,tulip poplar,C-18-M,Control,Control,2018,Middle,Large,,,,Yes,30.8,30.9,31.3,31.4,12.91,15.81,NA,NA,NA,NA,NA,NA,Yes,Yes,Yes,Yes,No,Yes,Yes,Yes,Yes,Yes,Yes,Yes,Yes,Yes,Yes,No,Yes,Yes,Yes,Yes,Yes,Yes,25.855,24.2025,No,-1.6525,31.675,Yes,Yes,15.6025,17.83,21.9925,21.5,Yes,32.55,35.65484754,1.6245,28.925,1.5675,27.725,1.5505,34.42794796
WPT 18,NA,NA,NA,NA,NA,NA,Large,NA,NA,,No,NA,NA,NA,NA,NA,NA,NA,NA,NA,NA,NA,NA,NA,NA,NA,NA,Yes,No,No,No,No,No,No,No,No,No,No,No,No,No,No,No,No,No,NA,NA,No,NA,NA,NA,No,NA,NA,NA,NA,NA,NA,NA,NA,NA,NA,NA,NA,NA
WPT 27,NA,NA,NA,NA,NA,NA,Large,NA,NA,,No,NA,NA,NA,NA,NA,NA,NA,NA,NA,NA,NA,NA,NA,NA,NA,NA,Yes,No,No,No,No,No,No,No,No,No,No,No,No,No,No,No,No,No,NA,NA,No,NA,NA,NA,No,NA,NA,NA,NA,NA,NA,NA,NA,NA,NA,NA,NA,NA
WPT 3,NA,NA,NA,NA,NA,NA,Large,NA,NA,,No,NA,NA,NA,NA,NA,NA,NA,NA,NA,NA,NA,NA,NA,NA,NA,NA,Yes,No,No,No,No,No,No,No,No,No,No,No,No,No,No,No,No,No,NA,NA,No,NA,NA,NA,No,NA,NA,NA,NA,NA,NA,NA,NA,NA,NA,NA,NA,NA
