OBJECTID,Join_Count,TARGET_FID,FID_1,STATEFP,COUNTYFP,COUNTYNS,GEOID,NAME,NAMELSAD,LSAD,CLASSFP,MTFCC,CSAFP,CBSAFP,METDIVFP,FUNCSTAT,ALAND,AWATER,INTPTLAT,INTPTLON,Shape__Are,Shape__Len,pointid,grid_code,b1_tenyearcategories_ForestService_ToPoints,b2_tenyearcategories_ForestService_ToPoints,b3_tenyearcategories_ForestService_ToPoints,Infection_Year,Shape_Length,Shape_Area
1,1,10,10,21,053,00516873,21053,Clinton,Clinton County,06,H1,G4020, , , ,A,510864294,21164151,+36.7272577,-085.1360977,0.053669838,1.148505636,362097,101,101,168,67,Uninfected,1.148505636,0.053669838
2,62,17,17,55,111,01581115,55111,Sauk,Sauk County,06,H1,G4020,357,12660, ,A,2153665639,45713371,+43.4279976,-089.9433290,0.244475117,2.33448384,183775,101,101,168,67,Uninfected,2.33448384,0.244475117
3,198,51,51,26,109,01622997,26109,Menominee,Menominee County,06,H1,G4020, ,31940, ,A,2704072756,761779246,+45.5382374,-087.4929489,0.399167723,3.582996703,118891,101,101,168,67,Uninfected,3.582996703,0.399167723
4,92,66,66,26,007,01622946,26007,Alpena,Alpena County,06,H1,G4020, ,10980, ,A,1481123848,2908714548,+44.8949540,-083.4265739,0.501254137,3.611003564,141160,101,101,168,67,Uninfected,3.611003564,0.501254137
5,100,77,77,26,035,01622960,26035,Clare,Clare County,06,H1,G4020, , , ,A,1461741364,28501274,+43.9911368,-084.8383253,0.167186255,1.658263975,169642,101,101,168,67,Uninfected,1.658263975,0.167186255
6,118,89,89,50,011,01461762,50011,Franklin,Franklin County,06,H1,G4020, ,15540, ,A,1641633748,150930318,+44.8589643,-072.9094023,0.204075186,2.078316687,146968,101,101,168,67,Uninfected,2.078316687,0.204075186
7,400,90,90,26,103,01622994,26103,Marquette,Marquette County,06,H1,G4020, ,32100, ,A,4685386476,4185372277,+46.6565964,-087.5840278,1.042675887,4.583949434,92745,101,101,168,67,Uninfected,4.583949434,1.042675887
8,49,119,119,39,115,01074070,39115,Morgan,Morgan County,06,H1,G4020, , , ,A,1078539439,13873466,+39.6249458,-081.8616967,0.114588716,1.685120775,286142,101,101,168,67,Uninfected,1.685120775,0.114588716
9,13,158,158,21,061,00516877,21061,Edmonson,Edmonson County,06,H1,G4020,150,14540, ,A,784468319,13258106,+37.2275136,-086.2180153,0.080974665,1.199323129,347018,101,101,168,67,Uninfected,1.199323129,0.080974665
10,247,211,211,26,153,01623017,26153,Schoolcraft,Schoolcraft County,06,H1,G4020, , , ,A,3033697431,1845664144,+46.0211217,-086.1970290,0.567141479,3.365902583,104666,101,101,168,67,Uninfected,3.365902583,0.567141479
11,149,217,217,26,003,01622944,26003,Alger,Alger County,06,H1,G4020, , , ,A,2369911333,10703533792,+47.0800765,-086.5641076,1.544744397,5.484540149,99132,101,101,168,67,Uninfected,5.484540149,1.544744397
12,160,221,221,26,123,01623004,26123,Newaygo,Newaygo County,06,H1,G4020, , , ,A,2112606166,119183856,+43.5627086,-085.7914227,0.248594951,1.995657211,179122,101,101,168,67,Uninfected,1.995657211,0.248594951
13,15,248,248,01,033,00161542,01033,Colbert,Colbert County,06,H1,G4020, ,22520, ,A,1534875463,80027136,+34.7031120,-087.8014569,0.158887368,2.198937495,409552,101,101,168,67,Uninfected,2.198937495,0.158887368
14,164,286,286,26,151,01623016,26151,Sanilac,Sanilac County,06,H1,G4020, , , ,A,2493045473,1624882510,+43.4491547,-082.6428148,0.457858793,2.870588864,182370,101,101,168,67,Uninfected,2.870588864,0.457858793
15,560,324,324,36,089,00977309,36089,St. Lawrence,St. Lawrence County,06,H1,G4020, ,36300, ,A,6939259769,367915773,+44.4881125,-075.0743110,0.826795121,3.798191994,147720,101,101,168,67,Uninfected,3.798191994,0.826795121
16,114,404,404,50,017,01461765,50017,Orange,Orange County,06,H1,G4020, ,17200, ,A,1779389357,12016544,+44.0033924,-072.3696871,0.201032275,2.300850366,169163,101,101,168,67,Uninfected,2.300850366,0.201032275
17,258,457,457,26,033,01622959,26033,Chippewa,Chippewa County,06,H1,G4020, ,42300, ,A,4036522461,2952482167,+46.3218192,-084.5206297,0.816534394,5.783518451,96776,101,101,168,67,Uninfected,5.783518451,0.816534394
18,247,491,491,26,071,01622978,26071,Iron,Iron County,06,H1,G4020, , , ,A,3019973510,116746381,+46.1702542,-088.5405261,0.365669534,2.894483974,106977,101,101,168,67,Uninfected,2.894483974,0.365669534
19,535,496,496,23,029,00581300,23029,Washington,Washington County,06,H1,G4020, , , ,A,6637326498,1800003936,+44.9670088,-067.6093542,0.962413232,5.340616844,128092,101,101,168,67,Uninfected,5.340616844,0.962413232
20,271,498,498,26,131,01623008,26131,Ontonagon,Ontonagon County,06,H1,G4020, , , ,A,3395416191,6292279421,+47.2166022,-089.5004631,1.146248941,4.7061312,90341,101,101,168,67,Uninfected,4.7061312,1.146248941
21,175,507,507,26,013,01622949,26013,Baraga,Baraga County,06,H1,G4020, , , ,A,2326929577,441604239,+46.6958592,-088.3618101,0.325631921,2.533784101,92742,101,101,168,67,Uninfected,2.533784101,0.325631921
22,347,519,519,36,041,00974119,36041,Hamilton,Hamilton County,06,H1,G4020, , , ,A,4447987884,234205889,+43.6578786,-074.5024556,0.522459019,3.444040419,179400,101,101,168,67,Uninfected,3.444040419,0.522459019
23,121,552,552,26,001,01622943,26001,Alcona,Alcona County,06,H1,G4020, , , ,A,1747349262,2890404971,+44.6825347,-082.8340784,0.526419286,3.76748737,150664,101,101,168,67,Uninfected,3.76748737,0.526419286
24,100,571,571,39,155,01074089,39155,Trumbull,Trumbull County,06,H1,G4020,566,49660, ,A,1600938408,47766218,+41.3059114,-080.7687013,0.177297089,1.702130324,241023,101,101,168,67,Uninfected,1.702130324,0.177297089
25,58,586,586,39,131,01074078,39131,Pike,Pike County,06,H1,G4020, , , ,A,1140324458,9567612,+39.0713596,-083.0529085,0.119699241,1.599503169,300365,101,101,168,67,Uninfected,1.599503169,0.119699241
26,13,613,613,18,107,00450374,18107,Montgomery,Montgomery County,06,H1,G4020,294,18820, ,A,1306954200,2144021,+40.0402962,-086.8927145,0.138146836,1.493395349,278890,101,101,168,67,Uninfected,1.493395349,0.138146836
27,100,643,643,26,085,01622985,26085,Lake,Lake County,06,H1,G4020, , , ,A,1470022082,17522231,+43.9951867,-085.8113997,0.1668895,1.655831247,169618,101,101,168,67,Uninfected,1.655831247,0.1668895
28,77,669,669,39,059,01074042,39059,Guernsey,Guernsey County,06,H1,G4020,198,15740, ,A,1352631185,15666075,+40.0566648,-081.4978750,0.144418283,1.745706385,281398,101,101,168,67,Uninfected,1.745706385,0.144418283
29,80,670,670,26,015,01622950,26015,Barry,Barry County,06,H1,G4020,266,24340, ,A,1432511156,62021519,+42.5828109,-085.3145503,0.163924328,1.639236022,207646,101,101,168,67,Uninfected,1.639236022,0.163924328
30,100,710,710,26,143,01623014,26143,Roscommon,Roscommon County,06,H1,G4020, , , ,A,1345827533,156421850,+44.3395168,-084.6112715,0.1695157,1.661226237,160144,101,101,168,67,Uninfected,1.661226237,0.1695157
31,101,715,715,39,119,01074072,39119,Muskingum,Muskingum County,06,H1,G4020,198,49780, ,A,1721328762,20656658,+39.9660457,-081.9435064,0.183630218,1.878434145,281386,101,101,168,67,Uninfected,1.878434145,0.183630218
32,179,728,728,26,095,01622990,26095,Luce,Luce County,06,H1,G4020, , , ,A,2328596732,2624713509,+46.9406018,-085.5823683,0.58275526,3.184190622,98354,101,101,168,67,Uninfected,3.184190622,0.58275526
33,5,751,751,51,075,01674271,51075,Goochland,Goochland County,06,H1,G4020, ,40060, ,A,726830013,21963164,+37.7188141,-077.9176263,0.076521808,1.641120648,333759,101,101,168,67,Uninfected,1.641120648,0.076521808
34,11,753,753,39,139,01074082,39139,Richland,Richland County,06,H1,G4020,360,31900, ,A,1282720846,12470881,+40.7741590,-082.5427812,0.138155352,1.707815478,259994,101,101,168,67,Uninfected,1.707815478,0.138155352
35,80,759,759,39,169,01074096,39169,Wayne,Wayne County,06,H1,G4020, ,49300, ,A,1437086621,5055679,+40.8296612,-081.8871942,0.153953719,1.603851787,254459,101,101,168,67,Uninfected,1.603851787,0.153953719
36,242,770,770,36,043,00974120,36043,Herkimer,Herkimer County,06,H1,G4020, ,46540, ,A,3655805548,120422420,+43.4074890,-075.0116830,0.419711647,3.877613392,179392,101,101,168,67,Uninfected,3.877613392,0.419711647
37,195,772,772,26,053,01622969,26053,Gogebic,Gogebic County,06,H1,G4020, , , ,A,2854517985,970153168,+46.4615130,-089.8068630,0.4481799,4.453456273,98241,101,101,168,67,Uninfected,4.453456273,0.4481799
38,4,777,777,55,003,01581061,55003,Ashland,Ashland County,06,H1,G4020, , , ,A,2706535135,3230651989,+46.5444245,-090.6796907,0.698359417,4.783266808,114070,101,101,168,67,Uninfected,4.783266808,0.698359417
39,264,783,783,55,085,01581103,55085,Oneida,Oneida County,06,H1,G4020, , , ,A,2885082781,317622270,+45.7161762,-089.5345333,0.370030889,2.938671525,121207,101,101,168,67,Uninfected,2.938671525,0.370030889
40,48,825,825,26,021,01622953,26021,Berrien,Berrien County,06,H1,G4020,515,35660, ,A,1470473558,2625519926,+41.7913818,-086.7425435,0.445060606,2.826720557,221090,101,101,168,67,Uninfected,2.826720557,0.445060606
41,100,829,829,26,119,01623002,26119,Montmorency,Montmorency County,06,H1,G4020, , , ,A,1415822785,41410946,+45.0241337,-084.1301067,0.166384687,1.668343734,141148,101,101,168,67,Uninfected,1.668343734,0.166384687
42,100,830,830,26,135,01623010,26135,Oscoda,Oscoda County,06,H1,G4020, , , ,A,1465088065,15136485,+44.6872574,-084.1269054,0.16801162,1.663150981,150652,101,101,168,67,Uninfected,1.663150981,0.16801162
43,59,838,838,39,067,01074046,39067,Harrison,Harrison County,06,H1,G4020, , , ,A,1042034970,21847164,+40.2923175,-081.0915651,0.11268289,1.461960172,268736,101,101,168,67,Uninfected,1.461960172,0.11268289
44,100,853,853,26,129,01623007,26129,Ogemaw,Ogemaw County,06,H1,G4020, , , ,A,1459425379,29682543,+44.3332801,-084.1280728,0.16803084,1.66257547,160156,101,101,168,67,Uninfected,1.66257547,0.16803084
45,8,889,889,55,065,01581092,55065,Lafayette,Lafayette County,06,H1,G4020, , , ,A,1640985307,2539100,+42.6555781,-090.1302916,0.180453014,1.792180882,205951,101,101,168,67,Uninfected,1.792180882,0.180453014
46,31,893,893,55,135,01581127,55135,Waupaca,Waupaca County,06,H1,G4020, , , ,A,1936513136,45278485,+44.4780043,-088.9670053,0.224136985,2.107997001,155285,101,101,168,67,Uninfected,2.107997001,0.224136985
47,104,899,899,50,009,01461761,50009,Essex,Essex County,06,H1,G4020, ,13620, ,A,1718717381,28683328,+44.7240209,-071.7327362,0.198493805,2.999090994,147000,101,101,168,67,Uninfected,2.999090994,0.198493805
48,2,902,902,13,139,01686953,13139,Hall,Hall County,06,H1,G4020,122,23580, ,A,1017805267,94061469,+34.3175689,-083.8184997,0.108901469,1.725268961,418359,101,101,168,67,Uninfected,1.725268961,0.108901469
49,193,905,905,55,125,01581122,55125,Vilas,Vilas County,06,H1,G4020, , , ,A,2221447085,414426793,+46.0498480,-089.5012540,0.306425424,2.918895261,110122,101,101,168,67,Uninfected,2.918895261,0.306425424
50,161,916,916,50,021,01461767,50021,Rutland,Rutland County,06,H1,G4020, ,40860, ,A,2408212536,38758591,+43.5808577,-073.0382023,0.272679221,2.876194573,179440,101,101,168,67,Uninfected,2.876194573,0.272679221
51,361,923,923,33,007,00873177,33007,Coos,Coos County,06,H1,G4020, ,13620, ,A,4647904964,92563568,+44.6525477,-071.2894309,0.538140105,4.614514374,139094,101,101,168,67,Uninfected,4.614514374,0.538140105
52,59,938,938,01,093,00161573,01093,Marion,Marion County,06,H1,G4020, , , ,A,1922656984,3183684,+34.1382194,-087.8815510,0.188229845,1.899383546,419843,101,101,168,67,Uninfected,1.899383546,0.188229845
53,208,945,945,36,045,00974121,36045,Jefferson,Jefferson County,06,H1,G4020, ,48060, ,A,3285895343,1524639909,+43.9963890,-076.0529678,0.539777852,3.627495441,179365,101,101,168,67,Uninfected,3.627495441,0.539777852
54,223,948,948,36,019,00974108,36019,Clinton,Clinton County,06,H1,G4020, ,38460, ,A,2687771451,206611024,+44.7527120,-073.7056429,0.328886187,2.539952395,146948,101,101,168,67,Uninfected,2.539952395,0.328886187
55,22,978,978,55,117,01581118,55117,Sheboygan,Sheboygan County,06,H1,G4020, ,43100, ,A,1324905935,1967592839,+43.7451995,-087.7321195,0.367743017,2.822276735,179076,101,101,168,67,Uninfected,2.822276735,0.367743017
56,77,1024,1024,55,097,01581109,55097,Portage,Portage County,06,H1,G4020,554,44620, ,A,2074125052,56939082,+44.4762457,-089.4980699,0.241042065,2.11481955,155268,101,101,168,67,Uninfected,2.11481955,0.241042065
57,6,1027,1027,55,039,01581079,55039,Fond du Lac,Fond du Lac County,06,H1,G4020, ,22540, ,A,1863635236,119885776,+43.7547219,-088.4932840,0.221664536,2.239215079,180644,101,101,168,67,Uninfected,2.239215079,0.221664536
58,36,1029,1029,55,061,01581090,55061,Kewaunee,Kewaunee County,06,H1,G4020,267,24580, ,A,886863420,1921424713,+44.5010638,-087.1630621,0.317799214,2.558587914,155320,101,101,168,67,Uninfected,2.558587914,0.317799214
59,14,1042,1042,47,111,01639768,47111,Macon,Macon County,06,H1,G4020,400,34980, ,A,795498349,246690,+36.5377572,-086.0009596,0.08007315,1.251048726,364449,101,101,168,67,Uninfected,1.251048726,0.08007315
60,77,1070,1070,01,133,00161592,01133,Winston,Winston County,06,H1,G4020, , , ,A,1587608917,48922729,+34.1546073,-087.3652900,0.159976529,1.680727528,419851,101,101,168,67,Uninfected,1.680727528,0.159976529
61,155,1084,1084,55,067,01581093,55067,Langlade,Langlade County,06,H1,G4020, , , ,A,2254971901,44403904,+45.2623798,-089.0675484,0.263608608,2.452088536,133895,101,101,168,67,Uninfected,2.452088536,0.263608608
62,22,1089,1089,39,041,01074033,39041,Delaware,Delaware County,06,H1,G4020,198,18140, ,A,1147867060,36610530,+40.2789411,-083.0074622,0.125427707,1.593520616,271861,101,101,168,67,Uninfected,1.593520616,0.125427707
63,100,1104,1104,26,079,01622982,26079,Kalkaska,Kalkaska County,06,H1,G4020, ,45900, ,A,1449687582,28061738,+44.6788808,-085.0889915,0.167738983,1.667367072,150628,101,101,168,67,Uninfected,1.667367072,0.167738983
64,16,1133,1133,18,119,00450379,18119,Owen,Owen County,06,H1,G4020,144,14020, ,A,997910783,6566402,+39.3173394,-086.8388453,0.104907464,1.486865514,295524,101,101,168,67,Uninfected,1.486865514,0.104907464
65,66,1197,1197,26,147,01625033,26147,St. Clair,St. Clair County,06,H1,G4020,220,19820,47664,A,1867864472,298677842,+42.9288035,-082.6689135,0.238906583,2.506721204,196624,101,101,168,67,Uninfected,2.506721204,0.238906583
66,70,1199,1199,50,015,01461764,50015,Lamoille,Lamoille County,06,H1,G4020, , , ,A,1188473310,12658077,+44.6037037,-072.6389224,0.136157132,1.789192003,152524,101,101,168,67,Uninfected,1.789192003,0.136157132
67,19,1242,1242,39,057,01074041,39057,Greene,Greene County,06,H1,G4020,212,19380, ,A,1071555583,6535068,+39.6874785,-083.8948943,0.113200852,1.44689744,286093,101,101,168,67,Uninfected,1.44689744,0.113200852
68,237,1252,1252,36,049,00974123,36049,Lewis,Lewis County,06,H1,G4020, , , ,A,3301307137,39612943,+43.7826811,-075.4441402,0.373551424,2.674468319,179376,101,101,168,67,Uninfected,2.674468319,0.373551424
69,10,1254,1254,18,077,00450363,18077,Jefferson,Jefferson County,06,H1,G4020,350,31500, ,A,934033957,5843999,+38.7836039,-085.4400900,0.097442763,1.726382994,307438,101,101,168,67,Uninfected,1.726382994,0.097442763
70,132,1280,1280,26,157,01623019,26157,Tuscola,Tuscola County,06,H1,G4020, , , ,A,2080718000,286299930,+43.4879024,-083.4366180,0.263385177,2.32107658,183142,101,101,168,67,Uninfected,2.32107658,0.263385177
71,170,1340,1340,55,083,01581102,55083,Oconto,Oconto County,06,H1,G4020,267,24580, ,A,2583464874,392038134,+44.9965754,-088.2065162,0.339570218,3.243992813,136289,101,101,168,67,Uninfected,3.243992813,0.339570218
72,200,1345,1345,55,041,01581080,55041,Forest,Forest County,06,H1,G4020, , , ,A,2626878499,83594186,+45.6668806,-088.7733265,0.312949623,2.674430279,117275,101,101,168,67,Uninfected,2.674430279,0.312949623
73,79,1399,1399,39,157,01074090,39157,Tuscarawas,Tuscarawas County,06,H1,G4020,184,35420, ,A,1469659271,10390938,+40.4474477,-081.4711573,0.157099451,1.778900616,263183,101,101,168,67,Uninfected,1.778900616,0.157099451
74,37,1427,1427,21,089,00516891,21089,Greenup,Greenup County,06,H1,G4020,170,26580, ,A,892135587,25884322,+38.5635616,-082.9338199,0.094863206,1.634395025,312253,101,101,168,67,Uninfected,1.634395025,0.094863206
75,20,1450,1450,01,043,00161547,01043,Cullman,Cullman County,06,H1,G4020,142,18980, ,A,1903070708,52424813,+34.1319229,-086.8692666,0.191118099,2.458870062,420656,101,101,168,67,Uninfected,2.458870062,0.191118099
76,16,1500,1500,18,013,00451684,18013,Brown,Brown County,06,H1,G4020,294,26900, ,A,808043862,12025993,+39.1928644,-086.2397283,0.085507975,1.182458979,297125,101,101,168,67,Uninfected,1.182458979,0.085507975
77,22,1501,1501,18,019,00450340,18019,Clark,Clark County,06,H1,G4020,350,31140, ,A,965646802,9223876,+38.4762174,-085.7111221,0.100643623,1.76078435,315352,101,101,168,67,Uninfected,1.76078435,0.100643623
78,9,1503,1503,21,065,00516879,21065,Estill,Estill County,06,H1,G4020, , , ,A,655468668,6557602,+37.6924493,-083.9639825,0.067628646,1.667268722,335989,101,101,168,67,Uninfected,1.667268722,0.067628646
79,66,1546,1546,55,087,01581104,55087,Outagamie,Outagamie County,06,H1,G4020,118,11540, ,A,1651321050,18205949,+44.4182258,-088.4649883,0.188646986,1.788222024,157672,101,101,168,67,Uninfected,1.788222024,0.188646986
80,66,1570,1570,55,001,01581060,55001,Adams,Adams County,06,H1,G4020, , , ,A,1672140731,108432130,+43.9737629,-089.7672232,0.199697195,2.126384792,179028,101,101,168,67,Uninfected,2.126384792,0.199697195
81,32,1580,1580,26,057,01622971,26057,Gratiot,Gratiot County,06,H1,G4020,394,10940, ,A,1472084943,8383160,+43.2923259,-084.6046900,0.164205704,1.650953741,188656,101,101,168,67,Uninfected,1.650953741,0.164205704
82,15,1589,1589,18,109,00450375,18109,Morgan,Morgan County,06,H1,G4020,294,26900, ,A,1046298638,14115819,+39.4826458,-086.4474573,0.111013427,1.501211566,290785,101,101,168,67,Uninfected,1.501211566,0.111013427
83,729,1621,1621,23,019,00581295,23019,Penobscot,Penobscot County,06,H1,G4020, ,12620, ,A,8798662789,414019982,+45.4092789,-068.6665979,1.058752072,6.528384545,108269,101,101,168,67,Uninfected,6.528384545,1.058752072
84,59,1636,1636,55,119,01581119,55119,Taylor,Taylor County,06,H1,G4020, , , ,A,2525318829,24686414,+45.2116558,-090.5048529,0.292083519,2.464475131,136246,101,101,168,67,Uninfected,2.464475131,0.292083519
85,319,1653,1653,55,073,01581096,55073,Marathon,Marathon County,06,H1,G4020,554,48140, ,A,4001465174,81219897,+44.8980363,-089.7578230,0.465120089,3.056894842,143379,101,101,168,67,Uninfected,3.056894842,0.465120089
86,100,1656,1656,26,165,01623023,26165,Wexford,Wexford County,06,H1,G4020, ,15620, ,A,1463234116,27096654,+44.3313751,-085.5700462,0.168178559,1.666943695,160120,101,101,168,67,Uninfected,1.666943695,0.168178559
87,45,1713,1713,39,127,01074076,39127,Perry,Perry County,06,H1,G4020,198,18140, ,A,1056682426,11653682,+39.7431874,-082.2379525,0.112249798,1.627731322,282171,101,101,168,67,Uninfected,1.627731322,0.112249798
88,92,1725,1725,55,037,01581078,55037,Florence,Florence County,06,H1,G4020, ,27020, ,A,1264232435,24111636,+45.8718277,-088.4069879,0.149228275,2.068145329,118075,101,101,168,67,Uninfected,2.068145329,0.149228275
89,115,1754,1754,55,051,01581085,55051,Iron,Iron County,06,H1,G4020, , , ,A,1963699135,416924547,+46.3265500,-090.2612985,0.278071672,3.130329465,102982,101,101,168,67,Uninfected,3.130329465,0.278071672
90,108,1759,1759,26,141,01623013,26141,Presque Isle,Presque Isle County,06,H1,G4020, , , ,A,1706070003,4957327100,+45.4895147,-083.3840186,0.766364647,4.279409113,130855,101,101,168,67,Uninfected,4.279409113,0.766364647
91,16,1782,1782,18,025,00451674,18025,Crawford,Crawford County,06,H1,G4020, , , ,A,791534789,8041751,+38.2894327,-086.4408711,0.082339463,1.867799736,320878,101,101,168,67,Uninfected,1.867799736,0.082339463
92,93,1834,1834,26,137,01623011,26137,Otsego,Otsego County,06,H1,G4020, , , ,A,1333913235,28997739,+45.0217871,-084.5766031,0.155598688,1.663604716,141139,101,101,168,67,Uninfected,1.663604716,0.155598688
93,100,1847,1847,26,107,01622996,26107,Mecosta,Mecosta County,06,H1,G4020,266,13660, ,A,1437745751,41762966,+43.6352949,-085.3327509,0.165033396,1.646246571,179134,101,101,168,67,Uninfected,1.646246571,0.165033396
94,1,1877,1877,55,081,01581101,55081,Monroe,Monroe County,06,H1,G4020, , , ,A,2333327981,18589237,+43.9451751,-090.6199687,0.263670698,2.193298956,175054,101,101,168,67,Uninfected,2.193298956,0.263670698
95,385,1889,1889,23,017,00581294,23017,Oxford,Oxford County,06,H1,G4020, , , ,A,5379066664,256039480,+44.4945000,-070.7344207,0.637646988,5.452723417,138309,101,101,168,67,Uninfected,5.452723417,0.637646988
96,152,1916,1916,55,115,01581117,55115,Shawano,Shawano County,06,H1,G4020,267,43020, ,A,2313442856,41883375,+44.7896407,-088.7558134,0.267829509,2.855749401,145780,101,101,168,67,Uninfected,2.855749401,0.267829509
97,216,1920,1920,36,065,00974131,36065,Oneida,Oneida County,06,H1,G4020, ,46540, ,A,3139921985,117340432,+43.2427273,-075.4342824,0.360980924,3.23187287,185726,101,101,168,67,Uninfected,3.23187287,0.360980924
98,17,1931,1931,55,027,01581073,55027,Dodge,Dodge County,06,H1,G4020,376,13180, ,A,2267979574,81401509,+43.4226616,-088.7043982,0.261104746,2.090029617,183811,101,101,168,67,Uninfected,2.090029617,0.261104746
99,7,1955,1955,55,025,01581072,55025,Dane,Dane County,06,H1,G4020,357,31540, ,A,3098774789,106341440,+43.0674684,-089.4178523,0.354203364,2.52842868,200413,101,101,168,67,Uninfected,2.52842868,0.354203364
100,146,1971,1971,26,063,01622974,26063,Huron,Huron County,06,H1,G4020, , , ,A,2165446362,3368847813,+43.9076160,-082.8570449,0.61996254,3.686426303,179187,101,101,168,67,Uninfected,3.686426303,0.61996254
101,89,1972,1972,26,069,01622977,26069,Iosco,Iosco County,06,H1,G4020, , , ,A,1422175726,3473066854,+44.3294821,-082.8494444,0.552508867,3.909472918,160168,101,101,168,67,Uninfected,3.909472918,0.552508867
102,43,1982,1982,39,093,01074059,39093,Lorain,Lorain County,06,H1,G4020,184,17460, ,A,1272272276,1119442372,+41.4388045,-082.1797220,0.257721947,2.417289608,240995,101,101,168,67,Uninfected,2.417289608,0.257721947
103,141,2006,2006,26,081,01622983,26081,Kent,Kent County,06,H1,G4020,266,24340, ,A,2195420014,62899810,+43.0324971,-085.5474460,0.249430547,2.000573254,193384,101,101,168,67,Uninfected,2.000573254,0.249430547
104,47,2056,2056,21,135,00516914,21135,Lewis,Lewis County,06,H1,G4020, , , ,A,1250540181,32492720,+38.5521522,-083.3767743,0.132556063,2.355023565,313031,101,101,168,67,Uninfected,2.355023565,0.132556063
105,33,2084,2084,26,099,01622992,26099,Macomb,Macomb County,06,H1,G4020,220,19820,47664,A,1241120517,237557908,+42.6714928,-082.9108561,0.162385711,1.620531169,203750,101,101,168,67,Uninfected,1.620531169,0.162385711
106,12,2089,2089,21,099,00516896,21099,Hart,Hart County,06,H1,G4020, , , ,A,1068313096,13912256,+37.3164351,-085.8790995,0.109983867,1.887499382,344650,101,101,168,67,Uninfected,1.887499382,0.109983867
107,140,2149,2149,26,043,01622964,26043,Dickinson,Dickinson County,06,H1,G4020, ,27020, ,A,1970831145,40519954,+46.0128231,-087.8661191,0.233641592,2.159569773,111751,101,101,168,67,Uninfected,2.159569773,0.233641592
108,71,2183,2183,26,117,01623001,26117,Montcalm,Montcalm County,06,H1,G4020,266,24340, ,A,1826655021,40083131,+43.3127822,-085.1494679,0.207109839,2.14920683,188638,101,101,168,67,Uninfected,2.14920683,0.207109839
109,999,2203,2203,23,021,00581296,23021,Piscataquis,Piscataquis County,06,H1,G4020, , , ,A,10259016062,1080049539,+45.9156393,-069.1022311,1.31317576,6.118276501,102702,101,101,168,67,Uninfected,6.118276501,1.31317576
110,89,2206,2206,26,145,01623015,26145,Saginaw,Saginaw County,06,H1,G4020,474,40980, ,A,2073181841,40159474,+43.3282667,-084.0554100,0.234561601,2.220454543,186296,101,101,168,67,Uninfected,2.220454543,0.234561601
111,95,2208,2208,50,005,01461759,50005,Caledonia,Caledonia County,06,H1,G4020, , , ,A,1680951693,22386386,+44.4687907,-072.1121676,0.192625697,2.784748722,154126,101,101,168,67,Uninfected,2.784748722,0.192625697
112,53,2235,2235,26,017,01622951,26017,Bay,Bay County,06,H1,G4020,474,13020, ,A,1145557694,487990588,+43.6997112,-083.9787007,0.182456148,1.904816897,179169,101,101,168,67,Uninfected,1.904816897,0.182456148
113,41,2242,2242,55,009,01581064,55009,Brown,Brown County,06,H1,G4020,267,24580, ,A,1372929582,221812520,+44.4740209,-087.9961514,0.180373891,1.873153433,155308,101,101,168,67,Uninfected,1.873153433,0.180373891
114,53,2248,2248,26,011,01622948,26011,Arenac,Arenac County,06,H1,G4020, , , ,A,940623611,822317353,+44.0368327,-083.7406755,0.197960514,2.324294186,169665,101,101,168,67,Uninfected,2.324294186,0.197960514
115,67,2251,2251,26,047,01622966,26047,Emmet,Emmet County,06,H1,G4020, , , ,A,1210879338,1073480654,+45.5900944,-084.9868217,0.263382826,2.115509802,126086,101,101,168,67,Uninfected,2.115509802,0.263382826
116,16,2291,2291,21,085,00516889,21085,Grayson,Grayson County,06,H1,G4020, , , ,A,1291710298,31853979,+37.4585771,-086.3440113,0.134794479,2.808268285,343058,101,101,168,67,Uninfected,2.808268285,0.134794479
117,7,2294,2294,01,079,00161565,01079,Lawrence,Lawrence County,06,H1,G4020,290,19460, ,A,1788859207,68687366,+34.5297760,-087.3218651,0.182374972,1.929948007,415893,101,101,168,67,Uninfected,1.929948007,0.182374972
118,18,2324,2324,39,011,01074019,39011,Auglaize,Auglaize County,06,H1,G4020,338,47540, ,A,1039603387,1345186,+40.5613090,-084.2240177,0.110685651,1.807890521,263117,101,101,168,67,Uninfected,1.807890521,0.110685651
119,148,2336,2336,26,031,01622958,26031,Cheboygan,Cheboygan County,06,H1,G4020, , , ,A,1852552031,440619039,+45.4761203,-084.4952706,0.263865116,2.269642874,126091,101,101,168,67,Uninfected,2.269642874,0.263865116
120,90,2337,2337,26,051,01622968,26051,Gladwin,Gladwin County,06,H1,G4020, , , ,A,1299662664,36635214,+43.9897504,-084.3898162,0.149922476,1.576746547,169654,101,101,168,67,Uninfected,1.576746547,0.149922476
121,1,2338,2338,21,173,00516933,21173,Montgomery,Montgomery County,06,H1,G4020,336,34460, ,A,511177578,3859635,+38.0381379,-083.9123375,0.052853066,1.135275989,330447,101,101,168,67,Uninfected,1.135275989,0.052853066
122,17,2401,2401,47,103,01639766,47103,Lincoln,Lincoln County,06,H1,G4020, , , ,A,1477179215,971039,+35.1427904,-086.5934148,0.146200404,1.87390535,397698,101,101,168,67,Uninfected,1.87390535,0.146200404
123,68,2412,2412,39,075,01074050,39075,Holmes,Holmes County,06,H1,G4020, , , ,A,1094356029,3745075,+40.5655971,-081.9300012,0.116763281,1.596194631,262377,101,101,168,67,Uninfected,1.596194631,0.116763281
124,5,2414,2414,18,079,00450364,18079,Jennings,Jennings County,06,H1,G4020,294,35860, ,A,975364386,4546211,+38.9962289,-085.6281030,0.101890694,1.514616489,305060,101,101,168,67,Uninfected,1.514616489,0.101890694
125,52,2417,2417,26,077,01622981,26077,Kalamazoo,Kalamazoo County,06,H1,G4020,310,28020, ,A,1456083085,46882315,+42.2462657,-085.5328544,0.163946131,1.635513601,216355,101,101,168,67,Uninfected,1.635513601,0.163946131
126,78,2421,2421,26,055,01622970,26055,Grand Traverse,Grand Traverse County,06,H1,G4020, ,45900, ,A,1202639650,354756663,+44.7186875,-085.5538484,0.176874454,2.095337855,148244,101,101,168,67,Uninfected,2.095337855,0.176874454
127,16,2441,2441,50,013,01461763,50013,Grand Isle,Grand Isle County,06,H1,G4020, ,15540, ,A,211881636,292317315,+44.8017867,-073.3007590,0.057341173,1.341833928,146965,101,101,168,67,Uninfected,1.341833928,0.057341173
128,10,2460,2460,55,103,01581112,55103,Richland,Richland County,06,H1,G4020, , , ,A,1518120269,8153437,+43.3761994,-090.4356927,0.169514164,1.758454128,188520,101,101,168,67,Uninfected,1.758454128,0.169514164
129,1,2462,2462,01,075,00161563,01075,Lamar,Lamar County,06,H1,G4020, , , ,A,1566544636,1600679,+33.7870852,-088.0874309,0.152638752,1.640623764,426176,101,101,168,67,Uninfected,1.640623764,0.152638752
130,100,2471,2471,26,039,01622962,26039,Crawford,Crawford County,06,H1,G4020, , , ,A,1440969294,18026370,+44.6801748,-084.6113432,0.165607241,1.651264582,150640,101,101,168,67,Uninfected,1.651264582,0.165607241
131,48,2473,2473,39,019,01074022,39019,Carroll,Carroll County,06,H1,G4020,184,15940, ,A,1022030958,11192655,+40.5798841,-081.0907870,0.109894497,1.514975956,261609,101,101,168,67,Uninfected,1.514975956,0.109894497
132,105,2481,2481,55,141,01581130,55141,Wood,Wood County,06,H1,G4020,554,49220, ,A,2053928984,42054151,+44.4614126,-090.0388252,0.236991229,2.057181471,155257,101,101,168,67,Uninfected,2.057181471,0.236991229
133,79,2485,2485,39,013,01065575,39013,Belmont,Belmont County,06,H1,G4020, ,48540, ,A,1378212692,23682282,+40.0176819,-080.9677268,0.147886962,1.690614517,281409,101,101,168,67,Uninfected,1.690614517,0.147886962
134,6,2506,2506,01,059,00161555,01059,Franklin,Franklin County,06,H1,G4020, , , ,A,1641839976,32645401,+34.4419892,-087.8428144,0.164246954,1.780180936,416682,101,101,168,67,Uninfected,1.780180936,0.164246954
135,159,2510,2510,26,097,01622991,26097,Mackinac,Mackinac County,06,H1,G4020, , , ,A,2646602337,2793796394,+46.1678678,-085.3037625,0.631850172,4.442654629,111807,101,101,168,67,Uninfected,4.442654629,0.631850172
136,89,2542,2542,26,111,01622998,26111,Midland,Midland County,06,H1,G4020,474,33220, ,A,1337100078,30591264,+43.6482031,-084.3794144,0.152575882,1.599105595,179158,101,101,168,67,Uninfected,1.599105595,0.152575882
137,182,2547,2547,55,069,01581094,55069,Lincoln,Lincoln County,06,H1,G4020,554,32980, ,A,2276114436,72463206,+45.3384167,-089.7423088,0.269601289,2.104744597,131503,101,101,168,67,Uninfected,2.104744597,0.269601289
138,340,2548,2548,36,033,00974115,36033,Franklin,Franklin County,06,H1,G4020, ,31660, ,A,4219632482,176707575,+44.5943758,-074.3106700,0.498253884,3.267428472,146934,101,101,168,67,Uninfected,3.267428472,0.498253884
139,39,2560,2560,26,045,01622965,26045,Eaton,Eaton County,06,H1,G4020,330,29620, ,A,1489714027,11011332,+42.5896144,-084.8465237,0.164606247,1.64041161,208450,101,101,168,67,Uninfected,1.64041161,0.164606247
140,10,2577,2577,18,071,00451678,18071,Jackson,Jackson County,06,H1,G4020,294,42980, ,A,1319087093,11923424,+38.9119571,-086.0425161,0.138224153,2.004660466,306628,101,101,168,67,Uninfected,2.004660466,0.138224153
141,33,2616,2616,55,049,01581084,55049,Iowa,Iowa County,06,H1,G4020,357,31540, ,A,1975379853,13870296,+43.0010208,-090.1336915,0.21959987,2.023463162,198028,101,101,168,67,Uninfected,2.023463162,0.21959987
142,100,2627,2627,26,113,01622999,26113,Missaukee,Missaukee County,06,H1,G4020, ,15620, ,A,1462807689,23574739,+44.3254240,-085.0854708,0.167730017,1.664090532,160132,101,101,168,67,Uninfected,1.664090532,0.167730017
143,18,2635,2635,26,125,01623005,26125,Oakland,Oakland County,06,H1,G4020,220,19820,47664,A,2246869568,102863438,+42.6604518,-083.3842103,0.257992053,2.056194072,206911,101,101,168,67,Uninfected,2.056194072,0.257992053
144,37,2662,2662,39,121,01074073,39121,Noble,Noble County,06,H1,G4020, , , ,A,1030846457,16984489,+39.7672325,-081.4525117,0.110140672,1.840364251,282196,101,101,168,67,Uninfected,1.840364251,0.110140672
145,13,2694,2694,13,057,01685718,13057,Cherokee,Cherokee County,06,H1,G4020,122,12060, ,A,1090598900,34469349,+34.2443166,-084.4750574,0.110100569,1.524819793,419925,101,101,168,67,Uninfected,1.524819793,0.110100569
146,100,2696,2696,26,133,01623009,26133,Osceola,Osceola County,06,H1,G4020, , , ,A,1466836685,17262767,+43.9975523,-085.3222825,0.166502435,1.651291816,169630,101,101,168,67,Uninfected,1.651291816,0.166502435
147,102,2701,2701,50,007,01461760,50007,Chittenden,Chittenden County,06,H1,G4020, ,15540, ,A,1389740233,214237435,+44.4633293,-073.0694101,0.181377799,2.141860464,155679,101,101,168,67,Uninfected,2.141860464,0.181377799
148,35,2765,2765,26,083,01622984,26083,Keweenaw,Keweenaw County,06,H1,G4020, ,26340, ,A,1398883253,14053673397,+47.6819737,-088.1487965,1.852226532,6.249982374,77692,101,101,168,67,Uninfected,6.249982374,1.852226532
149,267,2777,2777,55,075,01581097,55075,Marinette,Marinette County,06,H1,G4020, ,31940, ,A,3624558795,389917044,+45.3468989,-087.9911980,0.460947127,4.402465442,125216,101,101,168,67,Uninfected,4.402465442,0.460947127
150,140,2779,2779,55,099,01581110,55099,Price,Price County,06,H1,G4020, , , ,A,3247805080,62281745,+45.6790725,-090.3596497,0.382268586,2.474731848,118822,101,101,168,67,Uninfected,2.474731848,0.382268586
151,164,2795,2795,26,061,01622973,26061,Houghton,Houghton County,06,H1,G4020, ,26340, ,A,2613557367,1275355802,+46.9984310,-088.6519079,0.45987289,3.919015074,81645,101,101,168,67,Uninfected,3.919015074,0.45987289
152,11,2815,2815,18,133,00450384,18133,Putnam,Putnam County,06,H1,G4020,294,26900, ,A,1244585902,5585892,+39.6655479,-086.8533729,0.13122262,1.576003772,282850,101,101,168,67,Uninfected,1.576003772,0.13122262
153,113,2827,2827,50,023,01461768,50023,Washington,Washington County,06,H1,G4020, ,12740, ,A,1779421703,21184426,+44.2749884,-072.6095138,0.202970403,2.268019524,161242,101,101,168,67,Uninfected,2.268019524,0.202970403
154,319,2869,2869,23,007,00581289,23007,Franklin,Franklin County,06,H1,G4020, , , ,A,4395190350,121369621,+44.9730119,-070.4447274,0.515225167,4.607013787,130399,101,101,168,67,Uninfected,4.607013787,0.515225167
155,57,2873,2873,26,029,01622957,26029,Charlevoix,Charlevoix County,06,H1,G4020, , , ,A,1078286047,2522933853,+45.5131638,-085.4503920,0.414591084,3.522299423,126070,101,101,168,67,Uninfected,3.522299423,0.414591084
156,10,2914,2914,18,121,00450380,18121,Parke,Parke County,06,H1,G4020, , , ,A,1151747431,13683945,+39.7742496,-087.1969502,0.122515423,1.60204974,282053,101,101,168,67,Uninfected,1.60204974,0.122515423
157,74,2930,2930,39,083,01074054,39083,Knox,Knox County,06,H1,G4020,198,34540, ,A,1361054324,10718576,+40.4036198,-082.4223929,0.145516366,1.764247729,265536,101,101,168,67,Uninfected,1.764247729,0.145516366
158,134,2955,2955,50,001,01461757,50001,Addison,Addison County,06,H1,G4020, , , ,A,1984780357,107303299,+44.0312479,-073.1415807,0.234873269,2.413502313,166769,101,101,168,67,Uninfected,2.413502313,0.234873269
159,14,2981,2981,01,073,00161562,01073,Jefferson,Jefferson County,06,H1,G4020,142,13820, ,A,2877921069,32756125,+33.5534439,-086.8965359,0.282590771,2.90275546,432539,101,101,168,67,Uninfected,2.90275546,0.282590771
160,1,2982,2982,01,127,00161589,01127,Walker,Walker County,06,H1,G4020,142,13820, ,A,2048686077,36754700,+33.7915581,-087.3010936,0.20304671,2.386642195,426989,101,101,168,67,Uninfected,2.386642195,0.20304671
161,91,2994,2994,39,089,01074057,39089,Licking,Licking County,06,H1,G4020,198,18140, ,A,1767338086,12924074,+40.0915047,-082.4834352,0.188006945,1.850836739,272660,101,101,168,67,Uninfected,1.850836739,0.188006945
162,14,3003,3003,55,021,01581070,55021,Columbia,Columbia County,06,H1,G4020,357,31540, ,A,1982754434,78836820,+43.4718818,-089.3304721,0.229308203,2.496615064,183783,101,101,168,67,Uninfected,2.496615064,0.229308203
163,205,3023,3023,26,041,01622963,26041,Delta,Delta County,06,H1,G4020, ,21540, ,A,3033137837,2124389418,+45.8052288,-086.9019375,0.596797792,3.435706804,114149,101,101,168,67,Uninfected,3.435706804,0.596797792
164,100,3034,3034,26,073,01622979,26073,Isabella,Isabella County,06,H1,G4020,394,34380, ,A,1483229495,12959299,+43.6452331,-084.8394245,0.166893531,1.65712276,179146,101,101,168,67,Uninfected,1.65712276,0.166893531
165,13,3038,3038,21,069,00516881,21069,Fleming,Fleming County,06,H1,G4020, , , ,A,902719721,7185948,+38.3684311,-083.7061517,0.093799868,2.073474899,319365,101,101,168,67,Uninfected,2.073474899,0.093799868
166,14,3039,3039,55,019,01581069,55019,Clark,Clark County,06,H1,G4020, , , ,A,3133093098,23242138,+44.7393462,-090.6099532,0.358581781,2.434478353,145750,101,101,168,67,Uninfected,2.434478353,0.358581781
167,1593,3059,3059,23,003,00581287,23003,Aroostook,Aroostook County,06,H1,G4020, , , ,A,17278038056,405253238,+46.7091929,-068.6124095,2.078401532,8.18214772,78161,101,101,168,67,Uninfected,8.18214772,2.078401532
168,13,3072,3072,55,057,01581088,55057,Juneau,Juneau County,06,H1,G4020, , , ,A,1986622513,98737513,+43.9328362,-090.1139837,0.233706126,2.578691291,179024,101,101,168,67,Uninfected,2.578691291,0.233706126
169,2,3121,3121,18,093,00451703,18093,Lawrence,Lawrence County,06,H1,G4020,144,13260, ,A,1163367128,7122898,+38.8398148,-086.4878198,0.121444577,1.434079132,307417,101,101,168,67,Uninfected,1.434079132,0.121444577
170,853,3127,3127,23,025,00581298,23025,Somerset,Somerset County,06,H1,G4020, , , ,A,10164120486,437867472,+45.5036458,-069.9561096,1.220846491,8.23638807,102695,101,101,168,67,Uninfected,8.23638807,1.220846492
171,53,3134,3134,55,078,01581099,55078,Menominee,Menominee County,06,H1,G4020,267,43020, ,A,926201674,19038372,+44.9913041,-088.6692512,0.107882729,1.515626356,143410,101,101,168,67,Uninfected,1.515626356,0.107882729
172,11,3136,3136,21,011,00516852,21011,Bath,Bath County,06,H1,G4020,336,34460, ,A,722081570,13486212,+38.1522485,-083.7376405,0.075597146,2.098056179,324906,101,101,168,67,Uninfected,2.098056179,0.075597146
173,54,3165,3165,39,103,01074064,39103,Medina,Medina County,06,H1,G4020,184,17460, ,A,1091406463,4198457,+41.1161743,-081.8997641,0.117464723,1.539024826,247335,101,101,168,67,Uninfected,1.539024826,0.117464723
174,37,3168,3168,55,071,01581095,55071,Manitowoc,Manitowoc County,06,H1,G4020, ,31820, ,A,1526268667,2343369333,+44.1044332,-087.3154777,0.435014722,3.002804575,164825,101,101,168,67,Uninfected,3.002804575,0.435014722
175,36,3169,3169,55,029,01581074,55029,Door,Door County,06,H1,G4020, , , ,A,1248277387,4890604624,+45.0934165,-087.0486828,0.70100356,3.795850861,141870,101,101,168,67,Uninfected,3.795850861,0.70100356
176,58,3171,3171,39,053,01074039,39053,Gallia,Gallia County,06,H1,G4020, ,38580, ,A,1208307867,12085303,+38.8170456,-082.3017463,0.126593498,1.901899085,304347,101,101,168,67,Uninfected,1.901899085,0.126593498
177,78,3174,3174,39,031,01074028,39031,Coshocton,Coshocton County,06,H1,G4020, ,18740, ,A,1460530916,9243155,+40.2967096,-081.9301092,0.155691333,1.73260921,268714,101,101,168,67,Uninfected,1.73260921,0.155691333
178,12,3185,3185,21,019,00516856,21019,Boyd,Boyd County,06,H1,G4020,170,26580, ,A,414050310,5584870,+38.3600037,-082.6814063,0.043252948,0.996627598,318595,101,101,168,67,Uninfected,0.996627598,0.043252948
179,123,3214,3214,50,019,01461766,50019,Orleans,Orleans County,06,H1,G4020, , , ,A,1796376281,71442197,+44.8284417,-072.2516300,0.212538099,2.328817431,146984,101,101,168,67,Uninfected,2.328817431,0.212538099
180,1,705,705,25,019,00606936,25019,Nantucket,Nantucket County,06,H4,G4020, , , ,N,119431680,667032050,+41.3058778,-070.1419099,0.084553631,1.499038338,246045,118,118,171,91,Uninfected,1.499038338,0.084553631
181,41,1208,1208,01,071,00161561,01071,Jackson,Jackson County,06,H1,G4020,174,42460, ,A,2791974087,126334708,+34.7641140,-085.9800556,0.287397208,2.677879241,404056,101,101,168,67,2021,2.677879241,0.287397208
182,,,3088,21,079,00516886,21079,Garrard,Garrard County,06,H1,G4020, , , ,A,595899383,10017670,+37.6301619,-084.5458557,0.061853513,2.079714404,,,,,,2021,2.079714404,0.061853513
183,,,1334,26,161,01623021,26161,Washtenaw,Washtenaw County,06,H1,G4020,220,11460, ,A,1828420670,42642348,+42.2523272,-083.8446336,0.204123637,1.879853553,,,,,,2021,1.879853553,0.204123637
184,36,98,98,26,089,01622987,26089,Leelanau,Leelanau County,06,H1,G4020, ,45900, ,A,899206779,5659140425,+45.1461816,-086.0515740,0.750430391,3.957675381,142690,101,101,168,67,2021,3.957675381,0.750430391
185,13,358,358,26,159,01623020,26159,Van Buren,Van Buren County,06,H1,G4020,310,28020, ,A,1574166310,1248671230,+42.2821497,-086.3060762,0.308110513,3.318677229,216341,101,101,168,67,2021,3.318677229,0.308110513
186,74,696,696,26,009,01622947,26009,Antrim,Antrim County,06,H1,G4020, , , ,A,1232000354,326539096,+45.0054553,-085.1756390,0.177890072,2.043603816,141123,101,101,168,67,2021,2.043603816,0.177890072
187,51,1474,1474,26,019,01622952,26019,Benzie,Benzie County,06,H1,G4020, ,45900, ,A,828049220,1398210900,+44.6486211,-086.4943263,0.252528366,2.487862055,152985,101,101,168,67,2021,2.487862055,0.252528366
188,93,2599,2599,26,101,01622993,26101,Manistee,Manistee County,06,H1,G4020, , , ,A,1404616462,1912440724,+44.3503854,-086.6029672,0.374344348,2.920970834,160110,101,101,168,67,2021,2.920970834,0.374344348
189,2,50,50,51,179,01480173,51179,Stafford,Stafford County,06,H1,G4020,548,47900,47894,A,697237227,28088013,+38.4153998,-077.4548785,0.07482345,1.422770901,320309,101,101,168,67,2021,1.422770901,0.07482345
190,25,2760,2760,51,109,01494707,51109,Louisa,Louisa County,06,H1,G4020, , , ,A,1284973900,37790617,+37.9727041,-077.9597950,0.135641278,1.832780432,329008,101,101,168,67,2021,1.832780432,0.135641278
191,2,823,823,54,029,01560574,54029,Hancock,Hancock County,06,H1,G4020,430,48260, ,A,213957146,13879326,+40.5169584,-080.5701643,0.024212304,0.780556731,264000,101,101,168,67,2021,0.780556731,0.024212304
192,40,1267,1267,39,005,01074016,39005,Ashland,Ashland County,06,H1,G4020,360,11740, ,A,1095444134,9962880,+40.8432730,-082.2701271,0.118036298,1.635430654,252870,101,101,168,67,2021,1.635430654,0.118036298
193,112,1316,1316,39,007,01074017,39007,Ashtabula,Ashtabula County,06,H1,G4020,184,11780, ,A,1818360011,1724498213,+41.9066369,-080.7455916,0.384375066,2.560157163,229941,101,101,168,67,2021,2.560157163,0.384375066
194,10,1401,1401,39,071,01074048,39071,Highland,Highland County,06,H1,G4020, , , ,A,1432479993,12194983,+39.1844221,-083.6013590,0.150610849,1.72021326,298778,101,101,168,67,2021,1.72021326,0.150610849
195,46,2527,2527,39,141,01074083,39141,Ross,Ross County,06,H1,G4020,198,17060, ,A,1784986611,9938846,+39.3238179,-083.0595805,0.187527258,1.929558104,295622,101,101,168,67,2021,1.929558104,0.187527258
196,1,2806,2806,54,009,01558262,54009,Brooke,Brooke County,06,H1,G4020,430,48260, ,A,231034166,8714144,+40.2726454,-080.5786912,0.025385946,0.796564171,272712,101,101,168,67,2021,0.796564171,0.025385946
197,67,2888,2888,39,035,01074030,39035,Cuyahoga,Cuyahoga County,06,H1,G4020,184,17460, ,A,1184013873,2041890563,+41.7603920,-081.7242168,0.348583127,2.753037168,238632,101,101,168,67,2021,2.753037168,0.348583127
198,40,2921,2921,39,045,01074035,39045,Fairfield,Fairfield County,06,H1,G4020,198,18140, ,A,1306421163,10746965,+39.7526204,-082.6273294,0.13842314,1.736025253,282166,101,101,168,67,2021,1.736025253,0.13842314
199,8,2974,2974,54,069,01717163,54069,Ohio,Ohio County,06,H1,G4020, ,48540, ,A,274098959,8274296,+40.0989316,-080.6207278,0.029822665,0.721218249,275086,101,101,168,67,2021,0.721218249,0.029822665
200,79,243,243,42,059,01214033,42059,Greene,Greene County,06,H1,G4020, , , ,A,1491700969,5253864,+39.8477067,-080.2256552,0.157547418,2.008546355,281427,101,101,168,67,2021,2.008546355,0.157547418
201,103,1006,1006,42,085,01213678,42085,Mercer,Mercer County,06,H1,G4020,566,49660, ,A,1741978098,25963051,+41.3000142,-080.2527863,0.190076507,1.81259045,241827,101,101,168,67,2021,1.81259045,0.190076507
202,183,3046,3046,42,039,01213666,42039,Crawford,Crawford County,06,H1,G4020,240,32740, ,A,2621846809,65303124,+41.6878760,-080.1077950,0.290588408,2.559743981,231531,101,101,168,67,2021,2.559743981,0.290588408
203,379,420,420,36,031,00974114,36031,Essex,Essex County,06,H1,G4020, , , ,A,4646734755,316368965,+44.1096005,-073.7784307,0.557999765,3.592090684,179419,101,101,168,67,2021,3.592090684,0.557999765
204,99,1078,1078,36,053,00974125,36053,Madison,Madison County,06,H1,G4020,532,45060, ,A,1696091558,16670528,+42.9100255,-075.6635749,0.188812117,2.769858736,196799,101,101,168,67,2021,2.769858736,0.188812117
205,50,1736,1736,36,057,00974127,36057,Montgomery,Montgomery County,06,H1,G4020,104,11220, ,A,1044067732,18598434,+42.9008912,-074.4353575,0.117126749,1.689055496,200786,101,101,168,67,2021,1.689055496,0.117126749
206,76,2348,2348,36,037,00974117,36037,Genesee,Genesee County,06,H1,G4020,464,12860, ,A,1276698028,6142605,+43.0009096,-078.1927784,0.141617905,1.712625475,197528,101,101,168,67,2021,1.712625475,0.141617905
207,75,2371,2371,36,063,00974130,36063,Niagara,Niagara County,06,H1,G4020,160,15380, ,A,1352887116,1598842827,+43.4567309,-078.7921425,0.327617583,2.746875371,191979,101,101,168,67,2021,2.746875371,0.327617583
208,71,150,150,23,001,00581286,23001,Androscoggin,Androscoggin County,06,H1,G4020,438,30340, ,A,1211961731,75575386,+44.1676811,-070.2074347,0.144874455,2.016863996,161297,101,101,168,67,2021,2.016863996,0.144874455
209,119,1393,1393,23,027,00581299,23027,Waldo,Waldo County,06,H1,G4020, , , ,A,1890577548,318053597,+44.5058342,-069.1389521,0.249854651,2.680766792,154981,101,101,168,67,2021,2.680766792,0.249854651
210,154,1675,1675,23,011,00581291,23011,Kennebec,Kennebec County,06,H1,G4020, ,12300, ,A,2246806176,216724439,+44.4170119,-069.7657639,0.278332766,3.033495599,154977,101,101,168,67,2021,3.033495599,0.278332766
211,23,27,27,39,085,01074055,39085,Lake,Lake County,06,H1,G4020,184,17460, ,A,593799763,1942309063,+41.9241163,-081.3926429,0.275207802,2.209799509,232308,241,241,250,34,2011,2.209799509,0.275207802
212,86,46,46,01,049,00161550,01049,DeKalb,DeKalb County,06,H1,G4020,290,22840, ,A,2012676476,4121538,+34.4609290,-085.8039920,0.19786626,2.214333438,409602,241,241,250,34,2011,2.214333438,0.19786626
213,269,47,47,36,101,00974148,36101,Steuben,Steuben County,06,H1,G4020,236,18500, ,A,3601504767,35055663,+42.2667252,-077.3855253,0.39682214,2.722196324,212594,241,241,250,34,2011,2.722196324,0.39682214
214,53,48,48,42,053,01213669,42053,Forest,Forest County,06,H1,G4020, , , ,A,1106623935,8356610,+41.5133040,-079.2497050,0.120258444,1.917819446,237892,241,241,250,34,2011,1.917819446,0.120258444
215,61,65,65,47,115,01639770,47115,Marion,Marion County,06,H1,G4020,174,16860, ,A,1290244637,36484742,+35.1334215,-085.6183990,0.131206025,1.630707509,396139,241,241,250,34,2011,1.630707509,0.131206025
216,57,67,67,21,231,00516962,21231,Wayne,Wayne County,06,H1,G4020, , , ,A,1186687833,67286710,+36.8020113,-084.8304404,0.126617974,1.743815235,355766,241,241,250,34,2011,1.743815235,0.126617974
217,42,68,68,47,185,01639800,47185,White,White County,06,H1,G4020, , , ,A,975592111,7113368,+35.9270486,-085.4557854,0.098136801,1.870462931,377134,241,241,250,34,2011,1.870462931,0.098136801
218,37,111,111,54,079,01550046,54079,Putnam,Putnam County,06,H1,G4020,170,26580, ,A,895302287,12226982,+38.5105128,-081.9061090,0.093731714,1.445047794,313074,241,241,250,34,2011,1.445047794,0.093731714
219,70,120,120,39,133,01074079,39133,Portage,Portage County,06,H1,G4020,184,10420, ,A,1262374971,43121843,+41.1688366,-081.1970420,0.140073603,1.500366325,244974,241,241,250,34,2011,1.500366325,0.140073603
220,40,131,131,24,047,01668802,24047,Worcester,Worcester County,06,H1,G4020, ,41540, ,A,1212832597,586845178,+38.2221332,-075.3099315,0.185139381,2.323387561,319571,241,241,250,34,2011,2.323387561,0.185139381
221,136,167,167,36,091,00974143,36091,Saratoga,Saratoga County,06,H1,G4020,104,10580, ,A,2097880370,87571838,+43.1061353,-073.8553872,0.241674277,2.491211776,191297,241,241,250,34,2011,2.491211776,0.241674277
222,44,171,171,54,103,01717836,54103,Wetzel,Wetzel County,06,H1,G4020, , , ,A,927380674,8458366,+39.6006015,-080.6281566,0.098143781,1.794414957,286963,241,241,250,34,2011,1.794414957,0.098143781
223,187,175,175,36,003,00974100,36003,Allegany,Allegany County,06,H1,G4020, , , ,A,2665875177,13153776,+42.2478532,-078.0261531,0.292288327,2.198455715,214162,241,241,250,34,2011,2.198455715,0.292288327
224,176,205,205,36,075,00974136,36075,Oswego,Oswego County,06,H1,G4020,532,45060, ,A,2464746080,933480216,+43.4614431,-076.2092618,0.377962262,3.109431341,182538,241,241,250,34,2011,3.109431341,0.377962262
225,25,263,263,37,063,01008550,37063,Durham,Durham County,06,H1,G4020,450,20500, ,A,741761173,29701774,+36.0338223,-078.8781198,0.077146569,1.285765409,374130,241,241,250,34,2011,1.285765409,0.077146569
226,26,277,277,21,193,00516943,21193,Perry,Perry County,06,H1,G4020, , , ,A,879750403,7603771,+37.2412822,-083.2177723,0.090114143,2.623124276,344718,241,241,250,34,2011,2.623124276,0.090114143
227,66,305,305,39,145,01074085,39145,Scioto,Scioto County,06,H1,G4020,170,39020, ,A,1580451539,15363856,+38.8148886,-082.9986750,0.16548926,2.287110423,305911,241,241,250,34,2011,2.287110423,0.16548926
228,45,308,308,39,163,01074093,39163,Vinton,Vinton County,06,H1,G4020, , , ,A,1068008706,6781201,+39.2520418,-082.4859614,0.112153464,1.701422459,295633,241,241,250,34,2011,1.701422459,0.112153464
229,37,321,321,47,061,01639748,47061,Grundy,Grundy County,06,H1,G4020, , , ,A,933548197,1753031,+35.3933855,-085.7103793,0.092786734,1.469804468,390592,241,241,250,34,2011,1.469804468,0.092786734
230,38,342,342,21,119,00516906,21119,Knott,Knott County,06,H1,G4020, , , ,A,910427757,3453309,+37.3597236,-082.9457242,0.092941187,1.694375637,342347,241,241,250,34,2011,1.694375637,0.092941187
231,100,350,350,42,065,01213674,42065,Jefferson,Jefferson County,06,H1,G4020, , , ,A,1689784203,11321806,+41.1380282,-079.0124190,0.182412359,1.912789977,245030,241,241,250,34,2011,1.912789977,0.182412359
232,44,360,360,21,127,00516910,21127,Lawrence,Lawrence County,06,H1,G4020, , , ,A,1076385464,11584860,+38.0744569,-082.7383015,0.111698995,2.085846035,324138,241,241,250,34,2011,2.085846035,0.111698995
233,37,361,361,21,175,00516934,21175,Morgan,Morgan County,06,H1,G4020, , , ,A,987114420,6889722,+37.9229402,-083.2589444,0.101852681,2.217799232,328875,241,241,250,34,2011,2.217799232,0.101852681
234,326,386,386,33,009,00873178,33009,Grafton,Grafton County,06,H1,G4020, ,17200, ,A,4425224129,106489725,+43.9264394,-071.8424220,0.50800513,3.87158183,179465,241,241,250,34,2011,3.87158183,0.50800513
235,88,413,413,42,031,01210234,42031,Clarion,Clarion County,06,H1,G4020, , , ,A,1556152465,23335885,+41.1981594,-079.4203691,0.169534591,2.131077478,242646,241,241,250,34,2011,2.131077478,0.169534591
236,32,535,535,47,141,01639783,47141,Putnam,Putnam County,06,H1,G4020, ,18260, ,A,1038860590,3777709,+36.1409404,-085.4961801,0.104400765,2.506876711,373174,241,241,250,34,2011,2.506876711,0.104400765
237,168,556,556,36,077,00974137,36077,Otsego,Otsego County,06,H1,G4020, ,36580, ,A,2594462131,36339122,+42.6297762,-075.0288410,0.288730622,2.976639503,204736,241,241,250,34,2011,2.976639503,0.288730622
238,54,564,564,47,177,01639796,47177,Warren,Warren County,06,H1,G4020, ,32660, ,A,1120619142,3524884,+35.6782498,-085.7773428,0.111918079,1.625234607,382670,241,241,250,34,2011,1.625234607,0.111918079
239,122,574,574,42,019,01213661,42019,Butler,Butler County,06,H1,G4020,430,38300, ,A,2042451307,15948099,+40.9138467,-079.9189776,0.220012618,1.833443831,249759,241,241,250,34,2011,1.833443831,0.220012618
240,60,611,611,39,111,01074068,39111,Monroe,Monroe County,06,H1,G4020, , , ,A,1180317770,4495382,+39.7262533,-081.0909868,0.124470579,1.603871949,282991,241,241,250,34,2011,1.603871949,0.124470579
241,17,615,615,21,129,00516911,21129,Lee,Lee County,06,H1,G4020, , , ,A,540937712,6215038,+37.6081160,-083.7192475,0.055821601,1.160512147,337578,241,241,250,34,2011,1.160512147,0.055821601
242,2,632,632,11,001,01702382,11001,District of Columbia,District of Columbia,00,H6,G4020,548,47900,47894,F,158351639,18675956,+38.9041031,-077.0172290,0.018383713,0.684594662,306064,241,241,250,34,2011,0.684594662,0.018383713
243,93,644,644,26,139,01623012,26139,Ottawa,Ottawa County,06,H1,G4020,266,24340, ,A,1459627896,2765705477,+42.9424607,-086.6549462,0.466054029,3.477486321,197341,241,241,250,34,2011,3.477486321,0.466054029
244,36,653,653,54,051,01717539,54051,Marshall,Marshall County,06,H1,G4020, ,48540, ,A,791063503,17411500,+39.8544259,-080.6717944,0.085096499,1.29006286,281421,241,241,250,34,2011,1.29006286,0.085096499
245,54,654,654,54,035,01559963,54035,Jackson,Jackson County,06,H1,G4020, , , ,A,1202677932,18836099,+38.8342339,-081.6777168,0.126727017,1.802325934,303572,241,241,250,34,2011,1.802325934,0.126727017
246,54,659,659,39,087,01074056,39087,Lawrence,Lawrence County,06,H1,G4020,170,26580, ,A,1174224653,10110033,+38.6038659,-082.5171856,0.122471228,1.79875389,310678,241,241,250,34,2011,1.79875389,0.122471228
247,81,661,661,39,001,01074014,39001,Adams,Adams County,06,H1,G4020, , , ,A,1512208934,6165939,+38.8344683,-083.4780816,0.157549005,1.741107961,304318,241,241,250,34,2011,1.741107961,0.157549005
248,110,747,747,36,011,00974104,36011,Cayuga,Cayuga County,06,H1,G4020,532,12180, ,A,1791190504,445708175,+43.0085456,-076.5745866,0.246977684,3.07680514,192025,241,241,250,34,2011,3.07680514,0.246977684
249,79,756,756,33,019,00873183,33019,Sullivan,Sullivan County,06,H1,G4020, ,17200, ,A,1392157812,37865613,+43.3611883,-072.2220839,0.158787335,2.147500439,185796,241,241,250,34,2011,2.147500439,0.158787335
250,18,819,819,21,159,00516923,21159,Martin,Martin County,06,H1,G4020, , , ,A,594701951,2564962,+37.7967740,-082.5066231,0.061101701,1.556751966,332063,241,241,250,34,2011,1.556751966,0.061101701
251,47,837,837,42,073,01213676,42073,Lawrence,Lawrence County,06,H1,G4020,430,35260, ,A,927644463,11783868,+40.9927352,-080.3344455,0.100530018,1.326820462,250539,241,241,250,34,2011,1.326820462,0.100530018
252,154,865,865,36,113,00974154,36113,Warren,Warren County,06,H1,G4020,104,24020, ,A,2246154434,166682934,+43.5551053,-073.8381388,0.268791433,2.829583601,180220,241,241,250,34,2011,2.829583601,0.268791433
253,67,909,909,24,019,00596495,24019,Dorchester,Dorchester County,06,H1,G4020,548,15700, ,A,1400542024,1145384767,+38.4291957,-076.0474333,0.26264236,2.51593051,313220,241,241,250,34,2011,2.51593051,0.26264236
254,53,951,951,39,073,01074049,39073,Hocking,Hocking County,06,H1,G4020,198,18140, ,A,1091232274,5959003,+39.4903424,-082.4834473,0.11488869,1.752948689,288506,241,241,250,34,2011,1.752948689,0.11488869
255,18,1032,1032,21,063,00516878,21063,Elliott,Elliott County,06,H1,G4020, , , ,A,606875936,2608208,+38.1154380,-083.0972089,0.062616162,1.524581332,324128,241,241,250,34,2011,1.524581332,0.062616162
256,137,1079,1079,36,115,00974155,36115,Washington,Washington County,06,H1,G4020,104,24020, ,A,2152713677,38126891,+43.3123766,-073.4394282,0.243080557,3.020773249,180225,241,241,250,34,2011,3.020773249,0.243080557
257,54,1137,1137,54,033,01718426,54033,Harrison,Harrison County,06,H1,G4020, ,17220, ,A,1077454921,1320319,+39.2791820,-080.3864982,0.112620803,1.726771348,294098,241,241,250,34,2011,1.726771348,0.112620803
258,81,1157,1157,26,105,01622995,26105,Mason,Mason County,06,H1,G4020, ,31220, ,A,1281901694,1935678152,+43.9966363,-086.7508138,0.361014633,2.752596371,169609,241,241,250,34,2011,2.752596371,0.361014633
259,21,1227,1227,47,175,01648584,47175,Van Buren,Van Buren County,06,H1,G4020, , , ,A,708142420,2893455,+35.6992335,-085.4584092,0.070804655,1.381196139,383471,241,241,250,34,2011,1.381196139,0.070804655
260,8,1294,1294,54,073,01678557,54073,Pleasants,Pleasants County,06,H1,G4020, , , ,A,337015703,11459910,+39.3681331,-081.1611724,0.036424504,1.139718004,293291,241,241,250,34,2011,1.139718004,0.036424504
261,18,1310,1310,47,153,01652643,47153,Sequatchie,Sequatchie County,06,H1,G4020,174,16860, ,A,688550864,498314,+35.3723358,-085.4100820,0.068342961,1.477644249,389807,241,241,250,34,2011,1.477644249,0.068342961
262,87,1314,1314,26,127,01623006,26127,Oceana,Oceana County,06,H1,G4020, , , ,A,1355525949,2026870042,+43.6472546,-086.8075751,0.377321189,2.864754423,179113,241,241,250,34,2011,2.864754423,0.377321189
263,53,1322,1322,39,079,01074052,39079,Jackson,Jackson County,06,H1,G4020, ,27160, ,A,1088598925,3167846,+39.0134773,-082.6141420,0.113557401,1.431108051,300379,241,241,250,34,2011,1.431108051,0.113557401
264,101,1327,1327,36,069,00974133,36069,Ontario,Ontario County,06,H1,G4020,464,40380, ,A,1668114449,47820988,+42.8563575,-077.3034968,0.188980818,2.327242557,200718,241,241,250,34,2011,2.327242557,0.188980818
265,87,1332,1332,36,023,00974110,36023,Cortland,Cortland County,06,H1,G4020,296,18660, ,A,1291815779,7112822,+42.5940390,-076.0762397,0.142469909,1.514604687,207084,241,241,250,34,2011,1.514604687,0.142469909
266,83,1348,1348,39,151,01065576,39151,Stark,Stark County,06,H1,G4020,184,15940, ,A,1490043482,13657023,+40.8141314,-081.3656673,0.160489592,1.852902627,254477,241,241,250,34,2011,1.852902627,0.160489592
267,58,1368,1368,39,099,01074062,39099,Mahoning,Mahoning County,06,H1,G4020,566,49660, ,A,1065795297,35434368,+41.0108798,-080.7703956,0.117885857,1.659857532,250527,241,241,250,34,2011,1.659857532,0.117885857
268,159,1446,1446,33,013,00873180,33013,Merrimack,Merrimack County,06,H1,G4020,148,18180, ,A,2415829018,57547411,+43.2995786,-071.6800412,0.27435525,2.580286306,186599,241,241,250,34,2011,2.580286306,0.27435525
269,176,1475,1475,36,029,00974113,36029,Erie,Erie County,06,H1,G4020,160,15380, ,A,2700590735,476948860,+42.7527590,-078.7781922,0.349423379,3.467190705,199102,241,241,250,34,2011,3.467190705,0.349423379
270,107,1652,1652,45,083,01248592,45083,Spartanburg,Spartanburg County,06,H1,G4020,273,43900, ,A,2092673515,29211230,+34.9332905,-081.9910605,0.209344002,2.062797111,398601,241,241,250,34,2011,2.062797111,0.209344002
271,124,1698,1698,42,049,01209178,42049,Erie,Erie County,06,H1,G4020,240,21500, ,A,2069615830,1966184465,+42.1179519,-080.0963858,0.439355219,2.987221854,221251,241,241,250,34,2011,2.987221854,0.439355219
272,43,1731,1731,24,045,01668606,24045,Wicomico,Wicomico County,06,H1,G4020, ,41540, ,A,969736578,66797773,+38.3673749,-075.6320890,0.106852689,1.922430072,317975,241,241,250,34,2011,1.922430072,0.106852689
273,43,1732,1732,21,043,00516868,21043,Carter,Carter County,06,H1,G4020, , , ,A,1060602204,6788531,+38.3095486,-083.0487958,0.109957069,2.057694792,318584,241,241,250,34,2011,2.057694792,0.109957069
274,156,1820,1820,42,083,01210235,42083,McKean,McKean County,06,H1,G4020, ,14620, ,A,2536105992,13010718,+41.8145902,-078.5724631,0.276182471,2.302558008,228403,241,241,250,34,2011,2.302558008,0.276182471
275,58,1824,1824,36,073,00974135,36073,Orleans,Orleans County,06,H1,G4020,464,40380, ,A,1013366849,1103741896,+43.5022867,-078.2297258,0.235159273,1.94877723,191190,241,241,250,34,2011,1.94877723,0.235159273
276,37,1923,1923,54,017,01689476,54017,Doddridge,Doddridge County,06,H1,G4020, ,17220, ,A,828070519,1958441,+39.2634805,-080.7012316,0.08663498,1.53549327,294094,241,241,250,34,2011,1.53549327,0.08663498
277,173,1925,1925,33,003,00873175,33003,Carroll,Carroll County,06,H1,G4020, , , ,A,2413888299,159247403,+43.8677742,-071.2015596,0.288128844,2.950533565,179481,241,241,250,34,2011,2.950533565,0.288128844
278,23,1926,1926,54,095,01678706,54095,Tyler,Tyler County,06,H1,G4020, , , ,A,663797704,11403003,+39.4656340,-080.8772193,0.070669631,1.631661591,290127,241,241,250,34,2011,1.631661591,0.070669631
279,253,1930,1930,36,009,00974103,36009,Cattaraugus,Cattaraugus County,06,H1,G4020,160,36460, ,A,3388633499,36608250,+42.2390986,-078.6623320,0.373650769,2.862640874,214154,241,241,250,34,2011,2.862640874,0.373650769
280,25,1965,1965,24,039,00596907,24039,Somerset,Somerset County,06,H1,G4020, ,41540, ,A,828090979,752714478,+38.0744501,-075.8533228,0.162325056,2.253557235,323522,241,241,250,34,2011,2.253557235,0.162325056
281,49,1970,1970,47,133,01639780,47133,Overton,Overton County,06,H1,G4020, ,18260, ,A,1122721529,3492728,+36.3448504,-085.2830756,0.113059244,1.581481714,366842,241,241,250,34,2011,1.581481714,0.113059244
282,39,1991,1991,21,121,00516907,21121,Knox,Knox County,06,H1,G4020, ,30940, ,A,1000508765,3753811,+36.8874755,-083.8556297,0.101520259,1.920542807,354206,241,241,250,34,2011,1.920542807,0.101520259
283,41,2000,2000,21,109,00516901,21109,Jackson,Jackson County,06,H1,G4020, , , ,A,894055741,3407438,+37.4034585,-084.0205757,0.091350205,1.51402207,340736,241,241,250,34,2011,1.51402207,0.091350205
284,34,2005,2005,24,037,01697853,24037,St. Mary's,St. Mary's County,06,H1,G4020,548,15680, ,A,928885370,1050517131,+38.2202894,-076.5303837,0.203625676,2.253569338,317951,241,241,250,34,2011,2.253569338,0.203625676
285,55,2128,2128,54,085,01689049,54085,Ritchie,Ritchie County,06,H1,G4020, , , ,A,1170648844,4424610,+39.1771118,-081.0663167,0.122493087,1.971164891,296462,241,241,250,34,2011,1.971164891,0.122493087
286,32,2163,2163,47,011,01639727,47011,Bradley,Bradley County,06,H1,G4020,174,17420, ,A,851489133,6959140,+35.1539144,-084.8594137,0.084921046,1.386761219,395366,241,241,250,34,2011,1.386761219,0.084921046
287,62,2170,2170,39,009,01074018,39009,Athens,Athens County,06,H1,G4020, ,11900, ,A,1304383737,12463875,+39.3326037,-082.0458439,0.13757217,1.852721239,291682,241,241,250,34,2011,1.852721239,0.13757217
288,49,2171,2171,39,081,01074053,39081,Jefferson,Jefferson County,06,H1,G4020,430,48260, ,A,1057248945,7120755,+40.3993836,-080.7635272,0.112884773,1.5360515,264787,241,241,250,34,2011,1.5360515,0.112884773
289,90,2177,2177,21,199,00516946,21199,Pulaski,Pulaski County,06,H1,G4020, ,43700, ,A,1705274742,48546459,+37.1083118,-084.5799857,0.177782139,1.896942703,347060,241,241,250,34,2011,1.896942703,0.177782139
290,3,2256,2256,47,121,01639775,47121,Meigs,Meigs County,06,H1,G4020, , , ,A,505397665,55976974,+35.5122029,-084.8161018,0.055776014,1.812874326,386658,241,241,250,34,2011,1.812874326,0.055776014
291,46,2300,2300,13,295,00354216,13295,Walker,Walker County,06,H1,G4020,174,16860, ,A,1156145994,1672676,+34.7358020,-085.3054565,0.113963424,1.686248447,404066,241,241,250,34,2011,1.686248447,0.113963424
292,167,2316,2316,42,123,01213691,42123,Warren,Warren County,06,H1,G4020, ,47620, ,A,2289914225,37352304,+41.8436691,-079.3131731,0.252172835,2.136487343,227593,241,241,250,34,2011,2.136487343,0.252172835
293,30,2328,2328,21,153,00516920,21153,Magoffin,Magoffin County,06,H1,G4020, , , ,A,798866697,1847051,+37.6989535,-083.0697158,0.08181132,1.77341565,333633,241,241,250,34,2011,1.77341565,0.08181132
294,46,2362,2362,39,055,01074040,39055,Geauga,Geauga County,06,H1,G4020,184,17460, ,A,1036429792,21045380,+41.4993217,-081.1735054,0.11403272,1.541705846,237060,241,241,250,34,2011,1.541705846,0.11403272
295,90,2367,2367,36,117,00974156,36117,Wayne,Wayne County,06,H1,G4020,464,40380, ,A,1563903159,2018194942,+43.4587577,-077.0631637,0.397519041,2.632429954,192814,241,241,250,34,2011,2.632429954,0.397519041
296,105,2372,2372,50,003,01461758,50003,Bennington,Bennington County,06,H1,G4020, ,13540, ,A,1748244447,6928011,+43.0353254,-073.1114603,0.193868527,2.221855445,192903,241,241,250,34,2011,2.221855445,0.193868527
297,108,2374,2374,37,183,01008592,37183,Wake,Wake County,06,H1,G4020,450,39580, ,A,2162148714,58100780,+35.7898464,-078.6506240,0.221349326,2.178114827,382843,241,241,250,34,2011,2.178114827,0.221349326
298,39,2427,2427,47,007,01639725,47007,Bledsoe,Bledsoe County,06,H1,G4020, , , ,A,1052635794,838360,+35.5935612,-085.2059104,0.104776326,1.751193829,385062,241,241,250,34,2011,1.751193829,0.104776326
299,96,2434,2434,36,121,00974158,36121,Wyoming,Wyoming County,06,H1,G4020, , , ,A,1535218841,9158424,+42.7013627,-078.2285667,0.169679726,1.896067532,204653,241,241,250,34,2011,1.896067532,0.169679726
300,74,2442,2442,39,029,01074027,39029,Columbiana,Columbiana County,06,H1,G4020,566,41400, ,A,1377680388,7255101,+40.7700730,-080.7784550,0.147714199,1.805316332,256861,241,241,250,34,2011,1.805316332,0.147714199
301,182,2482,2482,36,013,00974105,36013,Chautauqua,Chautauqua County,06,H1,G4020, ,27460, ,A,2745967850,1139487496,+42.3042159,-079.4075949,0.424212207,2.570834279,212556,241,241,250,34,2011,2.570834279,0.424212207
302,50,2490,2490,24,017,01676992,24017,Charles,Charles County,06,H1,G4020,548,47900,47894,A,1185656912,479539652,+38.4728532,-077.0154272,0.171903393,2.358035252,313985,241,241,250,34,2011,2.358035252,0.171903393
303,26,2493,2493,21,205,00516949,21205,Rowan,Rowan County,06,H1,G4020, , , ,A,724723335,16699596,+38.2042499,-083.4280697,0.076251645,2.185847415,321745,241,241,250,34,2011,2.185847415,0.076251645
304,75,2532,2532,39,167,01074095,39167,Washington,Washington County,06,H1,G4020,425,31930, ,A,1636799188,20784929,+39.4506837,-081.4906531,0.173466005,2.49410613,290115,241,241,250,34,2011,2.49410613,0.173466005
305,132,2586,2586,36,067,00974132,36067,Onondaga,Onondaga County,06,H1,G4020,532,45060, ,A,2016012328,70528316,+43.0065163,-076.1961336,0.230359871,2.491196207,195199,241,241,250,34,2011,2.491196207,0.230359871
306,154,2612,2612,36,017,00974107,36017,Chenango,Chenango County,06,H1,G4020, , , ,A,2314378336,13062477,+42.4780238,-075.6022407,0.254871631,2.394288836,207895,241,241,250,34,2011,2.394288836,0.254871631
307,84,2677,2677,36,035,00974116,36035,Fulton,Fulton County,06,H1,G4020,104,24100, ,A,1283234678,96916405,+43.1156093,-074.4236782,0.152636996,1.943707671,194451,241,241,250,34,2011,1.943707671,0.152636996
308,29,2708,2708,21,203,00516948,21203,Rockcastle,Rockcastle County,06,H1,G4020,336,40080, ,A,819848737,4016362,+37.3610502,-084.3143684,0.08379885,1.573048675,342316,241,241,250,34,2011,1.573048675,0.08379885
309,58,2725,2725,47,049,01639743,47049,Fentress,Fentress County,06,H1,G4020, , , ,A,1291397316,829331,+36.3698878,-084.9377640,0.129783194,1.897406013,365267,241,241,250,34,2011,1.897406013,0.129783194
310,45,2729,2729,39,105,01074065,39105,Meigs,Meigs County,06,H1,G4020, , , ,A,1113958478,7519824,+39.0898068,-082.0283968,0.116749419,1.962216699,300391,241,241,250,34,2011,1.962216699,0.116749419
311,154,2733,2733,50,027,01461770,50027,Windsor,Windsor County,06,H1,G4020, ,17200, ,A,2511193707,19363219,+43.5726846,-072.5988211,0.281994046,3.332848416,179450,241,241,250,34,2011,3.332848416,0.281994046
312,47,2749,2749,54,053,01560254,54053,Mason,Mason County,06,H1,G4020, ,38580, ,A,1115633278,36174540,+38.7709140,-082.0290067,0.119388502,1.824070704,305149,241,241,250,34,2011,1.824070704,0.119388502
313,36,2750,2750,54,021,01689673,54021,Gilmer,Gilmer County,06,H1,G4020, , , ,A,876717634,4082111,+38.9158671,-080.8494132,0.091492605,1.624735097,302802,241,241,250,34,2011,1.624735097,0.091492605
314,138,2756,2756,26,005,01622945,26005,Allegan,Allegan County,06,H1,G4020,266,26090, ,A,2137372873,2610825889,+42.5957875,-086.6347446,0.520783272,3.713471324,207630,241,241,250,34,2011,3.713471324,0.520783272
315,5,2759,2759,47,137,01648580,47137,Pickett,Pickett County,06,H1,G4020, , , ,A,422113135,29822859,+36.5593638,-085.0757410,0.045492033,1.531349659,364469,241,241,250,34,2011,1.531349659,0.045492033
316,271,2791,2791,23,009,00581290,23009,Hancock,Hancock County,06,H1,G4020, , , ,A,4110284976,1963056852,+44.5649063,-068.3707034,0.687966717,4.363393028,139965,241,241,250,34,2011,4.363393028,0.687966717
317,37,2792,2792,23,013,00581292,23013,Knox,Knox County,06,H1,G4020, , , ,A,945693972,2017106965,+44.0420446,-069.0385145,0.33260684,3.34910472,165280,241,241,250,34,2011,3.34910472,0.33260684
318,68,2797,2797,47,051,01639744,47051,Franklin,Franklin County,06,H1,G4020, ,46100, ,A,1436108593,55079682,+35.1559259,-086.0992032,0.147515723,1.904480797,394542,241,241,250,34,2011,1.904480797,0.147515723
319,27,2807,2807,54,013,01696945,54013,Calhoun,Calhoun County,06,H1,G4020, , , ,A,723252434,3704539,+38.8441591,-081.1154775,0.075429173,1.674161357,304378,241,241,250,34,2011,1.674161357,0.075429173
320,20,2870,2870,21,165,00516929,21165,Menifee,Menifee County,06,H1,G4020,336,34460, ,A,527283187,6084693,+37.9506654,-083.5975146,0.054666581,1.31471845,328871,241,241,250,34,2011,1.31471845,0.054666581
321,95,2937,2937,36,051,00974124,36051,Livingston,Livingston County,06,H1,G4020,464,40380, ,A,1636256623,22006106,+42.7274845,-077.7697795,0.18226686,2.530553679,201500,241,241,250,34,2011,2.530553679,0.18226686
322,126,2954,2954,42,125,01209190,42125,Washington,Washington County,06,H1,G4020,430,38300, ,A,2219590653,10147672,+40.2000054,-080.2521319,0.235808548,2.626783739,267963,241,241,250,34,2011,2.626783739,0.235808548
323,71,2957,2957,26,121,01623003,26121,Muskegon,Muskegon County,06,H1,G4020,266,34740, ,A,1298494539,2482949902,+43.2892579,-086.7518920,0.41940816,3.377466581,188618,241,241,250,34,2011,3.377466581,0.41940816
324,8,2985,2985,13,083,00347465,13083,Dade,Dade County,06,H1,G4020,174,16860, ,A,450605326,467844,+34.8524237,-085.5062006,0.04446179,1.025789978,404061,241,241,250,34,2011,1.025789978,0.04446179
325,108,3054,3054,42,121,01213690,42121,Venango,Venango County,06,H1,G4020, ,36340, ,A,1746388722,22148538,+41.4019797,-079.7544181,0.190425002,1.9831625,237883,241,241,250,34,2011,1.9831625,0.190425002
326,63,3055,3055,39,153,01074088,39153,Summit,Summit County,06,H1,G4020,184,10420, ,A,1069192868,18948340,+41.1218513,-081.5349361,0.116679329,1.552196284,244969,241,241,250,34,2011,1.552196284,0.116679329
327,19,3157,3157,36,093,00974144,36093,Schenectady,Schenectady County,06,H1,G4020,104,10580, ,A,529856261,12600384,+42.8175516,-074.0435592,0.059709095,1.31381959,203178,241,241,250,34,2011,1.31381959,0.059709095
328,94,3166,3166,42,005,01213658,42005,Armstrong,Armstrong County,06,H1,G4020,430,38300, ,A,1691718473,27625399,+40.8123805,-079.4641285,0.183501018,2.51800373,253736,241,241,250,34,2011,2.51800373,0.183501018
329,68,3195,3195,33,001,00873174,33001,Belknap,Belknap County,06,H1,G4020,148,29060, ,A,1040130767,177190123,+43.5191091,-071.4253661,0.135514612,1.817436636,182648,241,241,250,34,2011,1.817436636,0.135514612
330,25,3211,3211,21,115,00516904,21115,Johnson,Johnson County,06,H1,G4020, , , ,A,678468756,5639297,+37.8492599,-082.8306393,0.070027743,1.553483873,330470,241,241,250,34,2011,1.553483873,0.070027743
331,62,3233,3233,54,099,01550056,54099,Wayne,Wayne County,06,H1,G4020,170,26580, ,A,1310504124,15860720,+38.1455413,-082.4196812,0.136317668,2.249206274,320184,241,241,250,34,2011,2.249206274,0.136317668
332,65,20,20,42,007,01214112,42007,Beaver,Beaver County,06,H1,G4020,430,38300, ,A,1125901161,24165972,+40.6841401,-080.3507209,0.122507452,1.422194534,257667,249,249,149,65,2001,1.422194534,0.122507452
333,70,30,30,47,065,01639749,47065,Hamilton,Hamilton County,06,H1,G4020,174,16860, ,A,1404756919,86766886,+35.1607616,-085.1977114,0.14759516,1.988118913,392191,249,249,149,65,2001,1.988118913,0.14759516
334,53,60,60,37,001,01008531,37001,Alamance,Alamance County,06,H1,G4020,268,15500, ,A,1096654286,28025249,+36.0439535,-079.4005733,0.112479188,1.428699542,373323,249,249,149,65,2001,1.428699542,0.112479188
335,204,96,96,42,117,01209189,42117,Tioga,Tioga County,06,H1,G4020, , , ,A,2936469292,8257078,+41.7668593,-077.2572881,0.318870417,2.309666065,227653,249,249,149,65,2001,2.309666065,0.318870417
336,57,129,129,47,129,01639778,47129,Morgan,Morgan County,06,H1,G4020,314,28940, ,A,1352439646,823018,+36.1386970,-084.6392616,0.135494281,1.906031544,370818,249,249,149,65,2001,1.906031544,0.135494281
337,17,179,179,13,227,01673011,13227,Pickens,Pickens County,06,H1,G4020,122,12060, ,A,601027940,1693768,+34.4568044,-084.4903326,0.059135481,1.267179788,414381,249,249,149,65,2001,1.267179788,0.059135481
338,56,182,182,47,013,01639728,47013,Campbell,Campbell County,06,H1,G4020,314,28940, ,A,1243615773,46494677,+36.4015922,-084.1592495,0.129608312,2.054029483,365287,249,249,149,65,2001,2.054029483,0.129608312
339,74,188,188,47,123,01639776,47123,Monroe,Monroe County,06,H1,G4020, , , ,A,1646364006,43812886,+35.4478181,-084.2497050,0.167785503,2.607169586,388249,249,249,149,65,2001,2.607169586,0.167785503
340,51,233,233,51,167,01497573,51167,Russell,Russell County,06,H1,G4020, , , ,A,1226378115,7588460,+36.9334198,-082.0959342,0.124810396,2.020254868,351878,249,249,149,65,2001,2.020254868,0.124810396
341,58,234,234,37,027,01008541,37027,Caldwell,Caldwell County,06,H1,G4020,280,25860, ,A,1222192511,7038401,+35.9579149,-081.5300023,0.122796498,1.681411793,382777,249,249,149,65,2001,1.681411793,0.122796498
342,11,240,240,23,023,00581297,23023,Sagadahoc,Sagadahoc County,06,H1,G4020,438,38860, ,A,657803472,300569614,+43.9166447,-069.8443260,0.107381608,2.000732306,170018,249,249,149,65,2001,2.000732306,0.107381608
343,45,306,306,37,115,01025834,37115,Madison,Madison County,06,H1,G4020,120,11700, ,A,1164497728,4840762,+35.8640782,-082.7127314,0.116675717,2.04471008,382743,249,249,149,65,2001,2.04471008,0.116675717
344,55,331,331,54,005,01550009,54005,Boone,Boone County,06,H1,G4020,170,16620, ,A,1298967373,4305976,+38.0228142,-081.7135390,0.133722978,2.668967958,324956,249,249,149,65,2001,2.668967958,0.133722978
345,42,357,357,36,097,00974146,36097,Schuyler,Schuyler County,06,H1,G4020, , , ,A,850379112,36246374,+42.4197755,-076.9386030,0.096939532,1.659720694,213405,249,249,149,65,2001,1.659720694,0.096939532
346,19,364,364,47,105,01639767,47105,Loudon,Loudon County,06,H1,G4020,314,28940, ,A,593760987,46923925,+35.7374500,-084.3162040,0.06382969,1.916875806,382708,249,249,149,65,2001,1.916875806,0.06382969
347,52,423,423,51,027,01497431,51027,Buchanan,Buchanan County,06,H1,G4020, , , ,A,1302387725,2803981,+37.2681198,-082.0381508,0.132585691,2.273501902,343956,249,249,149,65,2001,2.273501902,0.132585691
348,199,463,463,42,033,01209175,42033,Clearfield,Clearfield County,06,H1,G4020,524,20180, ,A,2964714577,23932649,+41.0002489,-078.4737490,0.319864146,2.874360532,247417,249,249,149,65,2001,2.874360532,0.319864146
349,17,493,493,21,237,00516965,21237,Wolfe,Wolfe County,06,H1,G4020, , , ,A,575419099,1505157,+37.7437739,-083.4950678,0.058971732,1.500847143,334415,249,249,149,65,2001,1.500847143,0.058971732
350,135,502,502,42,063,01213673,42063,Indiana,Indiana County,06,H1,G4020,430,26860, ,A,2142009116,18802621,+40.6514319,-079.0875451,0.230071648,2.282759383,256115,249,249,149,65,2001,2.282759383,0.230071648
351,25,513,513,54,011,01550012,54011,Cabell,Cabell County,06,H1,G4020,170,26580, ,A,727837364,18122707,+38.4195778,-082.2433966,0.07695166,1.599480917,315439,249,249,149,65,2001,1.599480917,0.07695166
352,49,560,560,42,023,01213663,42023,Cameron,Cameron County,06,H1,G4020, , , ,A,1026229553,5664041,+41.4382883,-078.1983145,0.11116819,1.496464974,237919,249,249,149,65,2001,1.496464974,0.11116819
353,75,577,577,51,029,01501502,51029,Buckingham,Buckingham County,06,H1,G4020, ,16820, ,A,1501214582,9895206,+37.5739280,-078.5291687,0.15412059,1.980972233,336124,249,249,149,65,2001,1.980972233,0.15412059
354,30,583,583,13,291,00353193,13291,Union,Union County,06,H1,G4020, , , ,A,834083256,18082753,+34.8333330,-083.9892568,0.083976435,1.665141984,404097,249,249,149,65,2001,1.665141984,0.083976435
355,67,603,603,36,109,00974152,36109,Tompkins,Tompkins County,06,H1,G4020,296,27060, ,A,1229335996,43792937,+42.4530063,-076.4734835,0.139325551,1.878282055,211035,249,249,149,65,2001,1.878282055,0.139325551
356,78,609,609,36,001,00974099,36001,Albany,Albany County,06,H1,G4020,104,10580, ,A,1354083642,27161700,+42.5882401,-073.9740095,0.151510991,1.782049993,207145,249,249,149,65,2001,1.782049993,0.151510991
357,29,619,619,47,089,01639759,47089,Jefferson,Jefferson County,06,H1,G4020,314,34100, ,A,711873311,102176879,+36.0484787,-083.4409664,0.081420438,1.777357459,375599,249,249,149,65,2001,1.777357459,0.081420438
358,18,663,663,13,137,00351383,13137,Habersham,Habersham County,06,H1,G4020, ,18460, ,A,716858330,5814561,+34.6343924,-083.5258749,0.071044045,1.518156673,409654,249,249,149,65,2001,1.518156673,0.071044045
359,41,665,665,54,061,01550037,54061,Monongalia,Monongalia County,06,H1,G4020,390,34060, ,A,932572493,15051916,+39.6336448,-080.0590736,0.099415103,1.766509862,286974,249,249,149,65,2001,1.766509862,0.099415103
360,22,711,711,37,005,01008533,37005,Alleghany,Alleghany County,06,H1,G4020, , , ,A,607101004,3715040,+36.4893563,-081.1322988,0.06143258,1.374670866,365359,249,249,149,65,2001,1.374670866,0.06143258
361,50,734,734,47,073,01639752,47073,Hawkins,Hawkins County,06,H1,G4020,304,28700, ,A,1261465560,32543978,+36.4522106,-082.9313855,0.130061929,2.199416803,365319,249,249,149,65,2001,2.199416803,0.130061929
362,23,775,775,47,173,01648583,47173,Union,Union County,06,H1,G4020,314,28940, ,A,579055053,61028041,+36.2841401,-083.8360878,0.064210839,1.378626492,369255,249,249,149,65,2001,1.378626492,0.064210839
363,67,793,793,47,009,01639726,47009,Blount,Blount County,06,H1,G4020,314,28940, ,A,1447309647,20304906,+35.6881849,-083.9229731,0.146128849,2.241459295,382716,249,249,149,65,2001,2.241459295,0.146128849
364,95,807,807,37,193,01008595,37193,Wilkes,Wilkes County,06,H1,G4020, ,35900, ,A,1954249751,6862434,+36.2088833,-081.1660949,0.196530189,2.207949992,369322,249,249,149,65,2001,2.207949992,0.196530189
365,13,821,821,21,189,00516941,21189,Owsley,Owsley County,06,H1,G4020, , , ,A,511282856,2285944,+37.4236144,-083.6916281,0.052274299,1.487010308,342331,249,249,149,65,2001,1.487010308,0.052274299
366,212,822,822,42,015,01213660,42015,Bradford,Bradford County,06,H1,G4020, ,42380, ,A,2971750814,35275587,+41.7914949,-076.5021237,0.325699155,2.387954184,227660,249,249,149,65,2001,2.387954184,0.325699155
367,123,826,826,42,061,01213672,42061,Huntingdon,Huntingdon County,06,H1,G4020, ,26500, ,A,2265337403,37851955,+40.4223108,-077.9685953,0.244385877,2.829556457,260900,249,249,149,65,2001,2.829556457,0.244385877
368,24,839,839,37,003,01008532,37003,Alexander,Alexander County,06,H1,G4020,280,25860, ,A,673358173,9445986,+35.9209506,-081.1774668,0.068182904,1.1673562,378824,249,249,149,65,2001,1.1673562,0.068182904
369,119,841,841,33,005,00873176,33005,Cheshire,Cheshire County,06,H1,G4020, ,28300, ,A,1830338973,57617298,+42.9254553,-072.2482169,0.20814706,2.260628861,196885,249,249,149,65,2001,2.260628861,0.20814706
370,52,886,886,21,051,00516872,21051,Clay,Clay County,06,H1,G4020, , , ,A,1215461477,4763611,+37.1573172,-083.7184326,0.123781959,2.016829274,347080,249,249,149,65,2001,2.016829274,0.123781959
371,129,887,887,42,035,01214721,42035,Clinton,Clinton County,06,H1,G4020,558,30820, ,A,2299868230,23178794,+41.2453009,-077.6491409,0.249501507,2.728109463,241889,249,249,149,65,2001,2.728109463,0.249501507
372,102,891,891,54,077,01558642,54077,Preston,Preston County,06,H1,G4020,390,34060, ,A,1680406633,6681831,+39.4690296,-079.6688649,0.176588821,1.78765856,286990,249,249,149,65,2001,1.78765856,0.176588821
373,28,939,939,37,189,01008594,37189,Watauga,Watauga County,06,H1,G4020, ,14380, ,A,809160511,2332417,+36.2353679,-081.7098877,0.081347939,1.39035016,370893,249,249,149,65,2001,1.39035016,0.081347939
374,35,975,975,47,163,01639793,47163,Sullivan,Sullivan County,06,H1,G4020,304,28700, ,A,1070732761,42201523,+36.5097137,-082.3012769,0.111963659,2.218876199,365327,249,249,149,65,2001,2.218876199,0.111963659
375,52,985,985,21,095,00516894,21095,Harlan,Harlan County,06,H1,G4020, , , ,A,1206490776,6014027,+36.8592233,-083.2214968,0.122518087,2.100012898,355015,249,249,149,65,2001,2.100012898,0.122518087
376,32,988,988,47,019,01639730,47019,Carter,Carter County,06,H1,G4020,304,27740, ,A,883865752,16654827,+36.2847441,-082.1265932,0.090342557,1.665554622,369295,249,249,149,65,2001,1.665554622,0.090342557
377,33,991,991,47,179,01639797,47179,Washington,Washington County,06,H1,G4020,304,27740, ,A,845605969,8635314,+36.2956649,-082.4950374,0.085700314,1.541263237,368497,249,249,149,65,2001,1.541263237,0.085700314
378,79,998,998,51,061,01480120,51061,Fauquier,Fauquier County,06,H1,G4020,548,47900,47894,A,1678273823,9687703,+38.7440943,-077.8214791,0.174887798,2.344572369,305249,249,249,149,65,2001,2.344572369,0.174887798
379,50,1013,1013,37,173,01008588,37173,Swain,Swain County,06,H1,G4020, , , ,A,1366812262,32414382,+35.5688491,-083.4656136,0.138977451,2.657298393,387485,249,249,149,65,2001,2.657298393,0.138977451
380,19,1020,1020,37,011,01008536,37011,Avery,Avery County,06,H1,G4020, , , ,A,640601890,445285,+36.0720900,-081.9202847,0.064137384,1.295968015,374846,249,249,149,65,2001,1.295968015,0.064137384
381,39,1021,1021,54,107,01560558,54107,Wood,Wood County,06,H1,G4020,425,37620, ,A,948592039,27228519,+39.2115749,-081.5162531,0.101769243,1.557835564,295658,249,249,149,65,2001,1.557835564,0.101769243
382,72,1028,1028,54,101,01550057,54101,Webster,Webster County,06,H1,G4020, , , ,A,1433477403,7148637,+38.4834590,-080.4490515,0.148763088,1.670581843,312316,249,249,149,65,2001,1.670581843,0.148763088
383,62,1136,1136,54,047,01689162,54047,McDowell,McDowell County,06,H1,G4020, , , ,A,1381646897,3733285,+37.3826627,-081.6582048,0.140937586,2.212558079,341584,249,249,149,65,2001,2.212558079,0.140937586
384,56,1161,1161,45,077,01248015,45077,Pickens,Pickens County,06,H1,G4020,273,24860, ,A,1285538264,40609723,+34.8853801,-082.7233764,0.130768394,2.351472514,401752,249,249,149,65,2001,2.351472514,0.130768394
385,38,1191,1191,54,001,01696996,54001,Barbour,Barbour County,06,H1,G4020, , , ,A,883338745,4639232,+39.1397248,-079.9969466,0.092506754,1.529588396,298072,249,249,149,65,2001,1.529588396,0.092506754
386,52,1205,1205,54,093,01689423,54093,Tucker,Tucker County,06,H1,G4020, , , ,A,1085094885,5528932,+39.1111751,-079.5599678,0.113587075,1.723535103,298869,249,249,149,65,2001,1.723535103,0.113587075
387,13,1212,1212,21,197,00516945,21197,Powell,Powell County,06,H1,G4020, , , ,A,463556264,2956914,+37.8006287,-083.8200155,0.047744078,1.278103819,332028,249,249,149,65,2001,1.278103819,0.047744078
388,94,1219,1219,42,021,01213662,42021,Cambria,Cambria County,06,H1,G4020,306,27780, ,A,1782804173,13696237,+40.5103124,-078.7104629,0.190841051,2.069658656,261669,249,249,149,65,2001,2.069658656,0.190841051
389,46,1220,1220,47,107,01639773,47107,McMinn,McMinn County,06,H1,G4020,174,11940, ,A,1114009037,5340571,+35.4244708,-084.6199625,0.111094596,1.732402922,388245,249,249,149,65,2001,1.732402922,0.111094596
390,37,1253,1253,54,015,01550014,54015,Clay,Clay County,06,H1,G4020,170,16620, ,A,885617251,4862445,+38.4598259,-081.0818663,0.091912916,1.36425419,314677,249,249,149,65,2001,1.36425419,0.091912916
391,12,1271,1271,13,085,00351312,13085,Dawson,Dawson County,06,H1,G4020,122,12060, ,A,546042216,9272655,+34.4428421,-084.1732841,0.054471408,1.310547465,413597,249,249,149,65,2001,1.310547465,0.054471408
392,28,1292,1292,37,075,01008555,37075,Graham,Graham County,06,H1,G4020, , , ,A,756200800,25045983,+35.3483644,-083.8309147,0.077467713,1.47503782,393013,249,249,149,65,2001,1.47503782,0.077467713
393,49,1293,1293,54,045,01550029,54045,Logan,Logan County,06,H1,G4020,170,30880, ,A,1175209778,4830034,+37.8305905,-081.9408530,0.120768834,2.408621099,329700,249,249,149,65,2001,2.408621099,0.120768834
394,89,1296,1296,54,019,01560095,54019,Fayette,Fayette County,06,H1,G4020, ,13220, ,A,1713507808,17505425,+38.0309328,-081.0860508,0.177625185,2.362961886,324176,249,249,149,65,2001,2.362961886,0.177625185
395,19,1338,1338,13,311,00326781,13311,White,White County,06,H1,G4020, , , ,A,623386723,3928195,+34.6437760,-083.7434165,0.06168084,1.223900772,408857,249,249,149,65,2001,1.223900772,0.06168084
396,38,1355,1355,47,145,01639785,47145,Roane,Roane County,06,H1,G4020,314,28940, ,A,934284690,88700776,+35.8472486,-084.5239420,0.102059853,1.902312104,382698,249,249,149,65,2001,1.902312104,0.102059853
397,67,1364,1364,51,169,01498172,51169,Scott,Scott County,06,H1,G4020,304,28700, ,A,1387786118,8105331,+36.7127756,-082.6136238,0.140790697,1.810857305,358198,249,249,149,65,2001,1.810857305,0.140790697
398,93,1407,1407,45,045,01245489,45045,Greenville,Greenville County,06,H1,G4020,273,24860, ,A,2033687076,25132346,+34.8926452,-082.3720772,0.203032735,3.07504795,398598,249,249,149,65,2001,3.07504795,0.203032735
399,91,1441,1441,24,023,01711058,24023,Garrett,Garrett County,06,H1,G4020, , , ,A,1681276216,22324651,+39.5472985,-079.2746192,0.178467694,2.113757594,286997,249,249,149,65,2001,2.113757594,0.178467694
400,64,1448,1448,37,161,01008584,37161,Rutherford,Rutherford County,06,H1,G4020, ,22580, ,A,1464487608,4681435,+35.4027469,-081.9195825,0.14577457,1.971449292,389898,249,249,149,65,2001,1.971449292,0.14577457
401,41,1485,1485,21,071,00516882,21071,Floyd,Floyd County,06,H1,G4020, , , ,A,1018773537,6098292,+37.5598780,-082.7433611,0.104507612,2.035315948,336808,249,249,149,65,2001,2.035315948,0.104507612
402,118,1496,1496,42,047,01213668,42047,Elk,Elk County,06,H1,G4020, ,41260, ,A,2142856032,12818644,+41.4273339,-078.6539383,0.232194898,2.595896202,237906,249,249,149,65,2001,2.595896202,0.232194898
403,64,1566,1566,37,087,01008561,37087,Haywood,Haywood County,06,H1,G4020,120,11700, ,A,1433738456,2414518,+35.5570986,-082.9728229,0.14276618,2.049391881,385113,249,249,149,65,2001,2.049391881,0.14276618
404,174,1599,1599,23,031,00581301,23031,York,York County,06,H1,G4020,438,38860, ,A,2566235154,722302593,+43.4260188,-070.6684248,0.365558787,3.669111784,179497,249,249,149,65,2001,3.669111784,0.365558787
405,73,1615,1615,47,059,01639747,47059,Greene,Greene County,06,H1,G4020, ,24620, ,A,1611409749,5099752,+36.1795140,-082.8474854,0.16193349,2.052744051,369284,249,249,149,65,2001,2.052744051,0.16193349
406,18,1622,1622,24,041,00592947,24041,Talbot,Talbot County,06,H1,G4020,548,20660, ,A,695519250,539405840,+38.7483519,-076.1784798,0.127967343,2.068688085,307667,249,249,149,65,2001,2.068688085,0.127967343
407,13,1623,1623,13,257,00350028,13257,Stephens,Stephens County,06,H1,G4020, ,45740, ,A,463974775,13095267,+34.5529139,-083.2902156,0.046856739,1.001611721,411244,249,249,149,65,2001,1.001611721,0.046856739
408,57,1632,1632,54,109,01550061,54109,Wyoming,Wyoming County,06,H1,G4020, , , ,A,1293580739,6123514,+37.6037173,-081.5488840,0.13262444,2.269323899,335257,249,249,149,65,2001,2.269323899,0.13262444
409,52,1642,1642,21,235,00516964,21235,Whitley,Whitley County,06,H1,G4020, ,30940, ,A,1133976430,18875138,+36.7580237,-084.1446485,0.116342811,1.940360531,356573,249,249,149,65,2001,1.940360531,0.116342811
410,9,1651,1651,47,171,01648582,47171,Unicoi,Unicoi County,06,H1,G4020,304,27740, ,A,481902939,825725,+36.1001262,-082.4182145,0.048318056,1.245014562,373253,249,249,149,65,2001,1.245014562,0.048318056
411,67,1655,1655,54,007,01550010,54007,Braxton,Braxton County,06,H1,G4020, , , ,A,1322996693,14144661,+38.6993418,-080.7316565,0.138465453,1.769375135,308349,249,249,149,65,2001,1.769375135,0.138465453
412,71,1658,1658,42,013,01213659,42013,Blair,Blair County,06,H1,G4020, ,11020, ,A,1361815246,3285511,+40.4979217,-078.3106362,0.144983223,2.04759052,260888,249,249,149,65,2001,2.04759052,0.144983223
413,172,1678,1678,42,111,01209188,42111,Somerset,Somerset County,06,H1,G4020,306,43740, ,A,2782597159,17002839,+39.9812968,-079.0284859,0.295148129,2.570349193,281455,249,249,149,65,2001,2.570349193,0.295148129
414,50,1719,1719,37,099,01008566,37099,Jackson,Jackson County,06,H1,G4020, ,19000, ,A,1272156138,9781460,+35.2799287,-083.1224776,0.127019316,1.971515938,391446,249,249,149,65,2001,1.971515938,0.127019316
415,63,1726,1726,54,087,01550050,54087,Roane,Roane County,06,H1,G4020, , , ,A,1252422375,404682,+38.7430030,-081.3545223,0.129759799,1.759319159,307538,249,249,149,65,2001,1.759319159,0.129759799
416,72,1733,1733,37,097,01008565,37097,Iredell,Iredell County,06,H1,G4020,172,16740, ,A,1487115275,61893483,+35.8063554,-080.8745395,0.154461098,1.91964184,382790,249,249,149,65,2001,1.91964184,0.154461098
417,20,1762,1762,37,149,01008579,37149,Polk,Polk County,06,H1,G4020, , , ,A,615606300,1964035,+35.2779011,-082.1676211,0.061185012,1.174756549,393848,249,249,149,65,2001,1.174756549,0.061185012
418,111,1776,1776,42,051,01209179,42051,Fayette,Fayette County,06,H1,G4020,430,38300, ,A,2046968026,20644021,+39.9189072,-079.6401194,0.21781318,2.603538351,281442,249,249,149,65,2001,2.603538351,0.21781318
419,38,1790,1790,21,013,00516853,21013,Bell,Bell County,06,H1,G4020, ,33180, ,A,929806778,5480741,+36.7226801,-083.6810456,0.094353626,1.775176022,357382,249,249,149,65,2001,1.775176022,0.094353626
420,87,1833,1833,47,035,01639736,47035,Cumberland,Cumberland County,06,H1,G4020, ,18900, ,A,1763849850,9823728,+35.9523984,-084.9947614,0.17717891,2.057917473,382686,249,249,149,65,2001,2.057917473,0.17717891
421,50,1846,1846,37,039,01008545,37039,Cherokee,Cherokee County,06,H1,G4020, , , ,A,1179401584,29257527,+35.1362316,-084.0613094,0.119536007,1.900371935,396970,249,249,149,65,2001,1.900371935,0.119536007
422,106,1848,1848,21,195,00516944,21195,Pike,Pike County,06,H1,G4020, , , ,A,2037621821,4756763,+37.4860314,-082.4109127,0.208022839,2.864382864,337608,249,249,149,65,2001,2.864382864,0.208022839
423,43,1850,1850,37,035,01008543,37035,Catawba,Catawba County,06,H1,G4020,280,25860, ,A,1039550614,37945362,+35.6618826,-081.2149057,0.10725185,1.554029874,384366,249,249,149,65,2001,1.554029874,0.10725185
424,55,1851,1851,21,025,00516859,21025,Breathitt,Breathitt County,06,H1,G4020, , , ,A,1275346433,7390878,+37.5066320,-083.2830396,0.130741165,2.426249841,338379,249,249,149,65,2001,2.426249841,0.130741165
425,53,1867,1867,37,113,01025833,37113,Macon,Macon County,06,H1,G4020, , , ,A,1335355308,10593473,+35.1529593,-083.4219010,0.133140623,2.048283514,396193,249,249,149,65,2001,2.048283514,0.133140623
426,56,1888,1888,47,093,01639761,47093,Knox,Knox County,06,H1,G4020,314,28940, ,A,1316572195,45439419,+35.9927265,-083.9377209,0.136128934,2.30495371,375588,249,249,149,65,2001,2.30495371,0.136128934
427,8,1891,1891,13,281,00351252,13281,Towns,Towns County,06,H1,G4020, , , ,A,431313630,13975835,+34.9025294,-083.7322645,0.043924227,1.206474028,404104,249,249,149,65,2001,1.206474028,0.043924227
428,52,1900,1900,47,029,01639734,47029,Cocke,Cocke County,06,H1,G4020,314,35460, ,A,1125399301,22117950,+35.9161980,-083.1192242,0.114594254,1.919914808,382735,249,249,149,65,2001,1.919914808,0.114594253
429,14,1901,1901,47,067,01648577,47067,Hancock,Hancock County,06,H1,G4020, , , ,A,575816105,2988718,+36.5213528,-083.2274928,0.058236973,1.640629,364515,249,249,149,65,2001,1.640629,0.058236973
430,50,1912,1912,47,025,01639733,47025,Claiborne,Claiborne County,06,H1,G4020, , , ,A,1125581216,18090601,+36.5015422,-083.6607217,0.115016447,1.941563742,364508,249,249,149,65,2001,1.941563742,0.115016447
431,21,1924,1924,54,105,01678877,54105,Wirt,Wirt County,06,H1,G4020,425,37620, ,A,602201080,5839706,+39.0200337,-081.3829749,0.063246235,1.40836421,301995,249,249,149,65,2001,1.40836421,0.063246235
432,25,1962,1962,47,143,01639784,47143,Rhea,Rhea County,06,H1,G4020,174,19420, ,A,816822292,54464086,+35.6005870,-084.9495522,0.086669387,1.759784613,384279,249,249,149,65,2001,1.759784613,0.086669387
433,42,1964,1964,21,131,00516912,21131,Leslie,Leslie County,06,H1,G4020, , , ,A,1038165209,9230600,+37.0878462,-083.3886172,0.106159439,1.829346052,347882,249,249,149,65,2001,1.829346052,0.106159439
434,78,2002,2002,45,073,01244832,45073,Oconee,Oconee County,06,H1,G4020,273,42860, ,A,1622181422,122207290,+34.7487713,-083.0615427,0.171735751,2.68533933,403331,249,249,149,65,2001,2.68533933,0.171735751
435,108,2018,2018,33,015,00873181,33015,Rockingham,Rockingham County,06,H1,G4020,148,14460,40484,A,1800358797,259322531,+42.9885989,-071.0990719,0.227317084,2.663794234,195327,249,249,149,65,2001,2.663794234,0.227317084
436,51,2021,2021,36,123,00974159,36123,Yates,Yates County,06,H1,G4020,464,40380, ,A,875785691,97504774,+42.6382370,-077.1043238,0.106817921,1.509109548,207850,249,249,149,65,2001,1.509109548,0.106817921
437,65,2027,2027,36,107,00974151,36107,Tioga,Tioga County,06,H1,G4020, ,13780, ,A,1343192581,11059913,+42.1780565,-076.2974556,0.147551245,2.072638264,217381,249,249,149,65,2001,2.072638264,0.147551245
438,21,2066,2066,24,029,00593907,24029,Kent,Kent County,06,H1,G4020, , , ,A,717515665,353303064,+39.2412793,-076.1259867,0.111714924,1.914334082,295795,249,249,149,65,2001,1.914334082,0.111714924
439,104,2075,2075,36,055,00974126,36055,Monroe,Monroe County,06,H1,G4020,464,40380, ,A,1702151431,1837595092,+43.4644751,-077.6646556,0.39271067,2.768682589,191994,249,249,149,65,2001,2.768682589,0.39271067
440,145,2104,2104,33,011,00873179,33011,Hillsborough,Hillsborough County,06,H1,G4020,148,31700, ,A,2269883907,41627731,+42.9115317,-071.7230554,0.25482754,2.600872348,196102,249,249,149,65,2001,2.600872348,0.25482754
441,15,2106,2106,37,121,01008571,37121,Mitchell,Mitchell County,06,H1,G4020, , , ,A,573038008,1629508,+36.0131020,-082.1635541,0.057450579,1.701896662,375632,249,249,149,65,2001,1.701896662,0.057450579
442,35,2116,2116,51,051,01497376,51051,Dickenson,Dickenson County,06,H1,G4020, ,13720, ,A,855845425,8097296,+37.1367011,-082.3492199,0.087601358,1.381960733,348699,249,249,149,65,2001,1.381960733,0.087601358
443,23,2135,2135,47,057,01648575,47057,Grainger,Grainger County,06,H1,G4020,314,28940, ,A,726715762,56600343,+36.2775091,-083.5095458,0.078567979,2.185249043,369266,249,249,149,65,2001,2.185249043,0.078567979
444,45,2137,2137,42,087,01213679,42087,Mifflin,Mifflin County,06,H1,G4020, ,30380, ,A,1064602238,9507398,+40.6016069,-077.6519381,0.11429497,1.86674614,264861,249,249,149,65,2001,1.86674614,0.11429497
445,96,2166,2166,36,095,00974145,36095,Schoharie,Schoharie County,06,H1,G4020,104,10580, ,A,1610503572,11676949,+42.5912940,-074.4381718,0.177906041,1.971526653,206332,249,249,149,65,2001,1.971526653,0.177906041
446,113,2168,2168,36,007,00974102,36007,Broome,Broome County,06,H1,G4020, ,13780, ,A,1827987181,25185424,+42.1619773,-075.8302833,0.201879028,2.473266607,217384,249,249,149,65,2001,2.473266607,0.201879028
447,140,2172,2172,54,083,01550048,54083,Randolph,Randolph County,06,H1,G4020, ,21180, ,A,2692810852,667359,+38.7810953,-079.8677881,0.279207058,3.3484855,304411,249,249,149,65,2001,3.3484855,0.279207058
448,31,2173,2173,54,049,01718173,54049,Marion,Marion County,06,H1,G4020,390,21900, ,A,799642461,7186185,+39.5058387,-080.2434018,0.084499889,1.544931818,289349,249,249,149,65,2001,1.544931818,0.084499889
449,32,2181,2181,13,213,01688005,13213,Murray,Murray County,06,H1,G4020,174,19140, ,A,892235146,5719645,+34.7970974,-084.7379899,0.088440696,1.905621654,404080,249,249,149,65,2001,1.905621654,0.088440696
450,108,2184,2184,36,083,00974140,36083,Rensselaer,Rensselaer County,06,H1,G4020,104,10580, ,A,1689815931,33569457,+42.7104206,-073.5138454,0.189373628,1.852129625,203189,249,249,149,65,2001,1.852129625,0.189373628
451,56,2253,2253,23,015,00581293,23015,Lincoln,Lincoln County,06,H1,G4020, , , ,A,1180630792,631357625,+43.9942264,-069.5140557,0.203315924,2.762872436,167648,249,249,149,65,2001,2.762872436,0.203315924
452,50,2254,2254,36,099,00974147,36099,Seneca,Seneca County,06,H1,G4020,464,42900, ,A,838403626,172828921,+42.7822943,-076.8270880,0.111242725,1.667547701,200731,249,249,149,65,2001,1.667547701,0.111242725
453,48,2255,2255,21,125,00516909,21125,Laurel,Laurel County,06,H1,G4020, ,30940, ,A,1123945963,25218355,+37.1132678,-084.1193950,0.116499163,2.308413125,347863,249,249,149,65,2001,2.308413125,0.116499163
454,28,2283,2283,37,199,01008598,37199,Yancey,Yancey County,06,H1,G4020, , , ,A,809602887,1531168,+35.8894554,-082.3041188,0.080975433,1.64027123,382758,249,249,149,65,2001,1.64027123,0.080975433
455,52,2314,2314,37,023,01008539,37023,Burke,Burke County,06,H1,G4020,280,25860, ,A,1311170317,20699390,+35.7461820,-081.7061795,0.132714985,1.969498011,382768,249,249,149,65,2001,1.969498011,0.132714985
456,46,2319,2319,37,111,01025836,37111,McDowell,McDowell County,06,H1,G4020,280,32000, ,A,1139478112,13977177,+35.6822317,-082.0480292,0.114840495,1.803858324,382764,249,249,149,65,2001,1.803858324,0.114840495
457,148,2353,2353,23,005,00581288,23005,Cumberland,Cumberland County,06,H1,G4020,438,38860, ,A,2164393695,988818232,+43.8083479,-070.3303753,0.352687443,3.641188386,179503,249,249,149,65,2001,3.641188386,0.352687443
458,39,2356,2356,13,241,00351489,13241,Rabun,Rabun County,06,H1,G4020, , , ,A,958635596,17839179,+34.8839494,-083.4048594,0.096281163,1.881191466,403320,249,249,149,65,2001,1.881191466,0.096281163
459,37,2357,2357,54,097,01696800,54097,Upshur,Upshur County,06,H1,G4020, , , ,A,918506896,302703,+38.9025365,-080.2313352,0.095406196,1.499369251,302816,249,249,149,65,2001,1.499369251,0.095406196
460,51,2433,2433,36,015,00974106,36015,Chemung,Chemung County,06,H1,G4020,236,21300, ,A,1055038643,8874334,+42.1552804,-076.7471791,0.115865125,1.546265366,220531,249,249,149,65,2001,1.546265366,0.115865125
461,33,2484,2484,47,091,01639760,47091,Johnson,Johnson County,06,H1,G4020, , , ,A,772960730,11007740,+36.4532029,-081.8612467,0.078811061,1.593789281,364553,249,249,149,65,2001,1.593789281,0.078811061
462,34,2486,2486,51,195,01496656,51195,Wise,Wise County,06,H1,G4020, ,13720, ,A,1044884216,5284456,+36.9745607,-082.6215601,0.10627669,2.258479575,351070,249,249,149,65,2001,2.258479575,0.10627669
463,74,2521,2521,47,155,01639789,47155,Sevier,Sevier County,06,H1,G4020,314,42940, ,A,1534562002,13491054,+35.8018095,-083.5156955,0.154323467,2.152213915,382723,249,249,149,65,2001,2.152213915,0.154323467
464,51,2522,2522,47,139,01639782,47139,Polk,Polk County,06,H1,G4020,174,17420, ,A,1125617646,19911983,+35.1094371,-084.5411124,0.113273463,1.486357807,396956,249,249,149,65,2001,1.486357807,0.113273463
465,14,2541,2541,54,091,01689856,54091,Taylor,Taylor County,06,H1,G4020, ,17220, ,A,447475054,7532835,+39.3324778,-080.0465539,0.047536388,0.992062214,294902,249,249,149,65,2001,0.992062214,0.047536388
466,73,2550,2550,54,081,01550047,54081,Raleigh,Raleigh County,06,H1,G4020, ,13220, ,A,1567866394,10334430,+37.7624696,-081.2646711,0.161388594,2.457041352,331297,249,249,149,65,2001,2.457041352,0.161388594
467,186,2606,2606,42,105,01213684,42105,Potter,Potter County,06,H1,G4020, , , ,A,2800612691,559779,+41.7485866,-077.8944358,0.303199067,2.160668745,228420,249,249,149,65,2001,2.160668745,0.303199067
468,105,2618,2618,42,003,01213657,42003,Allegheny,Allegheny County,06,H1,G4020,430,38300, ,A,1890889701,37411492,+40.4697574,-079.9804515,0.20476249,2.258991063,262428,249,249,149,65,2001,2.258991063,0.20476249
469,160,2680,2680,42,027,01214720,42027,Centre,Centre County,06,H1,G4020,524,44300, ,A,2874529780,8187277,+40.9091603,-077.8478297,0.308154956,3.727402748,249809,249,249,149,65,2001,3.727402748,0.308154956
470,81,2730,2730,54,067,01550040,54067,Nicholas,Nicholas County,06,H1,G4020, , , ,A,1675296015,19608977,+38.2914157,-080.7975160,0.17453782,2.485270146,317059,249,249,149,65,2001,2.485270146,0.17453782
471,44,2738,2738,21,147,00516926,21147,McCreary,McCreary County,06,H1,G4020, , , ,A,1105416732,10730756,+36.7311363,-084.4910515,0.112608554,1.960107628,357359,249,249,149,65,2001,1.960107628,0.112608554
472,34,2745,2745,21,133,00516913,21133,Letcher,Letcher County,06,H1,G4020, , , ,A,875192042,2898572,+37.1185357,-082.8612507,0.089030588,1.969299387,348688,249,249,149,65,2001,1.969299387,0.089030588
473,43,2810,2810,54,043,01550028,54043,Lincoln,Lincoln County,06,H1,G4020,170,26580, ,A,1131925075,4023478,+38.1717696,-082.0776231,0.11679372,2.4199769,321777,249,249,149,65,2001,2.4199769,0.11679372
474,78,2824,2824,37,021,01008538,37021,Buncombe,Buncombe County,06,H1,G4020,120,11700, ,A,1700042284,8942802,+35.6093739,-082.5304154,0.170002901,2.452003222,384337,249,249,149,65,2001,2.452003222,0.170002901
475,30,2854,2854,24,011,00595737,24011,Caroline,Caroline County,06,H1,G4020, , , ,A,827350251,16777064,+38.8715306,-075.8316620,0.087619807,1.745489009,302926,249,249,149,65,2001,1.745489009,0.087619807
476,29,2859,2859,47,001,01639722,47001,Anderson,Anderson County,06,H1,G4020,314,28940, ,A,873292849,19724754,+36.1167307,-084.1954177,0.089394019,1.854542959,373995,249,249,149,65,2001,1.854542959,0.089394019
477,25,2929,2929,13,187,00357196,13187,Lumpkin,Lumpkin County,06,H1,G4020, , , ,A,732786481,3280165,+34.5681403,-083.9989251,0.072310407,1.360792656,410437,249,249,149,65,2001,1.360792656,0.072310407
478,34,2933,2933,37,089,01008562,37089,Henderson,Henderson County,06,H1,G4020,120,11700, ,A,966142717,5556898,+35.3364146,-082.4797406,0.096336593,1.808768061,392259,249,249,149,65,2001,1.808768061,0.096336593
479,42,2942,2942,51,105,01496538,51105,Lee,Lee County,06,H1,G4020, , , ,A,1127622408,4896872,+36.7017206,-083.1301117,0.11421389,2.212922286,358188,249,249,149,65,2001,2.212922286,0.11421389
480,53,2950,2950,51,185,01497748,51185,Tazewell,Tazewell County,06,H1,G4020, ,14140, ,A,1343661925,2921369,+37.1253949,-081.5629237,0.136538277,2.211941194,347932,249,249,149,65,2001,2.211941194,0.136538277
481,129,2952,2952,42,115,01213688,42115,Susquehanna,Susquehanna County,06,H1,G4020, , , ,A,2132850304,22385627,+41.8196651,-075.8009686,0.233556351,2.030354533,228471,249,249,149,65,2001,2.030354533,0.233556351
482,64,2960,2960,51,107,01480141,51107,Loudoun,Loudoun County,06,H1,G4020,548,47900,47894,A,1335692947,14556679,+39.0812000,-077.6388976,0.140581924,1.954792155,302085,249,249,149,65,2001,1.954792155,0.140581924
483,263,2962,2962,36,025,00974111,36025,Delaware,Delaware County,06,H1,G4020, , , ,A,3735952964,64717114,+42.1939865,-074.9667281,0.414278399,3.035768796,215037,249,249,149,65,2001,3.035768796,0.414278399
484,39,2972,2972,51,047,01497831,51047,Culpeper,Culpeper County,06,H1,G4020,548,47900,47894,A,982079080,9015222,+38.4859303,-077.9564758,0.10233089,2.14481686,313960,249,249,149,65,2001,2.14481686,0.10233089
485,50,2992,2992,37,009,01008535,37009,Ashe,Ashe County,06,H1,G4020, , , ,A,1100901784,8093124,+36.4434687,-081.4993343,0.111456473,1.614908827,365350,249,249,149,65,2001,1.614908827,0.111456473
486,44,3021,3021,33,017,00873182,33017,Strafford,Strafford County,06,H1,G4020,148,14460,40484,A,951728786,39171752,+43.2932725,-071.0355891,0.109913128,2.058894925,188202,249,249,149,65,2001,2.058894925,0.109913128
487,119,3052,3052,54,039,01550026,54039,Kanawha,Kanawha County,06,H1,G4020,170,16620, ,A,2335215662,24056487,+38.3280675,-081.5235156,0.24310122,3.134248563,315452,249,249,149,65,2001,3.134248563,0.24310122
488,63,3073,3073,47,151,01639788,47151,Scott,Scott County,06,H1,G4020, , , ,A,1378656638,2414254,+36.4352757,-084.5035281,0.138790441,1.977278269,364482,249,249,149,65,2001,1.977278269,0.138790441
489,44,3099,3099,54,041,01550027,54041,Lewis,Lewis County,06,H1,G4020, , , ,A,1002071716,7108412,+38.9888773,-080.4954773,0.104932653,1.700275565,301224,249,249,149,65,2001,1.700275565,0.104932653
490,8,3107,3107,47,063,01648576,47063,Hamblen,Hamblen County,06,H1,G4020,314,34100, ,A,417438540,37890290,+36.2183967,-083.2660711,0.045636332,1.495606868,371648,249,249,149,65,2001,1.495606868,0.045636332
491,39,3112,3112,37,175,01008589,37175,Transylvania,Transylvania County,06,H1,G4020,120,14820, ,A,980105287,5145714,+35.2100794,-082.8166530,0.09752147,1.652485193,394626,249,249,149,65,2001,1.652485193,0.09752147
492,28,3142,3142,13,111,00351094,13111,Fannin,Fannin County,06,H1,G4020, , , ,A,1002610853,13459979,+34.8665427,-084.3173308,0.1001644,1.86912877,404086,249,249,149,65,2001,1.86912877,0.1001644
493,18,3155,3155,37,043,01008546,37043,Clay,Clay County,06,H1,G4020, , , ,A,556804508,15017754,+35.0529971,-083.7522638,0.056500811,1.421834491,400144,249,249,149,65,2001,1.421834491,0.056500811
494,37,3158,3158,54,059,01550036,54059,Mingo,Mingo County,06,H1,G4020, , , ,A,1095926624,2177833,+37.7211608,-082.1589891,0.112226394,2.682572025,331279,249,249,149,65,2001,2.682572025,0.112226394
495,149,3206,3206,42,129,01209191,42129,Westmoreland,Westmoreland County,06,H1,G4020,430,38300, ,A,2661370996,22050453,+40.3110682,-079.4666879,0.28428965,3.53373692,263231,249,249,149,65,2001,3.53373692,0.28428965
496,132,3213,3213,50,025,01461769,50025,Windham,Windham County,06,H1,G4020, , , ,A,2034441181,32925693,+42.9953348,-072.7219550,0.228187535,2.392197211,195289,249,249,149,65,2001,2.392197211,0.228187535
497,46,3229,3229,13,123,00351260,13123,Gilmer,Gilmer County,06,H1,G4020, , , ,A,1103942496,12227724,+34.6905055,-084.4546244,0.109805893,1.691726786,407254,249,249,149,65,2001,1.691726786,0.109805893
498,130,38,38,54,075,01550044,54075,Pocahontas,Pocahontas County,06,H1,G4020, , , ,A,2435322222,3978619,+38.3326060,-080.0101207,0.251331421,2.756889751,313124,204,204,71,121,1991,2.756889751,0.251331421
499,56,58,58,25,015,00606934,25015,Hampshire,Hampshire County,06,H4,G4020,521,44140, ,N,1365526500,46525649,+42.3394593,-072.6636936,0.154257445,3.000878061,214294,204,204,71,121,1991,3.000878061,0.154257445
500,70,109,109,42,043,01213667,42043,Dauphin,Dauphin County,06,H1,G4020,276,25420, ,A,1359893289,85780786,+40.4125646,-076.7926343,0.153393462,2.052381945,263302,204,204,71,121,1991,2.052381945,0.153393462
501,109,166,166,42,127,01213692,42127,Wayne,Wayne County,06,H1,G4020, , , ,A,1879249061,64832669,+41.6470068,-075.2931930,0.210118096,2.63321718,228488,204,204,71,121,1991,2.63321718,0.210118096
502,39,170,170,24,001,01713506,24001,Allegany,Allegany County,06,H1,G4020, ,19060, ,A,1093331712,14931771,+39.6123134,-078.7031037,0.116253081,2.694217564,287010,204,204,71,121,1991,2.694217564,0.116253081
503,193,212,212,36,111,00974153,36111,Ulster,Ulster County,06,H1,G4020,408,28740, ,A,2911757797,94596954,+41.9472124,-074.2654582,0.32612561,2.938621241,223760,204,204,71,121,1991,2.938621241,0.32612561
504,16,213,213,34,007,00882273,34007,Camden,Camden County,06,H1,G4020,428,37980,15804,A,573281541,15731653,+39.8023521,-074.9612507,0.061946252,1.556835389,281560,204,204,71,121,1991,1.556835389,0.061946252
505,28,269,269,51,089,01502770,51089,Henry,Henry County,06,H1,G4020, ,32300, ,A,990272714,5281696,+36.7814785,-079.7592313,0.100371954,1.838667881,359847,204,204,71,121,1991,1.838667881,0.100371954
506,37,337,337,24,015,00596115,24015,Cecil,Cecil County,06,H1,G4020,428,37980,48864,A,896857451,185336236,+39.5623537,-075.9415852,0.113423499,1.563725961,287078,204,204,71,121,1991,1.563725961,0.113423499
507,36,348,348,25,001,00606927,25001,Barnstable,Barnstable County,06,H1,G4020,148,12700, ,A,1020989901,2360346063,+41.7990145,-070.2118803,0.366154758,2.826014762,230204,204,204,71,121,1991,2.826014762,0.366154758
508,43,369,369,42,109,01213686,42109,Snyder,Snyder County,06,H1,G4020,146,42780, ,A,851544496,7157948,+40.7554068,-077.0729288,0.091589108,1.526656034,256962,204,204,71,121,1991,1.526656034,0.091589108
509,28,393,393,51,157,01673976,51157,Rappahannock,Rappahannock County,06,H1,G4020,548,47900,47894,A,689901003,2142395,+38.6845215,-078.1688241,0.071648534,1.368246161,309996,204,204,71,121,1991,1.368246161,0.071648534
510,19,418,418,51,057,01480118,51057,Essex,Essex County,06,H1,G4020, , , ,A,665909923,74784989,+37.9394802,-076.9418713,0.075913913,1.812404115,327446,204,204,71,121,1991,1.812404115,0.075913913
511,36,424,424,51,005,01673675,51005,Alleghany,Alleghany County,06,H1,G4020, , , ,A,1156287826,8491488,+37.7879048,-080.0086690,0.119137558,2.132037051,331334,204,204,71,121,1991,2.132037051,0.119137558
512,7,477,477,34,039,00882235,34039,Union,Union County,06,H1,G4020,408,35620,35084,A,266170662,7046286,+40.6598707,-074.3086957,0.029093971,1.041241166,261778,204,204,71,121,1991,1.041241166,0.029093971
513,67,504,504,42,099,01213682,42099,Perry,Perry County,06,H1,G4020,276,25420, ,A,1428244405,10589698,+40.3977795,-077.2663284,0.1526294,2.523291145,264877,204,204,71,121,1991,2.523291145,0.1526294
514,31,520,520,51,045,01673664,51045,Craig,Craig County,06,H1,G4020, ,40220, ,A,849759834,2803739,+37.4736031,-080.2310507,0.086850672,1.543780797,339253,204,204,71,121,1991,1.543780797,0.086850672
515,273,537,537,25,027,00606940,25027,Worcester,Worcester County,06,H4,G4020,148,49340, ,N,3912560126,177461132,+42.3116934,-071.9402820,0.446888664,3.860066788,209560,204,204,71,121,1991,3.860066788,0.446888664
516,54,592,592,10,003,00217270,10003,New Castle,New Castle County,06,H1,G4020,428,37980,48864,A,1104150372,175375756,+39.5759152,-075.6441324,0.134136177,1.862068718,283923,204,204,71,121,1991,1.862068718,0.134136177
517,4,600,600,42,101,01209187,42101,Philadelphia,Philadelphia County,06,H6,G4020,428,37980,37964,C,347520038,22086063,+40.0093755,-075.1333459,0.038985412,1.253836959,277601,204,204,71,121,1991,1.253836959,0.038985412
518,56,673,673,37,169,01008586,37169,Stokes,Stokes County,06,H1,G4020,268,49180, ,A,1162938788,17584342,+36.3935056,-080.2661995,0.118596402,1.404353936,366173,204,204,71,121,1991,1.404353936,0.118596402
519,54,736,736,42,057,01213671,42057,Fulton,Fulton County,06,H1,G4020, , , ,A,1133252798,1305486,+39.9107505,-078.1226171,0.119529708,1.580169182,281483,204,204,71,121,1991,1.580169182,0.119529708
520,98,763,763,36,039,00974118,36039,Greene,Greene County,06,H1,G4020, , , ,A,1676140490,28201061,+42.2869702,-074.1495421,0.186002783,2.068953859,215855,204,204,71,121,1991,2.068953859,0.186002783
521,31,764,764,51,137,01494761,51137,Orange,Orange County,06,H1,G4020, , , ,A,883480537,6502589,+38.2501930,-078.0096224,0.091592116,1.909345412,321090,204,204,71,121,1991,1.909345412,0.091592116
522,30,776,776,54,057,01717890,54057,Mineral,Mineral County,06,H1,G4020, ,19060, ,A,849173054,3502975,+39.4047806,-078.9566899,0.089181363,2.107653712,290972,204,204,71,121,1991,2.107653712,0.089181363
523,9,800,800,51,079,01480129,51079,Greene,Greene County,06,H1,G4020, ,16820, ,A,403788487,1756849,+38.2979805,-078.4701629,0.041765544,1.17644413,320284,204,204,71,121,1991,1.17644413,0.041765544
524,59,817,817,24,013,01696228,24013,Carroll,Carroll County,06,H1,G4020,548,12580, ,A,1159279222,13186154,+39.5633008,-077.0153677,0.12288546,2.131870461,287053,204,204,71,121,1991,2.131870461,0.12288546
525,56,828,828,51,141,01497999,51141,Patrick,Patrick County,06,H1,G4020, , , ,A,1250846053,7142208,+36.6671385,-080.2864130,0.126823456,1.938444157,358256,204,204,71,121,1991,1.938444157,0.126823456
526,155,834,834,42,009,01209171,42009,Bedford,Bedford County,06,H1,G4020, , , ,A,2621836594,11935889,+39.9986204,-078.4947507,0.277802313,2.347224895,281471,204,204,71,121,1991,2.347224895,0.277802313
527,21,840,840,34,009,00882274,34009,Cape May,Cape May County,06,H1,G4020,428,36140, ,A,652640195,953946819,+39.0861425,-074.8477158,0.16725762,2.106259325,297413,204,204,71,121,1991,2.106259325,0.16725762
528,16,843,843,51,101,01480138,51101,King William,King William County,06,H1,G4020, ,40060, ,A,709481149,31126025,+37.7082604,-077.0910539,0.075670176,2.604669284,333779,204,204,71,121,1991,2.604669284,0.075670176
529,36,866,866,51,113,01494590,51113,Madison,Madison County,06,H1,G4020, , , ,A,830426508,3228803,+38.4120586,-078.2769614,0.08599042,1.579241667,315536,204,204,71,121,1991,1.579241667,0.08599042
530,16,875,875,24,009,01676636,24009,Calvert,Calvert County,06,H1,G4020,548,47900,47894,A,552178309,341560885,+38.5226111,-076.5294935,0.092340269,1.503947523,312410,204,204,71,121,1991,1.503947523,0.092340269
531,50,900,900,51,111,01492239,51111,Lunenburg,Lunenburg County,06,H1,G4020, , , ,A,1118051114,1795027,+36.9460943,-078.2419852,0.113285581,1.695345845,352758,204,204,71,121,1991,1.695345845,0.113285581
532,68,910,910,42,037,01213665,42037,Columbia,Columbia County,06,H1,G4020,146,14100, ,A,1251240776,18266225,+41.0455174,-076.4042599,0.135969218,1.714850077,245888,204,204,71,121,1991,1.714850077,0.135969218
533,123,915,915,34,005,00882272,34005,Burlington,Burlington County,06,H1,G4020,428,37980,15804,A,2069239325,55032009,+39.8757858,-074.6630063,0.223646707,2.435906251,281565,204,204,71,121,1991,2.435906251,0.223646707
534,11,918,918,25,007,00606930,25007,Dukes,Dukes County,06,H1,G4020, ,47240, ,A,267309256,1004275270,+41.3809696,-070.7014995,0.136890274,2.129065732,240483,204,204,71,121,1991,2.129065732,0.136890274
535,73,972,972,54,031,01718557,54031,Hardy,Hardy County,06,H1,G4020, , , ,A,1508194693,5617193,+39.0113612,-078.8417292,0.157428829,2.127001485,300472,204,204,71,121,1991,2.127001485,0.157428829
536,152,1033,1033,25,003,00606928,25003,Berkshire,Berkshire County,06,H4,G4020, ,38340, ,N,2400678868,50642922,+42.3753141,-073.2139479,0.26792025,2.520829292,208742,204,204,71,121,1991,2.520829292,0.26792025
537,30,1038,1038,34,023,00882230,34023,Middlesex,Middlesex County,06,H1,G4020,408,35620,35614,A,800857610,35472648,+40.4396214,-074.4074303,0.088770785,1.572574434,264944,204,204,71,121,1991,1.572574434,0.088770785
538,77,1046,1046,25,005,00606929,25005,Bristol,Bristol County,06,H1,G4020,148,39300, ,A,1432461196,357549440,+41.7476243,-071.0889626,0.193787621,2.295491596,226218,204,204,71,121,1991,2.295491596,0.193787621
539,114,1047,1047,42,107,01213685,42107,Schuylkill,Schuylkill County,06,H1,G4020, ,39060, ,A,2016645900,10834897,+40.7036820,-076.2177878,0.216046383,2.222653462,256188,204,204,71,121,1991,2.222653462,0.216046383
540,96,1051,1051,24,021,01711211,24021,Frederick,Frederick County,06,H1,G4020,548,47900,43524,A,1710553993,18042333,+39.4702139,-077.3976277,0.180940865,2.160459676,287046,204,204,71,121,1991,2.160459676,0.180940865
541,88,1062,1062,54,027,01718644,54027,Hampshire,Hampshire County,06,H1,G4020,548,49020, ,A,1658614732,10922070,+39.3121395,-078.6119886,0.174376746,1.979679812,291768,204,204,71,121,1991,1.979679812,0.174376746
542,45,1090,1090,37,067,01008552,37067,Forsyth,Forsyth County,06,H1,G4020,268,49180, ,A,1056115821,11818425,+36.1324661,-080.2569608,0.106920028,1.530351771,373301,204,204,71,121,1991,1.530351771,0.106920028
543,151,1151,1151,10,005,00217269,10005,Sussex,Sussex County,06,H1,G4020, ,41540, ,A,2424522544,674194633,+38.6732275,-075.3370237,0.32080946,2.410212233,306897,204,204,71,121,1991,2.410212233,0.32080946
544,66,1166,1166,42,113,01213687,42113,Sullivan,Sullivan County,06,H1,G4020, , , ,A,1165338399,6617028,+41.4392848,-076.5117166,0.126275148,1.525995728,238751,204,204,71,121,1991,1.525995728,0.126275148
545,41,1194,1194,42,097,01209186,42097,Northumberland,Northumberland County,06,H1,G4020,146,44980, ,A,1186219234,50572294,+40.8515244,-076.7098770,0.132077415,2.346807501,249837,204,204,71,121,1991,2.346807501,0.132077415
546,63,1223,1223,42,069,01213675,42069,Lackawanna,Lackawanna County,06,H1,G4020, ,42540, ,A,1188217624,15896171,+41.4402841,-075.6096661,0.129721842,1.64816946,237193,204,204,71,121,1991,1.64816946,0.129721842
547,54,1240,1240,37,033,01008542,37033,Caswell,Caswell County,06,H1,G4020, , , ,A,1101692694,8643882,+36.3942984,-079.3396090,0.111533242,1.34559825,366196,204,204,71,121,1991,1.34559825,0.111533242
548,59,1260,1260,42,131,01209192,42131,Wyoming,Wyoming County,06,H1,G4020, ,42540, ,A,1029016039,20034376,+41.5251726,-076.0087310,0.113156563,1.519553481,237182,204,204,71,121,1991,1.519553481,0.113156563
549,40,1264,1264,51,077,01501196,51077,Grayson,Grayson County,06,H1,G4020, , , ,A,1144219726,9792918,+36.6522288,-081.2153240,0.116308692,2.074629329,360608,204,204,71,121,1991,2.074629329,0.116308692
550,31,1295,1295,51,071,01494551,51071,Giles,Giles County,06,H1,G4020, ,13980, ,A,925206333,11233315,+37.3180719,-080.6983210,0.095185821,1.649935306,343992,204,204,71,121,1991,1.649935306,0.095185821
551,55,1304,1304,51,197,01501379,51197,Wythe,Wythe County,06,H1,G4020, , , ,A,1196367968,7310342,+36.8998725,-081.0830053,0.121720502,1.61522398,353486,204,204,71,121,1991,1.61522398,0.121720502
552,1,1347,1347,34,017,00882278,34017,Hudson,Hudson County,06,H1,G4020,408,35620,35614,A,119764738,41834804,+40.7313751,-074.0786014,0.017226272,0.763618585,260201,204,204,71,121,1991,0.763618585,0.017226272
553,18,1351,1351,54,037,01550025,54037,Jefferson,Jefferson County,06,H1,G4020,548,47900,47894,A,543006589,5216623,+39.3073985,-077.8632200,0.05725217,1.336825798,294164,204,204,71,121,1991,1.336825798,0.05725217
554,26,1352,1352,51,153,01480161,51153,Prince William,Prince William County,06,H1,G4020,548,47900,47894,A,869614721,30829977,+38.7011187,-077.4795791,0.093246436,2.275701196,307633,204,204,71,121,1991,2.275701196,0.093246436
555,49,1354,1354,54,055,01557645,54055,Mercer,Mercer County,06,H1,G4020, ,14140, ,A,1085113561,4434929,+37.4034477,-081.1064560,0.110881246,1.520077622,340810,204,204,71,121,1991,1.520077622,0.110881246
556,22,1394,1394,24,027,01709077,24027,Howard,Howard County,06,H1,G4020,548,12580, ,A,649942723,6345542,+39.2522639,-076.9244057,0.068482869,1.478043845,296558,204,204,71,121,1991,1.478043845,0.068482869
557,45,1472,1472,37,135,01008576,37135,Orange,Orange County,06,H1,G4020,450,20500, ,A,1029600383,8876665,+36.0625255,-079.1200340,0.103880603,1.326161627,374122,204,204,71,121,1991,1.326161627,0.103880603
558,62,1476,1476,24,031,01712500,24031,Montgomery,Montgomery County,06,H1,G4020,548,47900,43524,A,1276943098,35936935,+39.1373815,-077.2030633,0.136778278,1.882246542,297347,204,204,71,121,1991,1.882246542,0.136778278
559,56,1479,1479,51,035,01480108,51035,Carroll,Carroll County,06,H1,G4020, , , ,A,1229526812,7645484,+36.7319632,-080.7278307,0.124809715,1.794199576,357455,204,204,71,121,1991,1.794199576,0.124809715
560,67,1532,1532,51,017,01673638,51017,Bath,Bath County,06,H1,G4020, , , ,A,1370626013,14039993,+38.0683679,-079.7312032,0.142142394,1.873706215,324211,204,204,71,121,1991,1.873706215,0.142142394
561,48,1649,1649,42,025,01213664,42025,Carbon,Carbon County,06,H1,G4020,408,10900, ,A,987977576,15349904,+40.9183661,-075.7050387,0.107251072,1.686862115,251448,204,204,71,121,1991,1.686862115,0.107251072
562,50,1676,1676,51,173,01500545,51173,Smyth,Smyth County,06,H1,G4020, , , ,A,1168992134,3519017,+36.8423183,-081.5397861,0.118456892,1.66078244,355056,204,204,71,121,1991,1.66078244,0.118456892
563,69,1679,1679,51,191,01498359,51191,Washington,Washington County,06,H1,G4020,304,28700, ,A,1453385750,12998215,+36.7478313,-081.9503156,0.14791989,2.195410511,357424,204,204,71,121,1991,2.195410511,0.14791989
564,32,1692,1692,34,035,00882234,34035,Somerset,Somerset County,06,H1,G4020,408,35620,35084,A,781816196,8009303,+40.5655273,-074.6199378,0.083986626,1.716594317,260979,204,204,71,121,1991,1.716594317,0.083986626
565,128,1702,1702,51,015,01480098,51015,Augusta,Augusta County,06,H1,G4020,277,44420, ,A,2504323820,9922311,+38.1719106,-079.1475571,0.258467063,3.171863786,318682,204,204,71,121,1991,3.171863786,0.258467063
567,163,1761,1761,36,105,00974150,36105,Sullivan,Sullivan County,06,H1,G4020, , , ,A,2507463254,74035009,+41.7199928,-074.7715769,0.279299322,2.753593306,227711,204,204,71,121,1991,2.753593306,0.279299322
568,56,1777,1777,54,023,01697238,54023,Grant,Grant County,06,H1,G4020, , , ,A,1236390684,7545524,+39.1059882,-079.1950640,0.12953928,2.119222481,297297,204,204,71,121,1991,2.119222481,0.12953928
569,59,1778,1778,51,171,01673918,51171,Shenandoah,Shenandoah County,06,H1,G4020, , , ,A,1315692012,9944281,+38.8562040,-078.5739867,0.137574498,2.090741441,303654,204,204,71,121,1991,2.090741441,0.137574498
570,37,1819,1819,42,067,01209180,42067,Juniata,Juniata County,06,H1,G4020, , , ,A,1013592887,5606074,+40.5306730,-077.4004377,0.108325594,2.095716246,262496,204,204,71,121,1991,2.095716246,0.108325594
571,50,1868,1868,54,063,01557702,54063,Monroe,Monroe County,06,H1,G4020, , , ,A,1224426774,2297605,+37.5503396,-080.5478898,0.125096024,1.936590637,337655,204,204,71,121,1991,1.936590637,0.125096024
572,58,1987,1987,24,025,01698178,24025,Harford,Harford County,06,H1,G4020,548,12580, ,A,1132095114,231904976,+39.5374292,-076.2997894,0.142906854,1.782330332,287069,204,204,71,121,1991,1.782330332,0.142906854
573,89,1996,1996,51,003,01675170,51003,Albemarle,Albemarle County,06,H1,G4020, ,16820, ,A,1866002205,14235728,+38.0241841,-078.5535056,0.192922567,2.353648961,324239,204,204,71,121,1991,2.353648961,0.192922567
574,14,1998,1998,51,043,01690562,51043,Clarke,Clarke County,06,H1,G4020,548,47900,47894,A,455661684,5693068,+39.1153814,-077.9908357,0.048048632,1.047781485,299704,204,204,71,121,1991,1.047781485,0.048048632
575,34,2094,2094,51,155,01501465,51155,Pulaski,Pulaski County,06,H1,G4020, ,13980, ,A,828377752,24877168,+37.0633853,-080.7134439,0.086447855,1.552843726,349534,204,204,71,121,1991,1.552843726,0.086447855
576,36,2103,2103,34,015,00882277,34015,Gloucester,Gloucester County,06,H1,G4020,428,37980,15804,A,833862843,38373885,+39.7228745,-075.1456793,0.091619692,1.810685496,283142,204,204,71,121,1991,1.810685496,0.091619692
577,147,2114,2114,54,025,01557518,54025,Greenbrier,Greenbrier County,06,H1,G4020, , , ,A,2640889025,12578757,+37.9244184,-080.4505902,0.271983031,3.01983666,324195,204,204,71,121,1991,3.01983666,0.271983031
578,1,2139,2139,51,520,01498416,51520,Bristol,Bristol city,25,C7,G4020,304,28700, ,F,33420181,322409,+36.6169541,-082.1575641,0.003399123,0.523788113,362962,204,204,71,121,1991,0.523788113,0.003399123
579,65,2174,2174,34,011,00882275,34011,Cumberland,Cumberland County,06,H1,G4020,428,47220, ,A,1251898435,503712955,+39.3284336,-075.1216277,0.183396513,2.115416203,291852,204,204,71,121,1991,2.115416203,0.183396513
580,96,2263,2263,54,071,01550042,54071,Pendleton,Pendleton County,06,H1,G4020, , , ,A,1802751454,5437237,+38.6744501,-079.3406175,0.187194965,2.030825377,307589,204,204,71,121,1991,2.030825377,0.187194965
581,30,2264,2264,51,139,01500440,51139,Page,Page County,06,H1,G4020, , , ,A,802893902,8425697,+38.6232005,-078.4918796,0.083922114,1.40618883,310782,204,204,71,121,1991,1.40618883,0.083922114
582,33,2266,2266,54,089,01557805,54089,Summers,Summers County,06,H1,G4020, , , ,A,933901529,18506801,+37.6560029,-080.8563149,0.097245213,1.583971021,333690,204,204,71,121,1991,1.583971021,0.097245213
583,8,2268,2268,34,013,00882276,34013,Essex,Essex County,06,H1,G4020,408,35620,35084,A,326559360,8636456,+40.7874003,-074.2462919,0.035761182,1.104989785,257820,204,204,71,121,1991,1.104989785,0.035761182
584,36,2278,2278,54,003,01550008,54003,Berkeley,Berkeley County,06,H1,G4020,548,25180, ,A,831766640,1061824,+39.4480541,-078.0377755,0.087166199,1.604301391,290198,204,204,71,121,1991,1.604301391,0.087166199
585,6,2333,2333,42,093,01213681,42093,Montour,Montour County,06,H1,G4020,146,14100, ,A,337326240,5407948,+41.0292912,-076.6651953,0.036696729,1.07043979,251424,204,204,71,121,1991,1.07043979,0.036696729
586,20,2376,2376,34,003,00882271,34003,Bergen,Bergen County,06,H1,G4020,408,35620,35614,A,602859293,35406803,+40.9596985,-074.0747272,0.068269862,1.353361158,251486,204,204,71,121,1991,1.353361158,0.068269862
587,74,2404,2404,42,001,01213656,42001,Adams,Adams County,06,H1,G4020,276,23900, ,A,1343396471,7887889,+39.8694707,-077.2177296,0.142252259,1.59038115,281502,204,204,71,121,1991,1.59038115,0.142252259
588,49,2443,2443,51,125,01500936,51125,Nelson,Nelson County,06,H1,G4020, ,16820, ,A,1219239663,8987274,+37.7890795,-078.8834397,0.125626639,2.155095693,330571,204,204,71,121,1991,2.155095693,0.125626639
589,101,2453,2453,36,021,00974109,36021,Columbia,Columbia County,06,H1,G4020,104,26460, ,A,1643778340,35063763,+42.2477288,-073.6268057,0.183144597,1.918889816,215070,204,204,71,121,1991,1.918889816,0.183144597
590,72,2468,2468,42,041,01209176,42041,Cumberland,Cumberland County,06,H1,G4020,276,25420, ,A,1412834149,12521844,+40.1648047,-077.2634419,0.150683652,2.393862853,272005,204,204,71,121,1991,2.393862853,0.150683652
591,106,2469,2469,42,055,01213670,42055,Franklin,Franklin County,06,H1,G4020,548,16540, ,A,2000052118,1544300,+39.9266851,-077.7244974,0.210881754,2.229211614,281490,204,204,71,121,1991,2.229211614,0.210881754
592,147,2470,2470,42,079,01209183,42079,Luzerne,Luzerne County,06,H1,G4020, ,42540, ,A,2305976986,41237262,+41.1727868,-075.9760345,0.251880401,2.309318556,243523,204,204,71,121,1991,2.309318556,0.251880401
593,31,2474,2474,51,065,01494061,51065,Fluvanna,Fluvanna County,06,H1,G4020, ,16820, ,A,743630411,10746124,+37.8305712,-078.2834786,0.077215798,1.130127457,330585,204,204,71,121,1991,1.130127457,0.077215798
594,203,2648,2648,42,081,01213677,42081,Lycoming,Lycoming County,06,H1,G4020,558,48700, ,A,3182098644,39419361,+41.3436196,-077.0552254,0.346570868,2.906829306,238748,204,204,71,121,1991,2.906829306,0.346570868
595,44,2665,2665,42,075,01214034,42075,Lebanon,Lebanon County,06,H1,G4020,276,30140, ,A,937138344,1727921,+40.3715593,-076.4648697,0.099548082,1.356362424,266475,204,204,71,121,1991,1.356362424,0.099548082
596,42,2744,2744,24,043,01714220,24043,Washington,Washington County,06,H1,G4020,548,25180, ,A,1185609331,24803926,+39.6036207,-077.8146709,0.126936279,3.111788779,287032,204,204,71,121,1991,3.111788779,0.126936279
597,34,2746,2746,34,033,00882233,34033,Salem,Salem County,06,H1,G4020,428,37980,48864,A,859474410,105430413,+39.5738282,-075.3573559,0.101151105,2.124386121,287095,204,204,71,121,1991,2.124386121,0.101151105
598,72,2800,2800,25,009,00606931,25009,Essex,Essex County,06,H4,G4020,148,14460,15764,N,1275355437,870391710,+42.6427110,-070.8651073,0.235516233,2.468942218,206418,204,204,71,121,1991,2.468942218,0.235516233
599,32,2808,2808,51,021,01494613,51021,Bland,Bland County,06,H1,G4020, , , ,A,926272936,2585515,+37.1306124,-081.1258532,0.094193647,1.854745267,347939,204,204,71,121,1991,1.854745267,0.094193647
600,78,2850,2850,37,157,01008582,37157,Rockingham,Rockingham County,06,H1,G4020,268,24660, ,A,1464974390,18468477,+36.3818062,-079.7827539,0.149016899,1.602210922,366183,204,204,71,121,1991,1.602210922,0.149016899
601,30,2857,2857,51,059,01480119,51059,Fairfax,Fairfax County,06,H1,G4020,548,47900,47894,A,1012584627,40233137,+38.8295203,-077.2732524,0.109225486,2.183544295,304473,204,204,71,121,1991,2.183544295,0.109225486
602,87,2862,2862,10,001,00217271,10001,Kent,Kent County,06,H1,G4020,428,20100, ,A,1518568163,549099845,+39.0970884,-075.5029819,0.215292512,2.111473622,296597,204,204,71,121,1991,2.111473622,0.215292512
603,51,2912,2912,34,019,00882228,34019,Hunterdon,Hunterdon County,06,H1,G4020,408,35620,35084,A,1108047582,24800279,+40.5652832,-074.9119695,0.120468893,1.781847168,260181,204,204,71,121,1991,1.781847168,0.120468893
604,4,2920,2920,44,005,01219779,44005,Newport,Newport County,06,H4,G4020,148,39300, ,N,265310311,546985247,+41.5025036,-071.2836888,0.087598198,1.404171378,236509,204,204,71,121,1991,1.404171378,0.087598198
605,79,2951,2951,42,103,01213683,42103,Pike,Pike County,06,H1,G4020,408,35620,35084,A,1411441329,56692145,+41.3259485,-075.0315143,0.15791438,2.310226606,239584,204,204,71,121,1991,2.310226606,0.15791438
606,18,2975,2975,54,065,01557950,54065,Morgan,Morgan County,06,H1,G4020, , , ,A,593295476,1401570,+39.5550021,-078.2573449,0.062327699,1.52594362,287820,204,204,71,121,1991,1.52594362,0.062327699
607,110,2976,2976,51,165,01488970,51165,Rockingham,Rockingham County,06,H1,G4020,277,25500, ,A,2200698748,10892582,+38.5075848,-078.8853213,0.228429094,2.698889318,309975,204,204,71,121,1991,2.698889318,0.228429094
608,16,2987,2987,51,187,01674058,51187,Warren,Warren County,06,H1,G4020,548,47900,47894,A,555629182,8590279,+38.9082214,-078.2075940,0.058595439,1.287303915,305242,204,204,71,121,1991,1.287303915,0.058595439
609,47,3019,3019,51,091,01673774,51091,Highland,Highland County,06,H1,G4020, , , ,A,1075253055,1805613,+38.3662431,-079.5644718,0.111019635,1.647034568,316296,204,204,71,121,1991,1.647034568,0.111019635
610,48,3020,3020,51,177,01480172,51177,Spotsylvania,Spotsylvania County,06,H1,G4020,548,47900,47894,A,1039771765,33231063,+38.1824314,-077.6572264,0.110336154,1.788897554,324261,204,204,71,121,1991,1.788897554,0.110336154
611,33,3043,3043,42,119,01213689,42119,Union,Union County,06,H1,G4020,146,30260, ,A,818323459,4639329,+40.9621790,-077.0554751,0.088029356,1.585171894,251418,204,204,71,121,1991,1.585171894,0.088029356
612,44,3044,3044,51,041,01480111,51041,Chesterfield,Chesterfield County,06,H1,G4020, ,40060, ,A,1096572169,35123317,+37.3784338,-077.5858474,0.115129722,2.398506239,344853,204,204,71,121,1991,2.398506239,0.115129722
613,48,3089,3089,25,021,00606937,25021,Norfolk,Norfolk County,06,H1,G4020,148,14460,14454,A,1025865057,124987270,+42.1717511,-071.1811155,0.125392158,2.692521092,219879,204,204,71,121,1991,2.692521092,0.125392158
614,36,3098,3098,51,069,01480124,51069,Frederick,Frederick County,06,H1,G4020,548,49020, ,A,1069672126,6364651,+39.2036768,-078.2638283,0.112210616,2.360694744,294945,204,204,71,121,1991,2.360694744,0.112210616
615,67,3113,3113,37,171,01008587,37171,Surry,Surry County,06,H1,G4020,268,34340, ,A,1382436644,10286511,+36.4154160,-080.6864631,0.139937051,1.772043547,366161,204,204,71,121,1991,1.772043547,0.139937051
616,105,3162,3162,25,023,00606938,25023,Plymouth,Plymouth County,06,H1,G4020,148,14460,14454,A,1706344355,1125276862,+41.9871959,-070.7419417,0.307642372,3.367789108,219096,204,204,71,121,1991,3.367789108,0.307642372
617,81,3167,3167,34,001,00882270,34001,Atlantic,Atlantic County,06,H1,G4020,428,12100, ,A,1438982592,301062779,+39.4693540,-074.6337584,0.182130557,2.184472772,287904,204,204,71,121,1991,2.184472772,0.182130557
618,18,3204,3204,34,021,00882229,34021,Mercer,Mercer County,06,H1,G4020,408,45940, ,A,581086519,11647674,+40.2825026,-074.7037240,0.062770921,1.547538346,270479,204,204,71,121,1991,1.547538346,0.062770921
619,114,3218,3218,25,011,00606932,25011,Franklin,Franklin County,06,H4,G4020,521,24640, ,N,1810952650,65556538,+42.5845038,-072.5917921,0.205781632,2.783640056,208750,204,204,71,121,1991,2.783640056,0.205781632
620,1,318,318,51,820,01498443,51820,Waynesboro,Waynesboro city,25,C7,G4020,277,44420, ,F,38724176,411928,+38.0671571,-078.9014197,0.004017966,0.332636026,328193,204,204,182,190,1991,0.332636026,0.004017966
621,1,1478,1478,51,013,01480097,51013,Arlington,Arlington County,06,H1,G4020,548,47900,47894,A,67362395,244142,+38.8783374,-077.1007034,0.007018161,0.42158806,306854,192,192,150,166,1991,0.42158806,0.007018161
622,1,1740,1740,34,029,00882279,34029,Ocean,Ocean County,06,H1,G4020,408,35620,35614,A,1628663096,740751569,+39.8656690,-074.2588636,0.249414773,2.297715805,290290,192,192,150,166,1991,2.297715805,0.249414773
623,1,1400,1400,36,085,00974141,36085,Richmond,Richmond County,06,H6,G4020,408,35620,35614,C,148972687,115952653,+40.5612628,-074.1398995,0.028170544,0.701160822,264159,203,203,73,121,1991,0.701160822,0.028170544
624,1,3163,3163,36,005,00974101,36005,Bronx,Bronx County,06,H6,G4020,408,35620,35614,C,108910661,39682657,+40.8487111,-073.8529390,0.015867631,0.599462456,257039,200,200,101,138,1991,0.599462456,0.015867631
625,1,62,62,25,025,00606939,25025,Suffolk,Suffolk County,06,H4,G4020,148,14460,14454,N,150855462,160479920,+42.3385513,-071.0182530,0.034015513,1.727537839,217510,197,197,122,150,1991,1.727537839,0.034015513
626,1,672,672,51,760,01789073,51760,Richmond,Richmond city,25,C7,G4020, ,40060, ,F,155173777,6878090,+37.5313990,-077.4760085,0.016518591,0.873517041,341693,219,219,127,161,1991,0.873517041,0.016518591
627,46,91,91,09,007,00212797,09007,Middlesex,Middlesex County,06,H4,G4020,278,25540, ,N,956493768,180679144,+41.4330028,-072.5227802,0.122507662,1.935294099,237271,126,126,3,168,1981,1.935294099,0.122507662
628,75,112,112,34,037,00882236,34037,Sussex,Sussex County,06,H1,G4020,408,35620,35084,A,1343552956,43234734,+41.1374609,-074.6919141,0.148732362,1.685311676,245929,126,126,3,168,1981,1.685311676,0.148732362
629,6,184,184,24,510,01702381,24510,Baltimore,Baltimore city,25,C7,G4020,548,12580, ,F,209643563,28767622,+39.3000324,-076.6104761,0.024895464,0.646310943,295777,126,126,3,168,1981,0.646310943,0.024895464
630,58,394,394,51,009,01480095,51009,Amherst,Amherst County,06,H1,G4020, ,31340, ,A,1227554626,12883346,+37.6286103,-079.1542813,0.126568753,1.903612579,335314,126,126,3,168,1981,1.903612579,0.126568753
631,116,445,445,36,103,00974149,36103,Suffolk,Suffolk County,06,H1,G4020,408,35620,35004,A,2360846288,3785546967,+40.9435540,-072.6922184,0.657247116,4.169759482,245997,126,126,3,168,1981,4.169759482,0.657247116
632,128,545,545,36,027,00974112,36027,Dutchess,Dutchess County,06,H1,G4020,408,35620,20524,A,2060678182,76956282,+41.7547699,-073.7400411,0.231449643,2.225777623,226942,126,126,3,168,1981,2.225777623,0.231449643
633,69,656,656,24,005,01695314,24005,Baltimore,Baltimore County,06,H1,G4020,548,12580, ,A,1549830329,215909963,+39.4431666,-076.6165693,0.184752725,2.850371986,287063,126,126,3,168,1981,2.850371986,0.184752725
634,102,668,668,09,011,00212799,09011,New London,New London County,06,H4,G4020,278,35980, ,N,1722708285,276666169,+41.4726517,-072.1086339,0.215495278,2.441251001,236487,126,126,3,168,1981,2.441251001,0.215495278
635,80,979,979,25,013,00606933,25013,Hampden,Hampden County,06,H4,G4020,521,44140, ,N,1598126407,44423491,+42.1361975,-072.6356476,0.178864212,2.989669711,219045,126,126,3,168,1981,2.989669711,0.178864212
636,136,987,987,42,011,01209172,42011,Berks,Berks County,06,H1,G4020,428,39740, ,A,2218035729,24256617,+40.4139565,-075.9268598,0.237921451,2.210437045,262532,126,126,3,168,1981,2.210437045,0.237921451
637,32,1016,1016,36,059,00974128,36059,Nassau,Nassau County,06,H1,G4020,408,35620,35004,A,737191047,437282733,+40.7296118,-073.5894144,0.125199648,1.748719011,254672,126,126,3,168,1981,1.748719011,0.125199648
638,44,1026,1026,24,003,01710958,24003,Anne Arundel,Anne Arundel County,06,H1,G4020,548,12580, ,A,1074289193,448097535,+38.9916189,-076.5608736,0.158291341,1.995053914,299737,126,126,3,168,1981,1.995053914,0.158291341
639,61,1134,1134,36,119,00974157,36119,Westchester,Westchester County,06,H1,G4020,408,35620,35614,A,1115031328,179949077,+41.1527698,-073.7459120,0.138911947,1.924836224,245159,126,126,3,168,1981,1.924836224,0.138911947
640,84,1139,1139,09,009,00212798,09009,New Haven,New Haven County,06,H4,G4020,408,35300, ,N,1565653728,667092277,+41.3497173,-072.9002037,0.240218727,2.703806516,238843,126,126,3,168,1981,2.703806516,0.240218727
641,48,1229,1229,09,013,00212668,09013,Tolland,Tolland County,06,H4,G4020,278,25540, ,N,1062807475,17549693,+41.8580807,-072.3409779,0.117135916,1.877093673,226977,126,126,3,168,1981,1.877093673,0.117135916
642,117,1324,1324,25,017,00606935,25017,Middlesex,Middlesex County,06,H4,G4020,148,14460,15764,N,2117830644,75814940,+42.4817114,-071.3949166,0.240189854,3.639163696,209572,126,126,3,168,1981,3.639163696,0.240189854
643,38,1342,1342,44,009,01219782,44009,Washington,Washington County,06,H4,G4020,148,39300, ,N,852825659,604771644,+41.4009815,-071.6175979,0.156934916,2.456970372,238875,126,126,3,168,1981,2.456970372,0.156934916
644,110,1353,1353,42,029,01209174,42029,Chester,Chester County,06,H1,G4020,428,37980,33874,A,1943847580,22560875,+39.9739654,-075.7497323,0.207310701,2.662655715,281539,126,126,3,168,1981,2.662655715,0.207310701
645,53,1363,1363,24,033,01714670,24033,Prince George's,Prince George's County,06,H1,G4020,548,47900,47894,A,1250087042,41892810,+38.8258796,-076.8472724,0.134028404,2.200782334,303691,126,126,3,168,1981,2.200782334,0.134028404
646,90,1379,1379,42,089,01209184,42089,Monroe,Monroe County,06,H1,G4020,408,20700, ,A,1575385119,22867226,+41.0562401,-075.3290651,0.171203181,2.140844148,247500,126,126,3,168,1981,2.140844148,0.171203181
647,106,1396,1396,09,003,00212338,09003,Hartford,Hartford County,06,H4,G4020,278,25540, ,N,1903983151,40128067,+41.8060534,-072.7329157,0.210629377,2.64724316,226971,126,126,3,168,1981,2.64724316,0.210629377
648,76,1397,1397,09,015,00212801,09015,Windham,Windham County,06,H4,G4020,148,49340, ,N,1328250338,21706060,+41.8249987,-071.9907017,0.146310396,1.780718917,227779,126,126,3,168,1981,1.780718917,0.146310396
649,133,1447,1447,42,133,01209193,42133,York,York County,06,H1,G4020,276,49620, ,A,2341882815,16941833,+39.9217514,-076.7288887,0.248491413,2.742442136,281515,126,126,3,168,1981,2.742442136,0.248491413
650,36,1482,1482,24,035,00596089,24035,Queen Anne's,Queen Anne's County,06,H1,G4020,548,12580, ,A,962649223,360044740,+39.0406929,-076.0824053,0.137611148,2.41047053,298962,126,126,3,168,1981,2.41047053,0.137611148
651,30,1517,1517,36,079,00974138,36079,Putnam,Putnam County,06,H1,G4020,408,35620,20524,A,596504204,41282800,+41.4279035,-073.7438816,0.068699462,1.220084008,240412,126,126,3,168,1981,1.220084008,0.068699462
652,55,1603,1603,34,025,00882910,34025,Monmouth,Monmouth County,06,H1,G4020,408,35620,35614,A,1213128209,510444544,+40.2870481,-074.1524456,0.182538262,2.231034873,267331,126,126,3,168,1981,2.231034873,0.182538262
653,65,1639,1639,44,007,01219781,44007,Providence,Providence County,06,H4,G4020,148,39300, ,N,1060791694,67639362,+41.8697652,-071.5786261,0.122378873,1.578801006,227787,126,126,3,168,1981,1.578801006,0.122378873
654,87,2049,2049,09,001,00212794,09001,Fairfield,Fairfield County,06,H4,G4020,408,14860, ,N,1618664433,549280551,+41.2274128,-073.3670614,0.232811377,2.630001676,241208,126,126,3,168,1981,2.630001676,0.232811377
655,155,2201,2201,09,005,00212796,09005,Litchfield,Litchfield County,06,H4,G4020,408,45860, ,N,2384058125,62393362,+41.7918833,-073.2354042,0.264997578,2.408133173,226953,126,126,3,168,1981,2.408133173,0.264997578
656,61,2223,2223,34,027,00882231,34027,Morris,Morris County,06,H1,G4020,408,35620,35084,A,1192765238,54376835,+40.8588961,-074.5472917,0.133202324,2.406079046,253062,126,126,3,168,1981,2.406079046,0.133202325
657,7,2334,2334,36,081,00974139,36081,Queens,Queens County,06,H6,G4020,408,35620,35614,C,281697156,179401845,+40.6585662,-073.8380168,0.049099556,1.476964237,259414,126,126,3,168,1981,1.476964237,0.049099556
658,16,2370,2370,42,045,01209177,42045,Delaware,Delaware County,06,H1,G4020,428,37980,37964,A,476088135,17572422,+39.9166704,-075.3987862,0.052002424,1.292413327,281550,126,126,3,168,1981,1.292413327,0.052002424
659,2,2410,2410,36,047,00974122,36047,Kings,Kings County,06,H6,G4020,408,35620,35614,C,179672197,71097153,+40.6350451,-073.9506398,0.026693624,0.739919669,261788,126,126,3,168,1981,0.739919669,0.026693624
660,39,2431,2431,42,077,01209182,42077,Lehigh,Lehigh County,06,H1,G4020,408,10900, ,A,894010291,7898528,+40.6142409,-075.5906269,0.095974557,1.499590515,260161,126,126,3,168,1981,1.499590515,0.095974557
661,42,2436,2436,42,095,01209185,42095,Northampton,Northampton County,06,H1,G4020,408,10900, ,A,957324105,19452870,+40.7527913,-075.3074468,0.104158859,1.799088831,256213,126,126,3,168,1981,1.799088831,0.104158859
662,37,2452,2452,34,041,00882237,34041,Warren,Warren County,06,H1,G4020,408,10900, ,A,923327586,15931292,+40.8534914,-075.0094978,0.100311354,1.747112112,253051,126,126,3,168,1981,1.747112112,0.100311354
663,37,2465,2465,51,011,01497238,51011,Appomattox,Appomattox County,06,H1,G4020, ,31340, ,A,865622497,3234361,+37.3707253,-078.8109404,0.088383464,1.377684951,341659,126,126,3,168,1981,1.377684951,0.088383464
664,11,2669,2669,34,031,00882232,34031,Passaic,Passaic County,06,H1,G4020,408,35620,35614,A,481744927,32079811,+41.0378896,-074.2982800,0.055020765,1.563813765,249898,126,126,3,168,1981,1.563813765,0.055020765
665,58,2728,2728,51,031,01674917,51031,Campbell,Campbell County,06,H1,G4020, ,31340, ,A,1303240046,8955341,+37.2101515,-079.0954282,0.133190656,2.079995559,345612,126,126,3,168,1981,2.079995559,0.133190656
666,18,2837,2837,36,087,00974142,36087,Rockland,Rockland County,06,H1,G4020,408,35620,35614,A,449199631,66861670,+41.1546275,-074.0246618,0.055358019,1.07549849,247530,126,126,3,168,1981,1.07549849,0.055358019
667,149,3071,3071,42,071,01209181,42071,Lancaster,Lancaster County,06,H1,G4020, ,29540, ,A,2444600820,103429249,+40.0419921,-076.2501980,0.268897387,2.612097308,281529,126,126,3,168,1981,2.612097308,0.268897387
668,137,3156,3156,36,071,00974134,36071,Orange,Orange County,06,H1,G4020,408,35620,35614,A,2103900470,68092052,+41.4024096,-074.3062522,0.233870725,2.41250212,238020,126,126,3,168,1981,2.41250212,0.233870725
669,14,3212,3212,44,003,01219778,44003,Kent,Kent County,06,H4,G4020,148,39300, ,N,436556188,50710341,+41.6773310,-071.5787858,0.052683794,1.219402379,234922,126,126,3,168,1981,1.219402379,0.052683794
670,1,2747,2747,51,680,01498429,51680,Lynchburg,Lynchburg city,25,C7,G4020, ,31340, ,F,126842531,1428787,+37.3990161,-079.1954582,0.013053044,0.666755438,344027,200,200,185,204,1981,0.666755438,0.013053044
671,1,2918,2918,44,001,01219777,44001,Bristol,Bristol County,06,H4,G4020,148,39300, ,N,62513687,53346252,+41.7068313,-071.2866369,0.012533068,0.458920706,235719,150,150,67,172,1981,0.458920706,0.012533068
672,38,29,29,51,121,01674630,51121,Montgomery,Montgomery County,06,H1,G4020, ,13980, ,A,1001920374,6291775,+37.1755344,-080.3877913,0.102294348,1.921670381,346374,13,13,8,135,1971,1.921670381,0.102294348
673,49,215,215,51,085,01480132,51085,Hanover,Hanover County,06,H1,G4020, ,40060, ,A,1211828533,12648364,+37.7602149,-077.4913168,0.125197705,2.628436013,330600,13,13,8,135,1971,2.628436013,0.125197705
674,39,329,329,51,063,01494354,51063,Floyd,Floyd County,06,H1,G4020, ,13980, ,A,986572574,2190750,+36.9314381,-080.3503087,0.100006212,1.89802145,352712,13,13,8,135,1971,1.89802145,0.100006212
675,11,438,438,51,133,01480152,51133,Northumberland,Northumberland County,06,H1,G4020, , , ,A,495728041,243986806,+37.8569736,-076.3796872,0.075728087,1.438932961,330630,13,13,8,135,1971,1.438932961,0.075728087
676,95,1200,1200,51,067,01494434,51067,Franklin,Franklin County,06,H1,G4020, ,40220, ,A,1788431417,54655591,+36.9911825,-079.8827148,0.186560222,2.395045262,349554,13,13,8,135,1971,2.395045262,0.186560222
677,93,1255,1255,51,019,01674818,51019,Bedford,Bedford County,06,H1,G4020, ,31340, ,A,1968605215,42120242,+37.3122228,-079.5270799,0.204385924,2.713310766,340853,13,13,8,135,1971,2.713310766,0.204385924
678,131,1275,1275,51,143,01480157,51143,Pittsylvania,Pittsylvania County,06,H1,G4020, ,19260, ,A,2509683753,23925747,+36.8217206,-079.3985019,0.255893259,2.935078146,352735,13,13,8,135,1971,2.935078146,0.255893259
679,10,1701,1701,51,161,01480165,51161,Roanoke,Roanoke County,06,H1,G4020, ,40220, ,A,648883978,1762701,+37.3435877,-079.9439958,0.066097092,2.243916587,345586,13,13,8,135,1971,2.243916587,0.066097092
680,63,2209,2209,51,023,01674418,51023,Botetourt,Botetourt County,06,H1,G4020, ,40220, ,A,1401891585,12133615,+37.5654811,-079.7975529,0.144190088,1.945938532,336091,13,13,8,135,1971,1.945938532,0.144190088
681,56,2219,2219,42,091,01213680,42091,Montgomery,Montgomery County,06,H1,G4020,428,37980,33874,A,1250824558,11016543,+40.2099992,-075.3702011,0.133488846,2.055384569,269669,13,13,8,135,1971,2.055384569,0.133488846
682,61,2368,2368,51,163,01480166,51163,Rockbridge,Rockbridge County,06,H1,G4020, , , ,A,1544997746,8878371,+37.8145174,-079.4477537,0.158992405,2.369000986,328972,13,13,8,135,1971,2.369000986,0.158992405
683,82,2646,2646,42,017,01209173,42017,Bucks,Bucks County,06,H1,G4020,428,37980,33874,A,1565408735,45201371,+40.3368872,-075.1070600,0.170698035,2.139782711,264924,13,13,8,135,1971,2.139782711,0.170698035
684,61,3138,3138,51,033,01480107,51033,Caroline,Caroline County,06,H1,G4020, ,40060, ,A,1366471980,24948487,+38.0303193,-077.3523482,0.142774441,2.374190147,324272,13,13,8,135,1971,2.374190147,0.142774441
685,1,940,940,51,770,01498439,51770,Roanoke,Roanoke city,25,C7,G4020, ,40220, ,F,110141450,865676,+37.2784580,-079.9581739,0.011278202,0.704211713,347176,97,97,94,165,1971,0.704211713,0.011278202
686,1,1714,1714,51,590,01498421,51590,Danville,Danville city,25,C7,G4020, ,19260, ,F,110751018,2434869,+36.5833337,-079.4080707,0.01139693,0.742207188,363819,28,28,24,139,1971,0.742207188,0.01139693
687,24,1132,1132,51,087,01480133,51087,Henrico,Henrico County,06,H1,G4020, ,40060, ,A,605179949,28933034,+37.6312689,-077.6519216,0.064645036,2.253972825,337729,255,255,0,0,1951,2.253972825,0.064645036
