Date,Tree,Species,Direction,Cover Class,Notes,Enterer initials
5/28/2020,1,Buckthorn,N,0,,MR
5/28/2020,1,Multiflora rose,N,0,,MR
5/28/2020,1,Honeysuckle,N,0,,MR
5/28/2020,1,Privot,N,0,,MR
5/28/2020,1,Spicebush,N,0,,MR
5/28/2020,1,Rubus,N,0,,MR
5/28/2020,1,Mapleleaf Viburnum,N,0,,MR
5/28/2020,1,Buckthorn,S,1,,MR
5/28/2020,1,Multiflora rose,S,1,,MR
5/28/2020,1,Honeysuckle,S,1,,MR
5/28/2020,1,Privot,S,0,,MR
5/28/2020,1,Spicebush,S,0,,MR
5/28/2020,1,Rubus,S,1,,MR
5/28/2020,1,Mapleleaf Viburnum,S,0,,MR
5/28/2020,2,Buckthorn,N,1,,MR
5/28/2020,2,Multiflora rose,N,0,,MR
5/28/2020,2,Honeysuckle,N,0,,MR
5/28/2020,2,Privot,N,0,,MR
5/28/2020,2,Spicebush,N,0,,MR
5/28/2020,2,Rubus,N,0,,MR
5/28/2020,2,Mapleleaf Viburnum,N,0,,MR
5/28/2020,2,Buckthorn,S,1,,MR
5/28/2020,2,Multiflora rose,S,1,,MR
5/28/2020,2,Honeysuckle,S,0,,MR
5/28/2020,2,Privot,S,0,,MR
5/28/2020,2,Spicebush,S,0,,MR
5/28/2020,2,Rubus,S,0,,MR
5/28/2020,2,Mapleleaf Viburnum,S,0,,MR
6/4/2020,3,Buckthorn,N,1,,J.N.B
6/4/2020,3,Multiflora Rose,N,1,,J.N.B
6/4/2020,3,Honeysuckle,N,0,,J.N.B
6/4/2020,3,Privot,N,0,,J.N.B
6/4/2020,3,Spicebush,N,0,,J.N.B
6/4/2020,3,Rubus,N,0,,J.N.B
6/4/2020,3,Mapleleaf Viburnum,N,0,,J.N.B
6/4/2020,3,Buckthorn,S,1,,J.N.B
6/4/2020,3,Multiflora Rose,S,0,,J.N.B
6/4/2020,3,Honeysuckle,S,0,,J.N.B
6/4/2020,3,Privot,S,0,,J.N.B
6/4/2020,3,Spicebush,S,0,,J.N.B
6/4/2020,3,Rubus,S,1,,J.N.B
6/4/2020,3,Mapleleaf Viburnum,S,0,,J.N.B
5/28/2020,3,Buckthorn,N,1,,MR
5/28/2020,3,Multiflora rose,N,0,,MR
5/28/2020,3,Honeysuckle,N,0,,MR
5/28/2020,3,Privot,N,0,,MR
5/28/2020,3,Spicebush,N,0,,MR
5/28/2020,3,Rubus,N,1,,MR
5/28/2020,3,Mapleleaf Viburnum,N,0,,MR
5/28/2020,3,Buckthorn,S,1,,MR
5/28/2020,3,Multiflora rose,S,0,,MR
5/28/2020,3,Honeysuckle,S,0,,MR
5/28/2020,3,Privot,S,0,,MR
5/28/2020,3,Spicebush,S,0,,MR
5/28/2020,3,Rubus,S,1,,MR
5/28/2020,3,Mapleleaf Viburnum,S,0,,MR
6/3/2020,4,Buckthorn,S,0,,J.N.B
6/3/2020,4,Multiflora Rose,S,0,,J.N.B
6/3/2020,4,Honeysuckle,S,0,,J.N.B
6/3/2020,4,Privot,S,0,,J.N.B
6/3/2020,4,Spicebush,S,2,,J.N.B
6/3/2020,4,Rubus,S,0,,J.N.B
6/3/2020,4,Mapleleaf Viburnum,S,0,,J.N.B
6/3/2020,4,Buckthorn,N,0,,J.N.B
6/3/2020,4,Multiflora Rose,N,1,,J.N.B
6/3/2020,4,Honeysuckle,N,0,,J.N.B
6/3/2020,4,Privot,N,0,,J.N.B
6/3/2020,4,Spicebush,N,1,,J.N.B
6/3/2020,4,Rubus,N,0,,J.N.B
6/3/2020,4,Mapleleaf Viburnum,N,0,,J.N.B
6/4/2020,5,Buckthorn,N,1,,J.N.B
6/4/2020,5,Multiflora Rose,N,1,,J.N.B
6/4/2020,5,Honeysuckle,N,0,,J.N.B
6/4/2020,5,Privot,N,0,,J.N.B
6/4/2020,5,Spicebush,N,0,,J.N.B
6/4/2020,5,Rubus,N,0,,J.N.B
6/4/2020,5,Mapleleaf Viburnum,N,0,,J.N.B
6/4/2020,5,Buckthorn,S,0,,J.N.B
6/4/2020,5,Multiflora Rose,S,0,,J.N.B
6/4/2020,5,Honeysuckle,S,0,,J.N.B
6/4/2020,5,Privot,S,0,,J.N.B
6/4/2020,5,Spicebush,S,1,,J.N.B
6/4/2020,5,Rubus,S,0,,J.N.B
6/4/2020,5,Mapleleaf Viburnum,S,0,,J.N.B
5/28/2020,6,Buckthorn,N,1,,MR
5/28/2020,6,Multiflora rose,N,1,,MR
5/28/2020,6,Honeysuckle,N,0,,MR
5/28/2020,6,Privot,N,0,,MR
5/28/2020,6,Spicebush,N,0,,MR
5/28/2020,6,Rubus,N,0,,MR
5/28/2020,6,Mapleleaf Viburnum,N,0,,MR
5/28/2020,6,Buckthorn,S,1,,MR
5/28/2020,6,Multiflora rose,S,1,,MR
5/28/2020,6,Honeysuckle,S,0,,MR
5/28/2020,6,Privot,S,0,,MR
5/28/2020,6,Spicebush,S,1,,MR
5/28/2020,6,Rubus,S,0,,MR
5/28/2020,6,Mapleleaf Viburnum,S,0,,MR
5/28/2020,7,Buckthorn,N,1,,MR
5/28/2020,7,Multiflora rose,N,1,,MR
5/28/2020,7,Honeysuckle,N,1,,MR
5/28/2020,7,Privot,N,0,,MR
5/28/2020,7,Spicebush,N,1,,MR
5/28/2020,7,Rubus,N,1,,MR
5/28/2020,7,Mapleleaf Viburnum,N,0,,MR
5/28/2020,7,Buckthorn,S,1,,MR
5/28/2020,7,Multiflora rose,S,0,,MR
5/28/2020,7,Honeysuckle,S,1,,MR
5/28/2020,7,Privot,S,0,,MR
5/28/2020,7,Spicebush,S,1,,MR
5/28/2020,7,Rubus,S,1,,MR
5/28/2020,7,Mapleleaf Viburnum,S,0,,MR
6/4/2020,8,Buckthorn,N,1,,J.N.B
6/4/2020,8,Multiflora Rose,N,1,,J.N.B
6/4/2020,8,Honeysuckle,N,0,,J.N.B
6/4/2020,8,Privot,N,0,,J.N.B
6/4/2020,8,Spicebush,N,1,,J.N.B
6/4/2020,8,Rubus,N,0,,J.N.B
6/4/2020,8,Mapleleaf Viburnum,N,0,,J.N.B
6/4/2020,8,Buckthorn,S,1,,J.N.B
6/4/2020,8,Multiflora Rose,S,1,,J.N.B
6/4/2020,8,Honeysuckle,S,0,,J.N.B
6/4/2020,8,Privot,S,0,,J.N.B
6/4/2020,8,Spicebush,S,1,,J.N.B
6/4/2020,8,Rubus,S,0,,J.N.B
6/4/2020,8,Mapleleaf Viburnum,S,0,,J.N.B
6/4/2020,9,Buckthorn,N,1,,J.N.B
6/4/2020,9,Multiflora Rose,N,0,,J.N.B
6/4/2020,9,Honeysuckle,N,0,,J.N.B
6/4/2020,9,Privot,N,0,,J.N.B
6/4/2020,9,Spicebush,N,0,,J.N.B
6/4/2020,9,Rubus,N,0,,J.N.B
6/4/2020,9,Mapleleaf Viburnum,N,0,,J.N.B
6/4/2020,9,Buckthorn,S,1,,J.N.B
6/4/2020,9,Multiflora Rose,S,0,,J.N.B
6/4/2020,9,Honeysuckle,S,1,,J.N.B
6/4/2020,9,Privot,S,0,,J.N.B
6/4/2020,9,Spicebush,S,0,,J.N.B
6/4/2020,9,Rubus,S,0,,J.N.B
6/4/2020,9,Mapleleaf Viburnum,S,0,,J.N.B
5/28/2020,10,Buckthorn,N,1,,MR
5/28/2020,10,Multiflora rose,N,1,,MR
5/28/2020,10,Honeysuckle,N,0,,MR
5/28/2020,10,Privot,N,0,,MR
5/28/2020,10,Spicebush,N,0,,MR
5/28/2020,10,Rubus,N,0,,MR
5/28/2020,10,Mapleleaf Viburnum,N,0,,MR
5/28/2020,10,Buckthorn,S,1,,MR
5/28/2020,10,Multiflora rose,S,1,,MR
5/28/2020,10,Honeysuckle,S,0,,MR
5/28/2020,10,Privot,S,0,,MR
5/28/2020,10,Spicebush,S,1,,MR
5/28/2020,10,Rubus,S,0,,MR
5/28/2020,10,Mapleleaf Viburnum,S,0,,MR
5/28/2020,11,Buckthorn,N,1,,MR
5/28/2020,11,Multiflora rose,N,0,,MR
5/28/2020,11,Honeysuckle,N,0,,MR
5/28/2020,11,Privot,N,0,,MR
5/28/2020,11,Spicebush,N,0,,MR
5/28/2020,11,Rubus,N,0,,MR
5/28/2020,11,Mapleleaf Viburnum,N,0,,MR
5/28/2020,11,Buckthorn,S,1,,MR
5/28/2020,11,Multiflora rose,S,0,,MR
5/28/2020,11,Honeysuckle,S,0,,MR
5/28/2020,11,Privot,S,0,,MR
5/28/2020,11,Spicebush,S,0,,MR
5/28/2020,11,Rubus,S,1,,MR
5/28/2020,11,Mapleleaf Viburnum,S,0,,MR
5/28/2020,12,Buckthorn,N,1,,MR
5/28/2020,12,Multiflora rose,N,1,,MR
5/28/2020,12,Honeysuckle,N,1,,MR
5/28/2020,12,Privot,N,0,,MR
5/28/2020,12,Spicebush,N,2,,MR
5/28/2020,12,Rubus,N,0,,MR
5/28/2020,12,Mapleleaf Viburnum,N,0,,MR
5/28/2020,12,Buckthorn,S,1,,MR
5/28/2020,12,Multiflora rose,S,0,,MR
5/28/2020,12,Honeysuckle,S,1,,MR
5/28/2020,12,Privot,S,1,,MR
5/28/2020,12,Spicebush,S,1,,MR
5/28/2020,12,Rubus,S,0,,MR
5/28/2020,12,Mapleleaf Viburnum,S,0,,MR
6/4/2020,13,Buckthorn,S,1,,J.N.B
6/4/2020,13,Multiflora Rose,S,1,,J.N.B
6/4/2020,13,Honeysuckle,S,0,,J.N.B
6/4/2020,13,Privot,S,0,,J.N.B
6/4/2020,13,Spicebush,S,1,,J.N.B
6/4/2020,13,Rubus,S,0,,J.N.B
6/4/2020,13,Mapleleaf Viburnum,S,0,,J.N.B
6/4/2020,13,Buckthorn,N,1,,J.N.B
6/4/2020,13,Multiflora Rose,N,1,,J.N.B
6/4/2020,13,Honeysuckle,N,0,,J.N.B
6/4/2020,13,Privot,N,0,,J.N.B
6/4/2020,13,Spicebush,N,1,,J.N.B
6/4/2020,13,Rubus,N,0,,J.N.B
6/4/2020,13,Mapleleaf Viburnum,N,0,,J.N.B
6/4/2020,14,Buckthorn,S,0,,J.N.B
6/4/2020,14,Multiflora Rose,S,0,,J.N.B
6/4/2020,14,Honeysuckle,S,0,,J.N.B
6/4/2020,14,Privot,S,0,,J.N.B
6/4/2020,14,Spicebush,S,0,,J.N.B
6/4/2020,14,Rubus,S,0,,J.N.B
6/4/2020,14,Mapleleaf Viburnum,S,0,,J.N.B
6/4/2020,14,Buckthorn,N,0,,J.N.B
6/4/2020,14,Multiflora Rose,N,0,,J.N.B
6/4/2020,14,Honeysuckle,N,1,,J.N.B
6/4/2020,14,Privot,N,0,,J.N.B
6/4/2020,14,Spicebush,N,0,,J.N.B
6/4/2020,14,Rubus,N,0,,J.N.B
6/4/2020,14,Mapleleaf Viburnum,N,0,,J.N.B
6/4/2020,15,Buckthorn,N,0,,J.N.B
6/4/2020,15,Multiflora Rose,N,0,,J.N.B
6/4/2020,15,Honeysuckle,N,0,,J.N.B
6/4/2020,15,Privot,N,0,,J.N.B
6/4/2020,15,Spicebush,N,1,,J.N.B
6/4/2020,15,Rubus,N,0,,J.N.B
6/4/2020,15,Mapleleaf Viburnum,N,0,,J.N.B
6/4/2020,15,Buckthorn,S,0,,J.N.B
6/4/2020,15,Multiflora Rose,S,0,,J.N.B
6/4/2020,15,Honeysuckle,S,0,,J.N.B
6/4/2020,15,Privot,S,0,,J.N.B
6/4/2020,15,Spicebush,S,1,,J.N.B
6/4/2020,15,Rubus,S,0,,J.N.B
6/4/2020,15,Mapleleaf Viburnum,S,1,,J.N.B
6/3/2020,16,Buckthorn,N,0,,J.N.B
6/3/2020,16,Multiflora Rose,N,0,,J.N.B
6/3/2020,16,Honeysuckle,N,0,,J.N.B
6/3/2020,16,Privot,N,0,,J.N.B
6/3/2020,16,Spicebush,N,1,,J.N.B
6/3/2020,16,Rubus,N,0,,J.N.B
6/3/2020,16,Mapleleaf Viburnum,N,0,,J.N.B
6/3/2020,16,Buckthorn,S,0,,J.N.B
6/3/2020,16,Multiflora Rose,S,0,,J.N.B
6/3/2020,16,Honeysuckle,S,0,,J.N.B
6/3/2020,16,Privot,S,0,,J.N.B
6/3/2020,16,Spicebush,S,1,,J.N.B
6/3/2020,16,Rubus,S,0,,J.N.B
6/3/2020,16,Mapleleaf Viburnum,S,0,,J.N.B
5/28/2020,17,Buckthorn,N,1,,MR
5/28/2020,17,Multiflora rose,N,2,,MR
5/28/2020,17,Honeysuckle,N,1,,MR
5/28/2020,17,Privot,N,0,,MR
5/28/2020,17,Spicebush,N,1,,MR
5/28/2020,17,Rubus,N,0,,MR
5/28/2020,17,Mapleleaf Viburnum,N,0,,MR
5/28/2020,17,Buckthorn,S,1,,MR
5/28/2020,17,Multiflora rose,S,2,,MR
5/28/2020,17,Honeysuckle,S,1,,MR
5/28/2020,17,Privot,S,0,,MR
5/28/2020,17,Spicebush,S,1,,MR
5/28/2020,17,Rubus,S,0,,MR
5/28/2020,17,Mapleleaf Viburnum,S,0,,MR
6/4/2020,18,Buckthorn,S,0,,J.N.B
6/4/2020,18,Multiflora Rose,S,0,,J.N.B
6/4/2020,18,Honeysuckle,S,0,,J.N.B
6/4/2020,18,Privot,S,0,,J.N.B
6/4/2020,18,Spicebush,S,1,,J.N.B
6/4/2020,18,Rubus,S,0,,J.N.B
6/4/2020,18,Mapleleaf Viburnum,S,1,,J.N.B
6/4/2020,18,Buckthorn,N,1,,J.N.B
6/4/2020,18,Multiflora Rose,N,0,,J.N.B
6/4/2020,18,Honeysuckle,N,0,,J.N.B
6/4/2020,18,Privot,N,0,,J.N.B
6/4/2020,18,Spicebush,N,0,,J.N.B
6/4/2020,18,Rubus,N,0,,J.N.B
6/4/2020,18,Mapleleaf Viburnum,N,0,,J.N.B
6/4/2020,19,Buckthorn,N,1,,J.N.B
6/4/2020,19,Multiflora Rose,N,0,,J.N.B
6/4/2020,19,Honeysuckle,N,0,,J.N.B
6/4/2020,19,Privot,N,0,,J.N.B
6/4/2020,19,Spicebush,N,1,,J.N.B
6/4/2020,19,Rubus,N,1,,J.N.B
6/4/2020,19,Mapleleaf Viburnum,N,0,,J.N.B
6/4/2020,19,Buckthorn,S,1,,J.N.B
6/4/2020,19,Multiflora Rose,S,1,,J.N.B
6/4/2020,19,Honeysuckle,S,0,,J.N.B
6/4/2020,19,Privot,S,0,,J.N.B
6/4/2020,19,Spicebush,S,1,,J.N.B
6/4/2020,19,Rubus,S,0,,J.N.B
6/4/2020,19,Mapleleaf Viburnum,S,0,,J.N.B
6/4/2020,20,Buckthorn,N,1,,J.N.B
6/4/2020,20,Multiflora Rose,N,0,,J.N.B
6/4/2020,20,Honeysuckle,N,0,,J.N.B
6/4/2020,20,Privot,N,0,,J.N.B
6/4/2020,20,Spicebush,N,0,,J.N.B
6/4/2020,20,Rubus,N,0,,J.N.B
6/4/2020,20,Mapleleaf Viburnum,N,0,,J.N.B
6/4/2020,20,Buckthorn,S,1,,J.N.B
6/4/2020,20,Multiflora Rose,S,1,,J.N.B
6/4/2020,20,Honeysuckle,S,0,,J.N.B
6/4/2020,20,Privot,S,0,,J.N.B
6/4/2020,20,Spicebush,S,1,,J.N.B
6/4/2020,20,Rubus,S,0,,J.N.B
6/4/2020,20,Mapleleaf Viburnum,S,0,,J.N.B
6/4/2020,21,Buckthorn,N,1,,J.N.B
6/4/2020,21,Multiflora Rose,N,0,,J.N.B
6/4/2020,21,Honeysuckle,N,0,,J.N.B
6/4/2020,21,Privot,N,0,,J.N.B
6/4/2020,21,Spicebush,N,0,,J.N.B
6/4/2020,21,Rubus,N,0,,J.N.B
6/4/2020,21,Mapleleaf Viburnum,N,0,,J.N.B
6/4/2020,21,Buckthorn,S,1,,J.N.B
6/4/2020,21,Multiflora Rose,S,1,,J.N.B
6/4/2020,21,Honeysuckle,S,0,,J.N.B
6/4/2020,21,Privot,S,0,,J.N.B
6/4/2020,21,Spicebush,S,1,,J.N.B
6/4/2020,21,Rubus,S,0,,J.N.B
6/4/2020,21,Mapleleaf Viburnum,S,0,,J.N.B
5/28/2020,21,Buckthorn,N,1,,MR
5/28/2020,21,Multiflora rose,N,0,,MR
5/28/2020,21,Honeysuckle,N,0,,MR
5/28/2020,21,Privot,N,0,,MR
5/28/2020,21,Spicebush,N,0,,MR
5/28/2020,21,Rubus,N,0,,MR
5/28/2020,21,Mapleleaf Viburnum,N,0,,MR
5/28/2020,21,Buckthorn,S,1,,MR
5/28/2020,21,Multiflora rose,S,1,,MR
5/28/2020,21,Honeysuckle,S,0,,MR
5/28/2020,21,Privot,S,0,,MR
5/28/2020,21,Spicebush,S,1,,MR
5/28/2020,21,Rubus,S,0,,MR
5/28/2020,21,Mapleleaf Viburnum,S,0,,MR
6/2/2020,22,Buckthorn,S,1,,J.N.B
6/2/2020,22,Multiflora Rose,S,1,,J.N.B
6/2/2020,22,Honeysuckle,S,0,,J.N.B
6/2/2020,22,Privot,S,0,,J.N.B
6/2/2020,22,Spicebush,S,0,,J.N.B
6/2/2020,22,Rubus,S,1,,J.N.B
6/2/2020,22,Mapleleaf Viburnum,S,0,,J.N.B
6/2/2020,22,Buckthorn,N,1,,J.N.B
6/2/2020,22,Multiflora Rose,N,2,Tree #22,J.N.B
6/2/2020,22,Honeysuckle,N,0,,J.N.B
6/2/2020,22,Privot,N,0,,J.N.B
6/2/2020,22,Spicebush,N,0,,J.N.B
6/2/2020,22,Rubus,N,1,,J.N.B
6/2/2020,22,Mapleleaf Viburnum,N,0,,J.N.B
5/28/2020,23,Buckthorn,N,1,,MR
5/28/2020,23,Multiflora rose,N,1,,MR
5/28/2020,23,Honeysuckle,N,0,,MR
5/28/2020,23,Privot,N,0,,MR
5/28/2020,23,Spicebush,N,0,,MR
5/28/2020,23,Rubus,N,1,,MR
5/28/2020,23,Mapleleaf Viburnum,N,0,,MR
5/28/2020,23,Buckthorn,S,1,,MR
5/28/2020,23,Multiflora rose,S,1,,MR
5/28/2020,23,Honeysuckle,S,0,,MR
5/28/2020,23,Privot,S,0,,MR
5/28/2020,23,Spicebush,S,0,,MR
5/28/2020,23,Rubus,S,1,,MR
5/28/2020,23,Mapleleaf Viburnum,S,0,,MR
6/2/2020,24,Buckthorn,N,0,,J.N.B
6/2/2020,24,Multiflora Rose,N,1,,J.N.B
6/2/2020,24,Honeysuckle,N,0,,J.N.B
6/2/2020,24,Privot,N,0,,J.N.B
6/2/2020,24,Spicebush,N,0,,J.N.B
6/2/2020,24,Rubus,N,1,,J.N.B
6/2/2020,24,Mapleleaf Viburnum,N,0,,J.N.B
6/2/2020,24,Buckthorn,S,0,,J.N.B
6/2/2020,24,Multiflora Rose,S,1,,J.N.B
6/2/2020,24,Honeysuckle,S,0,,J.N.B
6/2/2020,24,Privot,S,1,,J.N.B
6/2/2020,24,Spicebush,S,0,,J.N.B
6/2/2020,24,Rubus,S,1,,J.N.B
6/2/2020,24,Mapleleaf Viburnum,S,0,,J.N.B
6/2/2020,25,Buckthorn,N,2,,MR
6/2/2020,25,Multiflora rose,N,1,,MR
6/2/2020,25,Honeysuckle,N,0,,MR
6/2/2020,25,Privot,N,2,,MR
6/2/2020,25,Spicebush,N,0,,MR
6/2/2020,25,Rubus,N,1,,MR
6/2/2020,25,Mapleleaf Viburnum,N,0,,MR
6/2/2020,25,Buckthorn,S,1,,MR
6/2/2020,25,Multiflora rose,S,0,,MR
6/2/2020,25,Honeysuckle,S,0,,MR
6/2/2020,25,Privot,S,0,,MR
6/2/2020,25,Spicebush,S,0,,MR
6/2/2020,25,Rubus,S,1,,MR
6/2/2020,25,Mapleleaf Viburnum,S,0,,MR
6/2/2020,26,Buckthorn,N,1,,J.N.B
6/2/2020,26,Multiflora Rose,N,0,,J.N.B
6/2/2020,26,Honeysuckle,N,1,,J.N.B
6/2/2020,26,Privot,N,0,,J.N.B
6/2/2020,26,Spicebush,N,0,,J.N.B
6/2/2020,26,Rubus,N,1,,J.N.B
6/2/2020,26,Mapleleaf Viburnum,N,1,,J.N.B
6/2/2020,26,Buckthorn,S,1,,J.N.B
6/2/2020,26,Multiflora Rose,S,2,,J.N.B
6/2/2020,26,Honeysuckle,S,0,,J.N.B
6/2/2020,26,Privot,S,1,,J.N.B
6/2/2020,26,Spicebush,S,1,,J.N.B
6/2/2020,26,Rubus,S,1,,J.N.B
6/2/2020,26,Mapleleaf Viburnum,S,0,,J.N.B
6/2/2020,27,Buckthorn,N,1,,J.N.B
6/2/2020,27,Multiflora Rose,N,2,,J.N.B
6/2/2020,27,Honeysuckle,N,1,,J.N.B
6/2/2020,27,Privot,N,1,,J.N.B
6/2/2020,27,Spicebush,N,1,,J.N.B
6/2/2020,27,Rubus,N,1,,J.N.B
6/2/2020,27,Mapleleaf Viburnum,N,1,,J.N.B
6/2/2020,27,Buckthorn,S,1,,J.N.B
6/2/2020,27,Multiflora Rose,S,1,,J.N.B
6/2/2020,27,Honeysuckle,S,0,,J.N.B
6/2/2020,27,Privot,S,0,,J.N.B
6/2/2020,27,Spicebush,S,1,,J.N.B
6/2/2020,27,Rubus,S,1,,J.N.B
6/2/2020,27,Mapleleaf Viburnum,S,0,,J.N.B
6/3/2020,28,Buckthorn,N,1,,J.N.B
6/3/2020,28,Multiflora Rose,N,1,,J.N.B
6/3/2020,28,Honeysuckle,N,0,,J.N.B
6/3/2020,28,Privot,N,0,,J.N.B
6/3/2020,28,Spicebush,N,0,,J.N.B
6/3/2020,28,Rubus,N,1,,J.N.B
6/3/2020,28,Mapleleaf Viburnum,N,0,,J.N.B
6/3/2020,28,Buckthorn,S,1,,J.N.B
6/3/2020,28,Multiflora Rose,S,1,,J.N.B
6/3/2020,28,Honeysuckle,S,0,,J.N.B
6/3/2020,28,Privot,S,0,,J.N.B
6/3/2020,28,Spicebush,S,2,,J.N.B
6/3/2020,28,Rubus,S,1,,J.N.B
6/3/2020,28,Mapleleaf Viburnum,S,0,,J.N.B
6/1/2020,29,Buckthorn,N,1,,MR
6/1/2020,29,Multiflora rose,N,1,,MR
6/1/2020,29,Honeysuckle,N,0,,MR
6/1/2020,29,Privot,N,0,,MR
6/1/2020,29,Spicebush,N,0,,MR
6/1/2020,29,Rubus,N,1,,MR
6/1/2020,29,Mapleleaf Viburnum,N,0,,MR
6/1/2020,29,Buckthorn,S,2,,MR
6/1/2020,29,Multiflora rose,S,2,,MR
6/1/2020,29,Honeysuckle,S,0,,MR
6/1/2020,29,Privot,S,0,,MR
6/1/2020,29,Spicebush,S,1,,MR
6/1/2020,29,Rubus,S,1,,MR
6/1/2020,29,Mapleleaf Viburnum,S,0,,MR
6/1/2020,30,Buckthorn,N,1,,MR
6/1/2020,30,Multiflora rose,N,1,,MR
6/1/2020,30,Honeysuckle,N,0,,MR
6/1/2020,30,Privot,N,0,,MR
6/1/2020,30,Spicebush,N,0,,MR
6/1/2020,30,Rubus,N,1,,MR
6/1/2020,30,Mapleleaf Viburnum,N,0,,MR
6/1/2020,30,Buckthorn,S,1,,MR
6/1/2020,30,Multiflora rose,S,3,,MR
6/1/2020,30,Honeysuckle,S,0,,MR
6/1/2020,30,Privot,S,0,,MR
6/1/2020,30,Spicebush,S,0,,MR
6/1/2020,30,Rubus,S,1,,MR
6/1/2020,30,Mapleleaf Viburnum,S,0,,MR
6/2/2020,31,Buckthorn,N,1,,MR
6/2/2020,31,Multiflora rose,N,2,,MR
6/2/2020,31,Honeysuckle,N,0,,MR
6/2/2020,31,Privot,N,0,,MR
6/2/2020,31,Spicebush,N,0,,MR
6/2/2020,31,Rubus,N,1,,MR
6/2/2020,31,Mapleleaf Viburnum,N,0,,MR
6/2/2020,31,Buckthorn,S,1,,MR
6/2/2020,31,Multiflora rose,S,2,,MR
6/2/2020,31,Honeysuckle,S,0,,MR
6/2/2020,31,Privot,S,0,,MR
6/2/2020,31,Spicebush,S,0,,MR
6/2/2020,31,Rubus,S,1,,MR
6/2/2020,31,Mapleleaf Viburnum,S,0,,MR
6/2/2020,32,Buckthorn,N,2,,MR
6/2/2020,32,Multiflora rose,N,1,,MR
6/2/2020,32,Honeysuckle,N,0,,MR
6/2/2020,32,Privot,N,0,,MR
6/2/2020,32,Spicebush,N,0,,MR
6/2/2020,32,Rubus,N,1,,MR
6/2/2020,32,Mapleleaf Viburnum,N,0,,MR
6/2/2020,32,Buckthorn,S,1,,MR
6/2/2020,32,Multiflora rose,S,0,,MR
6/2/2020,32,Honeysuckle,S,0,,MR
6/2/2020,32,Privot,S,0,,MR
6/2/2020,32,Spicebush,S,1,,MR
6/2/2020,32,Rubus,S,1,,MR
6/2/2020,32,Mapleleaf Viburnum,S,0,,MR
6/1/2020,33,Buckthorn,N,0,,MR
6/1/2020,33,Multiflora rose,N,2,,MR
6/1/2020,33,Honeysuckle,N,0,,MR
6/1/2020,33,Privot,N,0,,MR
6/1/2020,33,Spicebush,N,1,,MR
6/1/2020,33,Rubus,N,1,,MR
6/1/2020,33,Mapleleaf Viburnum,N,0,,MR
6/1/2020,33,Buckthorn,S,0,,MR
6/1/2020,33,Multiflora rose,S,1,,MR
6/1/2020,33,Honeysuckle,S,0,,MR
6/1/2020,33,Privot,S,0,,MR
6/1/2020,33,Spicebush,S,0,,MR
6/1/2020,33,Rubus,S,0,,MR
6/1/2020,33,Mapleleaf Viburnum,S,0,,MR
6/1/2020,34,Buckthorn,N,1,,MR
6/1/2020,34,Multiflora rose,N,0,,MR
6/1/2020,34,Honeysuckle,N,1,,MR
6/1/2020,34,Privot,N,0,,MR
6/1/2020,34,Spicebush,N,0,,MR
6/1/2020,34,Rubus,N,1,,MR
6/1/2020,34,Mapleleaf Viburnum,N,0,,MR
6/1/2020,34,Buckthorn,S,0,,MR
6/1/2020,34,Multiflora rose,S,2,,MR
6/1/2020,34,Honeysuckle,S,0,,MR
6/1/2020,34,Privot,S,0,,MR
6/1/2020,34,Spicebush,S,0,,MR
6/1/2020,34,Rubus,S,1,,MR
6/1/2020,34,Mapleleaf Viburnum,S,0,,MR
6/2/2020,35,Buckthorn,N,0,,MR
6/2/2020,35,Multiflora rose,N,2,,MR
6/2/2020,35,Honeysuckle,N,0,,MR
6/2/2020,35,Privot,N,0,,MR
6/2/2020,35,Spicebush,N,0,,MR
6/2/2020,35,Rubus,N,1,,MR
6/2/2020,35,Mapleleaf Viburnum,N,0,,MR
6/2/2020,35,Buckthorn,S,1,,MR
6/2/2020,35,Multiflora rose,S,4,,MR
6/2/2020,35,Honeysuckle,S,0,,MR
6/2/2020,35,Privot,S,0,,MR
6/2/2020,35,Spicebush,S,0,,MR
6/2/2020,35,Rubus,S,1,,MR
6/2/2020,35,Mapleleaf Viburnum,S,0,,MR
6/1/2020,36,Buckthorn,N,1,,MR
6/1/2020,36,Multiflora rose,N,1,,MR
6/1/2020,36,Honeysuckle,N,0,,MR
6/1/2020,36,Privot,N,0,,MR
6/1/2020,36,Spicebush,N,0,,MR
6/1/2020,36,Rubus,N,1,,MR
6/1/2020,36,Mapleleaf Viburnum,N,0,,MR
6/1/2020,36,Buckthorn,S,1,,MR
6/1/2020,36,Multiflora rose,S,1,,MR
6/1/2020,36,Honeysuckle,S,0,,MR
6/1/2020,36,Privot,S,0,,MR
6/1/2020,36,Spicebush,S,0,,MR
6/1/2020,36,Rubus,S,1,,MR
6/1/2020,36,Mapleleaf Viburnum,S,0,,MR
6/1/2020,37,Buckthorn,N,0,,MR
6/1/2020,37,Multiflora rose,N,0,,MR
6/1/2020,37,Honeysuckle,N,0,,MR
6/1/2020,37,Privot,N,0,,MR
6/1/2020,37,Spicebush,N,0,,MR
6/1/2020,37,Rubus,N,0,,MR
6/1/2020,37,Mapleleaf Viburnum,N,1,,MR
6/1/2020,37,Buckthorn,S,0,,MR
6/1/2020,37,Multiflora rose,S,0,,MR
6/1/2020,37,Honeysuckle,S,0,,MR
6/1/2020,37,Privot,S,0,,MR
6/1/2020,37,Spicebush,S,0,,MR
6/1/2020,37,Rubus,S,0,,MR
6/1/2020,37,Mapleleaf Viburnum,S,1,,MR
6/2/2020,38,Buckthorn,N,1,,J.N.B
6/2/2020,38,Multiflora Rose,N,1,,J.N.B
6/2/2020,38,Honeysuckle,N,0,,J.N.B
6/2/2020,38,Privot,N,0,,J.N.B
6/2/2020,38,Spicebush,N,0,,J.N.B
6/2/2020,38,Rubus,N,1,,J.N.B
6/2/2020,38,Mapleleaf Viburnum,N,0,,J.N.B
6/2/2020,38,Buckthorn,S,0,,J.N.B
6/2/2020,38,Multiflora Rose,S,1,,J.N.B
6/2/2020,38,Honeysuckle,S,0,,J.N.B
6/2/2020,38,Privot,S,0,,J.N.B
6/2/2020,38,Spicebush,S,1,,J.N.B
6/2/2020,38,Rubus,S,0,,J.N.B
6/2/2020,38,Mapleleaf Viburnum,S,0,,J.N.B
6/2/2020,39,Buckthorn,N,0,,J.N.B
6/2/2020,39,Multiflora Rose,N,2,,J.N.B
6/2/2020,39,Honeysuckle,N,0,,J.N.B
6/2/2020,39,Privot,N,0,,J.N.B
6/2/2020,39,Spicebush,N,0,,J.N.B
6/2/2020,39,Rubus,N,0,,J.N.B
6/2/2020,39,Mapleleaf Viburnum,N,0,,J.N.B
6/2/2020,39,Buckthorn,S,0,,J.N.B
6/2/2020,39,Multiflora Rose,S,1,,J.N.B
6/2/2020,39,Honeysuckle,S,0,,J.N.B
6/2/2020,39,Privot,S,0,,J.N.B
6/2/2020,39,Spicebush,S,0,,J.N.B
6/2/2020,39,Rubus,S,0,,J.N.B
6/2/2020,39,Mapleleaf Viburnum,S,0,,J.N.B
6/2/2020,40,Buckthorn,N,1,,J.N.B
6/2/2020,40,Multiflora Rose,N,1,,J.N.B
6/2/2020,40,Honeysuckle,N,0,,J.N.B
6/2/2020,40,Privot,N,0,,J.N.B
6/2/2020,40,Spicebush,N,1,,J.N.B
6/2/2020,40,Rubus,N,0,,J.N.B
6/2/2020,40,Mapleleaf Viburnum,N,0,,J.N.B
6/2/2020,40,Buckthorn,S,1,,J.N.B
6/2/2020,40,Multiflora Rose,S,1,,J.N.B
6/2/2020,40,Honeysuckle,S,0,,J.N.B
6/2/2020,40,Privot,S,0,,J.N.B
6/2/2020,40,Spicebush,S,0,,J.N.B
6/2/2020,40,Rubus,S,0,,J.N.B
6/2/2020,40,Mapleleaf Viburnum,S,0,,J.N.B
6/3/2020,41,Buckthorn,N,1,,J.N.B
6/3/2020,41,Multiflora Rose,N,2,,J.N.B
6/3/2020,41,Honeysuckle,N,2,,J.N.B
6/3/2020,41,Privot,N,0,,J.N.B
6/3/2020,41,Spicebush,N,0,,J.N.B
6/3/2020,41,Rubus,N,1,,J.N.B
6/3/2020,41,Mapleleaf Viburnum,N,0,,J.N.B
6/3/2020,41,Buckthorn,S,0,,J.N.B
6/3/2020,41,Multiflora Rose,S,2,,J.N.B
6/3/2020,41,Honeysuckle,S,1,,J.N.B
6/3/2020,41,Privot,S,0,,J.N.B
6/3/2020,41,Spicebush,S,0,,J.N.B
6/3/2020,41,Rubus,S,1,,J.N.B
6/3/2020,41,Mapleleaf Viburnum,S,0,,J.N.B
6/3/2020,42,Buckthorn,N,0,,J.N.B
6/3/2020,42,Multiflora Rose,N,2,,J.N.B
6/3/2020,42,Honeysuckle,N,0,,J.N.B
6/3/2020,42,Privot,N,0,,J.N.B
6/3/2020,42,Spicebush,N,0,,J.N.B
6/3/2020,42,Rubus,N,1,,J.N.B
6/3/2020,42,Mapleleaf Viburnum,N,0,,J.N.B
6/3/2020,42,Buckthorn,S,1,,J.N.B
6/3/2020,42,Multiflora Rose,S,2,,J.N.B
6/3/2020,42,Honeysuckle,S,0,,J.N.B
6/3/2020,42,Privot,S,0,,J.N.B
6/3/2020,42,Spicebush,S,0,,J.N.B
6/3/2020,42,Rubus,S,1,,J.N.B
6/3/2020,42,Mapleleaf Viburnum,S,0,,J.N.B
6/2/2020,43,Buckthorn,S,0,,J.N.B
6/2/2020,43,Multiflora Rose,S,0,,J.N.B
6/2/2020,43,Honeysuckle,S,0,,J.N.B
6/2/2020,43,Privot,S,0,,J.N.B
6/2/2020,43,Spicebush,S,0,,J.N.B
6/2/2020,43,Rubus,S,1,,J.N.B
6/2/2020,43,Mapleleaf Viburnum,S,0,,J.N.B
6/2/2020,43,Buckthorn,N,0,,J.N.B
6/2/2020,43,Multiflora Rose,N,0,,J.N.B
6/2/2020,43,Honeysuckle,N,0,,J.N.B
6/2/2020,43,Privot,N,2,,J.N.B
6/2/2020,43,Spicebush,N,1,,J.N.B
6/2/2020,43,Rubus,N,0,,J.N.B
6/2/2020,43,Mapleleaf Viburnum,N,0,,J.N.B
6/1/2020,44,Buckthorn,N,2,,MR
6/1/2020,44,Multiflora rose,N,0,,MR
6/1/2020,44,Honeysuckle,N,1,,MR
6/1/2020,44,Privot,N,0,,MR
6/1/2020,44,Spicebush,N,1,,MR
6/1/2020,44,Rubus,N,1,,MR
6/1/2020,44,Mapleleaf Viburnum,N,1,,MR
6/1/2020,44,Buckthorn,S,1,,MR
6/1/2020,44,Multiflora rose,S,1,,MR
6/1/2020,44,Honeysuckle,S,1,,MR
6/1/2020,44,Privot,S,0,,MR
6/1/2020,44,Spicebush,S,0,,MR
6/1/2020,44,Rubus,S,1,,MR
6/1/2020,44,Mapleleaf Viburnum,S,0,,MR
6/3/2020,45,Buckthorn,N,1,,J.N.B
6/3/2020,45,Multiflora Rose,N,3,,J.N.B
6/3/2020,45,Honeysuckle,N,0,,J.N.B
6/3/2020,45,Privot,N,0,,J.N.B
6/3/2020,45,Spicebush,N,0,,J.N.B
6/3/2020,45,Rubus,N,1,,J.N.B
6/3/2020,45,Mapleleaf Viburnum,N,0,,J.N.B
6/3/2020,45,Buckthorn,S,1,,J.N.B
6/3/2020,45,Multiflora Rose,S,3,,J.N.B
6/3/2020,45,Honeysuckle,S,0,,J.N.B
6/3/2020,45,Privot,S,1,,J.N.B
6/3/2020,45,Spicebush,S,1,,J.N.B
6/3/2020,45,Rubus,S,0,,J.N.B
6/3/2020,45,Mapleleaf Viburnum,S,0,,J.N.B
6/1/2020,46,Buckthorn,N,1,North side out of plot,MR
6/1/2020,46,Multiflora rose,N,1,,MR
6/1/2020,46,Honeysuckle,N,0,,MR
6/1/2020,46,Privot,N,0,,MR
6/1/2020,46,Spicebush,N,0,,MR
6/1/2020,46,Rubus,N,0,,MR
6/1/2020,46,Mapleleaf Viburnum,N,0,,MR
6/1/2020,46,Buckthorn,S,2,,MR
6/1/2020,46,Multiflora rose,S,1,,MR
6/1/2020,46,Honeysuckle,S,0,,MR
6/1/2020,46,Privot,S,0,,MR
6/1/2020,46,Spicebush,S,1,,MR
6/1/2020,46,Rubus,S,1,,MR
6/1/2020,46,Mapleleaf Viburnum,S,0,,MR
6/3/2020,47,Buckthorn,N,1,,J.N.B
6/3/2020,47,Multiflora Rose,N,2,,J.N.B
6/3/2020,47,Honeysuckle,N,0,,J.N.B
6/3/2020,47,Privot,N,0,,J.N.B
6/3/2020,47,Spicebush,N,0,,J.N.B
6/3/2020,47,Rubus,N,1,,J.N.B
6/3/2020,47,Mapleleaf Viburnum,N,0,,J.N.B
6/3/2020,47,Buckthorn,S,2,,J.N.B
6/3/2020,47,Multiflora Rose,S,3,,J.N.B
6/3/2020,47,Honeysuckle,S,0,,J.N.B
6/3/2020,47,Privot,S,0,,J.N.B
6/3/2020,47,Spicebush,S,0,,J.N.B
6/3/2020,47,Rubus,S,2,,J.N.B
6/3/2020,47,Mapleleaf Viburnum,S,1,,J.N.B
6/3/2020,48,Buckthorn,N,1,,J.N.B
6/3/2020,48,Multiflora Rose,N,1,,J.N.B
6/3/2020,48,Honeysuckle,N,0,,J.N.B
6/3/2020,48,Privot,N,0,,J.N.B
6/3/2020,48,Spicebush,N,1,,J.N.B
6/3/2020,48,Rubus,N,1,,J.N.B
6/3/2020,48,Mapleleaf Viburnum,N,0,,J.N.B
6/3/2020,48,Buckthorn,S,1,,J.N.B
6/3/2020,48,Multiflora Rose,S,1,,J.N.B
6/3/2020,48,Honeysuckle,S,0,,J.N.B
6/3/2020,48,Privot,S,0,,J.N.B
6/3/2020,48,Spicebush,S,2,,J.N.B
6/3/2020,48,Rubus,S,1,,J.N.B
6/3/2020,48,Mapleleaf Viburnum,S,0,,J.N.B
6/3/2020,49,Buckthorn,N,0,,J.N.B
6/3/2020,49,Multiflora Rose,N,0,,J.N.B
6/3/2020,49,Honeysuckle,N,0,,J.N.B
6/3/2020,49,Privot,N,0,,J.N.B
6/3/2020,49,Spicebush,N,0,,J.N.B
6/3/2020,49,Rubus,N,1,,J.N.B
6/3/2020,49,Mapleleaf Viburnum,N,0,,J.N.B
6/3/2020,49,Buckthorn,S,,,J.N.B
6/3/2020,49,Multiflora Rose,S,1,,J.N.B
6/3/2020,49,Honeysuckle,S,0,,J.N.B
6/3/2020,49,Privot,S,0,,J.N.B
6/3/2020,49,Spicebush,S,2,,J.N.B
6/3/2020,49,Rubus,S,1,,J.N.B
6/3/2020,49,Mapleleaf Viburnum,S,0,,J.N.B
6/3/2020,50,Buckthorn,N,1,,J.N.B
6/3/2020,50,Multiflora Rose,N,1,,J.N.B
6/3/2020,50,Honeysuckle,N,0,,J.N.B
6/3/2020,50,Privot,N,0,,J.N.B
6/3/2020,50,Spicebush,N,1,,J.N.B
6/3/2020,50,Rubus,N,1,,J.N.B
6/3/2020,50,Mapleleaf Viburnum,N,0,,J.N.B
6/3/2020,50,Buckthorn,S,1,,J.N.B
6/3/2020,50,Multiflora Rose,S,3,,J.N.B
6/3/2020,50,Honeysuckle,S,1,,J.N.B
6/3/2020,50,Privot,S,0,,J.N.B
6/3/2020,50,Spicebush,S,1,,J.N.B
6/3/2020,50,Rubus,S,1,,J.N.B
6/3/2020,50,Mapleleaf Viburnum,S,0,,J.N.B
6/3/2020,51,Buckthorn,N,1,Tree #51,J.N.B
6/3/2020,51,Multiflora Rose,N,1,,J.N.B
6/3/2020,51,Honeysuckle,N,0,,J.N.B
6/3/2020,51,Privot,N,0,,J.N.B
6/3/2020,51,Spicebush,N,1,,J.N.B
6/3/2020,51,Rubus,N,1,,J.N.B
6/3/2020,51,Mapleleaf Viburnum,N,0,,J.N.B
6/3/2020,51,Buckthorn,S,1,,J.N.B
6/3/2020,51,Multiflora Rose,S,1,,J.N.B
6/3/2020,51,Honeysuckle,S,1,,J.N.B
6/3/2020,51,Privot,S,0,,J.N.B
6/3/2020,51,Spicebush,S,1,,J.N.B
6/3/2020,51,Rubus,S,1,,J.N.B
6/3/2020,51,Mapleleaf Viburnum,S,0,,J.N.B
6/2/2020,52,Buckthorn,N,1,,J.N.B
6/2/2020,52,Multiflora Rose,N,2,,J.N.B
6/2/2020,52,Honeysuckle,N,0,,J.N.B
6/2/2020,52,Privot,N,0,,J.N.B
6/2/2020,52,Spicebush,N,1,,J.N.B
6/2/2020,52,Rubus,N,0,,J.N.B
6/2/2020,52,Mapleleaf Viburnum,N,0,,J.N.B
6/2/2020,52,Buckthorn,S,1,,J.N.B
6/2/2020,52,Multiflora Rose,S,3,,J.N.B
6/2/2020,52,Honeysuckle,S,0,,J.N.B
6/2/2020,52,Privot,S,0,,J.N.B
6/2/2020,52,Spicebush,S,2,,J.N.B
6/2/2020,52,Rubus,S,1,,J.N.B
6/2/2020,52,Mapleleaf Viburnum,S,0,,J.N.B
6/3/2020,53,Buckthorn,S,1,,J.N.B
6/3/2020,53,Multiflora Rose,S,4,,J.N.B
6/3/2020,53,Honeysuckle,S,0,,J.N.B
6/3/2020,53,Privot,S,0,,J.N.B
6/3/2020,53,Spicebush,S,1,,J.N.B
6/3/2020,53,Rubus,S,0,,J.N.B
6/3/2020,53,Mapleleaf Viburnum,S,0,,J.N.B
6/3/2020,53,Buckthorn,N,1,,J.N.B
6/3/2020,53,Multiflora Rose,N,3,,J.N.B
6/3/2020,53,Honeysuckle,N,0,,J.N.B
6/3/2020,53,Privot,N,0,,J.N.B
6/3/2020,53,Spicebush,N,2,,J.N.B
6/3/2020,53,Rubus,N,1,,J.N.B
6/3/2020,53,Mapleleaf Viburnum,N,0,,J.N.B
6/1/2020,54,Buckthorn,N,2,,MR
6/1/2020,54,Multiflora rose,N,0,,MR
6/1/2020,54,Honeysuckle,N,1,,MR
6/1/2020,54,Privot,N,0,,MR
6/1/2020,54,Spicebush,N,1,,MR
6/1/2020,54,Rubus,N,1,,MR
6/1/2020,54,Mapleleaf Viburnum,N,1,,MR
6/1/2020,54,Buckthorn,S,1,,MR
6/1/2020,54,Multiflora rose,S,1,,MR
6/1/2020,54,Honeysuckle,S,0,,MR
6/1/2020,54,Privot,S,0,,MR
6/1/2020,54,Spicebush,S,0,,MR
6/1/2020,54,Rubus,S,1,,MR
6/1/2020,54,Mapleleaf Viburnum,S,0,,MR
6/1/2020,55,Buckthorn,N,1,,MR
6/1/2020,55,Multiflora rose,N,2,,MR
6/1/2020,55,Honeysuckle,N,0,,MR
6/1/2020,55,Privot,N,0,,MR
6/1/2020,55,Spicebush,N,0,,MR
6/1/2020,55,Rubus,N,1,,MR
6/1/2020,55,Mapleleaf Viburnum,N,0,,MR
6/1/2020,55,Buckthorn,S,1,,MR
6/1/2020,55,Multiflora rose,S,5,,MR
6/1/2020,55,Honeysuckle,S,0,,MR
6/1/2020,55,Privot,S,0,,MR
6/1/2020,55,Spicebush,S,0,,MR
6/1/2020,55,Rubus,S,1,,MR
6/1/2020,55,Mapleleaf Viburnum,S,0,,MR
6/3/2020,56,Buckthorn,N,2,,J.N.B
6/3/2020,56,Multiflora Rose,N,3,,J.N.B
6/3/2020,56,Honeysuckle,N,0,,J.N.B
6/3/2020,56,Privot,N,0,,J.N.B
6/3/2020,56,Spicebush,N,1,,J.N.B
6/3/2020,56,Rubus,N,1,,J.N.B
6/3/2020,56,Mapleleaf Viburnum,N,0,,J.N.B
6/3/2020,56,Buckthorn,S,2,,J.N.B
6/3/2020,56,Multiflora Rose,S,1,,J.N.B
6/3/2020,56,Honeysuckle,S,1,,J.N.B
6/3/2020,56,Privot,S,0,,J.N.B
6/3/2020,56,Spicebush,S,1,,J.N.B
6/3/2020,56,Rubus,S,2,,J.N.B
6/3/2020,56,Mapleleaf Viburnum,S,0,,J.N.B
6/3/2020,57,Buckthorn,N,2,,J.N.B
6/3/2020,57,Multiflora Rose,N,1,,J.N.B
6/3/2020,57,Honeysuckle,N,1,,J.N.B
6/3/2020,57,Privot,N,0,,J.N.B
6/3/2020,57,Spicebush,N,1,,J.N.B
6/3/2020,57,Rubus,N,1,,J.N.B
6/3/2020,57,Mapleleaf Viburnum,N,0,,J.N.B
6/3/2020,57,Buckthorn,S,1,,J.N.B
6/3/2020,57,Multiflora Rose,S,3,,J.N.B
6/3/2020,57,Honeysuckle,S,0,,J.N.B
6/3/2020,57,Privot,S,0,,J.N.B
6/3/2020,57,Spicebush,S,2,,J.N.B
6/3/2020,57,Rubus,S,1,,J.N.B
6/3/2020,57,Mapleleaf Viburnum,S,1,,J.N.B
6/3/2020,58,Buckthorn,N,3,,J.N.B
6/3/2020,58,Multiflora Rose,N,1,,J.N.B
6/3/2020,58,Honeysuckle,N,0,,J.N.B
6/3/2020,58,Privot,N,1,,J.N.B
6/3/2020,58,Spicebush,N,1,,J.N.B
6/3/2020,58,Rubus,N,1,,J.N.B
6/3/2020,58,Mapleleaf Viburnum,N,0,,J.N.B
6/3/2020,58,Buckthorn,S,2,,J.N.B
6/3/2020,58,Multiflora Rose,S,2,,J.N.B
6/3/2020,58,Honeysuckle,S,0,,J.N.B
6/3/2020,58,Privot,S,0,,J.N.B
6/3/2020,58,Spicebush,S,1,,J.N.B
6/3/2020,58,Rubus,S,1,,J.N.B
6/3/2020,58,Mapleleaf Viburnum,S,0,,J.N.B
6/2/2020,59,Buckthorn,N,1,,J.N.B
6/2/2020,59,Multiflora Rose,N,1,,J.N.B
6/2/2020,59,Honeysuckle,N,1,,J.N.B
6/2/2020,59,Privot,N,0,,J.N.B
6/2/2020,59,Spicebush,N,0,,J.N.B
6/2/2020,59,Rubus,N,1,,J.N.B
6/2/2020,59,Mapleleaf Viburnum,N,1,,J.N.B
6/2/2020,59,Buckthorn,S,2,,J.N.B
6/2/2020,59,Multiflora Rose,S,1,,J.N.B
6/2/2020,59,Honeysuckle,S,1,,J.N.B
6/2/2020,59,Privot,S,0,,J.N.B
6/2/2020,59,Spicebush,S,1,,J.N.B
6/2/2020,59,Rubus,S,1,,J.N.B
6/2/2020,59,Mapleleaf Viburnum,S,0,,J.N.B
6/3/2020,60,Buckthorn,N,1,,J.N.B
6/3/2020,60,Multiflora Rose,N,1,,J.N.B
6/3/2020,60,Honeysuckle,N,0,,J.N.B
6/3/2020,60,Privot,N,0,,J.N.B
6/3/2020,60,Spicebush,N,0,,J.N.B
6/3/2020,60,Rubus,N,2,,J.N.B
6/3/2020,60,Mapleleaf Viburnum,N,0,,J.N.B
6/3/2020,60,Buckthorn,S,2,,J.N.B
6/3/2020,60,Multiflora Rose,S,2,,J.N.B
6/3/2020,60,Honeysuckle,S,1,,J.N.B
6/3/2020,60,Privot,S,0,,J.N.B
6/3/2020,60,Spicebush,S,0,,J.N.B
6/3/2020,60,Rubus,S,1,,J.N.B
6/3/2020,60,Mapleleaf Viburnum,S,0,,J.N.B
6/3/2020,61,Buckthorn,S,2,,J.N.B
6/3/2020,61,Multiflora Rose,S,3,,J.N.B
6/3/2020,61,Honeysuckle,S,0,,J.N.B
6/3/2020,61,Privot,S,0,,J.N.B
6/3/2020,61,Spicebush,S,0,,J.N.B
6/3/2020,61,Rubus,S,1,,J.N.B
6/3/2020,61,Mapleleaf Viburnum,S,0,,J.N.B
6/3/2020,61,Buckthorn,N,1,,J.N.B
6/3/2020,61,Multiflora Rose,N,1,,J.N.B
6/3/2020,61,Honeysuckle,N,0,,J.N.B
6/3/2020,61,Privot,N,0,,J.N.B
6/3/2020,61,Spicebush,N,1,,J.N.B
6/3/2020,61,Rubus,N,1,,J.N.B
6/3/2020,61,Mapleleaf Viburnum,N,0,,J.N.B
6/3/2020,62,Buckthorn,N,2,,J.N.B
6/3/2020,62,Multiflora Rose,N,1,,J.N.B
6/3/2020,62,Honeysuckle,N,0,,J.N.B
6/3/2020,62,Privot,N,0,,J.N.B
6/3/2020,62,Spicebush,N,0,,J.N.B
6/3/2020,62,Rubus,N,1,,J.N.B
6/3/2020,62,Mapleleaf Viburnum,N,0,,J.N.B
6/3/2020,62,Buckthorn,S,2,,J.N.B
6/3/2020,62,Multiflora Rose,S,3,,J.N.B
6/3/2020,62,Honeysuckle,S,1,,J.N.B
6/3/2020,62,Privot,S,0,,J.N.B
6/3/2020,62,Spicebush,S,1,,J.N.B
6/3/2020,62,Rubus,S,0,,J.N.B
6/3/2020,62,Mapleleaf Viburnum,S,0,,J.N.B
6/1/2020,63,Buckthorn,N,2,,MR
6/1/2020,63,Multiflora rose,N,1,,MR
6/1/2020,63,Honeysuckle,N,1,,MR
6/1/2020,63,Privot,N,0,,MR
6/1/2020,63,Spicebush,N,0,,MR
6/1/2020,63,Rubus,N,0,,MR
6/1/2020,63,Mapleleaf Viburnum,N,0,,MR
6/1/2020,63,Buckthorn,S,2,,MR
6/1/2020,63,Multiflora rose,S,1,,MR
6/1/2020,63,Honeysuckle,S,1,,MR
6/1/2020,63,Privot,S,0,,MR
6/1/2020,63,Spicebush,S,0,,MR
6/1/2020,63,Rubus,S,0,,MR
6/1/2020,63,Mapleleaf Viburnum,S,0,,MR
6/3/2020,64,Buckthorn,N,2,,J.N.B
6/3/2020,64,Multiflora Rose,N,2,,J.N.B
6/3/2020,64,Honeysuckle,N,0,,J.N.B
6/3/2020,64,Privot,N,0,,J.N.B
6/3/2020,64,Spicebush,N,1,,J.N.B
6/3/2020,64,Rubus,N,1,,J.N.B
6/3/2020,64,Mapleleaf Viburnum,N,0,,J.N.B
6/3/2020,64,Buckthorn,S,2,,J.N.B
6/3/2020,64,Multiflora Rose,S,1,,J.N.B
6/3/2020,64,Honeysuckle,S,0,,J.N.B
6/3/2020,64,Privot,S,0,,J.N.B
6/3/2020,64,Spicebush,S,2,,J.N.B
6/3/2020,64,Rubus,S,0,,J.N.B
6/3/2020,64,Mapleleaf Viburnum,S,0,,J.N.B
6/2/2020,65,Buckthorn,S,2,,J.N.B
6/2/2020,65,Multiflora Rose,S,0,,J.N.B
6/2/2020,65,Honeysuckle,S,0,,J.N.B
6/2/2020,65,Privot,S,0,,J.N.B
6/2/2020,65,Spicebush,S,0,,J.N.B
6/2/2020,65,Rubus,S,2,,J.N.B
6/2/2020,65,Mapleleaf Viburnum,S,0,Tree #65,J.N.B
6/2/2020,65,Buckthorn,N,2,,J.N.B
6/2/2020,65,Multiflora Rose,N,1,,J.N.B
6/2/2020,65,Honeysuckle,N,0,,J.N.B
6/2/2020,65,Privot,N,0,,J.N.B
6/2/2020,65,Spicebush,N,1,,J.N.B
6/2/2020,65,Rubus,N,1,,J.N.B
6/2/2020,65,Mapleleaf Viburnum,N,0,,J.N.B
6/2/2020,66,Buckthorn,S,2,,J.N.B
6/2/2020,66,Multiflora Rose,S,1,,J.N.B
6/2/2020,66,Honeysuckle,S,1,,J.N.B
6/2/2020,66,Privot,S,0,,J.N.B
6/2/2020,66,Spicebush,S,2,,J.N.B
6/2/2020,66,Rubus,S,1,,J.N.B
6/2/2020,66,Mapleleaf Viburnum,S,0,,J.N.B
6/2/2020,66,Buckthorn,N,2,,J.N.B
6/2/2020,66,Multiflora Rose,N,1,,J.N.B
6/2/2020,66,Honeysuckle,N,0,,J.N.B
6/2/2020,66,Privot,N,0,,J.N.B
6/2/2020,66,Spicebush,N,0,,J.N.B
6/2/2020,66,Rubus,N,0,,J.N.B
6/2/2020,66,Mapleleaf Viburnum,N,1,,J.N.B
6/2/2020,67,Buckthorn,N,1,,J.N.B
6/2/2020,67,Multiflora Rose,N,3,,J.N.B
6/2/2020,67,Honeysuckle,N,0,,J.N.B
6/2/2020,67,Privot,N,0,,J.N.B
6/2/2020,67,Spicebush,N,1,,J.N.B
6/2/2020,67,Rubus,N,2,,J.N.B
6/2/2020,67,Mapleleaf Viburnum,N,0,,J.N.B
6/2/2020,67,Buckthorn,S,0,,J.N.B
6/2/2020,67,Multiflora Rose,S,3,,J.N.B
6/2/2020,67,Honeysuckle,S,0,,J.N.B
6/2/2020,67,Privot,S,0,,J.N.B
6/2/2020,67,Spicebush,S,1,,J.N.B
6/2/2020,67,Rubus,S,2,,J.N.B
6/2/2020,67,Mapleleaf Viburnum,S,0,,J.N.B
6/2/2020,68,Buckthorn,N,1,,J.N.B
6/2/2020,68,Multiflora Rose,N,1,,J.N.B
6/2/2020,68,Honeysuckle,N,0,,J.N.B
6/2/2020,68,Privot,N,0,,J.N.B
6/2/2020,68,Spicebush,N,1,,J.N.B
6/2/2020,68,Rubus,N,1,,J.N.B
6/2/2020,68,Mapleleaf Viburnum,N,0,,J.N.B
6/2/2020,68,Buckthorn,S,1,,J.N.B
6/2/2020,68,Multiflora Rose,S,0,,J.N.B
6/2/2020,68,Honeysuckle,S,0,,J.N.B
6/2/2020,68,Privot,S,0,,J.N.B
6/2/2020,68,Spicebush,S,2,,J.N.B
6/2/2020,68,Rubus,S,1,,J.N.B
6/2/2020,68,Mapleleaf Viburnum,S,0,,J.N.B
6/3/2020,69,Buckthorn,N,2,,J.N.B
6/3/2020,69,Multiflora Rose,N,2,,J.N.B
6/3/2020,69,Honeysuckle,N,0,,J.N.B
6/3/2020,69,Privot,N,0,,J.N.B
6/3/2020,69,Spicebush,N,1,,J.N.B
6/3/2020,69,Rubus,N,1,,J.N.B
6/3/2020,69,Mapleleaf Viburnum,N,0,,J.N.B
6/3/2020,69,Buckthorn,S,1,,J.N.B
6/3/2020,69,Multiflora Rose,S,2,,J.N.B
6/3/2020,69,Honeysuckle,S,0,,J.N.B
6/3/2020,69,Privot,S,0,,J.N.B
6/3/2020,69,Spicebush,S,0,,J.N.B
6/3/2020,69,Rubus,S,1,,J.N.B
6/3/2020,69,Mapleleaf Viburnum,S,0,,J.N.B
6/3/2020,70,Buckthorn,S,2,,J.N.B
6/3/2020,70,Multiflora Rose,S,2,,J.N.B
6/3/2020,70,Honeysuckle,S,0,,J.N.B
6/3/2020,70,Privot,S,0,,J.N.B
6/3/2020,70,Spicebush,S,1,,J.N.B
6/3/2020,70,Rubus,S,1,,J.N.B
6/3/2020,70,Mapleleaf Viburnum,S,0,,J.N.B
6/3/2020,70,Buckthorn,N,2,,J.N.B
6/3/2020,70,Multiflora Rose,N,3,,J.N.B
6/3/2020,70,Honeysuckle,N,0,,J.N.B
6/3/2020,70,Privot,N,0,,J.N.B
6/3/2020,70,Spicebush,N,1,,J.N.B
6/3/2020,70,Rubus,N,1,,J.N.B
6/3/2020,70,Mapleleaf Viburnum,N,0,,J.N.B
6/3/2020,71,Buckthorn,N,2,,J.N.B
6/3/2020,71,Multiflora Rose,N,1,,J.N.B
6/3/2020,71,Honeysuckle,N,0,,J.N.B
6/3/2020,71,Privot,N,0,,J.N.B
6/3/2020,71,Spicebush,N,1,,J.N.B
6/3/2020,71,Rubus,N,1,,J.N.B
6/3/2020,71,Mapleleaf Viburnum,N,0,,J.N.B
6/3/2020,71,Buckthorn,S,2,,J.N.B
6/3/2020,71,Multiflora Rose,S,2,,J.N.B
6/3/2020,71,Honeysuckle,S,1,,J.N.B
6/3/2020,71,Privot,S,0,,J.N.B
6/3/2020,71,Spicebush,S,0,,J.N.B
6/3/2020,71,Rubus,S,0,,J.N.B
6/3/2020,71,Mapleleaf Viburnum,S,0,,J.N.B
6/2/2020,72,Buckthorn,N,1,,J.N.B
6/2/2020,72,Multiflora Rose,N,1,,J.N.B
6/2/2020,72,Honeysuckle,N,1,,J.N.B
6/2/2020,72,Privot,N,0,,J.N.B
6/2/2020,72,Spicebush,N,1,,J.N.B
6/2/2020,72,Rubus,N,0,,J.N.B
6/2/2020,72,Mapleleaf Viburnum,N,0,,J.N.B
6/2/2020,72,Buckthorn,S,1,,J.N.B
6/2/2020,72,Multiflora Rose,S,1,,J.N.B
6/2/2020,72,Honeysuckle,S,1,,J.N.B
6/2/2020,72,Privot,S,0,,J.N.B
6/2/2020,72,Spicebush,S,1,,J.N.B
6/2/2020,72,Rubus,S,1,,J.N.B
6/2/2020,72,Mapleleaf Viburnum,S,1,,J.N.B
06/05/2020,73,Buckthorn,N,1,,MM
06/05/2020,73,Multiflora Rose ,N,3,,MM
06/05/2020,73,Honeysuckle,N,0,,MM
06/05/2020,73,Privot,N,1,,MM
06/05/2020,73,Spicebush,N,0,,MM
06/05/2020,73,Rubus,N,0,,MM
06/05/2020,73,Mapleleaf Viburnum,N,0,,MM
06/05/2020,73,Buckthorn,S,1,,MM
06/05/2020,73,Multiflora Rose ,S,1,,MM
06/05/2020,73,Honeysuckle,S,0,,MM
06/05/2020,73,Privot,S,0,,MM
06/05/2020,73,Spicebush,S,0,,MM
06/05/2020,73,Rubus,S,0,,MM
06/05/2020,73,Mapleleaf Viburnum,S,0,,MM
6/2/2020,74,Buckthorn,N,1,,J.N.B
6/2/2020,74,Multiflora Rose,N,2,,J.N.B
6/2/2020,74,Honeysuckle,N,0,,J.N.B
6/2/2020,74,Privot,N,1,,J.N.B
6/2/2020,74,Spicebush,N,1,,J.N.B
6/2/2020,74,Rubus,N,1,,J.N.B
6/2/2020,74,Mapleleaf Viburnum,N,0,,J.N.B
6/2/2020,74,Buckthorn,S,3,,J.N.B
6/2/2020,74,Multiflora Rose,S,4,,J.N.B
6/2/2020,74,Honeysuckle,S,0,,J.N.B
6/2/2020,74,Privot,S,1,,J.N.B
6/2/2020,74,Spicebush,S,1,,J.N.B
6/2/2020,74,Rubus,S,1,,J.N.B
6/2/2020,74,Mapleleaf Viburnum,S,1,,J.N.B
6/2/2020,75,Buckthorn,N,2,,J.N.B
6/2/2020,75,Multiflora Rose,N,2,,J.N.B
6/2/2020,75,Honeysuckle,N,1,,J.N.B
6/2/2020,75,Privot,N,0,,J.N.B
6/2/2020,75,Spicebush,N,0,,J.N.B
6/2/2020,75,Rubus,N,1,,J.N.B
6/2/2020,75,Mapleleaf Viburnum,N,0,,J.N.B
6/2/2020,75,Buckthorn,S,1,,J.N.B
6/2/2020,75,Multiflora Rose,S,2,,J.N.B
6/2/2020,75,Honeysuckle,S,1,,J.N.B
6/2/2020,75,Privot,S,0,,J.N.B
6/2/2020,75,Spicebush,S,0,,J.N.B
6/2/2020,75,Rubus,S,1,,J.N.B
6/2/2020,75,Mapleleaf Viburnum,S,0,,J.N.B
06/05/2020,76,Buckthorn,N,1,,MM
06/05/2020,76,Multiflora Rose ,N,4,,MM
06/05/2020,76,Honeysuckle,N,0,,MM
06/05/2020,76,Privot,N,0,,MM
06/05/2020,76,Spicebush,N,0,,MM
06/05/2020,76,Rubus,N,0,,MM
06/05/2020,76,Mapleleaf Viburnum,N,0,,MM
06/05/2020,76,Buckthorn,S,1,,MM
06/05/2020,76,Multiflora Rose ,S,4,,MM
06/05/2020,76,Honeysuckle,S,0,,MM
06/05/2020,76,Privot,S,1,,MM
06/05/2020,76,Spicebush,S,0,,MM
06/05/2020,76,Rubus,S,1,,MM
06/05/2020,76,Mapleleaf Viburnum,S,0,,MM
6/2/2020,77,Buckthorn,N,0,N side out of plot,J.N.B
6/2/2020,77,Multiflora Rose,N,1,,J.N.B
6/2/2020,77,Honeysuckle,N,0,,J.N.B
6/2/2020,77,Privot,N,0,,J.N.B
6/2/2020,77,Spicebush,N,0,,J.N.B
6/2/2020,77,Rubus,N,1,,J.N.B
6/2/2020,77,Mapleleaf Viburnum,N,0,,J.N.B
6/2/2020,77,Buckthorn,S,1,,J.N.B
6/2/2020,77,Multiflora Rose,S,1,,J.N.B
6/2/2020,77,Honeysuckle,S,0,,J.N.B
6/2/2020,77,Privot,S,0,,J.N.B
6/2/2020,77,Spicebush,S,2,,J.N.B
6/2/2020,77,Rubus,S,1,,J.N.B
6/2/2020,77,Mapleleaf Viburnum,S,0,,J.N.B
5/28/2020,78,Buckthorn,N,1,,MR
5/28/2020,78,Multiflora rose,N,1,,MR
5/28/2020,78,Honeysuckle,N,0,,MR
5/28/2020,78,Privot,N,0,,MR
5/28/2020,78,Spicebush,N,0,,MR
5/28/2020,78,Rubus,N,1,,MR
5/28/2020,78,Mapleleaf Viburnum,N,0,,MR
5/28/2020,78,Buckthorn,S,1,,MR
5/28/2020,78,Multiflora rose,S,0,,MR
5/28/2020,78,Honeysuckle,S,0,,MR
5/28/2020,78,Privot,S,0,,MR
5/28/2020,78,Spicebush,S,0,,MR
5/28/2020,78,Rubus,S,1,,MR
5/28/2020,78,Mapleleaf Viburnum,S,0,,MR
06/05/2020,79,Buckthorn,N,2,,MM
06/05/2020,79,Multiflora Rose ,N,3,,MM
06/05/2020,79,Honeysuckle,N,0,,MM
06/05/2020,79,Privot,N,0,,MM
06/05/2020,79,Spicebush,N,0,,MM
06/05/2020,79,Rubus,N,0,,MM
06/05/2020,79,Mapleleaf Viburnum,N,0,,MM
06/05/2020,79,Buckthorn,S,1,,MM
06/05/2020,79,Multiflora Rose ,S,2,,MM
06/05/2020,79,Honeysuckle,S,1,,MM
06/05/2020,79,Privot,S,0,,MM
06/05/2020,79,Spicebush,S,0,,MM
06/05/2020,79,Rubus,S,0,,MM
06/05/2020,79,Mapleleaf Viburnum,S,0,,MM
6/8/2020,80,Buckthorn,N,1,,CL
6/8/2020,80,Multiflora rose,N,0,,CL
6/8/2020,80,Honeysuckle,N,0,,CL
6/8/2020,80,Privot,N,0,,CL
6/8/2020,80,Spicebush,N,0,,CL
6/8/2020,80,Rubus,N,0,,CL
6/8/2020,80,Mapleleaf Vibernum ,N,2,,CL
6/8/2020,80,Buckthorn,S,1,,CL
6/8/2020,80,Multiflora rose,S,0,,CL
6/8/2020,80,Honeysuckle,S,0,,CL
6/8/2020,80,Privot,S,0,,CL
6/8/2020,80,Spicebush,S,0,,CL
6/8/2020,80,Rubus,S,0,,CL
6/8/2020,80,Mapleleaf Vibernum ,S,2,,CL
6/8/2020,81,Buckthorn,N,1,,CL
6/8/2020,81,Multiflora rose,N,0,,CL
6/8/2020,81,Honeysuckle,N,0,,CL
6/8/2020,81,Privot,N,0,,CL
6/8/2020,81,Spicebush,N,0,,CL
6/8/2020,81,Rubus,N,0,,CL
6/8/2020,81,Mapleleaf Vibernum ,N,1,,CL
6/8/2020,81,Buckthorn,S,0,,CL
6/8/2020,81,Multiflora rose,S,0,,CL
6/8/2020,81,Honeysuckle,S,0,,CL
6/8/2020,81,Privot,S,0,,CL
6/8/2020,81,Spicebush,S,0,,CL
6/8/2020,81,Rubus,S,0,,CL
6/8/2020,81,Mapleleaf Vibernum ,S,0,,CL
6/8/2020,82,Buckthorn,N,1,,CL
6/8/2020,82,Multiflora rose,N,0,,CL
6/8/2020,82,Honeysuckle,N,0,,CL
6/8/2020,82,Privot,N,0,,CL
6/8/2020,82,Spicebush,N,0,,CL
6/8/2020,82,Rubus,N,0,,CL
6/8/2020,82,Mapleleaf Vibernum ,N,0,,CL
6/8/2020,82,Buckthorn,S,1,,CL
6/8/2020,82,Multiflora rose,S,0,,CL
6/8/2020,82,Honeysuckle,S,0,,CL
6/8/2020,82,Privot,S,0,,CL
6/8/2020,82,Spicebush,S,0,,CL
6/8/2020,82,Rubus,S,0,,CL
6/8/2020,82,Mapleleaf Vibernum ,S,0,,CL
6/8/2020,83,Buckthorn,N,1,,CL
6/8/2020,83,Multiflora rose,N,0,,CL
6/8/2020,83,Honeysuckle,N,0,,CL
6/8/2020,83,Privot,N,0,,CL
6/8/2020,83,Spicebush,N,0,,CL
6/8/2020,83,Rubus,N,2,,CL
6/8/2020,83,Mapleleaf Vibernum ,N,0,,CL
6/8/2020,83,Buckthorn,S,1,,CL
6/8/2020,83,Multiflora rose,S,0,,CL
6/8/2020,83,Honeysuckle,S,0,,CL
6/8/2020,83,Privot,S,0,,CL
6/8/2020,83,Spicebush,S,0,,CL
6/8/2020,83,Rubus,S,1,,CL
6/8/2020,83,Mapleleaf Vibernum ,S,0,,CL
6/8/2020,84,Buckthorn,N,2,,CL
6/8/2020,84,Multiflora rose,N,3,,CL
6/8/2020,84,Honeysuckle,N,0,,CL
6/8/2020,84,Privot,N,0,,CL
6/8/2020,84,Spicebush,N,0,,CL
6/8/2020,84,Rubus,N,2,,CL
6/8/2020,84,Mapleleaf Vibernum ,N,0,,CL
6/8/2020,84,Buckthorn,S,2,,CL
6/8/2020,84,Multiflora rose,S,0,,CL
6/8/2020,84,Honeysuckle,S,2,,CL
6/8/2020,84,Privot,S,0,,CL
6/8/2020,84,Spicebush,S,0,,CL
6/8/2020,84,Rubus,S,0,,CL
6/8/2020,84,Mapleleaf Vibernum ,S,0,,CL
6/8/2020,86,Buckthorn,N,1,,CL
6/8/2020,86,Multiflora rose,N,0,,CL
6/8/2020,86,Honeysuckle,N,0,,CL
6/8/2020,86,Privot,N,0,,CL
6/8/2020,86,Spicebush,N,0,,CL
6/8/2020,86,Rubus,N,0,,CL
6/8/2020,86,Mapleleaf Vibernum ,N,1,,CL
6/8/2020,86,Buckthorn,S,1,,CL
6/8/2020,86,Multiflora rose,S,1,,CL
6/8/2020,86,Honeysuckle,S,0,,CL
6/8/2020,86,Privot,S,0,,CL
6/8/2020,86,Spicebush,S,0,,CL
6/8/2020,86,Rubus,S,0,,CL
6/8/2020,86,Mapleleaf Vibernum ,S,2,,CL
6/8/2020,87,Buckthorn,N,1,,CL
6/8/2020,87,Multiflora rose,N,0,,CL
6/8/2020,87,Honeysuckle,N,0,,CL
6/8/2020,87,Privot,N,0,,CL
6/8/2020,87,Spicebush,N,0,,CL
6/8/2020,87,Rubus,N,0,,CL
6/8/2020,87,Mapleleaf Vibernum ,N,2,,CL
6/8/2020,87,Buckthorn,S,1,,CL
6/8/2020,87,Multiflora rose,S,0,,CL
6/8/2020,87,Honeysuckle,S,0,,CL
6/8/2020,87,Privot,S,0,,CL
6/8/2020,87,Spicebush,S,0,,CL
6/8/2020,87,Rubus,S,0,,CL
6/8/2020,87,Mapleleaf Vibernum ,S,0,,CL
6/8/2020,88,Buckthorn,N,2,,CL
6/8/2020,88,Multiflora rose,N,3,,CL
6/8/2020,88,Honeysuckle,N,0,,CL
6/8/2020,88,Privot,N,0,,CL
6/8/2020,88,Spicebush,N,0,,CL
6/8/2020,88,Rubus,N,1,,CL
6/8/2020,88,Mapleleaf Vibernum ,N,0,,CL
6/8/2020,88,Buckthorn,S,2,,CL
6/8/2020,88,Multiflora rose,S,4,,CL
6/8/2020,88,Honeysuckle,S,0,,CL
6/8/2020,88,Privot,S,0,,CL
6/8/2020,88,Spicebush,S,0,,CL
6/8/2020,88,Rubus,S,0,,CL
6/8/2020,88,Mapleleaf Vibernum ,S,0,,CL
6/8/2020,89,Buckthorn,N,2,,CL
6/8/2020,89,Multiflora rose,N,0,,CL
6/8/2020,89,Honeysuckle,N,1,,CL
6/8/2020,89,Privot,N,0,,CL
6/8/2020,89,Spicebush,N,0,,CL
6/8/2020,89,Rubus,N,0,,CL
6/8/2020,89,Mapleleaf Vibernum ,N,0,,CL
6/8/2020,89,Buckthorn,S,2,,CL
6/8/2020,89,Multiflora rose,S,0,,CL
6/8/2020,89,Honeysuckle,S,0,,CL
6/8/2020,89,Privot,S,0,,CL
6/8/2020,89,Spicebush,S,0,,CL
6/8/2020,89,Rubus,S,1,,CL
6/8/2020,89,Mapleleaf Vibernum ,S,0,,CL
6/8/2020,90,Buckthorn,N,1,,CL
6/8/2020,90,Multiflora rose,N,0,,CL
6/8/2020,90,Honeysuckle,N,0,,CL
6/8/2020,90,Privot,N,0,,CL
6/8/2020,90,Spicebush,N,0,,CL
6/8/2020,90,Rubus,N,0,,CL
6/8/2020,90,Mapleleaf Vibernum ,N,0,,CL
6/8/2020,90,Buckthorn,S,1,,CL
6/8/2020,90,Multiflora rose,S,0,,CL
6/8/2020,90,Honeysuckle,S,0,,CL
6/8/2020,90,Privot,S,0,,CL
6/8/2020,90,Spicebush,S,0,,CL
6/8/2020,90,Rubus,S,0,,CL
6/8/2020,90,Mapleleaf Vibernum ,S,0,,CL
6/8/2020,91,Buckthorn,N,1,,CL
6/8/2020,91,Multiflora rose,N,0,,CL
6/8/2020,91,Honeysuckle,N,0,,CL
6/8/2020,91,Privot,N,0,,CL
6/8/2020,91,Spicebush,N,0,,CL
6/8/2020,91,Rubus,N,0,,CL
6/8/2020,91,Mapleleaf Vibernum ,N,0,,CL
6/8/2020,91,Buckthorn,S,1,,CL
6/8/2020,91,Multiflora rose,S,1,,CL
6/8/2020,91,Honeysuckle,S,0,,CL
6/8/2020,91,Privot,S,0,,CL
6/8/2020,91,Spicebush,S,0,,CL
6/8/2020,91,Rubus,S,0,,CL
6/8/2020,91,Mapleleaf Vibernum ,S,0,,CL
6/8/2020,92,Buckthorn,N,2,North side in IC-TSI-19-M,CL
6/8/2020,92,Multiflora rose,N,3,,CL
6/8/2020,92,Honeysuckle,N,0,,CL
6/8/2020,92,Privot,N,0,,CL
6/8/2020,92,Spicebush,N,1,,CL
6/8/2020,92,Rubus,N,2,,CL
6/8/2020,92,Mapleleaf Vibernum ,N,1,,CL
6/8/2020,92,Buckthorn,S,2,,CL
6/8/2020,92,Multiflora rose,S,2,,CL
6/8/2020,92,Honeysuckle,S,0,,CL
6/8/2020,92,Privot,S,0,,CL
6/8/2020,92,Spicebush,S,0,,CL
6/8/2020,92,Rubus,S,1,,CL
6/8/2020,92,Mapleleaf Vibernum ,S,0,,CL
6/8/2020,93,Buckthorn,N,2,,CL
6/8/2020,93,Multiflora rose,N,2,,CL
6/8/2020,93,Honeysuckle,N,0,,CL
6/8/2020,93,Privot,N,0,,CL
6/8/2020,93,Spicebush,N,0,,CL
6/8/2020,93,Rubus,N,0,,CL
6/8/2020,93,Mapleleaf Vibernum ,N,1,,CL
6/8/2020,93,Buckthorn,S,2,,CL
6/8/2020,93,Multiflora rose,S,3,,CL
6/8/2020,93,Honeysuckle,S,0,,CL
6/8/2020,93,Privot,S,0,,CL
6/8/2020,93,Spicebush,S,0,,CL
6/8/2020,93,Rubus,S,0,,CL
6/8/2020,93,Mapleleaf Vibernum ,S,0,,CL
06/05/2020,94,Buckthorn,N,2,,MM
06/05/2020,94,Multiflora Rose ,N,4,,MM
06/05/2020,94,Honeysuckle,N,0,,MM
06/05/2020,94,Privot,N,0,,MM
06/05/2020,94,Spicebush,N,0,,MM
06/05/2020,94,Rubus,N,1,,MM
06/05/2020,94,Mapleleaf Viburnum,N,1,,MM
06/05/2020,94,Buckthorn,S,2,,MM
06/05/2020,94,Multiflora Rose ,S,4,,MM
06/05/2020,94,Honeysuckle,S,0,,MM
06/05/2020,94,Privot,S,0,,MM
06/05/2020,94,Spicebush,S,0,,MM
06/05/2020,94,Rubus,S,1,,MM
06/05/2020,94,Mapleleaf Viburnum,S,1,,MM
06/05/2020,95,Buckthorn,N,1,,MM
06/05/2020,95,Multiflora Rose ,N,3,,MM
06/05/2020,95,Honeysuckle,N,2,,MM
06/05/2020,95,Privot,N,0,,MM
06/05/2020,95,Spicebush,N,0,,MM
06/05/2020,95,Rubus,N,0,,MM
06/05/2020,95,Mapleleaf Viburnum,N,0,,MM
06/05/2020,95,Buckthorn,S,1,,MM
06/05/2020,95,Multiflora Rose ,S,4,,MM
06/05/2020,95,Honeysuckle,S,0,,MM
06/05/2020,95,Privot,S,0,,MM
06/05/2020,95,Spicebush,S,0,,MM
06/05/2020,95,Rubus,S,1,,MM
06/05/2020,95,Mapleleaf Viburnum,S,1,,MM
06/05/2020,96,Buckthorn,N,1,,MM
06/05/2020,96,Multiflora Rose ,N,4,,MM
06/05/2020,96,Honeysuckle,N,0,,MM
06/05/2020,96,Privot,N,1,,MM
06/05/2020,96,Spicebush,N,0,,MM
06/05/2020,96,Rubus,N,2,,MM
06/05/2020,96,Mapleleaf Viburnum,N,0,,MM
06/05/2020,96,Buckthorn,S,1,,MM
06/05/2020,96,Multiflora Rose ,S,4,,MM
06/05/2020,96,Honeysuckle,S,0,,MM
06/05/2020,96,Privot,S,0,,MM
06/05/2020,96,Spicebush,S,0,,MM
06/05/2020,96,Rubus,S,1,,MM
06/05/2020,96,Mapleleaf Viburnum,S,0,,MM
6/8/2020,97,Buckthorn,N,2,,CL
6/8/2020,97,Multiflora rose,N,1,,CL
6/8/2020,97,Honeysuckle,N,0,,CL
6/8/2020,97,Privot,N,0,,CL
6/8/2020,97,Spicebush,N,0,,CL
6/8/2020,97,Rubus,N,1,,CL
6/8/2020,97,Mapleleaf Vibernum ,N,0,,CL
6/8/2020,97,Buckthorn,S,1,,CL
6/8/2020,97,Multiflora rose,S,2,,CL
6/8/2020,97,Honeysuckle,S,0,,CL
6/8/2020,97,Privot,S,0,,CL
6/8/2020,97,Spicebush,S,0,,CL
6/8/2020,97,Rubus,S,1,,CL
6/8/2020,97,Mapleleaf Vibernum ,S,0,,CL
6/8/2020,98,Buckthorn,N,2,,CL
6/8/2020,98,Multiflora rose,N,1,,CL
6/8/2020,98,Honeysuckle,N,0,,CL
6/8/2020,98,Privot,N,0,,CL
6/8/2020,98,Spicebush,N,0,,CL
6/8/2020,98,Rubus,N,2,,CL
6/8/2020,98,Mapleleaf Vibernum ,N,0,,CL
6/8/2020,98,Buckthorn,S,1,,CL
6/8/2020,98,Multiflora rose,S,1,,CL
6/8/2020,98,Honeysuckle,S,0,,CL
6/8/2020,98,Privot,S,0,,CL
6/8/2020,98,Spicebush,S,0,,CL
6/8/2020,98,Rubus,S,1,,CL
6/8/2020,98,Mapleleaf Vibernum ,S,0,,CL
6/8/2020,99,Buckthorn,N,2,,CL
6/8/2020,99,Multiflora rose,N,2,,CL
6/8/2020,99,Honeysuckle,N,0,,CL
6/8/2020,99,Privot,N,0,,CL
6/8/2020,99,Spicebush,N,0,,CL
6/8/2020,99,Rubus,N,1,,CL
6/8/2020,99,Mapleleaf Vibernum ,N,0,,CL
6/8/2020,99,Buckthorn,S,1,,CL
6/8/2020,99,Multiflora rose,S,2,,CL
6/8/2020,99,Honeysuckle,S,0,,CL
6/8/2020,99,Privot,S,0,,CL
6/8/2020,99,Spicebush,S,0,,CL
6/8/2020,99,Rubus,S,1,,CL
6/8/2020,99,Mapleleaf Vibernum ,S,1,,CL
6/8/2020,100,Buckthorn,N,0,,CL
6/8/2020,100,Multiflora rose,N,0,,CL
6/8/2020,100,Honeysuckle,N,0,,CL
6/8/2020,100,Privot,N,0,,CL
6/8/2020,100,Spicebush,N,0,,CL
6/8/2020,100,Rubus,N,0,,CL
6/8/2020,100,Mapleleaf Vibernum ,N,0,,CL
6/8/2020,100,Buckthorn,S,0,,CL
6/8/2020,100,Multiflora rose,S,0,,CL
6/8/2020,100,Honeysuckle,S,0,,CL
6/8/2020,100,Privot,S,0,,CL
6/8/2020,100,Spicebush,S,0,,CL
6/8/2020,100,Rubus,S,0,,CL
6/8/2020,100,Mapleleaf Vibernum ,S,0,,CL
06/05/2020,101,Buckthorn,N,0,,MM
06/05/2020,101,Multiflora Rose ,N,6,six,MM
06/05/2020,101,Honeysuckle,N,0,,MM
06/05/2020,101,Privot,N,0,,MM
06/05/2020,101,Spicebush,N,0,,MM
06/05/2020,101,Rubus,N,2,,MM
06/05/2020,101,Mapleleaf Viburnum,N,0,,MM
06/05/2020,101,Buckthorn,S,0,,MM
06/05/2020,101,Multiflora Rose ,S,4,,MM
06/05/2020,101,Honeysuckle,S,0,,MM
06/05/2020,101,Privot,S,0,,MM
06/05/2020,101,Spicebush,S,0,,MM
06/05/2020,101,Rubus,S,1,,MM
06/05/2020,101,Mapleleaf Viburnum,S,0,,MM
6/9/2020,102,Buckthorn,N,1,,CL
6/9/2020,102,Multiflora rose,N,4,,CL
6/9/2020,102,Honeysuckle,N,1,,CL
6/9/2020,102,Privot,N,0,,CL
6/9/2020,102,Spicebush,N,0,,CL
6/9/2020,102,Rubus,N,1,,CL
6/9/2020,102,Mapleleaf Vibernum ,N,1,,CL
6/9/2020,102,Buckthorn,S,1,,CL
6/9/2020,102,Multiflora rose,S,3,,CL
6/9/2020,102,Honeysuckle,S,2,,CL
6/9/2020,102,Privot,S,0,,CL
6/9/2020,102,Spicebush,S,0,,CL
6/9/2020,102,Rubus,S,1,,CL
6/9/2020,102,Mapleleaf Vibernum ,S,0,,CL
6/8/2020,103,Buckthorn,N,1,,CL
6/8/2020,103,Multiflora rose,N,3,,CL
6/8/2020,103,Honeysuckle,N,0,,CL
6/8/2020,103,Privot,N,0,,CL
6/8/2020,103,Spicebush,N,0,,CL
6/8/2020,103,Rubus,N,0,,CL
6/8/2020,103,Mapleleaf Vibernum ,N,0,,CL
6/8/2020,103,Buckthorn,S,1,,CL
6/8/2020,103,Multiflora rose,S,2,,CL
6/8/2020,103,Honeysuckle,S,0,,CL
6/8/2020,103,Privot,S,0,,CL
6/8/2020,103,Spicebush,S,0,,CL
6/8/2020,103,Rubus,S,1,,CL
6/8/2020,103,Mapleleaf Vibernum ,S,0,,CL
6/8/2020,104,Buckthorn,N,1,,CL
6/8/2020,104,Multiflora rose,N,2,,CL
6/8/2020,104,Honeysuckle,N,0,,CL
6/8/2020,104,Privot,N,0,,CL
6/8/2020,104,Spicebush,N,0,,CL
6/8/2020,104,Rubus,N,1,,CL
6/8/2020,104,Mapleleaf Vibernum ,N,0,,CL
6/8/2020,104,Buckthorn,S,1,,CL
6/8/2020,104,Multiflora rose,S,3,,CL
6/8/2020,104,Honeysuckle,S,1,,CL
6/8/2020,104,Privot,S,0,,CL
6/8/2020,104,Spicebush,S,0,,CL
6/8/2020,104,Rubus,S,1,,CL
6/8/2020,104,Mapleleaf Vibernum ,S,0,,CL
6/9/2020,105,Buckthorn,N,1,,CL
6/9/2020,105,Multiflora rose,N,4,,CL
6/9/2020,105,Honeysuckle,N,1,,CL
6/9/2020,105,Privot,N,0,,CL
6/9/2020,105,Spicebush,N,1,,CL
6/9/2020,105,Rubus,N,1,,CL
6/9/2020,105,Mapleleaf Vibernum ,N,0,,CL
6/9/2020,105,Buckthorn,S,1,,CL
6/9/2020,105,Multiflora rose,S,5,,CL
6/9/2020,105,Honeysuckle,S,0,,CL
6/9/2020,105,Privot,S,0,,CL
6/9/2020,105,Spicebush,S,0,,CL
6/9/2020,105,Rubus,S,1,,CL
6/9/2020,105,Mapleleaf Vibernum ,S,0,,CL
6/8/2020,106,Buckthorn,N,1,,CL
6/8/2020,106,Multiflora rose,N,4,,CL
6/8/2020,106,Honeysuckle,N,1,,CL
6/8/2020,106,Privot,N,0,,CL
6/8/2020,106,Spicebush,N,0,,CL
6/8/2020,106,Rubus,N,1,,CL
6/8/2020,106,Mapleleaf Vibernum ,N,0,,CL
6/8/2020,106,Buckthorn,S,1,,CL
6/8/2020,106,Multiflora rose,S,5,,CL
6/8/2020,106,Honeysuckle,S,1,,CL
6/8/2020,106,Privot,S,0,,CL
6/8/2020,106,Spicebush,S,0,,CL
6/8/2020,106,Rubus,S,1,,CL
6/8/2020,106,Mapleleaf Vibernum ,S,0,,CL
6/8/2020,107,Buckthorn,N,2,,CL
6/8/2020,107,Multiflora rose,N,3,,CL
6/8/2020,107,Honeysuckle,N,1,,CL
6/8/2020,107,Privot,N,0,,CL
6/8/2020,107,Spicebush,N,0,,CL
6/8/2020,107,Rubus,N,1,,CL
6/8/2020,107,Mapleleaf Vibernum ,N,0,,CL
6/8/2020,107,Buckthorn,S,1,,CL
6/8/2020,107,Multiflora rose,S,3,,CL
6/8/2020,107,Honeysuckle,S,0,,CL
6/8/2020,107,Privot,S,0,,CL
6/8/2020,107,Spicebush,S,0,,CL
6/8/2020,107,Rubus,S,1,,CL
6/8/2020,107,Mapleleaf Vibernum ,S,0,,CL
6/8/2020,108,Buckthorn,N,1,,CL
6/8/2020,108,Multiflora rose,N,4,,CL
6/8/2020,108,Honeysuckle,N,1,,CL
6/8/2020,108,Privot,N,0,,CL
6/8/2020,108,Spicebush,N,0,,CL
6/8/2020,108,Rubus,N,1,,CL
6/8/2020,108,Mapleleaf Vibernum ,N,0,,CL
6/8/2020,108,Buckthorn,S,0,,CL
6/8/2020,108,Multiflora rose,S,4,,CL
6/8/2020,108,Honeysuckle,S,1,,CL
6/8/2020,108,Privot,S,0,,CL
6/8/2020,108,Spicebush,S,0,,CL
6/8/2020,108,Rubus,S,2,,CL
6/8/2020,108,Mapleleaf Vibernum ,S,0,,CL
6/9/2020,109,Buckthorn,N,2,,CL
6/9/2020,109,Multiflora rose,N,2,,CL
6/9/2020,109,Honeysuckle,N,1,,CL
6/9/2020,109,Privot,N,2,,CL
6/9/2020,109,Spicebush,N,0,,CL
6/9/2020,109,Rubus,N,1,,CL
6/9/2020,109,Mapleleaf Vibernum ,N,0,,CL
6/9/2020,109,Buckthorn,S,1,,CL
6/9/2020,109,Multiflora rose,S,3,,CL
6/9/2020,109,Honeysuckle,S,1,,CL
6/9/2020,109,Privot,S,0,,CL
6/9/2020,109,Spicebush,S,0,,CL
6/9/2020,109,Rubus,S,2,,CL
6/9/2020,109,Mapleleaf Vibernum ,S,0,,CL
06/05/2020,110,Buckthorn,N,0,,MM
06/05/2020,110,Multiflora Rose ,N,4,,MM
06/05/2020,110,Honeysuckle,N,0,,MM
06/05/2020,110,Privot,N,2,,MM
06/05/2020,110,Spicebush,N,0,,MM
06/05/2020,110,Rubus,N,2,,MM
06/05/2020,110,Mapleleaf Viburnum,N,0,,MM
06/05/2020,110,Buckthorn,S,1,,MM
06/05/2020,110,Multiflora Rose ,S,3,,MM
06/05/2020,110,Honeysuckle,S,0,,MM
06/05/2020,110,Privot,S,1,,MM
06/05/2020,110,Spicebush,S,0,,MM
06/05/2020,110,Rubus,S,2,,MM
06/05/2020,110,Mapleleaf Viburnum,S,0,,MM
6/8/2020,111,Buckthorn,N,1,,CL
6/8/2020,111,Multiflora rose,N,1,,CL
6/8/2020,111,Honeysuckle,N,0,,CL
6/8/2020,111,Privot,N,0,,CL
6/8/2020,111,Spicebush,N,0,,CL
6/8/2020,111,Rubus,N,0,,CL
6/8/2020,111,Mapleleaf Vibernum ,N,0,,CL
6/8/2020,111,Buckthorn,S,0,,CL
6/8/2020,111,Multiflora rose,S,1,,CL
6/8/2020,111,Honeysuckle,S,0,,CL
6/8/2020,111,Privot,S,1,,CL
6/8/2020,111,Spicebush,S,0,,CL
6/8/2020,111,Rubus,S,1,,CL
6/8/2020,111,Mapleleaf Vibernum ,S,0,,CL
6/8/2020,112,Buckthorn,N,1,,CL
6/8/2020,112,Multiflora rose,N,4,,CL
6/8/2020,112,Honeysuckle,N,0,,CL
6/8/2020,112,Privot,N,0,,CL
6/8/2020,112,Spicebush,N,0,,CL
6/8/2020,112,Rubus,N,1,,CL
6/8/2020,112,Mapleleaf Vibernum ,N,1,,CL
6/8/2020,112,Buckthorn,S,1,,CL
6/8/2020,112,Multiflora rose,S,4,,CL
6/8/2020,112,Honeysuckle,S,1,,CL
6/8/2020,112,Privot,S,0,,CL
6/8/2020,112,Spicebush,S,0,,CL
6/8/2020,112,Rubus,S,1,,CL
6/8/2020,112,Mapleleaf Vibernum ,S,0,,CL
06/05/2020,113,Buckthorn,N,1,,MM
06/05/2020,113,Multiflora Rose ,N,2,,MM
06/05/2020,113,Honeysuckle,N,0,,MM
06/05/2020,113,Privot,N,0,,MM
06/05/2020,113,Spicebush,N,1,,MM
06/05/2020,113,Rubus,N,1,,MM
06/05/2020,113,Mapleleaf Viburnum,N,0,,MM
06/05/2020,113,Buckthorn,S,1,,MM
06/05/2020,113,Multiflora Rose ,S,3,,MM
06/05/2020,113,Honeysuckle,S,0,,MM
06/05/2020,113,Privot,S,0,,MM
06/05/2020,113,Spicebush,S,0,,MM
06/05/2020,113,Rubus,S,0,,MM
06/05/2020,113,Mapleleaf Viburnum,S,0,,MM
6/8/2020,114,Buckthorn,N,1,,CL
6/8/2020,114,Multiflora rose,N,2,,CL
6/8/2020,114,Honeysuckle,N,0,,CL
6/8/2020,114,Privot,N,0,,CL
6/8/2020,114,Spicebush,N,0,,CL
6/8/2020,114,Rubus,N,1,,CL
6/8/2020,114,Mapleleaf Vibernum ,N,0,,CL
6/8/2020,114,Buckthorn,S,1,,CL
6/8/2020,114,Multiflora rose,S,1,,CL
6/8/2020,114,Honeysuckle,S,0,,CL
6/8/2020,114,Privot,S,0,,CL
6/8/2020,114,Spicebush,S,1,,CL
6/8/2020,114,Rubus,S,0,,CL
6/8/2020,114,Mapleleaf Vibernum ,S,0,,CL
6/9/2020,115,Buckthorn,N,1,,CL
6/9/2020,115,Multiflora rose,N,0,,CL
6/9/2020,115,Honeysuckle,N,0,,CL
6/9/2020,115,Privot,N,0,,CL
6/9/2020,115,Spicebush,N,0,,CL
6/9/2020,115,Rubus,N,1,,CL
6/9/2020,115,Mapleleaf Vibernum ,N,1,,CL
6/9/2020,115,Buckthorn,S,1,,CL
6/9/2020,115,Multiflora rose,S,0,,CL
6/9/2020,115,Honeysuckle,S,1,,CL
6/9/2020,115,Privot,S,0,,CL
6/9/2020,115,Spicebush,S,0,,CL
6/9/2020,115,Rubus,S,1,,CL
6/9/2020,115,Mapleleaf Vibernum ,S,1,,CL
06/05/2020,116,Buckthorn,N,1,,MM
06/05/2020,116,Multiflora Rose ,N,5,,MM
06/05/2020,116,Honeysuckle,N,0,,MM
06/05/2020,116,Privot,N,0,,MM
06/05/2020,116,Spicebush,N,0,,MM
06/05/2020,116,Rubus,N,1,,MM
06/05/2020,116,Mapleleaf Viburnum,N,0,,MM
06/05/2020,116,Buckthorn,S,1,,MM
06/05/2020,116,Multiflora Rose ,S,3,,MM
06/05/2020,116,Honeysuckle,S,0,,MM
06/05/2020,116,Privot,S,0,,MM
06/05/2020,116,Spicebush,S,0,,MM
06/05/2020,116,Rubus,S,1,,MM
06/05/2020,116,Mapleleaf Viburnum,S,0,,MM
6/9/2020,117,Buckthorn,N,1,,CL
6/9/2020,117,Multiflora rose,N,3,,CL
6/9/2020,117,Honeysuckle,N,1,,CL
6/9/2020,117,Privot,N,0,,CL
6/9/2020,117,Spicebush,N,0,,CL
6/9/2020,117,Rubus,N,1,,CL
6/9/2020,117,Mapleleaf Vibernum ,N,0,,CL
6/9/2020,117,Buckthorn,S,2,,CL
6/9/2020,117,Multiflora rose,S,2,,CL
6/9/2020,117,Honeysuckle,S,1,,CL
6/9/2020,117,Privot,S,1,,CL
6/9/2020,117,Spicebush,S,0,,CL
6/9/2020,117,Rubus,S,1,,CL
6/9/2020,117,Mapleleaf Vibernum ,S,0,,CL
6/9/2020,118,Buckthorn,N,1,,CL
6/9/2020,118,Multiflora rose,N,2,,CL
6/9/2020,118,Honeysuckle,N,1,,CL
6/9/2020,118,Privot,N,0,,CL
6/9/2020,118,Spicebush,N,0,,CL
6/9/2020,118,Rubus,N,1,,CL
6/9/2020,118,Mapleleaf Vibernum ,N,0,,CL
6/9/2020,118,Buckthorn,S,1,,CL
6/9/2020,118,Multiflora rose,S,1,,CL
6/9/2020,118,Honeysuckle,S,0,,CL
6/9/2020,118,Privot,S,0,,CL
6/9/2020,118,Spicebush,S,0,,CL
6/9/2020,118,Rubus,S,1,,CL
6/9/2020,118,Mapleleaf Vibernum ,S,0,,CL
6/9/2020,119,Buckthorn,N,1,,CL
6/9/2020,119,Multiflora rose,N,2,,CL
6/9/2020,119,Honeysuckle,N,2,,CL
6/9/2020,119,Privot,N,0,,CL
6/9/2020,119,Spicebush,N,0,,CL
6/9/2020,119,Rubus,N,0,,CL
6/9/2020,119,Mapleleaf Vibernum ,N,0,,CL
6/9/2020,119,Buckthorn,S,1,,CL
6/9/2020,119,Multiflora rose,S,1,,CL
6/9/2020,119,Honeysuckle,S,0,,CL
6/9/2020,119,Privot,S,0,,CL
6/9/2020,119,Spicebush,S,0,,CL
6/9/2020,119,Rubus,S,2,,CL
6/9/2020,119,Mapleleaf Vibernum ,S,0,,CL
6/8/2020,120,Buckthorn,N,1,,CL
6/8/2020,120,Multiflora rose,N,2,,CL
6/8/2020,120,Honeysuckle,N,0,,CL
6/8/2020,120,Privot,N,0,,CL
6/8/2020,120,Spicebush,N,0,,CL
6/8/2020,120,Rubus,N,0,,CL
6/8/2020,120,Mapleleaf Vibernum ,N,0,,CL
6/8/2020,120,Buckthorn,S,0,,CL
6/8/2020,120,Multiflora rose,S,3,,CL
6/8/2020,120,Honeysuckle,S,1,,CL
6/8/2020,120,Privot,S,0,,CL
6/8/2020,120,Spicebush,S,0,,CL
6/8/2020,120,Rubus,S,0,,CL
6/8/2020,120,Mapleleaf Vibernum ,S,1,,CL
06/05/2020,121,Buckthorn,N,0,,MM
06/05/2020,121,Multiflora Rose ,N,0,,MM
06/05/2020,121,Honeysuckle,N,0,,MM
06/05/2020,121,Privot,N,0,,MM
06/05/2020,121,Spicebush,N,0,,MM
06/05/2020,121,Rubus,N,0,,MM
06/05/2020,121,Mapleleaf Viburnum,N,0,,MM
06/05/2020,121,Buckthorn,S,1,,MM
06/05/2020,121,Multiflora Rose ,S,0,,MM
06/05/2020,121,Honeysuckle,S,0,,MM
06/05/2020,121,Privot,S,0,,MM
06/05/2020,121,Spicebush,S,0,,MM
06/05/2020,121,Rubus,S,0,,MM
06/05/2020,121,Mapleleaf Viburnum,S,0,,MM
06/05/2020,122,Buckthorn,N,0,,MM
06/05/2020,122,Multiflora Rose ,N,1,,MM
06/05/2020,122,Honeysuckle,N,1,,MM
06/05/2020,122,Privot,N,0,,MM
06/05/2020,122,Spicebush,N,0,,MM
06/05/2020,122,Rubus,N,2,,MM
06/05/2020,122,Mapleleaf Viburnum,N,0,,MM
06/05/2020,122,Buckthorn,S,1,,MM
06/05/2020,122,Multiflora Rose ,S,0,,MM
06/05/2020,122,Honeysuckle,S,0,,MM
06/05/2020,122,Privot,S,2,,MM
06/05/2020,122,Spicebush,S,0,,MM
06/05/2020,122,Rubus,S,2,,MM
06/05/2020,122,Mapleleaf Viburnum,S,0,,MM
06/05/2020,123,Buckthorn,N,0,,MM
06/05/2020,123,Multiflora Rose ,N,0,,MM
06/05/2020,123,Honeysuckle,N,0,,MM
06/05/2020,123,Privot,N,0,,MM
06/05/2020,123,Spicebush,N,0,,MM
06/05/2020,123,Rubus,N,0,,MM
06/05/2020,123,Mapleleaf Viburnum,N,0,,MM
06/05/2020,123,Buckthorn,S,1,,MM
06/05/2020,123,Multiflora Rose ,S,0,,MM
06/05/2020,123,Honeysuckle,S,0,,MM
06/05/2020,123,Privot,S,1,,MM
06/05/2020,123,Spicebush,S,0,,MM
06/05/2020,123,Rubus,S,1,,MM
06/05/2020,123,Mapleleaf Viburnum,S,0,,MM
06/05/2020,124,Buckthorn,N,0,,MM
06/05/2020,124,Multiflora Rose ,N,0,,MM
06/05/2020,124,Honeysuckle,N,0,,MM
06/05/2020,124,Privot,N,1,,MM
06/05/2020,124,Spicebush,N,0,,MM
06/05/2020,124,Rubus,N,1,,MM
06/05/2020,124,Mapleleaf Viburnum,N,0,,MM
06/05/2020,124,Buckthorn,S,1,,MM
06/05/2020,124,Multiflora Rose ,S,2,,MM
06/05/2020,124,Honeysuckle,S,0,,MM
06/05/2020,124,Privot,S,1,,MM
06/05/2020,124,Spicebush,S,0,,MM
06/05/2020,124,Rubus,S,0,,MM
06/05/2020,124,Mapleleaf Viburnum,S,0,,MM
6/8/2020,125,Buckthorn,N,1,,CL
6/8/2020,125,Multiflora rose,N,4,,CL
6/8/2020,125,Honeysuckle,N,1,,CL
6/8/2020,125,Privot,N,0,,CL
6/8/2020,125,Spicebush,N,0,,CL
6/8/2020,125,Rubus,N,1,,CL
6/8/2020,125,Mapleleaf Vibernum ,N,0,,CL
6/8/2020,125,Buckthorn,S,1,,CL
6/8/2020,125,Multiflora rose,S,3,,CL
6/8/2020,125,Honeysuckle,S,1,,CL
6/8/2020,125,Privot,S,0,,CL
6/8/2020,125,Spicebush,S,0,,CL
6/8/2020,125,Rubus,S,1,,CL
6/8/2020,125,Mapleleaf Vibernum ,S,1,,CL
6/4/2020,126,Buckthorn,N,1,,J.N.B
6/4/2020,126,Multiflora Rose,N,0,,J.N.B
6/4/2020,126,Honeysuckle,N,0,,J.N.B
6/4/2020,126,Privot,N,0,,J.N.B
6/4/2020,126,Spicebush,N,0,,J.N.B
6/4/2020,126,Rubus,N,0,,J.N.B
6/4/2020,126,Mapleleaf Viburnum,N,0,,J.N.B
6/4/2020,126,Buckthorn,S,1,,J.N.B
6/4/2020,126,Multiflora Rose,S,1,,J.N.B
6/4/2020,126,Honeysuckle,S,0,,J.N.B
6/4/2020,126,Privot,S,0,,J.N.B
6/4/2020,126,Spicebush,S,0,,J.N.B
6/4/2020,126,Rubus,S,0,,J.N.B
6/4/2020,126,Mapleleaf Viburnum,S,0,,J.N.B
6/4/2020,127,Buckthorn,N,1,,J.N.B
6/4/2020,127,Multiflora Rose,N,2,,J.N.B
6/4/2020,127,Honeysuckle,N,0,,J.N.B
6/4/2020,127,Privot,N,0,,J.N.B
6/4/2020,127,Spicebush,N,0,,J.N.B
6/4/2020,127,Rubus,N,0,,J.N.B
6/4/2020,127,Mapleleaf Viburnum,N,0,,J.N.B
6/4/2020,127,Buckthorn,S,1,,J.N.B
6/4/2020,127,Multiflora Rose,S,2,,J.N.B
6/4/2020,127,Honeysuckle,S,0,,J.N.B
6/4/2020,127,Privot,S,0,,J.N.B
6/4/2020,127,Spicebush,S,0,,J.N.B
6/4/2020,127,Rubus,S,0,,J.N.B
6/4/2020,127,Mapleleaf Viburnum,S,1,,J.N.B
6/4/2020,128,Buckthorn,S,1,,J.N.B
6/4/2020,128,Multiflora Rose,S,1,,J.N.B
6/4/2020,128,Honeysuckle,S,1,,J.N.B
6/4/2020,128,Privot,S,0,,J.N.B
6/4/2020,128,Spicebush,S,0,,J.N.B
6/4/2020,128,Rubus,S,0,,J.N.B
6/4/2020,128,Mapleleaf Viburnum,S,0,,J.N.B
6/4/2020,128,Buckthorn,N,0,,J.N.B
6/4/2020,128,Multiflora Rose,N,0,,J.N.B
6/4/2020,128,Honeysuckle,N,1,,J.N.B
6/4/2020,128,Privot,N,1,,J.N.B
6/4/2020,128,Spicebush,N,0,,J.N.B
6/4/2020,128,Rubus,N,0,,J.N.B
6/4/2020,128,Mapleleaf Viburnum,N,0,,J.N.B
6/4/2020,129,Buckthorn,N,1,,J.N.B
6/4/2020,129,Multiflora Rose,N,1,,J.N.B
6/4/2020,129,Honeysuckle,N,1,,J.N.B
6/4/2020,129,Privot,N,0,,J.N.B
6/4/2020,129,Spicebush,N,0,,J.N.B
6/4/2020,129,Rubus,N,1,,J.N.B
6/4/2020,129,Mapleleaf Viburnum,N,0,,J.N.B
6/4/2020,129,Buckthorn,S,1,,J.N.B
6/4/2020,129,Multiflora Rose,S,2,,J.N.B
6/4/2020,129,Honeysuckle,S,1,,J.N.B
6/4/2020,129,Privot,S,1,,J.N.B
6/4/2020,129,Spicebush,S,0,,J.N.B
6/4/2020,129,Rubus,S,1,,J.N.B
6/4/2020,129,Mapleleaf Viburnum,S,0,,J.N.B
6/4/2020,130,Buckthorn,N,1,,J.N.B
6/4/2020,130,Multiflora Rose,N,2,,J.N.B
6/4/2020,130,Honeysuckle,N,0,,J.N.B
6/4/2020,130,Privot,N,0,,J.N.B
6/4/2020,130,Spicebush,N,0,,J.N.B
6/4/2020,130,Rubus,N,0,,J.N.B
6/4/2020,130,Mapleleaf Viburnum,N,1,,J.N.B
6/4/2020,130,Buckthorn,S,1,,J.N.B
6/4/2020,130,Multiflora Rose,S,1,,J.N.B
6/4/2020,130,Honeysuckle,S,0,,J.N.B
6/4/2020,130,Privot,S,0,,J.N.B
6/4/2020,130,Spicebush,S,0,,J.N.B
6/4/2020,130,Rubus,S,0,,J.N.B
6/4/2020,130,Mapleleaf Viburnum,S,0,,J.N.B
6/4/2020,131,Buckthorn,N,0,,J.N.B
6/4/2020,131,Multiflora Rose,N,1,,J.N.B
6/4/2020,131,Honeysuckle,N,0,,J.N.B
6/4/2020,131,Privot,N,0,,J.N.B
6/4/2020,131,Spicebush,N,0,,J.N.B
6/4/2020,131,Rubus,N,1,,J.N.B
6/4/2020,131,Mapleleaf Viburnum,N,0,,J.N.B
6/4/2020,131,Buckthorn,S,1,,J.N.B
6/4/2020,131,Multiflora Rose,S,3,,J.N.B
6/4/2020,131,Honeysuckle,S,2,,J.N.B
6/4/2020,131,Privot,S,0,,J.N.B
6/4/2020,131,Spicebush,S,0,,J.N.B
6/4/2020,131,Rubus,S,2,,J.N.B
6/4/2020,131,Mapleleaf Viburnum,S,0,,J.N.B
6/4/2020,132,Buckthorn,N,0,,J.N.B
6/4/2020,132,Multiflora Rose,N,0,,J.N.B
6/4/2020,132,Honeysuckle,N,0,,J.N.B
6/4/2020,132,Privot,N,0,,J.N.B
6/4/2020,132,Spicebush,N,0,,J.N.B
6/4/2020,132,Rubus,N,0,,J.N.B
6/4/2020,132,Mapleleaf Viburnum,N,0,,J.N.B
6/4/2020,132,Buckthorn,S,1,,J.N.B
6/4/2020,132,Multiflora Rose,S,0,,J.N.B
6/4/2020,132,Honeysuckle,S,0,,J.N.B
6/4/2020,132,Privot,S,0,,J.N.B
6/4/2020,132,Spicebush,S,1,,J.N.B
6/4/2020,132,Rubus,S,0,,J.N.B
6/4/2020,132,Mapleleaf Viburnum,S,0,,J.N.B
6/9/2020,133,Buckthorn,N,1,,CL
6/9/2020,133,Multiflora rose,N,4,,CL
6/9/2020,133,Honeysuckle,N,1,,CL
6/9/2020,133,Privot,N,0,,CL
6/9/2020,133,Spicebush,N,0,,CL
6/9/2020,133,Rubus,N,2,,CL
6/9/2020,133,Mapleleaf Vibernum ,N,1,,CL
6/9/2020,133,Buckthorn,S,1,,CL
6/9/2020,133,Multiflora rose,S,4,,CL
6/9/2020,133,Honeysuckle,S,0,,CL
6/9/2020,133,Privot,S,0,,CL
6/9/2020,133,Spicebush,S,0,,CL
6/9/2020,133,Rubus,S,1,,CL
6/9/2020,133,Mapleleaf Vibernum ,S,0,,CL
5/28/2020,134,Buckthorn,N,0,,MR
5/28/2020,134,Multiflora rose,N,0,,MR
5/28/2020,134,Honeysuckle,N,0,,MR
5/28/2020,134,Privot,N,0,,MR
5/28/2020,134,Spicebush,N,0,,MR
5/28/2020,134,Rubus,N,0,,MR
5/28/2020,134,Mapleleaf Viburnum,N,0,,MR
5/28/2020,134,Buckthorn,S,0,,MR
5/28/2020,134,Multiflora rose,S,0,,MR
5/28/2020,134,Honeysuckle,S,0,,MR
5/28/2020,134,Privot,S,0,,MR
5/28/2020,134,Spicebush,S,0,,MR
5/28/2020,134,Rubus,S,0,,MR
5/28/2020,134,Mapleleaf Viburnum,S,0,,MR
6/8/2020,135,Buckthorn,N,0,,CL
6/8/2020,135,Multiflora rose,N,0,,CL
6/8/2020,135,Honeysuckle,N,0,,CL
6/8/2020,135,Privot,N,0,,CL
6/8/2020,135,Spicebush,N,0,,CL
6/8/2020,135,Rubus,N,0,,CL
6/8/2020,135,Mapleleaf Vibernum ,N,0,,CL
6/8/2020,135,Buckthorn,S,1,,CL
6/8/2020,135,Multiflora rose,S,0,,CL
6/8/2020,135,Honeysuckle,S,0,,CL
6/8/2020,135,Privot,S,0,,CL
6/8/2020,135,Spicebush,S,0,,CL
6/8/2020,135,Rubus,S,0,,CL
6/8/2020,135,Mapleleaf Vibernum ,S,0,,CL
5/28/2020,136,Buckthorn,N,0,,MR
5/28/2020,136,Multiflora rose,N,0,,MR
5/28/2020,136,Honeysuckle,N,0,,MR
5/28/2020,136,Privot,N,0,,MR
5/28/2020,136,Spicebush,N,0,,MR
5/28/2020,136,Rubus,N,0,,MR
5/28/2020,136,Mapleleaf Viburnum,N,0,,MR
5/28/2020,136,Buckthorn,S,0,,MR
5/28/2020,136,Multiflora rose,S,0,,MR
5/28/2020,136,Honeysuckle,S,0,,MR
5/28/2020,136,Privot,S,0,,MR
5/28/2020,136,Spicebush,S,0,,MR
5/28/2020,136,Rubus,S,0,,MR
5/28/2020,136,Mapleleaf Viburnum,S,0,,MR
5/28/2020,137,Buckthorn,N,0,,MR
5/28/2020,137,Multiflora rose,N,1,,MR
5/28/2020,137,Honeysuckle,N,0,,MR
5/28/2020,137,Privot,N,0,,MR
5/28/2020,137,Spicebush,N,0,,MR
5/28/2020,137,Rubus,N,0,,MR
5/28/2020,137,Mapleleaf Viburnum,N,0,,MR
5/28/2020,137,Buckthorn,S,0,,MR
5/28/2020,137,Multiflora rose,S,1,,MR
5/28/2020,137,Honeysuckle,S,0,,MR
5/28/2020,137,Privot,S,0,,MR
5/28/2020,137,Spicebush,S,0,,MR
5/28/2020,137,Rubus,S,0,,MR
5/28/2020,137,Mapleleaf Viburnum,S,0,,MR
6/4/2020,138,Buckthorn,N,1,,J.N.B
6/4/2020,138,Multiflora Rose,N,0,,J.N.B
6/4/2020,138,Honeysuckle,N,0,,J.N.B
6/4/2020,138,Privot,N,0,,J.N.B
6/4/2020,138,Spicebush,N,0,,J.N.B
6/4/2020,138,Rubus,N,1,,J.N.B
6/4/2020,138,Mapleleaf Viburnum,N,0,,J.N.B
6/4/2020,138,Buckthorn,S,0,,J.N.B
6/4/2020,138,Multiflora Rose,S,0,,J.N.B
6/4/2020,138,Honeysuckle,S,0,,J.N.B
6/4/2020,138,Privot,S,0,,J.N.B
6/4/2020,138,Spicebush,S,0,,J.N.B
6/4/2020,138,Rubus,S,1,,J.N.B
6/4/2020,138,Mapleleaf Viburnum,S,0,,J.N.B
5/28/2020,139,Buckthorn,N,0,,MR
5/28/2020,139,Multiflora rose,N,0,,MR
5/28/2020,139,Honeysuckle,N,0,,MR
5/28/2020,139,Privot,N,0,,MR
5/28/2020,139,Spicebush,N,0,,MR
5/28/2020,139,Rubus,N,0,,MR
5/28/2020,139,Mapleleaf Viburnum,N,0,,MR
5/28/2020,139,Buckthorn,S,0,,MR
5/28/2020,139,Multiflora rose,S,0,,MR
5/28/2020,139,Honeysuckle,S,0,,MR
5/28/2020,139,Privot,S,0,,MR
5/28/2020,139,Spicebush,S,0,,MR
5/28/2020,139,Rubus,S,0,,MR
5/28/2020,139,Mapleleaf Viburnum,S,0,,MR
5/28/2020,140,Buckthorn,N,0,,MR
5/28/2020,140,Multiflora rose,N,1,,MR
5/28/2020,140,Honeysuckle,N,0,,MR
5/28/2020,140,Privot,N,0,,MR
5/28/2020,140,Spicebush,N,0,,MR
5/28/2020,140,Rubus,N,0,,MR
5/28/2020,140,Mapleleaf Viburnum,N,0,,MR
5/28/2020,140,Buckthorn,S,0,,MR
5/28/2020,140,Multiflora rose,S,0,,MR
5/28/2020,140,Honeysuckle,S,0,,MR
5/28/2020,140,Privot,S,0,,MR
5/28/2020,140,Spicebush,S,0,,MR
5/28/2020,140,Rubus,S,0,,MR
5/28/2020,140,Mapleleaf Viburnum,S,0,,MR
5/28/2020,141,Buckthorn,N,0,,MR
5/28/2020,141,Multiflora rose,N,0,,MR
5/28/2020,141,Honeysuckle,N,0,,MR
5/28/2020,141,Privot,N,0,,MR
5/28/2020,141,Spicebush,N,0,,MR
5/28/2020,141,Rubus,N,0,,MR
5/28/2020,141,Mapleleaf Viburnum,N,0,,MR
5/28/2020,141,Buckthorn,S,0,,MR
5/28/2020,141,Multiflora rose,S,0,,MR
5/28/2020,141,Honeysuckle,S,0,,MR
5/28/2020,141,Privot,S,0,,MR
5/28/2020,141,Spicebush,S,0,,MR
5/28/2020,141,Rubus,S,0,,MR
5/28/2020,141,Mapleleaf Viburnum,S,0,,MR
6/9/2020,143,Buckthorn,N,1,,CL
6/9/2020,143,Multiflora rose,N,2,,CL
6/9/2020,143,Honeysuckle,N,1,,CL
6/9/2020,143,Privot,N,0,,CL
6/9/2020,143,Spicebush,N,0,,CL
6/9/2020,143,Rubus,N,1,,CL
6/9/2020,143,Mapleleaf Vibernum ,N,1,,CL
6/9/2020,143,Buckthorn,S,1,,CL
6/9/2020,143,Multiflora rose,S,3,,CL
6/9/2020,143,Honeysuckle,S,0,,CL
6/9/2020,143,Privot,S,0,,CL
6/9/2020,143,Spicebush,S,0,,CL
6/9/2020,143,Rubus,S,1,,CL
6/9/2020,143,Mapleleaf Vibernum ,S,0,,CL
6/1/2020,145,Buckthorn,N,1,,MR
6/1/2020,145,Multiflora rose,N,0,,MR
6/1/2020,145,Honeysuckle,N,0,,MR
6/1/2020,145,Privot,N,0,,MR
6/1/2020,145,Spicebush,N,1,,MR
6/1/2020,145,Rubus,N,0,,MR
6/1/2020,145,Mapleleaf Viburnum,N,0,,MR
6/1/2020,145,Buckthorn,S,1,,MR
6/1/2020,145,Multiflora rose,S,0,,MR
6/1/2020,145,Honeysuckle,S,0,,MR
6/1/2020,145,Privot,S,0,,MR
6/1/2020,145,Spicebush,S,1,,MR
6/1/2020,145,Rubus,S,0,,MR
6/1/2020,145,Mapleleaf Viburnum,S,0,,MR
6/1/2020,146,Buckthorn,N,2,,MR
6/1/2020,146,Multiflora rose,N,3,,MR
6/1/2020,146,Honeysuckle,N,2,,MR
6/1/2020,146,Privot,N,0,,MR
6/1/2020,146,Spicebush,N,1,,MR
6/1/2020,146,Rubus,N,1,,MR
6/1/2020,146,Mapleleaf Viburnum,N,0,,MR
6/1/2020,146,Buckthorn,S,2,,MR
6/1/2020,146,Multiflora rose,S,4,,MR
6/1/2020,146,Honeysuckle,S,1,,MR
6/1/2020,146,Privot,S,0,,MR
6/1/2020,146,Spicebush,S,1,,MR
6/1/2020,146,Rubus,S,1,,MR
6/1/2020,146,Mapleleaf Viburnum,S,0,,MR
6/1/2020,147,Buckthorn,N,1,,MR
6/1/2020,147,Multiflora rose,N,1,,MR
6/1/2020,147,Honeysuckle,N,1,,MR
6/1/2020,147,Privot,N,0,,MR
6/1/2020,147,Spicebush,N,2,,MR
6/1/2020,147,Rubus,N,1,,MR
6/1/2020,147,Mapleleaf Viburnum,N,1,,MR
6/1/2020,147,Buckthorn,S,1,,MR
6/1/2020,147,Multiflora rose,S,2,,MR
6/1/2020,147,Honeysuckle,S,1,,MR
6/1/2020,147,Privot,S,0,,MR
6/1/2020,147,Spicebush,S,1,,MR
6/1/2020,147,Rubus,S,1,,MR
6/1/2020,147,Mapleleaf Viburnum,S,0,,MR
6/1/2020,148,Buckthorn,N,1,,MR
6/1/2020,148,Multiflora rose,N,2,,MR
6/1/2020,148,Honeysuckle,N,1,,MR
6/1/2020,148,Privot,N,0,,MR
6/1/2020,148,Spicebush,N,3,,MR
6/1/2020,148,Rubus,N,1,,MR
6/1/2020,148,Mapleleaf Viburnum,N,0,,MR
6/1/2020,148,Buckthorn,S,1,,MR
6/1/2020,148,Multiflora rose,S,2,,MR
6/1/2020,148,Honeysuckle,S,0,,MR
6/1/2020,148,Privot,S,0,,MR
6/1/2020,148,Spicebush,S,2,,MR
6/1/2020,148,Rubus,S,1,,MR
6/1/2020,148,Mapleleaf Viburnum,S,1,,MR
6/1/2020,149,Buckthorn,N,1,,MR
6/1/2020,149,Multiflora rose,N,4,,MR
6/1/2020,149,Honeysuckle,N,0,,MR
6/1/2020,149,Privot,N,0,,MR
6/1/2020,149,Spicebush,N,1,,MR
6/1/2020,149,Rubus,N,1,,MR
6/1/2020,149,Mapleleaf Viburnum,N,0,,MR
6/1/2020,149,Buckthorn,S,1,,MR
6/1/2020,149,Multiflora rose,S,5,,MR
6/1/2020,149,Honeysuckle,S,0,,MR
6/1/2020,149,Privot,S,0,,MR
6/1/2020,149,Spicebush,S,1,,MR
6/1/2020,149,Rubus,S,1,,MR
6/1/2020,149,Mapleleaf Viburnum,S,0,,MR
6/1/2020,150,Buckthorn,N,0,,MR
6/1/2020,150,Multiflora rose,N,0,,MR
6/1/2020,150,Honeysuckle,N,0,,MR
6/1/2020,150,Privot,N,0,,MR
6/1/2020,150,Spicebush,N,2,,MR
6/1/2020,150,Rubus,N,0,,MR
6/1/2020,150,Mapleleaf Viburnum,N,0,,MR
6/1/2020,150,Buckthorn,S,0,,MR
6/1/2020,150,Multiflora rose,S,0,,MR
6/1/2020,150,Honeysuckle,S,0,,MR
6/1/2020,150,Privot,S,0,,MR
6/1/2020,150,Spicebush,S,1,,MR
6/1/2020,150,Rubus,S,1,,MR
6/1/2020,150,Mapleleaf Viburnum,S,0,,MR
6/2/2020,151,Buckthorn,N,0,,J.N.B
6/2/2020,151,Multiflora Rose,N,1,,J.N.B
6/2/2020,151,Honeysuckle,N,0,,J.N.B
6/2/2020,151,Privot,N,0,,J.N.B
6/2/2020,151,Spicebush,N,0,,J.N.B
6/2/2020,151,Rubus,N,0,,J.N.B
6/2/2020,151,Mapleleaf Viburnum,N,0,,J.N.B
6/2/2020,151,Buckthorn,S,0,,J.N.B
6/2/2020,151,Multiflora Rose,S,1,,J.N.B
6/2/2020,151,Honeysuckle,S,0,,J.N.B
6/2/2020,151,Privot,S,0,,J.N.B
6/2/2020,151,Spicebush,S,1,,J.N.B
6/2/2020,151,Rubus,S,0,,J.N.B
6/2/2020,151,Mapleleaf Viburnum,S,0,,J.N.B
6/1/2020,152,Buckthorn,N,1,,MR
6/1/2020,152,Multiflora rose,N,1,,MR
6/1/2020,152,Honeysuckle,N,0,,MR
6/1/2020,152,Privot,N,1,,MR
6/1/2020,152,Spicebush,N,1,,MR
6/1/2020,152,Rubus,N,0,,MR
6/1/2020,152,Mapleleaf Viburnum,N,0,,MR
6/1/2020,152,Buckthorn,S,1,,MR
6/1/2020,152,Multiflora rose,S,1,,MR
6/1/2020,152,Honeysuckle,S,0,,MR
6/1/2020,152,Privot,S,0,,MR
6/1/2020,152,Spicebush,S,0,,MR
6/1/2020,152,Rubus,S,0,,MR
6/1/2020,152,Mapleleaf Viburnum,S,0,,MR
6/1/2020,153,Buckthorn,N,2,,MR
6/1/2020,153,Multiflora rose,N,3,,MR
6/1/2020,153,Honeysuckle,N,0,,MR
6/1/2020,153,Privot,N,0,,MR
6/1/2020,153,Spicebush,N,1,,MR
6/1/2020,153,Rubus,N,1,,MR
6/1/2020,153,Mapleleaf Viburnum,N,0,,MR
6/1/2020,153,Buckthorn,S,2,,MR
6/1/2020,153,Multiflora rose,S,2,,MR
6/1/2020,153,Honeysuckle,S,0,,MR
6/1/2020,153,Privot,S,0,,MR
6/1/2020,153,Spicebush,S,0,,MR
6/1/2020,153,Rubus,S,1,,MR
6/1/2020,153,Mapleleaf Viburnum,S,0,,MR
5/28/2020,154,Buckthorn,N,1,,MR
5/28/2020,154,Multiflora rose,N,1,,MR
5/28/2020,154,Honeysuckle,N,1,,MR
5/28/2020,154,Privot,N,0,,MR
5/28/2020,154,Spicebush,N,1,,MR
5/28/2020,154,Rubus,N,1,,MR
5/28/2020,154,Mapleleaf Viburnum,N,0,,MR
5/28/2020,154,Buckthorn,S,1,,MR
5/28/2020,154,Multiflora rose,S,1,,MR
5/28/2020,154,Honeysuckle,S,0,,MR
5/28/2020,154,Privot,S,0,,MR
5/28/2020,154,Spicebush,S,1,,MR
5/28/2020,154,Rubus,S,0,,MR
5/28/2020,154,Mapleleaf Viburnum,S,0,,MR
5/28/2020,155,Buckthorn,N,1,,MR
5/28/2020,155,Multiflora rose,N,0,,MR
5/28/2020,155,Honeysuckle,N,0,,MR
5/28/2020,155,Privot,N,0,,MR
5/28/2020,155,Spicebush,N,0,,MR
5/28/2020,155,Rubus,N,0,,MR
5/28/2020,155,Mapleleaf Viburnum,N,0,,MR
5/28/2020,155,Buckthorn,S,1,,MR
5/28/2020,155,Multiflora rose,S,0,,MR
5/28/2020,155,Honeysuckle,S,0,,MR
5/28/2020,155,Privot,S,0,,MR
5/28/2020,155,Spicebush,S,0,,MR
5/28/2020,155,Rubus,S,0,,MR
5/28/2020,155,Mapleleaf Viburnum,S,0,,MR
5/28/2020,156,Buckthorn,N,1,,MR
5/28/2020,156,Multiflora rose,N,1,,MR
5/28/2020,156,Honeysuckle,N,1,,MR
5/28/2020,156,Privot,N,1,,MR
5/28/2020,156,Spicebush,N,1,,MR
5/28/2020,156,Rubus,N,0,,MR
5/28/2020,156,Mapleleaf Viburnum,N,0,,MR
5/28/2020,156,Buckthorn,S,1,,MR
5/28/2020,156,Multiflora rose,S,1,,MR
5/28/2020,156,Honeysuckle,S,1,,MR
5/28/2020,156,Privot,S,1,,MR
5/28/2020,156,Spicebush,S,0,,MR
5/28/2020,156,Rubus,S,0,,MR
5/28/2020,156,Mapleleaf Viburnum,S,0,,MR
5/28/2020,157,Buckthorn,N,1,,MR
5/28/2020,157,Multiflora rose,N,1,,MR
5/28/2020,157,Honeysuckle,N,1,,MR
5/28/2020,157,Privot,N,0,,MR
5/28/2020,157,Spicebush,N,0,,MR
5/28/2020,157,Rubus,N,1,,MR
5/28/2020,157,Mapleleaf Viburnum,N,0,,MR
5/28/2020,157,Buckthorn,S,1,,MR
5/28/2020,157,Multiflora rose,S,1,,MR
5/28/2020,157,Honeysuckle,S,0,,MR
5/28/2020,157,Privot,S,0,,MR
5/28/2020,157,Spicebush,S,0,,MR
5/28/2020,157,Rubus,S,0,,MR
5/28/2020,157,Mapleleaf Viburnum,S,0,,MR
5/28/2020,158,Buckthorn,N,1,,MR
5/28/2020,158,Multiflora rose,N,0,,MR
5/28/2020,158,Honeysuckle,N,1,,MR
5/28/2020,158,Privot,N,0,,MR
5/28/2020,158,Spicebush,N,1,,MR
5/28/2020,158,Rubus,N,0,,MR
5/28/2020,158,Mapleleaf Viburnum,N,0,,MR
5/28/2020,158,Buckthorn,S,1,,MR
5/28/2020,158,Multiflora rose,S,1,,MR
5/28/2020,158,Honeysuckle,S,0,,MR
5/28/2020,158,Privot,S,0,,MR
5/28/2020,158,Spicebush,S,1,,MR
5/28/2020,158,Rubus,S,0,,MR
5/28/2020,158,Mapleleaf Viburnum,S,0,,MR
6/4/2020,159,Buckthorn,N,0,,J.N.B
6/4/2020,159,Multiflora Rose,N,0,,J.N.B
6/4/2020,159,Honeysuckle,N,0,,J.N.B
6/4/2020,159,Privot,N,0,,J.N.B
6/4/2020,159,Spicebush,N,1,,J.N.B
6/4/2020,159,Rubus,N,0,,J.N.B
6/4/2020,159,Mapleleaf Viburnum,N,0,,J.N.B
6/4/2020,159,Buckthorn,S,1,,J.N.B
6/4/2020,159,Multiflora Rose,S,0,,J.N.B
6/4/2020,159,Honeysuckle,S,0,,J.N.B
6/4/2020,159,Privot,S,0,,J.N.B
6/4/2020,159,Spicebush,S,1,,J.N.B
6/4/2020,159,Rubus,S,1,,J.N.B
6/4/2020,159,Mapleleaf Viburnum,S,0,,J.N.B
6/4/2020,160,Buckthorn,N,1,,J.N.B
6/4/2020,160,Multiflora Rose,N,1,,J.N.B
6/4/2020,160,Honeysuckle,N,0,,J.N.B
6/4/2020,160,Privot,N,0,,J.N.B
6/4/2020,160,Spicebush,N,1,,J.N.B
6/4/2020,160,Rubus,N,0,,J.N.B
6/4/2020,160,Mapleleaf Viburnum,N,0,,J.N.B
6/4/2020,160,Buckthorn,S,1,,J.N.B
6/4/2020,160,Multiflora Rose,S,1,,J.N.B
6/4/2020,160,Honeysuckle,S,0,,J.N.B
6/4/2020,160,Privot,S,0,,J.N.B
6/4/2020,160,Spicebush,S,1,,J.N.B
6/4/2020,160,Rubus,S,0,,J.N.B
6/4/2020,160,Mapleleaf Viburnum,S,0,,J.N.B
6/4/2020,161,Buckthorn,N,1,,J.N.B
6/4/2020,161,Multiflora Rose,N,1,,J.N.B
6/4/2020,161,Honeysuckle,N,0,,J.N.B
6/4/2020,161,Privot,N,0,,J.N.B
6/4/2020,161,Spicebush,N,0,,J.N.B
6/4/2020,161,Rubus,N,0,,J.N.B
6/4/2020,161,Mapleleaf Viburnum,N,0,,J.N.B
6/4/2020,161,Buckthorn,S,1,,J.N.B
6/4/2020,161,Multiflora Rose,S,1,,J.N.B
6/4/2020,161,Honeysuckle,S,0,,J.N.B
6/4/2020,161,Privot,S,0,,J.N.B
6/4/2020,161,Spicebush,S,0,,J.N.B
6/4/2020,161,Rubus,S,0,,J.N.B
6/4/2020,161,Mapleleaf Viburnum,S,0,,J.N.B
6/4/2020,162,Buckthorn,S,1,,J.N.B
6/4/2020,162,Multiflora Rose,S,1,,J.N.B
6/4/2020,162,Honeysuckle,S,0,,J.N.B
6/4/2020,162,Privot,S,0,,J.N.B
6/4/2020,162,Spicebush,S,0,,J.N.B
6/4/2020,162,Rubus,S,0,,J.N.B
6/4/2020,162,Mapleleaf Viburnum,S,0,,J.N.B
6/4/2020,162,Buckthorn,N,1,,J.N.B
6/4/2020,162,Multiflora Rose,N,1,,J.N.B
6/4/2020,162,Honeysuckle,N,0,,J.N.B
6/4/2020,162,Privot,N,0,,J.N.B
6/4/2020,162,Spicebush,N,1,,J.N.B
6/4/2020,162,Rubus,N,0,,J.N.B
6/4/2020,162,Mapleleaf Viburnum,N,1,,J.N.B
6/4/2020,163,Buckthorn,N,1,,J.N.B
6/4/2020,163,Multiflora Rose,N,1,,J.N.B
6/4/2020,163,Honeysuckle,N,0,,J.N.B
6/4/2020,163,Privot,N,0,,J.N.B
6/4/2020,163,Spicebush,N,0,,J.N.B
6/4/2020,163,Rubus,N,0,,J.N.B
6/4/2020,163,Mapleleaf Viburnum,N,0,,J.N.B
6/4/2020,163,Buckthorn,S,1,,J.N.B
6/4/2020,163,Multiflora Rose,S,0,,J.N.B
6/4/2020,163,Honeysuckle,S,0,,J.N.B
6/4/2020,163,Privot,S,0,,J.N.B
6/4/2020,163,Spicebush,S,0,,J.N.B
6/4/2020,163,Rubus,S,0,,J.N.B
6/4/2020,163,Mapleleaf Viburnum,S,0,,J.N.B
6/4/2020,164,Buckthorn,N,0,,J.N.B
6/4/2020,164,Multiflora Rose,N,1,,J.N.B
6/4/2020,164,Honeysuckle,N,0,,J.N.B
6/4/2020,164,Privot,N,0,,J.N.B
6/4/2020,164,Spicebush,N,0,,J.N.B
6/4/2020,164,Rubus,N,0,,J.N.B
6/4/2020,164,Mapleleaf Viburnum,N,0,,J.N.B
6/4/2020,164,Buckthorn,S,1,,J.N.B
6/4/2020,164,Multiflora Rose,S,2,,J.N.B
6/4/2020,164,Honeysuckle,S,1,,J.N.B
6/4/2020,164,Privot,S,0,,J.N.B
6/4/2020,164,Spicebush,S,0,,J.N.B
6/4/2020,164,Rubus,S,0,,J.N.B
6/4/2020,164,Mapleleaf Viburnum,S,0,,J.N.B
6/8/2020,165,Buckthorn,N,1,,CL
6/8/2020,165,Multiflora rose,N,2,,CL
6/8/2020,165,Honeysuckle,N,0,,CL
6/8/2020,165,Privot,N,0,,CL
6/8/2020,165,Spicebush,N,0,,CL
6/8/2020,165,Rubus,N,1,,CL
6/8/2020,165,Mapleleaf Vibernum ,N,0,,CL
6/8/2020,165,Buckthorn,S,1,,CL
6/8/2020,165,Multiflora rose,S,4,,CL
6/8/2020,165,Honeysuckle,S,1,,CL
6/8/2020,165,Privot,S,0,,CL
6/8/2020,165,Spicebush,S,0,,CL
6/8/2020,165,Rubus,S,1,,CL
6/8/2020,165,Mapleleaf Vibernum ,S,1,,CL
5/28/2020,166,Buckthorn,N,1,,MR
5/28/2020,166,Multiflora rose,N,1,,MR
5/28/2020,166,Honeysuckle,N,0,,MR
5/28/2020,166,Privot,N,0,,MR
5/28/2020,166,Spicebush,N,0,,MR
5/28/2020,166,Rubus,N,1,,MR
5/28/2020,166,Mapleleaf Viburnum,N,0,,MR
5/28/2020,166,Buckthorn,S,1,,MR
5/28/2020,166,Multiflora rose,S,2,,MR
5/28/2020,166,Honeysuckle,S,1,,MR
5/28/2020,166,Privot,S,0,,MR
5/28/2020,166,Spicebush,S,0,,MR
5/28/2020,166,Rubus,S,1,,MR
5/28/2020,166,Mapleleaf Viburnum,S,0,,MR
5/28/2020,167,Buckthorn,N,1,,MR
5/28/2020,167,Multiflora rose,N,0,,MR
5/28/2020,167,Honeysuckle,N,0,,MR
5/28/2020,167,Privot,N,0,,MR
5/28/2020,167,Spicebush,N,1,,MR
5/28/2020,167,Rubus,N,0,,MR
5/28/2020,167,Mapleleaf Viburnum,N,0,,MR
5/28/2020,167,Buckthorn,S,1,,MR
5/28/2020,167,Multiflora rose,S,1,,MR
5/28/2020,167,Honeysuckle,S,0,,MR
5/28/2020,167,Privot,S,0,,MR
5/28/2020,167,Spicebush,S,0,,MR
5/28/2020,167,Rubus,S,0,,MR
5/28/2020,167,Mapleleaf Viburnum,S,0,,MR
6/4/2020,172,Buckthorn,N,2,,J.N.B
6/4/2020,172,Multiflora Rose,N,0,,J.N.B
6/4/2020,172,Honeysuckle,N,0,,J.N.B
6/4/2020,172,Privot,N,0,,J.N.B
6/4/2020,172,Spicebush,N,0,,J.N.B
6/4/2020,172,Rubus,N,1,,J.N.B
6/4/2020,172,Mapleleaf Viburnum,N,0,,J.N.B
6/4/2020,172,Buckthorn,S,3,,J.N.B
6/4/2020,172,Multiflora Rose,S,1,,J.N.B
6/4/2020,172,Honeysuckle,S,0,,J.N.B
6/4/2020,172,Privot,S,0,,J.N.B
6/4/2020,172,Spicebush,S,0,,J.N.B
6/4/2020,172,Rubus,S,1,,J.N.B
6/4/2020,172,Mapleleaf Viburnum,S,0,,J.N.B
6/4/2020,173,Buckthorn,N,0,,J.N.B
6/4/2020,173,Multiflora Rose,N,0,,J.N.B
6/4/2020,173,Honeysuckle,N,0,,J.N.B
6/4/2020,173,Privot,N,0,,J.N.B
6/4/2020,173,Spicebush,N,1,,J.N.B
6/4/2020,173,Rubus,N,0,,J.N.B
6/4/2020,173,Mapleleaf Viburnum,N,0,,J.N.B
6/4/2020,173,Buckthorn,S,1,,J.N.B
6/4/2020,173,Multiflora Rose,S,0,,J.N.B
6/4/2020,173,Honeysuckle,S,0,,J.N.B
6/4/2020,173,Privot,S,0,,J.N.B
6/4/2020,173,Spicebush,S,0,,J.N.B
6/4/2020,173,Rubus,S,0,,J.N.B
6/4/2020,173,Mapleleaf Viburnum,S,0,,J.N.B
6/4/2020,174,Buckthorn,N,0,,J.N.B
6/4/2020,174,Multiflora Rose,N,0,,J.N.B
6/4/2020,174,Honeysuckle,N,0,,J.N.B
6/4/2020,174,Privot,N,0,,J.N.B
6/4/2020,174,Spicebush,N,0,,J.N.B
6/4/2020,174,Rubus,N,0,,J.N.B
6/4/2020,174,Mapleleaf Viburnum,N,0,,J.N.B
6/4/2020,174,Buckthorn,S,0,,J.N.B
6/4/2020,174,Multiflora Rose,S,0,,J.N.B
6/4/2020,174,Honeysuckle,S,0,,J.N.B
6/4/2020,174,Privot,S,0,,J.N.B
6/4/2020,174,Spicebush,S,1,,J.N.B
6/4/2020,174,Rubus,S,0,,J.N.B
6/4/2020,174,Mapleleaf Viburnum,S,0,,J.N.B
5/26/2020,175,Buckthorn,N,1,,MR
5/26/2020,175,Multiflora rose,N,2,,MR
5/26/2020,175,Honeysuckle,N,0,,MR
5/26/2020,175,Privot,N,0,,MR
5/26/2020,175,Spicebush,N,0,,MR
5/26/2020,175,Rubus,N,1,,MR
5/26/2020,175,Mapleleaf Viburnum,N,0,,MR
5/26/2020,175,Buckthorn,S,1,,MR
5/26/2020,175,Multiflora rose,S,0,,MR
5/26/2020,175,Honeysuckle,S,0,,MR
5/26/2020,175,Privot,S,0,,MR
5/26/2020,175,Spicebush,S,1,,MR
5/26/2020,175,Rubus,S,2,,MR
5/26/2020,175,Mapleleaf Viburnum,S,0,,MR
6/4/2020,176,Buckthorn,N,1,,J.N.B
6/4/2020,176,Multiflora Rose,N,0,,J.N.B
6/4/2020,176,Honeysuckle,N,0,,J.N.B
6/4/2020,176,Privot,N,0,,J.N.B
6/4/2020,176,Spicebush,N,0,,J.N.B
6/4/2020,176,Rubus,N,0,,J.N.B
6/4/2020,176,Mapleleaf Viburnum,N,0,,J.N.B
6/4/2020,176,Buckthorn,S,1,,J.N.B
6/4/2020,176,Multiflora Rose,S,0,,J.N.B
6/4/2020,176,Honeysuckle,S,0,,J.N.B
6/4/2020,176,Privot,S,0,,J.N.B
6/4/2020,176,Spicebush,S,0,,J.N.B
6/4/2020,176,Rubus,S,0,,J.N.B
6/4/2020,176,Mapleleaf Viburnum,S,0,,J.N.B
6/4/2020,177,Buckthorn,N,2,,J.N.B
6/4/2020,177,Multiflora Rose,N,0,,J.N.B
6/4/2020,177,Honeysuckle,N,0,,J.N.B
6/4/2020,177,Privot,N,0,,J.N.B
6/4/2020,177,Spicebush,N,0,,J.N.B
6/4/2020,177,Rubus,N,0,,J.N.B
6/4/2020,177,Mapleleaf Viburnum,N,0,,J.N.B
6/4/2020,177,Buckthorn,S,1,,J.N.B
6/4/2020,177,Multiflora Rose,S,0,,J.N.B
6/4/2020,177,Honeysuckle,S,0,,J.N.B
6/4/2020,177,Privot,S,0,,J.N.B
6/4/2020,177,Spicebush,S,0,,J.N.B
6/4/2020,177,Rubus,S,0,,J.N.B
6/4/2020,177,Mapleleaf Viburnum,S,0,,J.N.B
5/27/2020,178,Buckthorn,N,1,,MR
5/27/2020,178,Multiflora rose,N,2,,MR
5/27/2020,178,Honeysuckle,N,2,,MR
5/27/2020,178,Privot,N,1,,MR
5/27/2020,178,Spicebush,N,0,,MR
5/27/2020,178,Rubus,N,0,,MR
5/27/2020,178,Mapleleaf Viburnum,N,1,,MR
5/27/2020,178,Buckthorn,S,1,,MR
5/27/2020,178,Multiflora rose,S,2,,MR
5/27/2020,178,Honeysuckle,S,2,,MR
5/27/2020,178,Privot,S,1,,MR
5/27/2020,178,Spicebush,S,0,,MR
5/27/2020,178,Rubus,S,0,,MR
5/27/2020,178,Mapleleaf Viburnum,S,0,,MR
5/26/2020,179,Buckthorn,N,1,,MR
5/26/2020,179,Multiflora rose,N,0,,MR
5/26/2020,179,Honeysuckle,N,1,,MR
5/26/2020,179,Privot,N,0,,MR
5/26/2020,179,Spicebush,N,0,,MR
5/26/2020,179,Rubus,N,0,,MR
5/26/2020,179,Mapleleaf Viburnum,N,0,,MR
5/26/2020,179,Buckthorn,S,1,,MR
5/26/2020,179,Multiflora rose,S,0,,MR
5/26/2020,179,Honeysuckle,S,1,,MR
5/26/2020,179,Privot,S,0,,MR
5/26/2020,179,Spicebush,S,0,,MR
5/26/2020,179,Rubus,S,0,,MR
5/26/2020,179,Mapleleaf Viburnum,S,0,,MR
5/26/2020,180,Buckthorn,N,1,,MR
5/26/2020,180,Multiflora rose,N,0,,MR
5/26/2020,180,Honeysuckle,N,0,,MR
5/26/2020,180,Privot,N,0,,MR
5/26/2020,180,Spicebush,N,0,,MR
5/26/2020,180,Rubus,N,1,,MR
5/26/2020,180,Mapleleaf Viburnum,N,0,,MR
5/26/2020,180,Buckthorn,S,1,,MR
5/26/2020,180,Multiflora rose,S,1,,MR
5/26/2020,180,Honeysuckle,S,0,,MR
5/26/2020,180,Privot,S,0,,MR
5/26/2020,180,Spicebush,S,0,,MR
5/26/2020,180,Rubus,S,1,,MR
5/26/2020,180,Mapleleaf Viburnum,S,0,,MR
06/05/2020,181,Buckthorn,N,2,tree #181,MM
06/05/2020,181,Multiflora Rose ,N,2,,MM
06/05/2020,181,Honeysuckle,N,0,,MM
06/05/2020,181,Privot,N,0,,MM
06/05/2020,181,Spicebush,N,0,,MM
06/05/2020,181,Rubus,N,1,,MM
06/05/2020,181,Mapleleaf Viburnum,N,0,,MM
06/05/2020,181,Buckthorn,S,1,,MM
06/05/2020,181,Multiflora Rose ,S,2,,MM
06/05/2020,181,Honeysuckle,S,1,,MM
06/05/2020,181,Privot,S,0,,MM
06/05/2020,181,Spicebush,S,0,,MM
06/05/2020,181,Rubus,S,1,,MM
06/05/2020,181,Mapleleaf Viburnum,S,0,,MM
06/05/2020,182,Buckthorn,N,2,,MM
06/05/2020,182,Multiflora Rose ,N,2,,MM
06/05/2020,182,Honeysuckle,N,0,,MM
06/05/2020,182,Privot,N,0,,MM
06/05/2020,182,Spicebush,N,0,,MM
06/05/2020,182,Rubus,N,1,,MM
06/05/2020,182,Mapleleaf Viburnum,N,0,,MM
06/05/2020,182,Buckthorn,S,1,,MM
06/05/2020,182,Multiflora Rose ,S,1,,MM
06/05/2020,182,Honeysuckle,S,1,,MM
06/05/2020,182,Privot,S,0,,MM
06/05/2020,182,Spicebush,S,1,,MM
06/05/2020,182,Rubus,S,0,,MM
06/05/2020,182,Mapleleaf Viburnum,S,0,,MM
5/26/2020,183,Buckthorn,N,2,,MR
5/26/2020,183,Multiflora rose,N,0,,MR
5/26/2020,183,Honeysuckle,N,1,,MR
5/26/2020,183,Privot,N,0,,MR
5/26/2020,183,Spicebush,N,1,,MR
5/26/2020,183,Rubus,N,0,,MR
5/26/2020,183,Mapleleaf Viburnum,N,0,,MR
5/26/2020,183,Buckthorn,S,2,,MR
5/26/2020,183,Multiflora rose,S,1,,MR
5/26/2020,183,Honeysuckle,S,0,,MR
5/26/2020,183,Privot,S,0,,MR
5/26/2020,183,Spicebush,S,1,,MR
5/26/2020,183,Rubus,S,0,,MR
5/26/2020,183,Mapleleaf Viburnum,S,0,,MR
5/26/2020,184,Buckthorn,N,2,,MR
5/26/2020,184,Multiflora rose,N,2,,MR
5/26/2020,184,Honeysuckle,N,0,,MR
5/26/2020,184,Privot,N,0,,MR
5/26/2020,184,Spicebush,N,0,,MR
5/26/2020,184,Rubus,N,0,,MR
5/26/2020,184,Mapleleaf Viburnum,N,1,,MR
5/26/2020,184,Buckthorn,S,3,,MR
5/26/2020,184,Multiflora rose,S,1,,MR
5/26/2020,184,Honeysuckle,S,0,,MR
5/26/2020,184,Privot,S,0,,MR
5/26/2020,184,Spicebush,S,0,,MR
5/26/2020,184,Rubus,S,2,,MR
5/26/2020,184,Mapleleaf Viburnum,S,0,,MR
5/26/2020,185,Buckthorn,N,1,,MR
5/26/2020,185,Multiflora rose,N,0,,MR
5/26/2020,185,Honeysuckle,N,0,,MR
5/26/2020,185,Privot,N,0,,MR
5/26/2020,185,Spicebush,N,0,,MR
5/26/2020,185,Rubus,N,0,,MR
5/26/2020,185,Mapleleaf Viburnum,N,0,,MR
5/26/2020,185,Buckthorn,S,1,,MR
5/26/2020,185,Multiflora rose,S,1,,MR
5/26/2020,185,Honeysuckle,S,0,,MR
5/26/2020,185,Privot,S,0,,MR
5/26/2020,185,Spicebush,S,0,,MR
5/26/2020,185,Rubus,S,0,,MR
5/26/2020,185,Mapleleaf Viburnum,S,0,,MR
6/4/2020,186,Buckthorn,N,1,,J.N.B
6/4/2020,186,Multiflora Rose,N,4,,J.N.B
6/4/2020,186,Honeysuckle,N,0,,J.N.B
6/4/2020,186,Privot,N,0,,J.N.B
6/4/2020,186,Spicebush,N,0,,J.N.B
6/4/2020,186,Rubus,N,1,,J.N.B
6/4/2020,186,Mapleleaf Viburnum,N,1,,J.N.B
6/4/2020,186,Buckthorn,S,2,,J.N.B
6/4/2020,186,Multiflora Rose,S,3,,J.N.B
6/4/2020,186,Honeysuckle,S,2,,J.N.B
6/4/2020,186,Privot,S,0,,J.N.B
6/4/2020,186,Spicebush,S,0,,J.N.B
6/4/2020,186,Rubus,S,1,,J.N.B
6/4/2020,186,Mapleleaf Viburnum,S,1,,J.N.B
6/11/2020,187,Buckthorn,N,1,,KM
6/11/2020,187,Multiflora rose,N,1,,KM
6/11/2020,187,Honeysuckle,N,0,,KM
6/11/2020,187,Privot,N,0,,KM
6/11/2020,187,Spicebush,N,0,,KM
6/11/2020,187,Rubus,N,0,,KM
6/11/2020,187,Mapleleaf Viburnum,N,0,,KM
6/11/2020,187,Buckthorn,S,0,,KM
6/11/2020,187,Multiflora rose,S,1,,KM
6/11/2020,187,Honeysuckle,S,0,,KM
6/11/2020,187,Privot,S,0,,KM
6/11/2020,187,Spicebush,S,0,,KM
6/11/2020,187,Rubus,S,0,,KM
6/11/2020,187,Mapleleaf Viburnum,S,0,,KM
6/11/2020,188,Buckthorn,N,1,,KM
6/11/2020,188,Multiflora rose,N,1,,KM
6/11/2020,188,Honeysuckle,N,0,,KM
6/11/2020,188,Privot,N,0,,KM
6/11/2020,188,Spicebush,N,0,,KM
6/11/2020,188,Rubus,N,0,,KM
6/11/2020,188,Mapleleaf Viburnum,N,0,,KM
6/11/2020,188,Buckthorn,S,1,,KM
6/11/2020,188,Multiflora rose,S,1,,KM
6/11/2020,188,Honeysuckle,S,0,,KM
6/11/2020,188,Privot,S,0,,KM
6/11/2020,188,Spicebush,S,0,,KM
6/11/2020,188,Rubus,S,0,,KM
6/11/2020,188,Mapleleaf Viburnum,S,0,,KM
6/11/2020,189,Buckthorn,N,1,,KM
6/11/2020,189,Multiflora rose,N,0,,KM
6/11/2020,189,Honeysuckle,N,0,,KM
6/11/2020,189,Privot,N,0,,KM
6/11/2020,189,Spicebush,N,0,,KM
6/11/2020,189,Rubus,N,0,,KM
6/11/2020,189,Mapleleaf Viburnum,N,0,,KM
6/11/2020,189,Buckthorn,S,1,,KM
6/11/2020,189,Multiflora rose,S,0,,KM
6/11/2020,189,Honeysuckle,S,0,,KM
6/11/2020,189,Privot,S,0,,KM
6/11/2020,189,Spicebush,S,0,,KM
6/11/2020,189,Rubus,S,0,,KM
6/11/2020,189,Mapleleaf Viburnum,S,0,,KM
6/11/2020,190,Buckthorn,S,0,,KM
6/11/2020,190,Multiflora rose,S,0,,KM
6/11/2020,190,Honeysuckle,S,0,,KM
6/11/2020,190,Privot,S,0,,KM
6/11/2020,190,Spicebush,S,0,,KM
6/11/2020,190,Rubus,S,0,,KM
6/11/2020,190,Mapleleaf Viburnum,S,1,,KM
6/11/2020,190,Buckthorn,N,0,,KM
6/11/2020,190,Multiflora rose,N,0,,KM
6/11/2020,190,Honeysuckle,N,0,,KM
6/11/2020,190,Privot,N,0,,KM
6/11/2020,190,Spicebush,N,0,,KM
6/11/2020,190,Rubus,N,0,,KM
6/11/2020,190,Mapleleaf Viburnum,N,0,,KM
6/11/2020,191,Buckthorn,N,0,,KM
6/11/2020,191,Multiflora rose,N,0,,KM
6/11/2020,191,Honeysuckle,N,0,,KM
6/11/2020,191,Privot,N,0,,KM
6/11/2020,191,Spicebush,N,0,,KM
6/11/2020,191,Rubus,N,0,,KM
6/11/2020,191,Mapleleaf Viburnum,N,1,,KM
6/11/2020,191,Buckthorn,S,1,,KM
6/11/2020,191,Multiflora rose,S,0,,KM
6/11/2020,191,Honeysuckle,S,0,,KM
6/11/2020,191,Privot,S,0,,KM
6/11/2020,191,Spicebush,S,0,,KM
6/11/2020,191,Rubus,S,0,,KM
6/11/2020,191,Mapleleaf Viburnum,S,0,,KM
5/27/2020,192,Buckthorn,N,0,,MR
5/27/2020,192,Multiflora rose,N,0,,MR
5/27/2020,192,Honeysuckle,N,1,,MR
5/27/2020,192,Privot,N,0,,MR
5/27/2020,192,Spicebush,N,0,,MR
5/27/2020,192,Rubus,N,0,,MR
5/27/2020,192,Mapleleaf Viburnum,N,0,,MR
5/27/2020,192,Buckthorn,S,1,,MR
5/27/2020,192,Multiflora rose,S,1,,MR
5/27/2020,192,Honeysuckle,S,1,,MR
5/27/2020,192,Privot,S,1,,MR
5/27/2020,192,Spicebush,S,0,,MR
5/27/2020,192,Rubus,S,0,,MR
5/27/2020,192,Mapleleaf Viburnum,S,0,,MR
6/4/2020,193,Buckthorn,N,2,,J.N.B
6/4/2020,193,Multiflora Rose,N,0,,J.N.B
6/4/2020,193,Honeysuckle,N,0,,J.N.B
6/4/2020,193,Privot,N,0,,J.N.B
6/4/2020,193,Spicebush,N,0,,J.N.B
6/4/2020,193,Rubus,N,0,,J.N.B
6/4/2020,193,Mapleleaf Viburnum,N,0,,J.N.B
6/4/2020,193,Buckthorn,S,2,,J.N.B
6/4/2020,193,Multiflora Rose,S,1,,J.N.B
6/4/2020,193,Honeysuckle,S,1,,J.N.B
6/4/2020,193,Privot,S,0,,J.N.B
6/4/2020,193,Spicebush,S,0,,J.N.B
6/4/2020,193,Rubus,S,1,,J.N.B
6/4/2020,193,Mapleleaf Viburnum,S,0,,J.N.B
6/4/2020,194,Buckthorn,N,1,,J.N.B
6/4/2020,194,Multiflora Rose,N,1,,J.N.B
6/4/2020,194,Honeysuckle,N,0,,J.N.B
6/4/2020,194,Privot,N,1,,J.N.B
6/4/2020,194,Spicebush,N,0,,J.N.B
6/4/2020,194,Rubus,N,0,,J.N.B
6/4/2020,194,Mapleleaf Viburnum,N,0,,J.N.B
6/4/2020,194,Buckthorn,S,2,,J.N.B
6/4/2020,194,Multiflora Rose,S,0,,J.N.B
6/4/2020,194,Honeysuckle,S,0,,J.N.B
6/4/2020,194,Privot,S,1,,J.N.B
6/4/2020,194,Spicebush,S,0,,J.N.B
6/4/2020,194,Rubus,S,0,,J.N.B
6/4/2020,194,Mapleleaf Viburnum,S,0,,J.N.B
5/27/2020,195,Buckthorn,N,1,,MR
5/27/2020,195,Multiflora rose,N,1,,MR
5/27/2020,195,Honeysuckle,N,0,,MR
5/27/2020,195,Privot,N,0,,MR
5/27/2020,195,Spicebush,N,0,,MR
5/27/2020,195,Rubus,N,2,,MR
5/27/2020,195,Mapleleaf Viburnum,N,0,,MR
5/27/2020,195,Buckthorn,S,0,,MR
5/27/2020,195,Multiflora rose,S,1,,MR
5/27/2020,195,Honeysuckle,S,1,,MR
5/27/2020,195,Privot,S,0,,MR
5/27/2020,195,Spicebush,S,0,,MR
5/27/2020,195,Rubus,S,1,,MR
5/27/2020,195,Mapleleaf Viburnum,S,0,,MR
6/11/2020,196,Buckthorn,S,0,,KM
6/11/2020,196,Multiflora rose,S,0,,KM
6/11/2020,196,Honeysuckle,S,0,,KM
6/11/2020,196,Privot,S,0,,KM
6/11/2020,196,Spicebush,S,0,,KM
6/11/2020,196,Rubus,S,0,,KM
6/11/2020,196,Mapleleaf Viburnum,S,0,,KM
6/11/2020,196,Buckthorn,N,0,,KM
6/11/2020,196,Multiflora rose,N,0,,KM
6/11/2020,196,Honeysuckle,N,0,,KM
6/11/2020,196,Privot,N,0,,KM
6/11/2020,196,Spicebush,N,0,,KM
6/11/2020,196,Rubus,N,0,,KM
6/11/2020,196,Mapleleaf Viburnum,N,0,,KM
6/10/2020,197,Buckthorn,N,0,,KM
6/10/2020,197,Multiflora rose,N,0,,KM
6/10/2020,197,Honeysuckle,N,0,,KM
6/10/2020,197,Privot,N,0,,KM
6/10/2020,197,Spicebush,N,0,,KM
6/10/2020,197,Rubus,N,0,,KM
6/10/2020,197,Mapleleaf Viburnum,N,0,,KM
6/10/2020,197,Buckthorn,S,1,,KM
6/10/2020,197,Multiflora rose,S,0,,KM
6/10/2020,197,Honeysuckle,S,0,,KM
6/10/2020,197,Privot,S,0,,KM
6/10/2020,197,Spicebush,S,0,,KM
6/10/2020,197,Rubus,S,0,,KM
6/10/2020,197,Mapleleaf Viburnum,S,0,,KM
6/10/2020,198,Buckthorn,S,1,,KM
6/10/2020,198,Multiflora rose,S,1,,KM
6/10/2020,198,Honeysuckle,S,0,,KM
6/10/2020,198,Privot,S,0,,KM
6/10/2020,198,Spicebush,S,0,,KM
6/10/2020,198,Rubus,S,0,,KM
6/10/2020,198,Mapleleaf Viburnum,S,0,,KM
6/10/2020,198,Buckthorn,N,1,,KM
6/10/2020,198,Multiflora rose,N,0,,KM
6/10/2020,198,Honeysuckle,N,1,,KM
6/10/2020,198,Privot,N,1,,KM
6/10/2020,198,Spicebush,N,0,,KM
6/10/2020,198,Rubus,N,0,,KM
6/10/2020,198,Mapleleaf Viburnum,N,0,,KM
6/11/2020,199,Buckthorn,S,1,,KM
6/11/2020,199,Multiflora rose,S,0,,KM
6/11/2020,199,Honeysuckle,S,0,,KM
6/11/2020,199,Privot,S,0,,KM
6/11/2020,199,Spicebush,S,0,,KM
6/11/2020,199,Rubus,S,0,,KM
6/11/2020,199,Mapleleaf Viburnum,S,0,,KM
6/11/2020,199,Buckthorn,N,1,,KM
6/11/2020,199,Multiflora rose,N,0,,KM
6/11/2020,199,Honeysuckle,N,0,,KM
6/11/2020,199,Privot,N,0,,KM
6/11/2020,199,Spicebush,N,0,,KM
6/11/2020,199,Rubus,N,0,,KM
6/11/2020,199,Mapleleaf Viburnum,N,0,,KM
6/11/2020,200,Buckthorn,N,0,,KM
6/11/2020,200,Multiflora rose,N,0,,KM
6/11/2020,200,Honeysuckle,N,0,,KM
6/11/2020,200,Privot,N,0,,KM
6/11/2020,200,Spicebush,N,1,,KM
6/11/2020,200,Rubus,N,0,,KM
6/11/2020,200,Mapleleaf Viburnum,N,0,,KM
6/11/2020,200,Buckthorn,S,0,,KM
6/11/2020,200,Multiflora rose,S,0,,KM
6/11/2020,200,Honeysuckle,S,0,,KM
6/11/2020,200,Privot,S,0,,KM
6/11/2020,200,Spicebush,S,0,,KM
6/11/2020,200,Rubus,S,0,,KM
6/11/2020,200,Mapleleaf Viburnum,S,1,,KM
5/28/2020,201,Buckthorn,N,1,,MR
5/28/2020,201,Multiflora rose,N,0,,MR
5/28/2020,201,Honeysuckle,N,0,,MR
5/28/2020,201,Privot,N,0,,MR
5/28/2020,201,Spicebush,N,0,,MR
5/28/2020,201,Rubus,N,0,,MR
5/28/2020,201,Mapleleaf Viburnum,N,0,,MR
5/28/2020,201,Buckthorn,S,0,,MR
5/28/2020,201,Multiflora rose,S,0,,MR
5/28/2020,201,Honeysuckle,S,0,,MR
5/28/2020,201,Privot,S,0,,MR
5/28/2020,201,Spicebush,S,1,,MR
5/28/2020,201,Rubus,S,0,,MR
5/28/2020,201,Mapleleaf Viburnum,S,0,,MR
5/28/2020,202,Buckthorn,N,1,,MR
5/28/2020,202,Multiflora rose,N,0,,MR
5/28/2020,202,Honeysuckle,N,0,,MR
5/28/2020,202,Privot,N,0,,MR
5/28/2020,202,Spicebush,N,0,,MR
5/28/2020,202,Rubus,N,0,,MR
5/28/2020,202,Mapleleaf Viburnum,N,0,,MR
5/28/2020,202,Buckthorn,S,0,,MR
5/28/2020,202,Multiflora rose,S,1,,MR
5/28/2020,202,Honeysuckle,S,0,,MR
5/28/2020,202,Privot,S,0,,MR
5/28/2020,202,Spicebush,S,1,,MR
5/28/2020,202,Rubus,S,0,,MR
5/28/2020,202,Mapleleaf Viburnum,S,0,,MR
6/1/2020,203,Buckthorn,N,0,,MR
6/1/2020,203,Multiflora rose,N,2,,MR
6/1/2020,203,Honeysuckle,N,1,,MR
6/1/2020,203,Privot,N,0,,MR
6/1/2020,203,Spicebush,N,1,,MR
6/1/2020,203,Rubus,N,1,,MR
6/1/2020,203,Mapleleaf Viburnum,N,0,,MR
6/1/2020,203,Buckthorn,S,1,,MR
6/1/2020,203,Multiflora rose,S,3,,MR
6/1/2020,203,Honeysuckle,S,0,,MR
6/1/2020,203,Privot,S,0,,MR
6/1/2020,203,Spicebush,S,0,,MR
6/1/2020,203,Rubus,S,1,,MR
6/1/2020,203,Mapleleaf Viburnum,S,0,,MR
6/1/2020,204,Buckthorn,N,1,,MR
6/1/2020,204,Multiflora rose,N,1,,MR
6/1/2020,204,Honeysuckle,N,0,,MR
6/1/2020,204,Privot,N,1,,MR
6/1/2020,204,Spicebush,N,1,,MR
6/1/2020,204,Rubus,N,1,,MR
6/1/2020,204,Mapleleaf Viburnum,N,0,,MR
6/1/2020,204,Buckthorn,S,1,,MR
6/1/2020,204,Multiflora rose,S,2,,MR
6/1/2020,204,Honeysuckle,S,0,,MR
6/1/2020,204,Privot,S,0,,MR
6/1/2020,204,Spicebush,S,0,,MR
6/1/2020,204,Rubus,S,1,,MR
6/1/2020,204,Mapleleaf Viburnum,S,0,,MR
6/1/2020,205,Buckthorn,N,0,,MR
6/1/2020,205,Multiflora rose,N,2,,MR
6/1/2020,205,Honeysuckle,N,0,,MR
6/1/2020,205,Privot,N,0,,MR
6/1/2020,205,Spicebush,N,2,,MR
6/1/2020,205,Rubus,N,1,,MR
6/1/2020,205,Mapleleaf Viburnum,N,0,,MR
6/1/2020,205,Buckthorn,S,0,,MR
6/1/2020,205,Multiflora rose,S,2,,MR
6/1/2020,205,Honeysuckle,S,0,,MR
6/1/2020,205,Privot,S,0,,MR
6/1/2020,205,Spicebush,S,1,,MR
6/1/2020,205,Rubus,S,1,,MR
6/1/2020,205,Mapleleaf Viburnum,S,0,,MR
6/1/2020,206,Buckthorn,N,2,,MR
6/1/2020,206,Multiflora rose,N,2,,MR
6/1/2020,206,Honeysuckle,N,0,,MR
6/1/2020,206,Privot,N,0,,MR
6/1/2020,206,Spicebush,N,1,,MR
6/1/2020,206,Rubus,N,0,,MR
6/1/2020,206,Mapleleaf Viburnum,N,0,,MR
6/1/2020,206,Buckthorn,S,2,,MR
6/1/2020,206,Multiflora rose,S,1,,MR
6/1/2020,206,Honeysuckle,S,0,,MR
6/1/2020,206,Privot,S,0,,MR
6/1/2020,206,Spicebush,S,1,,MR
6/1/2020,206,Rubus,S,0,,MR
6/1/2020,206,Mapleleaf Viburnum,S,0,,MR
6/2/2020,207,Buckthorn,N,1,,MR
6/2/2020,207,Multiflora rose,N,3,,MR
6/2/2020,207,Honeysuckle,N,0,,MR
6/2/2020,207,Privot,N,0,,MR
6/2/2020,207,Spicebush,N,0,,MR
6/2/2020,207,Rubus,N,1,,MR
6/2/2020,207,Mapleleaf Viburnum,N,0,,MR
6/2/2020,207,Buckthorn,S,0,,MR
6/2/2020,207,Multiflora rose,S,3,,MR
6/2/2020,207,Honeysuckle,S,0,,MR
6/2/2020,207,Privot,S,0,,MR
6/2/2020,207,Spicebush,S,0,,MR
6/2/2020,207,Rubus,S,1,,MR
6/2/2020,207,Mapleleaf Viburnum,S,0,,MR
6/1/2020,208,Buckthorn,N,1,,MR
6/1/2020,208,Multiflora rose,N,5,,MR
6/1/2020,208,Honeysuckle,N,1,,MR
6/1/2020,208,Privot,N,0,,MR
6/1/2020,208,Spicebush,N,1,,MR
6/1/2020,208,Rubus,N,1,,MR
6/1/2020,208,Mapleleaf Viburnum,N,0,,MR
6/1/2020,208,Buckthorn,S,1,In another plot,MR
6/1/2020,208,Multiflora rose,S,3,,MR
6/1/2020,208,Honeysuckle,S,0,,MR
6/1/2020,208,Privot,S,0,,MR
6/1/2020,208,Spicebush,S,0,,MR
6/1/2020,208,Rubus,S,1,,MR
6/1/2020,208,Mapleleaf Viburnum,S,0,,MR
6/4/2020,209,Buckthorn,N,1,,J.N.B
6/4/2020,209,Multiflora Rose,N,1,,J.N.B
6/4/2020,209,Honeysuckle,N,0,,J.N.B
6/4/2020,209,Privot,N,0,,J.N.B
6/4/2020,209,Spicebush,N,0,,J.N.B
6/4/2020,209,Rubus,N,0,,J.N.B
6/4/2020,209,Mapleleaf Viburnum,N,0,,J.N.B
6/4/2020,209,Buckthorn,S,0,,J.N.B
6/4/2020,209,Multiflora Rose,S,0,,J.N.B
6/4/2020,209,Honeysuckle,S,0,,J.N.B
6/4/2020,209,Privot,S,0,,J.N.B
6/4/2020,209,Spicebush,S,0,,J.N.B
6/4/2020,209,Rubus,S,0,,J.N.B
6/4/2020,209,Mapleleaf Viburnum,S,0,,J.N.B
6/1/2020,210,Buckthorn,N,1,,MR
6/1/2020,210,Multiflora rose,N,1,,MR
6/1/2020,210,Honeysuckle,N,0,,MR
6/1/2020,210,Privot,N,0,,MR
6/1/2020,210,Spicebush,N,1,,MR
6/1/2020,210,Rubus,N,1,,MR
6/1/2020,210,Mapleleaf Viburnum,N,0,,MR
6/1/2020,210,Buckthorn,S,0,,MR
6/1/2020,210,Multiflora rose,S,1,,MR
6/1/2020,210,Honeysuckle,S,1,,MR
6/1/2020,210,Privot,S,0,,MR
6/1/2020,210,Spicebush,S,1,,MR
6/1/2020,210,Rubus,S,0,,MR
6/1/2020,210,Mapleleaf Viburnum,S,0,,MR
6/1/2020,211,Buckthorn,N,1,,MR
6/1/2020,211,Multiflora rose,N,2,,MR
6/1/2020,211,Honeysuckle,N,0,,MR
6/1/2020,211,Privot,N,0,,MR
6/1/2020,211,Spicebush,N,1,,MR
6/1/2020,211,Rubus,N,0,,MR
6/1/2020,211,Mapleleaf Viburnum,N,0,,MR
6/1/2020,211,Buckthorn,S,1,,MR
6/1/2020,211,Multiflora rose,S,1,,MR
6/1/2020,211,Honeysuckle,S,0,,MR
6/1/2020,211,Privot,S,0,,MR
6/1/2020,211,Spicebush,S,0,,MR
6/1/2020,211,Rubus,S,1,,MR
6/1/2020,211,Mapleleaf Viburnum,S,0,,MR
6/4/2020,212,Buckthorn,N,1,,J.N.B
6/4/2020,212,Multiflora Rose,N,1,,J.N.B
6/4/2020,212,Honeysuckle,N,0,,J.N.B
6/4/2020,212,Privot,N,0,,J.N.B
6/4/2020,212,Spicebush,N,1,,J.N.B
6/4/2020,212,Rubus,N,0,,J.N.B
6/4/2020,212,Mapleleaf Viburnum,N,0,,J.N.B
6/4/2020,212,Buckthorn,S,1,,J.N.B
6/4/2020,212,Multiflora Rose,S,1,,J.N.B
6/4/2020,212,Honeysuckle,S,0,,J.N.B
6/4/2020,212,Privot,S,0,,J.N.B
6/4/2020,212,Spicebush,S,0,,J.N.B
6/4/2020,212,Rubus,S,0,,J.N.B
6/4/2020,212,Mapleleaf Viburnum,S,0,,J.N.B
6/4/2020,213,Buckthorn,N,1,,J.N.B
6/4/2020,213,Multiflora Rose,N,2,,J.N.B
6/4/2020,213,Honeysuckle,N,0,,J.N.B
6/4/2020,213,Privot,N,0,,J.N.B
6/4/2020,213,Spicebush,N,0,,J.N.B
6/4/2020,213,Rubus,N,1,,J.N.B
6/4/2020,213,Mapleleaf Viburnum,N,1,,J.N.B
6/4/2020,213,Buckthorn,S,0,,J.N.B
6/4/2020,213,Multiflora Rose,S,3,,J.N.B
6/4/2020,213,Honeysuckle,S,0,,J.N.B
6/4/2020,213,Privot,S,0,,J.N.B
6/4/2020,213,Spicebush,S,0,,J.N.B
6/4/2020,213,Rubus,S,2,,J.N.B
6/4/2020,213,Mapleleaf Viburnum,S,0,,J.N.B
6/4/2020,215,Buckthorn,S,0,,J.N.B
6/4/2020,215,Multiflora Rose,S,1,,J.N.B
6/4/2020,215,Honeysuckle,S,0,,J.N.B
6/4/2020,215,Privot,S,0,,J.N.B
6/4/2020,215,Spicebush,S,0,,J.N.B
6/4/2020,215,Rubus,S,0,,J.N.B
6/4/2020,215,Mapleleaf Viburnum,S,0,,J.N.B
6/4/2020,215,Buckthorn,N,0,,J.N.B
6/4/2020,215,Multiflora Rose,N,1,,J.N.B
6/4/2020,215,Honeysuckle,N,0,,J.N.B
6/4/2020,215,Privot,N,0,,J.N.B
6/4/2020,215,Spicebush,N,0,,J.N.B
6/4/2020,215,Rubus,N,0,,J.N.B
6/4/2020,215,Mapleleaf Viburnum,N,0,,J.N.B
5/28/2020,215,Buckthorn,N,0,,MR
5/28/2020,215,Multiflora rose,N,1,,MR
5/28/2020,215,Honeysuckle,N,1,,MR
5/28/2020,215,Privot,N,0,,MR
5/28/2020,215,Spicebush,N,0,,MR
5/28/2020,215,Rubus,N,0,,MR
5/28/2020,215,Mapleleaf Viburnum,N,0,,MR
5/28/2020,215,Buckthorn,S,1,,MR
5/28/2020,215,Multiflora rose,S,1,,MR
5/28/2020,215,Honeysuckle,S,0,,MR
5/28/2020,215,Privot,S,0,,MR
5/28/2020,215,Spicebush,S,1,,MR
5/28/2020,215,Rubus,S,0,,MR
5/28/2020,215,Mapleleaf Viburnum,S,0,,MR
5/28/2020,216,Buckthorn,N,1,,MR
5/28/2020,216,Multiflora rose,N,1,,MR
5/28/2020,216,Honeysuckle,N,0,,MR
5/28/2020,216,Privot,N,0,,MR
5/28/2020,216,Spicebush,N,0,,MR
5/28/2020,216,Rubus,N,0,,MR
5/28/2020,216,Mapleleaf Viburnum,N,0,,MR
5/28/2020,216,Buckthorn,S,1,,MR
5/28/2020,216,Multiflora rose,S,1,,MR
5/28/2020,216,Honeysuckle,S,0,,MR
5/28/2020,216,Privot,S,0,,MR
5/28/2020,216,Spicebush,S,0,,MR
5/28/2020,216,Rubus,S,1,,MR
5/28/2020,216,Mapleleaf Viburnum,S,0,,MR
5/28/2020,217,Buckthorn,N,1,,MR
5/28/2020,217,Multiflora rose,N,0,,MR
5/28/2020,217,Honeysuckle,N,0,,MR
5/28/2020,217,Privot,N,0,,MR
5/28/2020,217,Spicebush,N,0,,MR
5/28/2020,217,Rubus,N,0,,MR
5/28/2020,217,Mapleleaf Viburnum,N,0,,MR
5/28/2020,217,Buckthorn,S,0,,MR
5/28/2020,217,Multiflora rose,S,1,,MR
5/28/2020,217,Honeysuckle,S,0,,MR
5/28/2020,217,Privot,S,0,,MR
5/28/2020,217,Spicebush,S,1,,MR
5/28/2020,217,Rubus,S,0,,MR
5/28/2020,217,Mapleleaf Viburnum,S,0,,MR
5/28/2020,218,Buckthorn,N,0,,MR
5/28/2020,218,Multiflora rose,N,1,,MR
5/28/2020,218,Honeysuckle,N,0,,MR
5/28/2020,218,Privot,N,0,,MR
5/28/2020,218,Spicebush,N,0,,MR
5/28/2020,218,Rubus,N,0,,MR
5/28/2020,218,Mapleleaf Viburnum,N,0,,MR
5/28/2020,218,Buckthorn,S,0,,MR
5/28/2020,218,Multiflora rose,S,1,,MR
5/28/2020,218,Honeysuckle,S,0,,MR
5/28/2020,218,Privot,S,1,,MR
5/28/2020,218,Spicebush,S,0,,MR
5/28/2020,218,Rubus,S,0,,MR
5/28/2020,218,Mapleleaf Viburnum,S,0,,MR
5/28/2020,219,Buckthorn,N,0,,MR
5/28/2020,219,Multiflora rose,N,0,,MR
5/28/2020,219,Honeysuckle,N,0,,MR
5/28/2020,219,Privot,N,0,,MR
5/28/2020,219,Spicebush,N,0,,MR
5/28/2020,219,Rubus,N,0,,MR
5/28/2020,219,Mapleleaf Viburnum,N,0,,MR
5/28/2020,219,Buckthorn,S,1,,MR
5/28/2020,219,Multiflora rose,S,1,,MR
5/28/2020,219,Honeysuckle,S,0,,MR
5/28/2020,219,Privot,S,0,,MR
5/28/2020,219,Spicebush,S,0,,MR
5/28/2020,219,Rubus,S,0,,MR
5/28/2020,219,Mapleleaf Viburnum,S,0,,MR
5/28/2020,220,Buckthorn,N,1,,MR
5/28/2020,220,Multiflora rose,N,0,,MR
5/28/2020,220,Honeysuckle,N,0,,MR
5/28/2020,220,Privot,N,0,,MR
5/28/2020,220,Spicebush,N,0,,MR
5/28/2020,220,Rubus,N,0,,MR
5/28/2020,220,Mapleleaf Viburnum,N,0,,MR
5/28/2020,220,Buckthorn,S,1,,MR
5/28/2020,220,Multiflora rose,S,1,,MR
5/28/2020,220,Honeysuckle,S,0,,MR
5/28/2020,220,Privot,S,0,,MR
5/28/2020,220,Spicebush,S,0,,MR
5/28/2020,220,Rubus,S,0,,MR
5/28/2020,220,Mapleleaf Viburnum,S,0,,MR
5/28/2020,221,Buckthorn,N,1,,MR
5/28/2020,221,Multiflora rose,N,0,,MR
5/28/2020,221,Honeysuckle,N,0,,MR
5/28/2020,221,Privot,N,0,,MR
5/28/2020,221,Spicebush,N,0,,MR
5/28/2020,221,Rubus,N,0,,MR
5/28/2020,221,Mapleleaf Viburnum,N,0,,MR
5/28/2020,221,Buckthorn,S,0,,MR
5/28/2020,221,Multiflora rose,S,0,,MR
5/28/2020,221,Honeysuckle,S,0,,MR
5/28/2020,221,Privot,S,0,,MR
5/28/2020,221,Spicebush,S,0,,MR
5/28/2020,221,Rubus,S,0,,MR
5/28/2020,221,Mapleleaf Viburnum,S,0,,MR
5/28/2020,222,Buckthorn,N,0,,MR
5/28/2020,222,Multiflora rose,N,0,,MR
5/28/2020,222,Honeysuckle,N,0,,MR
5/28/2020,222,Privot,N,0,,MR
5/28/2020,222,Spicebush,N,0,,MR
5/28/2020,222,Rubus,N,0,,MR
5/28/2020,222,Mapleleaf Viburnum,N,0,,MR
5/28/2020,222,Buckthorn,S,0,,MR
5/28/2020,222,Multiflora rose,S,0,,MR
5/28/2020,222,Honeysuckle,S,0,,MR
5/28/2020,222,Privot,S,0,,MR
5/28/2020,222,Spicebush,S,0,,MR
5/28/2020,222,Rubus,S,0,,MR
5/28/2020,222,Mapleleaf Viburnum,S,0,,MR
5/28/2020,224,Buckthorn,N,0,,MR
5/28/2020,224,Multiflora rose,N,1,,MR
5/28/2020,224,Honeysuckle,N,0,,MR
5/28/2020,224,Privot,N,0,,MR
5/28/2020,224,Spicebush,N,0,,MR
5/28/2020,224,Rubus,N,0,,MR
5/28/2020,224,Mapleleaf Viburnum,N,0,,MR
5/28/2020,224,Buckthorn,S,0,,MR
5/28/2020,224,Multiflora rose,S,1,,MR
5/28/2020,224,Honeysuckle,S,0,,MR
5/28/2020,224,Privot,S,0,,MR
5/28/2020,224,Spicebush,S,0,,MR
5/28/2020,224,Rubus,S,0,,MR
5/28/2020,224,Mapleleaf Viburnum,S,0,,MR
5/28/2020,225,Buckthorn,N,1,,MR
5/28/2020,225,Multiflora rose,N,1,,MR
5/28/2020,225,Honeysuckle,N,1,,MR
5/28/2020,225,Privot,N,0,,MR
5/28/2020,225,Spicebush,N,1,,MR
5/28/2020,225,Rubus,N,1,,MR
5/28/2020,225,Mapleleaf Viburnum,N,0,,MR
5/28/2020,225,Buckthorn,S,1,,MR
5/28/2020,225,Multiflora rose,S,1,,MR
5/28/2020,225,Honeysuckle,S,0,,MR
5/28/2020,225,Privot,S,0,,MR
5/28/2020,225,Spicebush,S,1,,MR
5/28/2020,225,Rubus,S,0,,MR
5/28/2020,225,Mapleleaf Viburnum,S,0,,MR
5/28/2020,226,Buckthorn,N,0,,MR
5/28/2020,226,Multiflora rose,N,1,,MR
5/28/2020,226,Honeysuckle,N,1,,MR
5/28/2020,226,Privot,N,0,,MR
5/28/2020,226,Spicebush,N,1,,MR
5/28/2020,226,Rubus,N,0,,MR
5/28/2020,226,Mapleleaf Viburnum,N,0,,MR
5/28/2020,226,Buckthorn,S,1,,MR
5/28/2020,226,Multiflora rose,S,1,,MR
5/28/2020,226,Honeysuckle,S,1,,MR
5/28/2020,226,Privot,S,0,,MR
5/28/2020,226,Spicebush,S,1,,MR
5/28/2020,226,Rubus,S,0,,MR
5/28/2020,226,Mapleleaf Viburnum,S,0,,MR
06/05/2020,227,Buckthorn,N,0,,MM
06/05/2020,227,Multiflora Rose ,N,1,,MM
06/05/2020,227,Honeysuckle,N,0,,MM
06/05/2020,227,Privot,N,0,,MM
06/05/2020,227,Spicebush,N,0,,MM
06/05/2020,227,Rubus,N,1,,MM
06/05/2020,227,Mapleleaf Viburnum,N,0,,MM
06/05/2020,227,Buckthorn,S,1,,MM
06/05/2020,227,Multiflora Rose ,S,0,,MM
06/05/2020,227,Honeysuckle,S,0,,MM
06/05/2020,227,Privot,S,2,,MM
06/05/2020,227,Spicebush,S,0,,MM
06/05/2020,227,Rubus,S,1,,MM
06/05/2020,227,Mapleleaf Viburnum,S,0,,MM
6/8/2020,228,Buckthorn,N,1,,CL
6/8/2020,228,Multiflora rose,N,3,,CL
6/8/2020,228,Honeysuckle,N,0,,CL
6/8/2020,228,Privot,N,0,,CL
6/8/2020,228,Spicebush,N,0,,CL
6/8/2020,228,Rubus,N,1,,CL
6/8/2020,228,Mapleleaf Vibernum ,N,1,,CL
6/8/2020,228,Buckthorn,S,1,,CL
6/8/2020,228,Multiflora rose,S,0,,CL
6/8/2020,228,Honeysuckle,S,0,,CL
6/8/2020,228,Privot,S,0,,CL
6/8/2020,228,Spicebush,S,0,,CL
6/8/2020,228,Rubus,S,1,,CL
6/8/2020,228,Mapleleaf Vibernum ,S,1,,CL
6/8/2020,229,Buckthorn,N,1,,CL
6/8/2020,229,Multiflora rose,N,3,,CL
6/8/2020,229,Honeysuckle,N,1,,CL
6/8/2020,229,Privot,N,0,,CL
6/8/2020,229,Spicebush,N,0,,CL
6/8/2020,229,Rubus,N,1,,CL
6/8/2020,229,Mapleleaf Vibernum ,N,1,,CL
6/8/2020,229,Buckthorn,S,2,,CL
6/8/2020,229,Multiflora rose,S,2,,CL
6/8/2020,229,Honeysuckle,S,1,,CL
6/8/2020,229,Privot,S,0,,CL
6/8/2020,229,Spicebush,S,0,,CL
6/8/2020,229,Rubus,S,1,,CL
6/8/2020,229,Mapleleaf Vibernum ,S,0,,CL
06/05/2020,230,Buckthorn,S,0,,MM
06/05/2020,230,Multiflora Rose ,S,3,,MM
06/05/2020,230,Honeysuckle,S,0,,MM
06/05/2020,230,Privot,S,0,,MM
06/05/2020,230,Spicebush,S,0,,MM
06/05/2020,230,Rubus,S,0,,MM
06/05/2020,230,Mapleleaf Viburnum,S,0,,MM
06/05/2020,230,Buckthorn,N,0,,MM
06/05/2020,230,Multiflora Rose ,N,5,,MM
06/05/2020,230,Honeysuckle,N,0,,MM
06/05/2020,230,Privot,N,0,,MM
06/05/2020,230,Spicebush,N,0,,MM
06/05/2020,230,Rubus,N,0,,MM
06/05/2020,230,Mapleleaf Viburnum,N,0,,MM
6/8/2020,231,Buckthorn,N,1,,CL
6/8/2020,231,Multiflora rose,N,3,,CL
6/8/2020,231,Honeysuckle,N,3,,CL
6/8/2020,231,Privot,N,0,,CL
6/8/2020,231,Spicebush,N,0,,CL
6/8/2020,231,Rubus,N,1,,CL
6/8/2020,231,Mapleleaf Vibernum ,N,0,,CL
6/8/2020,231,Buckthorn,S,1,,CL
6/8/2020,231,Multiflora rose,S,3,,CL
6/8/2020,231,Honeysuckle,S,2,,CL
6/8/2020,231,Privot,S,0,,CL
6/8/2020,231,Spicebush,S,0,,CL
6/8/2020,231,Rubus,S,2,,CL
6/8/2020,231,Mapleleaf Vibernum ,S,0,,CL
6/9/2020,232,Buckthorn,N,2,,CL
6/9/2020,232,Multiflora rose,N,0,,CL
6/9/2020,232,Honeysuckle,N,1,,CL
6/9/2020,232,Privot,N,0,,CL
6/9/2020,232,Spicebush,N,0,,CL
6/9/2020,232,Rubus,N,1,,CL
6/9/2020,232,Mapleleaf Vibernum ,N,1,,CL
6/9/2020,232,Buckthorn,S,1,,CL
6/9/2020,232,Multiflora rose,S,1,,CL
6/9/2020,232,Honeysuckle,S,0,,CL
6/9/2020,232,Privot,S,1,,CL
6/9/2020,232,Spicebush,S,0,,CL
6/9/2020,232,Rubus,S,1,,CL
6/9/2020,232,Mapleleaf Vibernum ,S,0,,CL
6/8/2020,233,Buckthorn,N,1,,CL
6/8/2020,233,Multiflora rose,N,2,,CL
6/8/2020,233,Honeysuckle,N,1,,CL
6/8/2020,233,Privot,N,0,,CL
6/8/2020,233,Spicebush,N,0,,CL
6/8/2020,233,Rubus,N,2,,CL
6/8/2020,233,Mapleleaf Vibernum ,N,0,,CL
6/8/2020,233,Buckthorn,S,1,,CL
6/8/2020,233,Multiflora rose,S,2,,CL
6/8/2020,233,Honeysuckle,S,1,,CL
6/8/2020,233,Privot,S,0,,CL
6/8/2020,233,Spicebush,S,0,,CL
6/8/2020,233,Rubus,S,1,,CL
6/8/2020,233,Mapleleaf Vibernum ,S,0,,CL
6/8/2020,234,Buckthorn,N,1,,CL
6/8/2020,234,Multiflora rose,N,4,,CL
6/8/2020,234,Honeysuckle,N,0,,CL
6/8/2020,234,Privot,N,0,,CL
6/8/2020,234,Spicebush,N,0,,CL
6/8/2020,234,Rubus,N,1,,CL
6/8/2020,234,Mapleleaf Vibernum ,N,0,,CL
6/8/2020,234,Buckthorn,S,1,,CL
6/8/2020,234,Multiflora rose,S,3,,CL
6/8/2020,234,Honeysuckle,S,0,,CL
6/8/2020,234,Privot,S,0,,CL
6/8/2020,234,Spicebush,S,0,,CL
6/8/2020,234,Rubus,S,1,,CL
6/8/2020,234,Mapleleaf Vibernum ,S,1,,CL
6/8/2020,235,Buckthorn,N,2,,CL
6/8/2020,235,Multiflora rose,N,3,,CL
6/8/2020,235,Honeysuckle,N,0,,CL
6/8/2020,235,Privot,N,0,,CL
6/8/2020,235,Spicebush,N,0,,CL
6/8/2020,235,Rubus,N,1,,CL
6/8/2020,235,Mapleleaf Vibernum ,N,0,,CL
6/8/2020,235,Buckthorn,S,2,,CL
6/8/2020,235,Multiflora rose,S,5,,CL
6/8/2020,235,Honeysuckle,S,0,,CL
6/8/2020,235,Privot,S,0,,CL
6/8/2020,235,Spicebush,S,0,,CL
6/8/2020,235,Rubus,S,0,,CL
6/8/2020,235,Mapleleaf Vibernum ,S,0,,CL
6/9/2020,236,Buckthorn,N,1,,CL
6/9/2020,236,Multiflora rose,N,4,,CL
6/9/2020,236,Honeysuckle,N,0,,CL
6/9/2020,236,Privot,N,1,,CL
6/9/2020,236,Spicebush,N,0,,CL
6/9/2020,236,Rubus,N,1,,CL
6/9/2020,236,Mapleleaf Vibernum ,N,0,,CL
6/9/2020,236,Buckthorn,S,1,,CL
6/9/2020,236,Multiflora rose,S,3,,CL
6/9/2020,236,Honeysuckle,S,0,,CL
6/9/2020,236,Privot,S,1,,CL
6/9/2020,236,Spicebush,S,0,,CL
6/9/2020,236,Rubus,S,1,,CL
6/9/2020,236,Mapleleaf Vibernum ,S,1,,CL
6/8/2020,237,Buckthorn,N,1,,KM
6/8/2020,237,Multiflora rose,N,4,,KM
6/8/2020,237,Honeysuckle,N,0,,KM
6/8/2020,237,Privot,N,0,,KM
6/8/2020,237,Spicebush,N,0,,KM
6/8/2020,237,Rubus,N,2,,KM
6/8/2020,237,Mapleleaf Viburnum,N,0,,KM
6/8/2020,237,Buckthorn,S,0,,KM
6/8/2020,237,Multiflora rose,S,5,,KM
6/8/2020,237,Honeysuckle,S,1,,KM
6/8/2020,237,Privot,S,0,,KM
6/8/2020,237,Spicebush,S,0,,KM
6/8/2020,237,Rubus,S,1,,KM
6/8/2020,237,Mapleleaf Viburnum,S,1,,KM
6/9/2020,238,Buckthorn,N,1,,CL
6/9/2020,238,Multiflora rose,N,4,,CL
6/9/2020,238,Honeysuckle,N,0,,CL
6/9/2020,238,Privot,N,0,,CL
6/9/2020,238,Spicebush,N,0,,CL
6/9/2020,238,Rubus,N,1,,CL
6/9/2020,238,Mapleleaf Vibernum ,N,0,,CL
6/9/2020,238,Buckthorn,S,1,,CL
6/9/2020,238,Multiflora rose,S,4,,CL
6/9/2020,238,Honeysuckle,S,0,,CL
6/9/2020,238,Privot,S,0,,CL
6/9/2020,238,Spicebush,S,0,,CL
6/9/2020,238,Rubus,S,1,,CL
6/9/2020,238,Mapleleaf Vibernum ,S,1,,CL
6/8/2020,239,Buckthorn,N,0,,CL
6/8/2020,239,Multiflora rose,N,5,,CL
6/8/2020,239,Honeysuckle,N,0,,CL
6/8/2020,239,Privot,N,0,,CL
6/8/2020,239,Spicebush,N,0,,CL
6/8/2020,239,Rubus,N,1,,CL
6/8/2020,239,Mapleleaf Vibernum ,N,0,,CL
6/8/2020,239,Buckthorn,S,1,,CL
6/8/2020,239,Multiflora rose,S,4,,CL
6/8/2020,239,Honeysuckle,S,0,,CL
6/8/2020,239,Privot,S,0,,CL
6/8/2020,239,Spicebush,S,0,,CL
6/8/2020,239,Rubus,S,1,,CL
6/8/2020,239,Mapleleaf Vibernum ,S,0,,CL
6/8/2020,240,Buckthorn,N,1,,CL
6/8/2020,240,Multiflora rose,N,5,,CL
6/8/2020,240,Honeysuckle,N,0,,CL
6/8/2020,240,Privot,N,0,,CL
6/8/2020,240,Spicebush,N,0,,CL
6/8/2020,240,Rubus,N,1,,CL
6/8/2020,240,Mapleleaf Vibernum ,N,0,,CL
6/8/2020,240,Buckthorn,S,2,,CL
6/8/2020,240,Multiflora rose,S,3,,CL
6/8/2020,240,Honeysuckle,S,0,,CL
6/8/2020,240,Privot,S,0,,CL
6/8/2020,240,Spicebush,S,0,,CL
6/8/2020,240,Rubus,S,1,,CL
6/8/2020,240,Mapleleaf Vibernum ,S,0,,CL
6/8/2020,241,Buckthorn,N,2,,CL
6/8/2020,241,Multiflora rose,N,2,,CL
6/8/2020,241,Honeysuckle,N,0,,CL
6/8/2020,241,Privot,N,0,,CL
6/8/2020,241,Spicebush,N,0,,CL
6/8/2020,241,Rubus,N,0,,CL
6/8/2020,241,Mapleleaf Vibernum ,N,0,,CL
6/8/2020,241,Buckthorn,S,1,,CL
6/8/2020,241,Multiflora rose,S,0,,CL
6/8/2020,241,Honeysuckle,S,0,,CL
6/8/2020,241,Privot,S,0,,CL
6/8/2020,241,Spicebush,S,0,,CL
6/8/2020,241,Rubus,S,0,,CL
6/8/2020,241,Mapleleaf Vibernum ,S,0,,CL
6/8/2020,242,Buckthorn,N,1,,CL
6/8/2020,242,Multiflora rose,N,4,,CL
6/8/2020,242,Honeysuckle,N,0,,CL
6/8/2020,242,Privot,N,0,,CL
6/8/2020,242,Spicebush,N,0,,CL
6/8/2020,242,Rubus,N,1,,CL
6/8/2020,242,Mapleleaf Vibernum ,N,0,,CL
6/8/2020,242,Buckthorn,S,1,,CL
6/8/2020,242,Multiflora rose,S,4,,CL
6/8/2020,242,Honeysuckle,S,0,,CL
6/8/2020,242,Privot,S,0,,CL
6/8/2020,242,Spicebush,S,0,,CL
6/8/2020,242,Rubus,S,1,,CL
6/8/2020,242,Mapleleaf Vibernum ,S,0,,CL
6/8/2020,243,Buckthorn,N,2,,CL
6/8/2020,243,Multiflora rose,N,4,,CL
6/8/2020,243,Honeysuckle,N,0,,CL
6/8/2020,243,Privot,N,0,,CL
6/8/2020,243,Spicebush,N,0,,CL
6/8/2020,243,Rubus,N,1,,CL
6/8/2020,243,Mapleleaf Vibernum ,N,0,,CL
6/8/2020,243,Buckthorn,S,3,,CL
6/8/2020,243,Multiflora rose,S,4,,CL
6/8/2020,243,Honeysuckle,S,0,,CL
6/8/2020,243,Privot,S,0,,CL
6/8/2020,243,Spicebush,S,0,,CL
6/8/2020,243,Rubus,S,1,,CL
6/8/2020,243,Mapleleaf Vibernum ,S,0,,CL
06/05/2020,244,Buckthorn,N,1,,MM
06/05/2020,244,Multiflora Rose ,N,4,,MM
06/05/2020,244,Honeysuckle,N,0,,MM
06/05/2020,244,Privot,N,0,,MM
06/05/2020,244,Spicebush,N,0,,MM
06/05/2020,244,Rubus,N,1,,MM
06/05/2020,244,Mapleleaf Viburnum,N,1,,MM
06/05/2020,244,Buckthorn,S,2,,MM
06/05/2020,244,Multiflora Rose ,S,4,,MM
06/05/2020,244,Honeysuckle,S,0,,MM
06/05/2020,244,Privot,S,0,,MM
06/05/2020,244,Spicebush,S,0,,MM
06/05/2020,244,Rubus,S,2,,MM
06/05/2020,244,Mapleleaf Viburnum,S,1,,MM
06/05/2020,245,Buckthorn,N,3,,MM
06/05/2020,245,Multiflora Rose ,N,3,,MM
06/05/2020,245,Honeysuckle,N,1,,MM
06/05/2020,245,Privot,N,0,,MM
06/05/2020,245,Spicebush,N,0,,MM
06/05/2020,245,Rubus,N,1,,MM
06/05/2020,245,Mapleleaf Viburnum,N,0,,MM
06/05/2020,245,Buckthorn,S,2,,MM
06/05/2020,245,Multiflora Rose ,S,4,,MM
06/05/2020,245,Honeysuckle,S,1,,MM
06/05/2020,245,Privot,S,0,,MM
06/05/2020,245,Spicebush,S,0,,MM
06/05/2020,245,Rubus,S,1,,MM
06/05/2020,245,Mapleleaf Viburnum,S,1,,MM
6/9/2020,246,Buckthorn,N,0,,CL
6/9/2020,246,Multiflora rose,N,4,,CL
6/9/2020,246,Honeysuckle,N,0,,CL
6/9/2020,246,Privot,N,0,,CL
6/9/2020,246,Spicebush,N,0,,CL
6/9/2020,246,Rubus,N,1,,CL
6/9/2020,246,Mapleleaf Vibernum ,N,0,,CL
6/9/2020,246,Buckthorn,S,1,,CL
6/9/2020,246,Multiflora rose,S,5,,CL
6/9/2020,246,Honeysuckle,S,1,,CL
6/9/2020,246,Privot,S,0,,CL
6/9/2020,246,Spicebush,S,0,,CL
6/9/2020,246,Rubus,S,1,,CL
6/9/2020,246,Mapleleaf Vibernum ,S,0,,CL
6/8/2020,247,Buckthorn,N,1,,CL
6/8/2020,247,Multiflora rose,N,5,,CL
6/8/2020,247,Honeysuckle,N,1,,CL
6/8/2020,247,Privot,N,0,,CL
6/8/2020,247,Spicebush,N,0,,CL
6/8/2020,247,Rubus,N,1,,CL
6/8/2020,247,Mapleleaf Vibernum ,N,0,,CL
6/8/2020,247,Buckthorn,S,1,,CL
6/8/2020,247,Multiflora rose,S,4,,CL
6/8/2020,247,Honeysuckle,S,0,,CL
6/8/2020,247,Privot,S,0,,CL
6/8/2020,247,Spicebush,S,0,,CL
6/8/2020,247,Rubus,S,1,,CL
6/8/2020,247,Mapleleaf Vibernum ,S,0,,CL
6/1/2020,248,Buckthorn,N,1,,MR
6/1/2020,248,Multiflora rose,N,4,,MR
6/1/2020,248,Honeysuckle,N,1,,MR
6/1/2020,248,Privot,N,0,,MR
6/1/2020,248,Spicebush,N,1,,MR
6/1/2020,248,Rubus,N,1,,MR
6/1/2020,248,Mapleleaf Viburnum,N,0,,MR
6/1/2020,248,Buckthorn,S,1,,MR
6/1/2020,248,Multiflora rose,S,3,,MR
6/1/2020,248,Honeysuckle,S,1,,MR
6/1/2020,248,Privot,S,0,,MR
6/1/2020,248,Spicebush,S,1,,MR
6/1/2020,248,Rubus,S,1,,MR
6/1/2020,248,Mapleleaf Viburnum,S,0,,MR
6/9/2020,249,Buckthorn,N,1,,CL
6/9/2020,249,Multiflora rose,N,4,,CL
6/9/2020,249,Honeysuckle,N,1,,CL
6/9/2020,249,Privot,N,0,,CL
6/9/2020,249,Spicebush,N,0,,CL
6/9/2020,249,Rubus,N,2,,CL
6/9/2020,249,Mapleleaf Vibernum ,N,1,,CL
6/9/2020,249,Buckthorn,S,1,,CL
6/9/2020,249,Multiflora rose,S,5,,CL
6/9/2020,249,Honeysuckle,S,2,,CL
6/9/2020,249,Privot,S,0,,CL
6/9/2020,249,Spicebush,S,0,,CL
6/9/2020,249,Rubus,S,1,,CL
6/9/2020,249,Mapleleaf Vibernum ,S,0,,CL
6/1/2020,250,Buckthorn,N,2,,MR
6/1/2020,250,Multiflora rose,N,1,,MR
6/1/2020,250,Honeysuckle,N,0,,MR
6/1/2020,250,Privot,N,0,,MR
6/1/2020,250,Spicebush,N,1,,MR
6/1/2020,250,Rubus,N,0,,MR
6/1/2020,250,Mapleleaf Viburnum,N,0,,MR
6/1/2020,250,Buckthorn,S,1,,MR
6/1/2020,250,Multiflora rose,S,1,,MR
6/1/2020,250,Honeysuckle,S,0,,MR
6/1/2020,250,Privot,S,1,,MR
6/1/2020,250,Spicebush,S,0,,MR
6/1/2020,250,Rubus,S,0,,MR
6/1/2020,250,Mapleleaf Viburnum,S,0,,MR
5/27/2020,251,Buckthorn,N,1,,MR
5/27/2020,251,Multiflora rose,N,4,,MR
5/27/2020,251,Honeysuckle,N,1,,MR
5/27/2020,251,Privot,N,0,,MR
5/27/2020,251,Spicebush,N,0,,MR
5/27/2020,251,Rubus,N,1,,MR
5/27/2020,251,Mapleleaf Viburnum,N,0,,MR
5/27/2020,251,Buckthorn,S,1,,MR
5/27/2020,251,Multiflora rose,S,3,,MR
5/27/2020,251,Honeysuckle,S,0,,MR
5/27/2020,251,Privot,S,0,,MR
5/27/2020,251,Spicebush,S,0,,MR
5/27/2020,251,Rubus,S,1,,MR
5/27/2020,251,Mapleleaf Viburnum,S,1,,MR
6/10/2020,252,Buckthorn,N,3,,CL
6/10/2020,252,Multiflora rose,N,1,,CL
6/10/2020,252,Honeysuckle,N,0,,CL
6/10/2020,252,Privot,N,0,,CL
6/10/2020,252,Spicebush,N,0,,CL
6/10/2020,252,Rubus,N,0,,CL
6/10/2020,252,Mapleleaf Vibernum ,N,0,,CL
6/10/2020,252,Buckthorn,S,2,,CL
6/10/2020,252,Multiflora rose,S,0,,CL
6/10/2020,252,Honeysuckle,S,1,,CL
6/10/2020,252,Privot,S,0,,CL
6/10/2020,252,Spicebush,S,0,,CL
6/10/2020,252,Rubus,S,0,,CL
6/10/2020,252,Mapleleaf Vibernum ,S,1,,CL
6/10/2020,253,Buckthorn,S,2,,KM
6/10/2020,253,Multiflora rose,S,1,,KM
6/10/2020,253,Honeysuckle,S,1,,KM
6/10/2020,253,Privot,S,0,,KM
6/10/2020,253,Spicebush,S,0,,KM
6/10/2020,253,Rubus,S,0,,KM
6/10/2020,253,Buckthorn,N,2,,KM
6/10/2020,253,Multiflora rose,N,2,,KM
6/10/2020,253,Honeysuckle,N,0,,KM
6/10/2020,253,Privot,N,1,,KM
6/10/2020,253,Spicebush,N,1,,KM
6/10/2020,253,Rubus,N,0,,KM
6/10/2020,253,Mapleleaf Viburnum,N,1,,KM
6/10/2020,255,Buckthorn,N,1,,KM
6/10/2020,255,Multiflora rose,N,0,,KM
6/10/2020,255,Honeysuckle,N,0,,KM
6/10/2020,255,Privot,N,0,,KM
6/10/2020,255,Spicebush,N,0,,KM
6/10/2020,255,Rubus,N,0,,KM
6/10/2020,255,Mapleleaf Viburnum,N,0,,KM
6/10/2020,255,Buckthorn,S,1,,KM
6/10/2020,255,Multiflora rose,S,0,,KM
6/10/2020,255,Honeysuckle,S,0,,KM
6/10/2020,255,Privot,S,0,,KM
6/10/2020,255,Spicebush,S,0,,KM
6/10/2020,255,Rubus,S,0,,KM
6/10/2020,255,Mapleleaf Viburnum,S,0,,KM
6/11/2020,256,Buckthorn,N,0,,KM
6/11/2020,256,Multiflora rose,N,0,,KM
6/11/2020,256,Honeysuckle,N,0,,KM
6/11/2020,256,Privot,N,0,,KM
6/11/2020,256,Spicebush,N,0,,KM
6/11/2020,256,Rubus,N,0,,KM
6/11/2020,256,Mapleleaf Viburnum,N,0,,KM
6/11/2020,256,Buckthorn,S,0,,KM
6/11/2020,256,Multiflora rose,S,0,,KM
6/11/2020,256,Honeysuckle,S,0,,KM
6/11/2020,256,Privot,S,0,,KM
6/11/2020,256,Spicebush,S,0,,KM
6/11/2020,256,Rubus,S,0,,KM
6/11/2020,256,Mapleleaf Viburnum,S,0,,KM
6/10/2020,257,Buckthorn,N,0,,KM
6/10/2020,257,Multiflora rose,N,1,,KM
6/10/2020,257,Honeysuckle,N,0,,KM
6/10/2020,257,Privot,N,0,,KM
6/10/2020,257,Spicebush,N,0,,KM
6/10/2020,257,Rubus,N,0,,KM
6/10/2020,257,Mapleleaf Viburnum,N,0,,KM
6/10/2020,257,Buckthorn,S,1,,KM
6/10/2020,257,Multiflora rose,S,1,,KM
6/10/2020,257,Honeysuckle,S,0,,KM
6/10/2020,257,Privot,S,0,,KM
6/10/2020,257,Spicebush,S,0,,KM
6/10/2020,257,Rubus,S,0,,KM
6/10/2020,257,Mapleleaf Viburnum,S,0,,KM
6/11/2020,258,Buckthorn,N,0,,KM
6/11/2020,258,Multiflora rose,N,0,,KM
6/11/2020,258,Honeysuckle,N,0,,KM
6/11/2020,258,Privot,N,0,,KM
6/11/2020,258,Spicebush,N,0,,KM
6/11/2020,258,Rubus,N,0,,KM
6/11/2020,258,Mapleleaf Viburnum,N,0,,KM
6/11/2020,258,Buckthorn,S,1,,KM
6/11/2020,258,Multiflora rose,S,0,,KM
6/11/2020,258,Honeysuckle,S,0,,KM
6/11/2020,258,Privot,S,0,,KM
6/11/2020,258,Spicebush,S,0,,KM
6/11/2020,258,Rubus,S,0,,KM
6/11/2020,258,Mapleleaf Viburnum,S,0,,KM
6/10/2020,259,Buckthorn,N,1,,KM
6/10/2020,259,Multiflora rose,N,1,,KM
6/10/2020,259,Honeysuckle,N,0,,KM
6/10/2020,259,Privot,N,0,,KM
6/10/2020,259,Spicebush,N,0,,KM
6/10/2020,259,Rubus,N,0,,KM
6/10/2020,259,Mapleleaf Viburnum,N,0,,KM
6/10/2020,259,Buckthorn,S,1,,KM
6/10/2020,259,Multiflora rose,S,1,,KM
6/10/2020,259,Honeysuckle,S,0,,KM
6/10/2020,259,Privot,S,0,,KM
6/10/2020,259,Spicebush,S,0,,KM
6/10/2020,259,Rubus,S,0,,KM
6/10/2020,259,Mapleleaf Viburnum,S,0,,KM
6/10/2020,259,Buckthorn,N,1,,KM
6/10/2020,259,Multiflora rose,N,4,,KM
6/10/2020,259,Honeysuckle,N,3,,KM
6/10/2020,259,Privot,N,0,,KM
6/10/2020,259,Spicebush,N,0,,KM
6/10/2020,259,Rubus,N,0,,KM
6/10/2020,259,Mapleleaf Viburnum,N,0,,KM
6/10/2020,259,Buckthorn,S,1,,KM
6/10/2020,259,Multiflora rose,S,2,,KM
6/10/2020,259,Honeysuckle,S,2,,KM
6/10/2020,259,Privot,S,0,,KM
6/10/2020,259,Spicebush,S,0,,KM
6/10/2020,259,Rubus,S,0,,KM
6/10/2020,259,Mapleleaf Viburnum,S,1,,KM
6/11/2020,260,Buckthorn,S,0,,KM
6/11/2020,260,Multiflora rose,S,1,,KM
6/11/2020,260,Honeysuckle,S,0,,KM
6/11/2020,260,Privot,S,0,,KM
6/11/2020,260,Spicebush,S,0,,KM
6/11/2020,260,Rubus,S,0,,KM
6/11/2020,260,Mapleleaf Viburnum,S,0,,KM
6/11/2020,260,Buckthorn,N,1,,KM
6/11/2020,260,Multiflora rose,N,0,,KM
6/11/2020,260,Honeysuckle,N,0,,KM
6/11/2020,260,Privot,N,0,,KM
6/11/2020,260,Spicebush,N,0,,KM
6/11/2020,260,Rubus,N,0,,KM
6/11/2020,260,Mapleleaf Viburnum,N,0,,KM
6/11/2020,262,Buckthorn,N,0,,KM
6/11/2020,262,Multiflora rose,N,0,,KM
6/11/2020,262,Honeysuckle,N,0,,KM
6/11/2020,262,Privot,N,0,,KM
6/11/2020,262,Spicebush,N,0,,KM
6/11/2020,262,Rubus,N,0,,KM
6/11/2020,262,Mapleleaf Viburnum,N,0,,KM
6/11/2020,262,Buckthorn,S,0,,KM
6/11/2020,262,Multiflora rose,S,0,,KM
6/11/2020,262,Honeysuckle,S,0,,KM
6/11/2020,262,Privot,S,0,,KM
6/11/2020,262,Spicebush,S,0,,KM
6/11/2020,262,Rubus,S,0,,KM
6/11/2020,262,Mapleleaf Viburnum,S,0,,KM
6/11/2020,263,Buckthorn,N,0,,KM
6/11/2020,263,Multiflora rose,N,0,,KM
6/11/2020,263,Honeysuckle,N,0,,KM
6/11/2020,263,Privot,N,0,,KM
6/11/2020,263,Spicebush,N,0,,KM
6/11/2020,263,Rubus,N,0,,KM
6/11/2020,263,Mapleleaf Viburnum,N,0,,KM
6/11/2020,263,Buckthorn,S,0,,KM
6/11/2020,263,Multiflora rose,S,0,,KM
6/11/2020,263,Honeysuckle,S,0,,KM
6/11/2020,263,Privot,S,0,,KM
6/11/2020,263,Spicebush,S,0,,KM
6/11/2020,263,Rubus,S,0,,KM
6/11/2020,263,Mapleleaf Viburnum,S,0,,KM
6/11/2020,264,Buckthorn,N,0,,KM
6/11/2020,264,Multiflora rose,N,0,,KM
6/11/2020,264,Honeysuckle,N,0,,KM
6/11/2020,264,Privot,N,0,,KM
6/11/2020,264,Spicebush,N,0,,KM
6/11/2020,264,Rubus,N,0,,KM
6/11/2020,264,Mapleleaf Viburnum,N,0,,KM
6/11/2020,264,Buckthorn,S,0,,KM
6/11/2020,264,Multiflora rose,S,0,,KM
6/11/2020,264,Honeysuckle,S,0,,KM
6/11/2020,264,Privot,S,0,,KM
6/11/2020,264,Spicebush,S,0,,KM
6/11/2020,264,Rubus,S,0,,KM
6/11/2020,264,Mapleleaf Viburnum,S,0,,KM
6/11/2020,265,Buckthorn,N,0,,KM
6/11/2020,265,Multiflora rose,N,0,,KM
6/11/2020,265,Honeysuckle,N,0,,KM
6/11/2020,265,Privot,N,0,,KM
6/11/2020,265,Spicebush,N,0,,KM
6/11/2020,265,Rubus,N,0,,KM
6/11/2020,265,Mapleleaf Viburnum,N,0,,KM
6/11/2020,265,Buckthorn,S,0,,KM
6/11/2020,265,Multiflora rose,S,0,,KM
6/11/2020,265,Honeysuckle,S,0,,KM
6/11/2020,265,Privot,S,0,,KM
6/11/2020,265,Spicebush,S,0,,KM
6/11/2020,265,Rubus,S,0,,KM
6/11/2020,265,Mapleleaf Viburnum,S,0,,KM
6/11/2020,266,Buckthorn,S,0,,KM
6/11/2020,266,Multiflora rose,S,0,,KM
6/11/2020,266,Honeysuckle,S,0,,KM
6/11/2020,266,Privot,S,0,,KM
6/11/2020,266,Spicebush,S,0,,KM
6/11/2020,266,Rubus,S,0,,KM
6/11/2020,266,Mapleleaf Viburnum,S,0,,KM
6/11/2020,266,Buckthorn,N,0,,KM
6/11/2020,266,Multiflora rose,N,0,,KM
6/11/2020,266,Honeysuckle,N,0,,KM
6/11/2020,266,Privot,N,0,,KM
6/11/2020,266,Spicebush,N,0,,KM
6/11/2020,266,Rubus,N,0,,KM
6/11/2020,266,Mapleleaf Viburnum,N,0,,KM
6/11/2020,269,Buckthorn,N,0,,KM
6/11/2020,269,Multiflora rose,N,0,,KM
6/11/2020,269,Honeysuckle,N,0,,KM
6/11/2020,269,Privot,N,0,,KM
6/11/2020,269,Spicebush,N,0,,KM
6/11/2020,269,Rubus,N,0,,KM
6/11/2020,269,Mapleleaf Viburnum,N,0,,KM
6/11/2020,269,Buckthorn,S,0,,KM
6/11/2020,269,Multiflora rose,S,0,,KM
6/11/2020,269,Honeysuckle,S,0,,KM
6/11/2020,269,Privot,S,0,,KM
6/11/2020,269,Spicebush,S,1,,KM
6/11/2020,269,Rubus,S,0,,KM
6/11/2020,269,Mapleleaf Viburnum,S,0,,KM
6/11/2020,270,Buckthorn,N,0,,KM
6/11/2020,270,Multiflora rose,N,0,,KM
6/11/2020,270,Honeysuckle,N,0,,KM
6/11/2020,270,Privot,N,0,,KM
6/11/2020,270,Spicebush,N,1,,KM
6/11/2020,270,Rubus,N,0,,KM
6/11/2020,270,Mapleleaf Viburnum,N,0,,KM
6/11/2020,270,Buckthorn,S,0,,KM
6/11/2020,270,Multiflora rose,S,0,,KM
6/11/2020,270,Honeysuckle,S,0,,KM
6/11/2020,270,Privot,S,0,,KM
6/11/2020,270,Spicebush,S,1,,KM
6/11/2020,270,Rubus,S,0,,KM
6/11/2020,270,Mapleleaf Viburnum,S,0,,KM
6/10/2020,272,Buckthorn,N,2,,KM
6/10/2020,272,Multiflora rose,N,0,,KM
6/10/2020,272,Honeysuckle,N,1,,KM
6/10/2020,272,Privot,N,0,,KM
6/10/2020,272,Spicebush,N,0,,KM
6/10/2020,272,Rubus,N,1,,KM
6/10/2020,272,Mapleleaf Viburnum,N,1,,KM
6/10/2020,272,Buckthorn,S,3,,KM
6/10/2020,272,Multiflora rose,S,2,,KM
6/10/2020,272,Honeysuckle,S,1,,KM
6/10/2020,272,Privot,S,0,,KM
6/10/2020,272,Spicebush,S,0,,KM
6/10/2020,272,Rubus,S,1,,KM
6/10/2020,272,Mapleleaf Viburnum,S,1,,KM
6/9/2020,273,Buckthorn,N,1,,CL
6/9/2020,273,Multiflora rose,N,2,,CL
6/9/2020,273,Honeysuckle,N,0,,CL
6/9/2020,273,Privot,N,0,,CL
6/9/2020,273,Spicebush,N,0,,CL
6/9/2020,273,Rubus,N,2,,CL
6/9/2020,273,Mapleleaf Vibernum ,N,0,,CL
6/9/2020,273,Buckthorn,S,1,,CL
6/9/2020,273,Multiflora rose,S,1,,CL
6/9/2020,273,Honeysuckle,S,0,,CL
6/9/2020,273,Privot,S,1,,CL
6/9/2020,273,Spicebush,S,0,,CL
6/9/2020,273,Rubus,S,1,,CL
6/9/2020,273,Mapleleaf Vibernum ,S,0,,CL
5/27/2020,274,Buckthorn,N,1,,MR
5/27/2020,274,Multiflora rose,N,1,,MR
5/27/2020,274,Honeysuckle,N,0,,MR
5/27/2020,274,Privot,N,0,,MR
5/27/2020,274,Spicebush,N,0,,MR
5/27/2020,274,Rubus,N,1,,MR
5/27/2020,274,Mapleleaf Viburnum,N,0,,MR
5/27/2020,274,Buckthorn,S,1,,MR
5/27/2020,274,Multiflora rose,S,2,,MR
5/27/2020,274,Honeysuckle,S,0,,MR
5/27/2020,274,Privot,S,0,,MR
5/27/2020,274,Spicebush,S,0,,MR
5/27/2020,274,Rubus,S,1,,MR
5/27/2020,274,Mapleleaf Viburnum,S,0,,MR
6/9/2020,274,Buckthorn,N,1,,CL
6/9/2020,274,Multiflora rose,N,1,,CL
6/9/2020,274,Honeysuckle,N,0,,CL
6/9/2020,274,Privot,N,0,,CL
6/9/2020,274,Spicebush,N,0,,CL
6/9/2020,274,Rubus,N,1,,CL
6/9/2020,274,Mapleleaf Vibernum ,N,0,,CL
6/9/2020,274,Buckthorn,S,1,,CL
6/9/2020,274,Multiflora rose,S,2,,CL
6/9/2020,274,Honeysuckle,S,0,,CL
6/9/2020,274,Privot,S,0,,CL
6/9/2020,274,Spicebush,S,0,,CL
6/9/2020,274,Rubus,S,1,,CL
6/9/2020,274,Mapleleaf Vibernum ,S,0,,CL
5/27/2020,275,Buckthorn,N,1,,MR
5/27/2020,275,Multiflora rose,N,1,,MR
5/27/2020,275,Honeysuckle,N,1,,MR
5/27/2020,275,Privot,N,0,,MR
5/27/2020,275,Spicebush,N,1,,MR
5/27/2020,275,Rubus,N,1,,MR
5/27/2020,275,Mapleleaf Viburnum,N,0,,MR
5/27/2020,275,Buckthorn,S,1,,MR
5/27/2020,275,Multiflora rose,S,3,,MR
5/27/2020,275,Honeysuckle,S,0,,MR
5/27/2020,275,Privot,S,0,,MR
5/27/2020,275,Spicebush,S,0,,MR
5/27/2020,275,Rubus,S,1,,MR
5/27/2020,275,Mapleleaf Viburnum,S,0,,MR
5/27/2020,276,Buckthorn,N,1,,MR
5/27/2020,276,Multiflora rose,N,4,,MR
5/27/2020,276,Honeysuckle,N,0,,MR
5/27/2020,276,Privot,N,0,,MR
5/27/2020,276,Spicebush,N,0,,MR
5/27/2020,276,Rubus,N,1,,MR
5/27/2020,276,Mapleleaf Viburnum,N,0,,MR
5/27/2020,276,Buckthorn,S,1,,MR
5/27/2020,276,Multiflora rose,S,2,,MR
5/27/2020,276,Honeysuckle,S,1,,MR
5/27/2020,276,Privot,S,0,,MR
5/27/2020,276,Spicebush,S,0,,MR
5/27/2020,276,Rubus,S,0,,MR
5/27/2020,276,Mapleleaf Viburnum,S,0,,MR
6/9/2020,277,Buckthorn,N,1,,CL
6/9/2020,277,Multiflora rose,N,0,,CL
6/9/2020,277,Honeysuckle,N,0,,CL
6/9/2020,277,Privot,N,0,,CL
6/9/2020,277,Spicebush,N,0,,CL
6/9/2020,277,Rubus,N,1,,CL
6/9/2020,277,Mapleleaf Vibernum ,N,0,,CL
6/9/2020,277,Buckthorn,S,2,,CL
6/9/2020,277,Multiflora rose,S,0,,CL
6/9/2020,277,Honeysuckle,S,0,,CL
6/9/2020,277,Privot,S,0,,CL
6/9/2020,277,Spicebush,S,0,,CL
6/9/2020,277,Rubus,S,0,,CL
6/9/2020,277,Mapleleaf Vibernum ,S,0,,CL
5/27/2020,278,Buckthorn,N,1,,MR
5/27/2020,278,Multiflora rose,N,1,,MR
5/27/2020,278,Honeysuckle,N,0,,MR
5/27/2020,278,Privot,N,1,,MR
5/27/2020,278,Spicebush,N,0,,MR
5/27/2020,278,Rubus,N,0,,MR
5/27/2020,278,Mapleleaf Viburnum,N,0,,MR
5/27/2020,278,Buckthorn,S,1,,MR
5/27/2020,278,Multiflora rose,S,1,,MR
5/27/2020,278,Honeysuckle,S,0,,MR
5/27/2020,278,Privot,S,0,,MR
5/27/2020,278,Spicebush,S,0,,MR
5/27/2020,278,Rubus,S,0,,MR
5/27/2020,278,Mapleleaf Viburnum,S,0,,MR
6/9/2020,279,Buckthorn,N,1,,CL
6/9/2020,279,Multiflora rose,N,0,,CL
6/9/2020,279,Honeysuckle,N,0,,CL
6/9/2020,279,Privot,N,0,,CL
6/9/2020,279,Spicebush,N,0,,CL
6/9/2020,279,Rubus,N,0,,CL
6/9/2020,279,Mapleleaf Vibernum ,N,0,,CL
6/9/2020,279,Buckthorn,S,1,,CL
6/9/2020,279,Multiflora rose,S,0,,CL
6/9/2020,279,Honeysuckle,S,0,,CL
6/9/2020,279,Privot,S,0,,CL
6/9/2020,279,Spicebush,S,0,,CL
6/9/2020,279,Rubus,S,0,,CL
6/9/2020,279,Mapleleaf Vibernum ,S,0,,CL
6/9/2020,280,Buckthorn,N,1,,CL
6/9/2020,280,Multiflora rose,N,5,,CL
6/9/2020,280,Honeysuckle,N,2,,CL
6/9/2020,280,Privot,N,0,,CL
6/9/2020,280,Spicebush,N,0,,CL
6/9/2020,280,Rubus,N,1,,CL
6/9/2020,280,Mapleleaf Vibernum ,N,0,,CL
6/9/2020,280,Buckthorn,S,1,,CL
6/9/2020,280,Multiflora rose,S,4,,CL
6/9/2020,280,Honeysuckle,S,0,,CL
6/9/2020,280,Privot,S,0,,CL
6/9/2020,280,Spicebush,S,0,,CL
6/9/2020,280,Rubus,S,1,,CL
6/9/2020,280,Mapleleaf Vibernum ,S,0,,CL
5/27/2020,281,Buckthorn,N,1,,MR
5/27/2020,281,Multiflora rose,N,1,,MR
5/27/2020,281,Honeysuckle,N,2,,MR
5/27/2020,281,Privot,N,0,,MR
5/27/2020,281,Spicebush,N,0,,MR
5/27/2020,281,Rubus,N,1,,MR
5/27/2020,281,Mapleleaf Viburnum,N,0,,MR
5/27/2020,281,Buckthorn,S,1,,MR
5/27/2020,281,Multiflora rose,S,1,,MR
5/27/2020,281,Honeysuckle,S,1,,MR
5/27/2020,281,Privot,S,0,,MR
5/27/2020,281,Spicebush,S,0,,MR
5/27/2020,281,Rubus,S,1,,MR
5/27/2020,281,Mapleleaf Viburnum,S,0,,MR
6/9/2020,282,Buckthorn,N,0,,CL
6/9/2020,282,Multiflora rose,N,0,,CL
6/9/2020,282,Honeysuckle,N,0,,CL
6/9/2020,282,Privot,N,0,,CL
6/9/2020,282,Spicebush,N,0,,CL
6/9/2020,282,Rubus,N,0,,CL
6/9/2020,282,Mapleleaf Vibernum ,N,0,,CL
6/9/2020,282,Buckthorn,S,0,,CL
6/9/2020,282,Multiflora rose,S,0,,CL
6/9/2020,282,Honeysuckle,S,0,,CL
6/9/2020,282,Privot,S,0,,CL
6/9/2020,282,Spicebush,S,0,,CL
6/9/2020,282,Rubus,S,0,,CL
6/9/2020,282,Mapleleaf Vibernum ,S,1,,CL
6/9/2020,283,Buckthorn,N,1,,CL
6/9/2020,283,Multiflora rose,N,0,,CL
6/9/2020,283,Honeysuckle,N,0,,CL
6/9/2020,283,Privot,N,0,,CL
6/9/2020,283,Spicebush,N,0,,CL
6/9/2020,283,Rubus,N,0,,CL
6/9/2020,283,Mapleleaf Vibernum ,N,0,,CL
6/9/2020,283,Buckthorn,S,1,,CL
6/9/2020,283,Multiflora rose,S,0,,CL
6/9/2020,283,Honeysuckle,S,0,,CL
6/9/2020,283,Privot,S,0,,CL
6/9/2020,283,Spicebush,S,0,,CL
6/9/2020,283,Rubus,S,0,,CL
6/9/2020,283,Mapleleaf Vibernum ,S,0,,CL
6/11/2020,284,Buckthorn,S,1,,KM
6/11/2020,284,Multiflora rose,S,0,,KM
6/11/2020,284,Honeysuckle,S,0,,KM
6/11/2020,284,Privot,S,0,,KM
6/11/2020,284,Spicebush,S,0,,KM
6/11/2020,284,Rubus,S,0,,KM
6/11/2020,284,Mapleleaf Viburnum,S,0,,KM
6/11/2020,284,Buckthorn,N,0,,KM
6/11/2020,284,Multiflora rose,N,0,,KM
6/11/2020,284,Honeysuckle,N,0,,KM
6/11/2020,284,Privot,N,0,,KM
6/11/2020,284,Spicebush,N,0,,KM
6/11/2020,284,Rubus,N,0,,KM
6/11/2020,284,Mapleleaf Viburnum,N,0,,KM
5/27/2020,285,Buckthorn,N,0,,MR
5/27/2020,285,Multiflora rose,N,3,,MR
5/27/2020,285,Honeysuckle,N,0,,MR
5/27/2020,285,Privot,N,0,,MR
5/27/2020,285,Spicebush,N,0,,MR
5/27/2020,285,Rubus,N,1,,MR
5/27/2020,285,Mapleleaf Viburnum,N,0,,MR
5/27/2020,285,Buckthorn,S,0,,MR
5/27/2020,285,Multiflora rose,S,2,,MR
5/27/2020,285,Honeysuckle,S,0,,MR
5/27/2020,285,Privot,S,0,,MR
5/27/2020,285,Spicebush,S,0,,MR
5/27/2020,285,Rubus,S,0,,MR
5/27/2020,285,Mapleleaf Viburnum,S,0,,MR
5/27/2020,286,Buckthorn,N,1,,MR
5/27/2020,286,Multiflora rose,N,1,,MR
5/27/2020,286,Honeysuckle,N,0,,MR
5/27/2020,286,Privot,N,0,,MR
5/27/2020,286,Spicebush,N,0,,MR
5/27/2020,286,Rubus,N,1,,MR
5/27/2020,286,Mapleleaf Viburnum,N,1,,MR
5/27/2020,286,Buckthorn,S,1,,MR
5/27/2020,286,Multiflora rose,S,3,,MR
5/27/2020,286,Honeysuckle,S,0,,MR
5/27/2020,286,Privot,S,0,,MR
5/27/2020,286,Spicebush,S,0,,MR
5/27/2020,286,Rubus,S,0,,MR
5/27/2020,286,Mapleleaf Viburnum,S,0,,MR
5/27/2020,287,Buckthorn,N,0,,MR
5/27/2020,287,Multiflora rose,N,0,,MR
5/27/2020,287,Honeysuckle,N,0,,MR
5/27/2020,287,Privot,N,0,,MR
5/27/2020,287,Spicebush,N,0,,MR
5/27/2020,287,Rubus,N,0,,MR
5/27/2020,287,Mapleleaf Viburnum,N,0,,MR
5/27/2020,287,Buckthorn,S,1,,MR
5/27/2020,287,Multiflora rose,S,1,,MR
5/27/2020,287,Honeysuckle,S,0,,MR
5/27/2020,287,Privot,S,0,,MR
5/27/2020,287,Spicebush,S,0,,MR
5/27/2020,287,Rubus,S,1,,MR
5/27/2020,287,Mapleleaf Viburnum,S,0,,MR
6/11/2020,288,Buckthorn,N,0,,KM
6/11/2020,288,Multiflora rose,N,0,,KM
6/11/2020,288,Honeysuckle,N,0,,KM
6/11/2020,288,Privot,N,0,,KM
6/11/2020,288,Spicebush,N,0,,KM
6/11/2020,288,Rubus,N,0,,KM
6/11/2020,288,Mapleleaf Viburnum,N,1,,KM
6/11/2020,288,Buckthorn,S,1,,KM
6/11/2020,288,Multiflora rose,S,0,,KM
6/11/2020,288,Honeysuckle,S,0,,KM
6/11/2020,288,Privot,S,0,,KM
6/11/2020,288,Spicebush,S,0,,KM
6/11/2020,288,Rubus,S,0,,KM
6/11/2020,288,Mapleleaf Viburnum,S,0,,KM
5/27/2020,289,Buckthorn,N,1,,MR
5/27/2020,289,Multiflora rose,N,1,,MR
5/27/2020,289,Honeysuckle,N,0,,MR
5/27/2020,289,Privot,N,0,,MR
5/27/2020,289,Spicebush,N,0,,MR
5/27/2020,289,Rubus,N,1,,MR
5/27/2020,289,Mapleleaf Viburnum,N,0,,MR
5/27/2020,289,Buckthorn,S,0,,MR
5/27/2020,289,Multiflora rose,S,1,,MR
5/27/2020,289,Honeysuckle,S,0,,MR
5/27/2020,289,Privot,S,0,,MR
5/27/2020,289,Spicebush,S,0,,MR
5/27/2020,289,Rubus,S,0,,MR
5/27/2020,289,Mapleleaf Viburnum,S,0,,MR
6/10/2020,290,Buckthorn,N,0,,KM
6/10/2020,290,Multiflora rose,N,0,,KM
6/10/2020,290,Honeysuckle,N,0,,KM
6/10/2020,290,Privot,N,0,,KM
6/10/2020,290,Spicebush,N,0,,KM
6/10/2020,290,Rubus,N,0,,KM
6/10/2020,290,Mapleleaf Viburnum,N,0,,KM
6/10/2020,290,Buckthorn,S,0,,KM
6/10/2020,290,Multiflora rose,S,0,,KM
6/10/2020,290,Honeysuckle,S,0,,KM
6/10/2020,290,Privot,S,0,,KM
6/10/2020,290,Spicebush,S,0,,KM
6/10/2020,290,Rubus,S,0,,KM
6/10/2020,290,Mapleleaf Viburnum,S,0,,KM
5/27/2020,291,Buckthorn,N,1,,MR
5/27/2020,291,Multiflora rose,N,0,,MR
5/27/2020,291,Honeysuckle,N,0,,MR
5/27/2020,291,Privot,N,0,,MR
5/27/2020,291,Spicebush,N,0,,MR
5/27/2020,291,Rubus,N,0,,MR
5/27/2020,291,Mapleleaf Viburnum,N,0,,MR
5/27/2020,291,Buckthorn,S,1,,MR
5/27/2020,291,Multiflora rose,S,1,,MR
5/27/2020,291,Honeysuckle,S,0,,MR
5/27/2020,291,Privot,S,0,,MR
5/27/2020,291,Spicebush,S,0,,MR
5/27/2020,291,Rubus,S,0,,MR
5/27/2020,291,Mapleleaf Viburnum,S,0,,MR
6/10/2020,292,Buckthorn,N,0,,KM
6/10/2020,292,Multiflora rose,N,0,,KM
6/10/2020,292,Honeysuckle,N,0,,KM
6/10/2020,292,Privot,N,0,,KM
6/10/2020,292,Spicebush,N,0,,KM
6/10/2020,292,Rubus,N,0,,KM
6/10/2020,292,Mapleleaf Viburnum,N,0,,KM
6/10/2020,292,Buckthorn,S,0,,KM
6/10/2020,292,Multiflora rose,S,0,,KM
6/10/2020,292,Honeysuckle,S,0,,KM
6/10/2020,292,Privot,S,0,,KM
6/10/2020,292,Spicebush,S,0,,KM
6/10/2020,292,Rubus,S,0,,KM
6/10/2020,292,Mapleleaf Viburnum,S,0,,KM
6/10/2020,293,Buckthorn,N,1,,KM
6/10/2020,293,Multiflora rose,N,0,,KM
6/10/2020,293,Honeysuckle,N,0,,KM
6/10/2020,293,Privot,N,0,,KM
6/10/2020,293,Spicebush,N,0,,KM
6/10/2020,293,Rubus,N,1,,KM
6/10/2020,293,Mapleleaf Viburnum,N,0,,KM
6/10/2020,293,Buckthorn,S,1,,KM
6/10/2020,293,Multiflora rose,S,0,,KM
6/10/2020,293,Honeysuckle,S,0,,KM
6/10/2020,293,Privot,S,0,,KM
6/10/2020,293,Spicebush,S,0,,KM
6/10/2020,293,Rubus,S,0,,KM
6/10/2020,293,Mapleleaf Viburnum,S,0,,KM
06/05/2020,295,Buckthorn,N,0,,MM
06/05/2020,295,Multiflora Rose ,N,4,,MM
06/05/2020,295,Honeysuckle,N,0,,MM
06/05/2020,295,Privot,N,0,,MM
06/05/2020,295,Spicebush,N,0,,MM
06/05/2020,295,Rubus,N,0,,MM
06/05/2020,295,Mapleleaf Viburnum,N,1,,MM
06/05/2020,295,Buckthorn,S,0,,MM
06/05/2020,295,Multiflora Rose ,S,6,,MM
06/05/2020,295,Honeysuckle,S,0,,MM
06/05/2020,295,Privot,S,0,,MM
06/05/2020,295,Spicebush,S,0,,MM
06/05/2020,295,Rubus,S,0,,MM
06/05/2020,295,Mapleleaf Viburnum,S,0,,MM
6/11/2020,296,Buckthorn,N,1,,KM
6/11/2020,296,Multiflora rose,N,0,,KM
6/11/2020,296,Honeysuckle,N,0,,KM
6/11/2020,296,Privot,N,0,,KM
6/11/2020,296,Spicebush,N,0,,KM
6/11/2020,296,Rubus,N,0,,KM
6/11/2020,296,Mapleleaf Viburnum,N,0,,KM
6/11/2020,296,Buckthorn,S,1,,KM
6/11/2020,296,Multiflora rose,S,1,,KM
6/11/2020,296,Honeysuckle,S,0,,KM
6/11/2020,296,Privot,S,0,,KM
6/11/2020,296,Spicebush,S,0,,KM
6/11/2020,296,Rubus,S,0,,KM
6/11/2020,296,Mapleleaf Viburnum,S,0,,KM
6/10/2020,297,Buckthorn,N,1,,KM
6/10/2020,297,Multiflora rose,N,0,,KM
6/10/2020,297,Honeysuckle,N,0,,KM
6/10/2020,297,Privot,N,0,,KM
6/10/2020,297,Spicebush,N,0,,KM
6/10/2020,297,Rubus,N,0,,KM
6/10/2020,297,Mapleleaf Viburnum,N,0,,KM
6/10/2020,297,Buckthorn,S,1,,KM
6/10/2020,297,Multiflora rose,S,0,,KM
6/10/2020,297,Honeysuckle,S,0,,KM
6/10/2020,297,Privot,S,0,,KM
6/10/2020,297,Spicebush,S,0,,KM
6/10/2020,297,Rubus,S,0,,KM
6/10/2020,297,Mapleleaf Viburnum,S,0,,KM
6/10/2020,299,Buckthorn,N,1,,KM
6/10/2020,299,Multiflora rose,N,3,,KM
6/10/2020,299,Honeysuckle,N,0,,KM
6/10/2020,299,Privot,N,2,,KM
6/10/2020,299,Spicebush,N,0,,KM
6/10/2020,299,Rubus,N,1,,KM
6/10/2020,299,Mapleleaf Viburnum,N,0,,KM
6/10/2020,299,Buckthorn,S,1,,KM
6/10/2020,299,Multiflora rose,S,1,,KM
6/10/2020,299,Honeysuckle,S,0,,KM
6/10/2020,299,Privot,S,0,Bugs,KM
6/10/2020,299,Spicebush,S,0,,KM
6/10/2020,299,Rubus,S,2,,KM
6/10/2020,299,Mapleleaf Viburnum,S,0,,KM
6/10/2020,300,Buckthorn,N,1,,KM
6/10/2020,300,Multiflora rose,N,1,,KM
6/10/2020,300,Honeysuckle,N,0,,KM
6/10/2020,300,Privot,N,1,,KM
6/10/2020,300,Spicebush,N,0,,KM
6/10/2020,300,Rubus,N,2,,KM
6/10/2020,300,Mapleleaf Viburnum,N,1,,KM
6/10/2020,300,Buckthorn,S,1,,KM
6/10/2020,300,Multiflora rose,S,4,,KM
6/10/2020,300,Honeysuckle,S,0,,KM
6/10/2020,300,Privot,S,1,,KM
6/10/2020,300,Spicebush,S,0,,KM
6/10/2020,300,Rubus,S,1,,KM
6/10/2020,300,Mapleleaf Viburnum,S,0,,KM
5/27/2020,301,Buckthorn,N,1,,MR
5/27/2020,301,Multiflora rose,N,1,,MR
5/27/2020,301,Honeysuckle,N,1,,MR
5/27/2020,301,Privot,N,0,,MR
5/27/2020,301,Spicebush,N,0,,MR
5/27/2020,301,Rubus,N,1,,MR
5/27/2020,301,Mapleleaf Viburnum,N,1,,MR
5/27/2020,301,Buckthorn,S,1,,MR
5/27/2020,301,Multiflora rose,S,1,,MR
5/27/2020,301,Honeysuckle,S,0,,MR
5/27/2020,301,Privot,S,0,,MR
5/27/2020,301,Spicebush,S,0,,MR
5/27/2020,301,Rubus,S,1,,MR
5/27/2020,301,Mapleleaf Viburnum,S,1,,MR
5/27/2020,302,Buckthorn,N,1,,MR
5/27/2020,302,Multiflora rose,N,2,,MR
5/27/2020,302,Honeysuckle,N,1,,MR
5/27/2020,302,Privot,N,0,,MR
5/27/2020,302,Spicebush,N,0,,MR
5/27/2020,302,Rubus,N,1,,MR
5/27/2020,302,Mapleleaf Viburnum,N,1,,MR
5/27/2020,302,Buckthorn,S,1,,MR
5/27/2020,302,Multiflora rose,S,3,,MR
5/27/2020,302,Honeysuckle,S,1,,MR
5/27/2020,302,Privot,S,0,,MR
5/27/2020,302,Spicebush,S,0,,MR
5/27/2020,302,Rubus,S,1,,MR
5/27/2020,302,Mapleleaf Viburnum,S,0,,MR
5/27/2020,303,Buckthorn,N,1,,MR
5/27/2020,303,Multiflora rose,N,2,,MR
5/27/2020,303,Honeysuckle,N,1,,MR
5/27/2020,303,Privot,N,0,,MR
5/27/2020,303,Spicebush,N,0,,MR
5/27/2020,303,Rubus,N,1,,MR
5/27/2020,303,Mapleleaf Viburnum,N,0,,MR
5/27/2020,303,Buckthorn,S,1,,MR
5/27/2020,303,Multiflora rose,S,2,,MR
5/27/2020,303,Honeysuckle,S,1,,MR
5/27/2020,303,Privot,S,0,,MR
5/27/2020,303,Spicebush,S,0,,MR
5/27/2020,303,Rubus,S,1,,MR
5/27/2020,303,Mapleleaf Viburnum,S,0,,MR
5/27/2020,304,Buckthorn,N,0,,MR
5/27/2020,304,Multiflora rose,N,0,,MR
5/27/2020,304,Honeysuckle,N,0,,MR
5/27/2020,304,Privot,N,0,,MR
5/27/2020,304,Spicebush,N,0,,MR
5/27/2020,304,Rubus,N,0,,MR
5/27/2020,304,Mapleleaf Viburnum,N,0,,MR
5/27/2020,304,Buckthorn,S,0,,MR
5/27/2020,304,Multiflora rose,S,1,,MR
5/27/2020,304,Honeysuckle,S,0,,MR
5/27/2020,304,Privot,S,0,,MR
5/27/2020,304,Spicebush,S,0,,MR
5/27/2020,304,Rubus,S,0,,MR
5/27/2020,304,Mapleleaf Viburnum,S,0,,MR
5/27/2020,305,Buckthorn,N,0,,MR
5/27/2020,305,Multiflora rose,N,0,,MR
5/27/2020,305,Honeysuckle,N,0,,MR
5/27/2020,305,Privot,N,0,,MR
5/27/2020,305,Spicebush,N,0,,MR
5/27/2020,305,Rubus,N,0,,MR
5/27/2020,305,Mapleleaf Viburnum,N,0,,MR
5/27/2020,305,Buckthorn,S,0,,MR
5/27/2020,305,Multiflora rose,S,0,,MR
5/27/2020,305,Honeysuckle,S,0,,MR
5/27/2020,305,Privot,S,0,,MR
5/27/2020,305,Spicebush,S,0,,MR
5/27/2020,305,Rubus,S,0,,MR
5/27/2020,305,Mapleleaf Viburnum,S,0,,MR
5/27/2020,306,Buckthorn,N,0,,MR
5/27/2020,306,Multiflora rose,N,0,,MR
5/27/2020,306,Honeysuckle,N,0,,MR
5/27/2020,306,Privot,N,0,,MR
5/27/2020,306,Spicebush,N,0,,MR
5/27/2020,306,Rubus,N,0,,MR
5/27/2020,306,Mapleleaf Viburnum,N,0,,MR
5/27/2020,306,Buckthorn,S,0,,MR
5/27/2020,306,Multiflora rose,S,0,,MR
5/27/2020,306,Honeysuckle,S,0,,MR
5/27/2020,306,Privot,S,0,,MR
5/27/2020,306,Spicebush,S,0,,MR
5/27/2020,306,Rubus,S,0,,MR
5/27/2020,306,Mapleleaf Viburnum,S,0,,MR
5/27/2020,307,Buckthorn,N,0,,MR
5/27/2020,307,Multiflora rose,N,0,,MR
5/27/2020,307,Honeysuckle,N,0,,MR
5/27/2020,307,Privot,N,0,,MR
5/27/2020,307,Spicebush,N,0,,MR
5/27/2020,307,Rubus,N,0,,MR
5/27/2020,307,Mapleleaf Viburnum,N,0,,MR
5/27/2020,307,Buckthorn,S,0,,MR
5/27/2020,307,Multiflora rose,S,0,,MR
5/27/2020,307,Honeysuckle,S,0,,MR
5/27/2020,307,Privot,S,0,,MR
5/27/2020,307,Spicebush,S,0,,MR
5/27/2020,307,Rubus,S,0,,MR
5/27/2020,307,Mapleleaf Viburnum,S,0,,MR
5/27/2020,308,Buckthorn,N,1,,MR
5/27/2020,308,Multiflora rose,N,4,,MR
5/27/2020,308,Honeysuckle,N,0,,MR
5/27/2020,308,Privot,N,0,,MR
5/27/2020,308,Spicebush,N,0,,MR
5/27/2020,308,Rubus,N,1,,MR
5/27/2020,308,Mapleleaf Viburnum,N,0,,MR
5/27/2020,308,Buckthorn,S,1,,MR
5/27/2020,308,Multiflora rose,S,1,,MR
5/27/2020,308,Honeysuckle,S,0,,MR
5/27/2020,308,Privot,S,0,,MR
5/27/2020,308,Spicebush,S,0,,MR
5/27/2020,308,Rubus,S,1,,MR
5/27/2020,308,Mapleleaf Viburnum,S,0,,MR
6/9/2020,309,Buckthorn,N,1,,CL
6/9/2020,309,Multiflora rose,N,0,,CL
6/9/2020,309,Honeysuckle,N,0,,CL
6/9/2020,309,Privot,N,0,,CL
6/9/2020,309,Spicebush,N,0,,CL
6/9/2020,309,Rubus,N,0,,CL
6/9/2020,309,Mapleleaf Vibernum ,N,0,,CL
6/9/2020,309,Buckthorn,S,1,,CL
6/9/2020,309,Multiflora rose,S,0,,CL
6/9/2020,309,Honeysuckle,S,0,,CL
6/9/2020,309,Privot,S,0,,CL
6/9/2020,309,Spicebush,S,0,,CL
6/9/2020,309,Rubus,S,0,,CL
6/9/2020,309,Mapleleaf Vibernum ,S,0,,CL
6/9/2020,310,Buckthorn,N,0,,CL
6/9/2020,310,Multiflora rose,N,0,,CL
6/9/2020,310,Honeysuckle,N,0,,CL
6/9/2020,310,Privot,N,0,,CL
6/9/2020,310,Spicebush,N,0,,CL
6/9/2020,310,Rubus,N,0,,CL
6/9/2020,310,Mapleleaf Vibernum ,N,0,,CL
6/9/2020,310,Buckthorn,S,0,,CL
6/9/2020,310,Multiflora rose,S,0,,CL
6/9/2020,310,Honeysuckle,S,0,,CL
6/9/2020,310,Privot,S,0,,CL
6/9/2020,310,Spicebush,S,0,,CL
6/9/2020,310,Rubus,S,0,,CL
6/9/2020,310,Mapleleaf Vibernum ,S,0,,CL
6/4/2020,311,Buckthorn,N,0,,J.N.B
6/4/2020,311,Multiflora Rose,N,3,,J.N.B
6/4/2020,311,Honeysuckle,N,0,,J.N.B
6/4/2020,311,Privot,N,0,,J.N.B
6/4/2020,311,Spicebush,N,0,,J.N.B
6/4/2020,311,Rubus,N,1,,J.N.B
6/4/2020,311,Mapleleaf Viburnum,N,0,,J.N.B
6/4/2020,311,Buckthorn,S,1,,J.N.B
6/4/2020,311,Multiflora Rose,S,2,,J.N.B
6/4/2020,311,Honeysuckle,S,1,,J.N.B
6/4/2020,311,Privot,S,0,,J.N.B
6/4/2020,311,Spicebush,S,0,,J.N.B
6/4/2020,311,Rubus,S,1,,J.N.B
6/4/2020,311,Mapleleaf Viburnum,S,0,,J.N.B
5/26/2020,312,Buckthorn,N,1,,MR
5/26/2020,312,Multiflora rose,N,2,,MR
5/26/2020,312,Honeysuckle,N,1,,MR
5/26/2020,312,Privot,N,0,,MR
5/26/2020,312,Spicebush,N,0,,MR
5/26/2020,312,Rubus,N,0,,MR
5/26/2020,312,Mapleleaf Viburnum,N,0,,MR
5/26/2020,312,Buckthorn,S,1,,MR
5/26/2020,312,Multiflora rose,S,2,,MR
5/26/2020,312,Honeysuckle,S,1,,MR
5/26/2020,312,Privot,S,0,,MR
5/26/2020,312,Spicebush,S,0,,MR
5/26/2020,312,Rubus,S,2,,MR
5/26/2020,312,Mapleleaf Viburnum,S,0,,MR
6/4/2020,313,Buckthorn,N,2,,J.N.B
6/4/2020,313,Multiflora Rose,N,2,,J.N.B
6/4/2020,313,Honeysuckle,N,1,,J.N.B
6/4/2020,313,Privot,N,1,,J.N.B
6/4/2020,313,Spicebush,N,0,,J.N.B
6/4/2020,313,Rubus,N,1,,J.N.B
6/4/2020,313,Mapleleaf Viburnum,N,0,,J.N.B
6/4/2020,313,Buckthorn,S,2,,J.N.B
6/4/2020,313,Multiflora Rose,S,1,,J.N.B
6/4/2020,313,Honeysuckle,S,2,,J.N.B
6/4/2020,313,Privot,S,0,,J.N.B
6/4/2020,313,Spicebush,S,0,,J.N.B
6/4/2020,313,Rubus,S,2,,J.N.B
6/4/2020,313,Mapleleaf Viburnum,S,0,,J.N.B
6/4/2020,314,Buckthorn,N,2,,J.N.B
6/4/2020,314,Multiflora Rose,N,0,,J.N.B
6/4/2020,314,Honeysuckle,N,1,,J.N.B
6/4/2020,314,Privot,N,0,,J.N.B
6/4/2020,314,Spicebush,N,0,,J.N.B
6/4/2020,314,Rubus,N,0,,J.N.B
6/4/2020,314,Mapleleaf Viburnum,N,0,,J.N.B
6/4/2020,314,Buckthorn,S,1,,J.N.B
6/4/2020,314,Multiflora Rose,S,0,,J.N.B
6/4/2020,314,Honeysuckle,S,0,,J.N.B
6/4/2020,314,Privot,S,0,,J.N.B
6/4/2020,314,Spicebush,S,0,,J.N.B
6/4/2020,314,Rubus,S,0,,J.N.B
6/4/2020,314,Mapleleaf Viburnum,S,0,,J.N.B
06/05/2020,315,Buckthorn,N,2,,MM
06/05/2020,315,Multiflora Rose ,N,1,,MM
06/05/2020,315,Honeysuckle,N,0,,MM
06/05/2020,315,Privot,N,0,,MM
06/05/2020,315,Spicebush,N,0,,MM
06/05/2020,315,Rubus,N,0,,MM
06/05/2020,315,Mapleleaf Viburnum,N,0,,MM
06/05/2020,315,Buckthorn,S,2,,MM
06/05/2020,315,Multiflora Rose ,S,1,,MM
06/05/2020,315,Honeysuckle,S,1,,MM
06/05/2020,315,Privot,S,0,,MM
06/05/2020,315,Spicebush,S,0,,MM
06/05/2020,315,Rubus,S,0,,MM
06/05/2020,315,Mapleleaf Viburnum,S,0,,MM
6/4/2020,316,Buckthorn,N,2,,J.N.B
6/4/2020,316,Multiflora Rose,N,1,,J.N.B
6/4/2020,316,Honeysuckle,N,0,,J.N.B
6/4/2020,316,Privot,N,0,,J.N.B
6/4/2020,316,Spicebush,N,0,,J.N.B
6/4/2020,316,Rubus,N,1,,J.N.B
6/4/2020,316,Mapleleaf Viburnum,N,0,,J.N.B
6/4/2020,316,Buckthorn,S,3,,J.N.B
6/4/2020,316,Multiflora Rose,S,1,,J.N.B
6/4/2020,316,Honeysuckle,S,0,,J.N.B
6/4/2020,316,Privot,S,1,,J.N.B
6/4/2020,316,Spicebush,S,0,,J.N.B
6/4/2020,316,Rubus,S,1,,J.N.B
6/4/2020,316,Mapleleaf Viburnum,S,0,,J.N.B
6/4/2020,317,Buckthorn,N,1,,J.N.B
6/4/2020,317,Multiflora Rose,N,3,,J.N.B
6/4/2020,317,Honeysuckle,N,0,,J.N.B
6/4/2020,317,Privot,N,0,,J.N.B
6/4/2020,317,Spicebush,N,0,,J.N.B
6/4/2020,317,Rubus,N,1,,J.N.B
6/4/2020,317,Mapleleaf Viburnum,N,1,,J.N.B
6/4/2020,317,Buckthorn,S,1,,J.N.B
6/4/2020,317,Multiflora Rose,S,4,,J.N.B
6/4/2020,317,Honeysuckle,S,1,,J.N.B
6/4/2020,317,Privot,S,0,,J.N.B
6/4/2020,317,Spicebush,S,0,,J.N.B
6/4/2020,317,Rubus,S,1,,J.N.B
6/4/2020,317,Mapleleaf Viburnum,S,1,,J.N.B
5/27/2020,318,Buckthorn,N,1,,MR
5/27/2020,318,Multiflora rose,N,0,,MR
5/27/2020,318,Honeysuckle,N,1,,MR
5/27/2020,318,Privot,N,0,,MR
5/27/2020,318,Spicebush,N,0,,MR
5/27/2020,318,Rubus,N,0,,MR
5/27/2020,318,Mapleleaf Viburnum,N,0,,MR
5/27/2020,318,Buckthorn,S,1,,MR
5/27/2020,318,Multiflora rose,S,0,,MR
5/27/2020,318,Honeysuckle,S,0,,MR
5/27/2020,318,Privot,S,0,,MR
5/27/2020,318,Spicebush,S,0,,MR
5/27/2020,318,Rubus,S,1,,MR
5/27/2020,318,Mapleleaf Viburnum,S,0,,MR
06/05/2020,319,Buckthorn,N,1,,MM
06/05/2020,319,Multiflora Rose ,N,2,,MM
06/05/2020,319,Honeysuckle,N,0,,MM
06/05/2020,319,Privot,N,0,,MM
06/05/2020,319,Spicebush,N,0,,MM
06/05/2020,319,Rubus,N,0,,MM
06/05/2020,319,Mapleleaf Viburnum,N,0,,MM
06/05/2020,319,Buckthorn,S,2,,MM
06/05/2020,319,Multiflora Rose ,S,1,,MM
06/05/2020,319,Honeysuckle,S,0,,MM
06/05/2020,319,Privot,S,0,,MM
06/05/2020,319,Spicebush,S,0,,MM
06/05/2020,319,Rubus,S,1,,MM
06/05/2020,319,Mapleleaf Viburnum,S,0,,MM
06/05/2020,320,Buckthorn,N,2,,MM
06/05/2020,320,Multiflora Rose ,N,1,,MM
06/05/2020,320,Honeysuckle,N,1,,MM
06/05/2020,320,Privot,N,0,,MM
06/05/2020,320,Spicebush,N,0,,MM
06/05/2020,320,Rubus,N,1,,MM
06/05/2020,320,Mapleleaf Viburnum,N,0,,MM
06/05/2020,320,Buckthorn,S,4,,MM
06/05/2020,320,Multiflora Rose ,S,1,,MM
06/05/2020,320,Honeysuckle,S,1,,MM
06/05/2020,320,Privot,S,1,,MM
06/05/2020,320,Spicebush,S,0,,MM
06/05/2020,320,Rubus,S,1,,MM
06/05/2020,320,Mapleleaf Viburnum,S,0,,MM
5/26/2020,321,Buckthorn,N,1,,MR
5/26/2020,321,Multiflora rose,N,0,,MR
5/26/2020,321,Honeysuckle,N,1,,MR
5/26/2020,321,Privot,N,0,,MR
5/26/2020,321,Spicebush,N,0,,MR
5/26/2020,321,Rubus,N,0,,MR
5/26/2020,321,Mapleleaf Viburnum,N,0,,MR
5/26/2020,321,Buckthorn,S,2,,MR
5/26/2020,321,Multiflora rose,S,1,,MR
5/26/2020,321,Honeysuckle,S,0,,MR
5/26/2020,321,Privot,S,0,,MR
5/26/2020,321,Spicebush,S,0,,MR
5/26/2020,321,Rubus,S,0,,MR
5/26/2020,321,Mapleleaf Viburnum,S,0,,MR
5/26/2020,322,Buckthorn,N,2,,MR
5/26/2020,322,Multiflora rose,N,1,,MR
5/26/2020,322,Honeysuckle,N,0,,MR
5/26/2020,322,Privot,N,0,,MR
5/26/2020,322,Spicebush,N,0,,MR
5/26/2020,322,Rubus,N,0,,MR
5/26/2020,322,Mapleleaf Viburnum,N,0,,MR
5/26/2020,322,Buckthorn,S,2,,MR
5/26/2020,322,Multiflora rose,S,1,,MR
5/26/2020,322,Honeysuckle,S,0,,MR
5/26/2020,322,Privot,S,0,,MR
5/26/2020,322,Spicebush,S,0,,MR
5/26/2020,322,Rubus,S,2,,MR
5/26/2020,322,Mapleleaf Viburnum,S,1,,MR
5/26/2020,323,Buckthorn,N,2,,MR
5/26/2020,323,Multiflora rose,N,1,,MR
5/26/2020,323,Honeysuckle,N,0,,MR
5/26/2020,323,Privot,N,0,,MR
5/26/2020,323,Spicebush,N,1,,MR
5/26/2020,323,Rubus,N,0,,MR
5/26/2020,323,Mapleleaf Viburnum,N,0,,MR
5/26/2020,323,Buckthorn,S,2,,MR
5/26/2020,323,Multiflora rose,S,1,,MR
5/26/2020,323,Honeysuckle,S,0,,MR
5/26/2020,323,Privot,S,0,,MR
5/26/2020,323,Spicebush,S,1,,MR
5/26/2020,323,Rubus,S,0,,MR
5/26/2020,323,Mapleleaf Viburnum,S,0,,MR
5/26/2020,324,Buckthorn,N,2,,MR
5/26/2020,324,Multiflora rose,N,1,,MR
5/26/2020,324,Honeysuckle,N,0,,MR
5/26/2020,324,Privot,N,0,,MR
5/26/2020,324,Spicebush,N,0,,MR
5/26/2020,324,Rubus,N,0,,MR
5/26/2020,324,Mapleleaf Viburnum,N,0,,MR
5/26/2020,324,Buckthorn,S,2,,MR
5/26/2020,324,Multiflora rose,S,0,,MR
5/26/2020,324,Honeysuckle,S,0,,MR
5/26/2020,324,Privot,S,0,,MR
5/26/2020,324,Spicebush,S,0,,MR
5/26/2020,324,Rubus,S,0,,MR
5/26/2020,324,Mapleleaf Viburnum,S,0,,MR
5/27/2020,325,Buckthorn,N,0,,MR
5/27/2020,325,Multiflora rose,N,1,,MR
5/27/2020,325,Honeysuckle,N,0,,MR
5/27/2020,325,Privot,N,0,,MR
5/27/2020,325,Spicebush,N,0,,MR
5/27/2020,325,Rubus,N,1,,MR
5/27/2020,325,Mapleleaf Viburnum,N,0,,MR
5/27/2020,325,Buckthorn,S,1,,MR
5/27/2020,325,Multiflora rose,S,1,,MR
5/27/2020,325,Honeysuckle,S,0,,MR
5/27/2020,325,Privot,S,1,,MR
5/27/2020,325,Spicebush,S,0,,MR
5/27/2020,325,Rubus,S,1,,MR
5/27/2020,325,Mapleleaf Viburnum,S,0,,MR
5/27/2020,326,Buckthorn,N,1,,MR
5/27/2020,326,Multiflora rose,N,1,,MR
5/27/2020,326,Honeysuckle,N,0,,MR
5/27/2020,326,Privot,N,0,,MR
5/27/2020,326,Spicebush,N,0,,MR
5/27/2020,326,Rubus,N,0,,MR
5/27/2020,326,Mapleleaf Viburnum,N,0,,MR
5/27/2020,326,Buckthorn,S,1,,MR
5/27/2020,326,Multiflora rose,S,0,,MR
5/27/2020,326,Honeysuckle,S,0,,MR
5/27/2020,326,Privot,S,0,,MR
5/27/2020,326,Spicebush,S,1,,MR
5/27/2020,326,Rubus,S,0,,MR
5/27/2020,326,Mapleleaf Viburnum,S,0,,MR
5/26/2020,327,Buckthorn,N,1,,MR
5/26/2020,327,Multiflora rose,N,0,,MR
5/26/2020,327,Honeysuckle,N,0,,MR
5/26/2020,327,Privot,N,0,,MR
5/26/2020,327,Spicebush,N,0,,MR
5/26/2020,327,Rubus,N,0,,MR
5/26/2020,327,Mapleleaf Viburnum,N,0,,MR
5/26/2020,327,Buckthorn,S,1,,MR
5/26/2020,327,Multiflora rose,S,0,,MR
5/26/2020,327,Honeysuckle,S,1,,MR
5/26/2020,327,Privot,S,0,,MR
5/26/2020,327,Spicebush,S,1,,MR
5/26/2020,327,Rubus,S,0,,MR
5/26/2020,327,Mapleleaf Viburnum,S,0,,MR
5/26/2020,328,Buckthorn,N,2,,MR
5/26/2020,328,Multiflora rose,N,2,,MR
5/26/2020,328,Honeysuckle,N,0,,MR
5/26/2020,328,Privot,N,1,,MR
5/26/2020,328,Spicebush,N,0,,MR
5/26/2020,328,Rubus,N,1,,MR
5/26/2020,328,Mapleleaf Viburnum,N,0,,MR
5/26/2020,328,Buckthorn,S,1,,MR
5/26/2020,328,Multiflora rose,S,1,,MR
5/26/2020,328,Honeysuckle,S,0,,MR
5/26/2020,328,Privot,S,0,,MR
5/26/2020,328,Spicebush,S,0,,MR
5/26/2020,328,Rubus,S,1,,MR
5/26/2020,328,Mapleleaf Viburnum,S,0,,MR
5/26/2020,329,Buckthorn,N,1,,MR
5/26/2020,329,Multiflora rose,N,1,,MR
5/26/2020,329,Honeysuckle,N,0,,MR
5/26/2020,329,Privot,N,0,,MR
5/26/2020,329,Spicebush,N,0,,MR
5/26/2020,329,Rubus,N,0,,MR
5/26/2020,329,Mapleleaf Viburnum,N,0,,MR
5/26/2020,329,Buckthorn,S,1,,MR
5/26/2020,329,Multiflora rose,S,1,,MR
5/26/2020,329,Honeysuckle,S,0,,MR
5/26/2020,329,Privot,S,0,,MR
5/26/2020,329,Spicebush,S,0,,MR
5/26/2020,329,Rubus,S,0,,MR
5/26/2020,329,Mapleleaf Viburnum,S,0,,MR
5/27/2020,330,Buckthorn,N,1,,MR
5/27/2020,330,Multiflora rose,N,1,,MR
5/27/2020,330,Honeysuckle,N,1,,MR
5/27/2020,330,Privot,N,0,,MR
5/27/2020,330,Spicebush,N,0,,MR
5/27/2020,330,Rubus,N,0,,MR
5/27/2020,330,Mapleleaf Viburnum,N,1,,MR
5/27/2020,330,Buckthorn,S,1,,MR
5/27/2020,330,Multiflora rose,S,0,,MR
5/27/2020,330,Honeysuckle,S,1,,MR
5/27/2020,330,Privot,S,0,,MR
5/27/2020,330,Spicebush,S,0,,MR
5/27/2020,330,Rubus,S,0,,MR
5/27/2020,330,Mapleleaf Viburnum,S,0,,MR
5/26/2020,331,Buckthorn,N,1,2 feet out on west side,MR
5/26/2020,331,Multiflora rose,N,2,,MR
5/26/2020,331,Honeysuckle,N,0,,MR
5/26/2020,331,Privot,N,0,,MR
5/26/2020,331,Spicebush,N,0,,MR
5/26/2020,331,Rubus,N,0,,MR
5/26/2020,331,Mapleleaf Viburnum,N,0,,MR
5/26/2020,331,Buckthorn,S,1,,MR
5/26/2020,331,Multiflora rose,S,0,,MR
5/26/2020,331,Honeysuckle,S,0,,MR
5/26/2020,331,Privot,S,0,,MR
5/26/2020,331,Spicebush,S,0,,MR
5/26/2020,331,Rubus,S,1,,MR
5/26/2020,331,Mapleleaf Viburnum,S,0,,MR
5/27/2020,332,Buckthorn,N,1,,MR
5/27/2020,332,Multiflora rose,N,0,,MR
5/27/2020,332,Honeysuckle,N,0,,MR
5/27/2020,332,Privot,N,0,,MR
5/27/2020,332,Spicebush,N,0,,MR
5/27/2020,332,Rubus,N,0,,MR
5/27/2020,332,Mapleleaf Viburnum,N,0,,MR
5/27/2020,332,Buckthorn,S,1,,MR
5/27/2020,332,Multiflora rose,S,0,,MR
5/27/2020,332,Honeysuckle,S,0,,MR
5/27/2020,332,Privot,S,0,,MR
5/27/2020,332,Spicebush,S,0,,MR
5/27/2020,332,Rubus,S,0,,MR
5/27/2020,332,Mapleleaf Viburnum,S,0,,MR
5/27/2020,333,Buckthorn,N,1,,MR
5/27/2020,333,Multiflora rose,N,1,,MR
5/27/2020,333,Honeysuckle,N,0,,MR
5/27/2020,333,Privot,N,0,,MR
5/27/2020,333,Spicebush,N,0,,MR
5/27/2020,333,Rubus,N,0,,MR
5/27/2020,333,Mapleleaf Viburnum,N,0,,MR
5/27/2020,333,Buckthorn,S,1,,MR
5/27/2020,333,Multiflora rose,S,0,,MR
5/27/2020,333,Honeysuckle,S,0,,MR
5/27/2020,333,Privot,S,0,,MR
5/27/2020,333,Spicebush,S,0,,MR
5/27/2020,333,Rubus,S,0,,MR
5/27/2020,333,Mapleleaf Viburnum,S,0,,MR
5/27/2020,335,Buckthorn,N,0,,MR
5/27/2020,335,Multiflora rose,N,2,,MR
5/27/2020,335,Honeysuckle,N,1,,MR
5/27/2020,335,Privot,N,1,,MR
5/27/2020,335,Spicebush,N,0,,MR
5/27/2020,335,Rubus,N,1,,MR
5/27/2020,335,Mapleleaf Viburnum,N,0,,MR
5/27/2020,335,Buckthorn,S,0,,MR
5/27/2020,335,Multiflora rose,S,1,,MR
5/27/2020,335,Honeysuckle,S,0,,MR
5/27/2020,335,Privot,S,0,,MR
5/27/2020,335,Spicebush,S,0,,MR
5/27/2020,335,Rubus,S,2,,MR
5/27/2020,335,Mapleleaf Viburnum,S,0,,MR
5/27/2020,336,Buckthorn,N,1,,MR
5/27/2020,336,Multiflora rose,N,1,,MR
5/27/2020,336,Honeysuckle,N,0,,MR
5/27/2020,336,Privot,N,0,,MR
5/27/2020,336,Spicebush,N,0,,MR
5/27/2020,336,Rubus,N,0,,MR
5/27/2020,336,Mapleleaf Viburnum,N,0,,MR
5/27/2020,336,Buckthorn,S,1,,MR
5/27/2020,336,Multiflora rose,S,0,,MR
5/27/2020,336,Honeysuckle,S,0,,MR
5/27/2020,336,Privot,S,0,,MR
5/27/2020,336,Spicebush,S,0,,MR
5/27/2020,336,Rubus,S,0,,MR
5/27/2020,336,Mapleleaf Viburnum,S,0,,MR
5/27/2020,337,Buckthorn,N,0,,MR
5/27/2020,337,Multiflora rose,N,2,,MR
5/27/2020,337,Honeysuckle,N,0,,MR
5/27/2020,337,Privot,N,0,,MR
5/27/2020,337,Spicebush,N,0,,MR
5/27/2020,337,Rubus,N,2,,MR
5/27/2020,337,Mapleleaf Viburnum,N,0,,MR
5/27/2020,337,Buckthorn,S,1,,MR
5/27/2020,337,Multiflora rose,S,1,,MR
5/27/2020,337,Honeysuckle,S,0,,MR
5/27/2020,337,Privot,S,0,,MR
5/27/2020,337,Spicebush,S,0,,MR
5/27/2020,337,Rubus,S,2,,MR
5/27/2020,337,Mapleleaf Viburnum,S,1,,MR
5/26/2020,338,Buckthorn,N,1,,MR
5/26/2020,338,Multiflora rose,N,1,,MR
5/26/2020,338,Honeysuckle,N,0,,MR
5/26/2020,338,Privot,N,0,,MR
5/26/2020,338,Spicebush,N,0,,MR
5/26/2020,338,Rubus,N,0,,MR
5/26/2020,338,Mapleleaf Viburnum,N,0,,MR
5/26/2020,338,Buckthorn,S,1,,MR
5/26/2020,338,Multiflora rose,S,0,,MR
5/26/2020,338,Honeysuckle,S,0,,MR
5/26/2020,338,Privot,S,0,,MR
5/26/2020,338,Spicebush,S,0,,MR
5/26/2020,338,Rubus,S,0,,MR
5/26/2020,338,Mapleleaf Viburnum,S,0,,MR
5/27/2020,339,Buckthorn,N,1,,MR
5/27/2020,339,Multiflora rose,N,1,,MR
5/27/2020,339,Honeysuckle,N,1,,MR
5/27/2020,339,Privot,N,0,,MR
5/27/2020,339,Spicebush,N,0,,MR
5/27/2020,339,Rubus,N,1,,MR
5/27/2020,339,Mapleleaf Viburnum,N,0,,MR
5/27/2020,339,Buckthorn,S,1,,MR
5/27/2020,339,Multiflora rose,S,2,,MR
5/27/2020,339,Honeysuckle,S,1,,MR
5/27/2020,339,Privot,S,0,,MR
5/27/2020,339,Spicebush,S,0,,MR
5/27/2020,339,Rubus,S,1,,MR
5/27/2020,339,Mapleleaf Viburnum,S,0,,MR
5/27/2020,340,Buckthorn,N,1,,MR
5/27/2020,340,Multiflora rose,N,1,,MR
5/27/2020,340,Honeysuckle,N,0,,MR
5/27/2020,340,Privot,N,0,,MR
5/27/2020,340,Spicebush,N,0,,MR
5/27/2020,340,Rubus,N,0,,MR
5/27/2020,340,Mapleleaf Viburnum,N,0,,MR
5/27/2020,340,Buckthorn,S,1,,MR
5/27/2020,340,Multiflora rose,S,1,,MR
5/27/2020,340,Honeysuckle,S,1,,MR
5/27/2020,340,Privot,S,0,,MR
5/27/2020,340,Spicebush,S,0,,MR
5/27/2020,340,Rubus,S,0,,MR
5/27/2020,340,Mapleleaf Viburnum,S,0,,MR
5/27/2020,341,Buckthorn,N,1,,MR
5/27/2020,341,Multiflora rose,N,2,,MR
5/27/2020,341,Honeysuckle,N,0,,MR
5/27/2020,341,Privot,N,0,,MR
5/27/2020,341,Spicebush,N,0,,MR
5/27/2020,341,Rubus,N,1,,MR
5/27/2020,341,Mapleleaf Viburnum,N,0,,MR
5/27/2020,341,Buckthorn,S,1,,MR
5/27/2020,341,Multiflora rose,S,2,,MR
5/27/2020,341,Honeysuckle,S,1,,MR
5/27/2020,341,Privot,S,0,,MR
5/27/2020,341,Spicebush,S,0,,MR
5/27/2020,341,Rubus,S,1,,MR
5/27/2020,341,Mapleleaf Viburnum,S,0,,MR
5/27/2020,342,Buckthorn,N,1,,MR
5/27/2020,342,Multiflora rose,N,0,,MR
5/27/2020,342,Honeysuckle,N,0,,MR
5/27/2020,342,Privot,N,0,,MR
5/27/2020,342,Spicebush,N,0,,MR
5/27/2020,342,Rubus,N,1,,MR
5/27/2020,342,Mapleleaf Viburnum,N,0,,MR
5/27/2020,342,Buckthorn,S,1,,MR
5/27/2020,342,Multiflora rose,S,1,,MR
5/27/2020,342,Honeysuckle,S,1,,MR
5/27/2020,342,Privot,S,0,,MR
5/27/2020,342,Spicebush,S,0,,MR
5/27/2020,342,Rubus,S,1,,MR
5/27/2020,342,Mapleleaf Viburnum,S,0,,MR
5/27/2020,343,Buckthorn,N,0,,MR
5/27/2020,343,Multiflora rose,N,1,,MR
5/27/2020,343,Honeysuckle,N,0,,MR
5/27/2020,343,Privot,N,1,,MR
5/27/2020,343,Spicebush,N,0,,MR
5/27/2020,343,Rubus,N,1,,MR
5/27/2020,343,Mapleleaf Viburnum,N,0,,MR
5/27/2020,343,Buckthorn,S,1,,MR
5/27/2020,343,Multiflora rose,S,0,,MR
5/27/2020,343,Honeysuckle,S,0,,MR
5/27/2020,343,Privot,S,0,,MR
5/27/2020,343,Spicebush,S,0,,MR
5/27/2020,343,Rubus,S,1,,MR
5/27/2020,343,Mapleleaf Viburnum,S,0,,MR
6/4/2020,344,Buckthorn,N,1,,J.N.B
6/4/2020,344,Multiflora Rose,N,0,,J.N.B
6/4/2020,344,Honeysuckle,N,0,,J.N.B
6/4/2020,344,Privot,N,0,,J.N.B
6/4/2020,344,Spicebush,N,0,,J.N.B
6/4/2020,344,Rubus,N,0,,J.N.B
6/4/2020,344,Mapleleaf Viburnum,N,0,,J.N.B
6/4/2020,344,Buckthorn,S,1,,J.N.B
6/4/2020,344,Multiflora Rose,S,0,,J.N.B
6/4/2020,344,Honeysuckle,S,0,,J.N.B
6/4/2020,344,Privot,S,0,,J.N.B
6/4/2020,344,Spicebush,S,0,,J.N.B
6/4/2020,344,Rubus,S,0,,J.N.B
6/4/2020,344,Mapleleaf Viburnum,S,0,,J.N.B
5/27/2020,345,Buckthorn,N,0,,MR
5/27/2020,345,Multiflora rose,N,1,,MR
5/27/2020,345,Honeysuckle,N,1,,MR
5/27/2020,345,Privot,N,0,,MR
5/27/2020,345,Spicebush,N,0,,MR
5/27/2020,345,Rubus,N,0,,MR
5/27/2020,345,Mapleleaf Viburnum,N,0,,MR
5/27/2020,345,Buckthorn,S,0,,MR
5/27/2020,345,Multiflora rose,S,1,,MR
5/27/2020,345,Honeysuckle,S,0,,MR
5/27/2020,345,Privot,S,1,,MR
5/27/2020,345,Spicebush,S,1,,MR
5/27/2020,345,Rubus,S,0,,MR
5/27/2020,345,Mapleleaf Viburnum,S,0,,MR
6/10/2020,346,Buckthorn,N,1,,KM
6/10/2020,346,Multiflora rose,N,0,,KM
6/10/2020,346,Honeysuckle,N,0,,KM
6/10/2020,346,Privot,N,0,,KM
6/10/2020,346,Spicebush,N,0,,KM
6/10/2020,346,Rubus,N,0,,KM
6/10/2020,346,Mapleleaf Viburnum,N,0,,KM
6/10/2020,346,Buckthorn,S,1,,KM
6/10/2020,346,Multiflora rose,S,0,,KM
6/10/2020,346,Honeysuckle,S,1,,KM
6/10/2020,346,Privot,S,1,,KM
6/10/2020,346,Spicebush,S,0,,KM
6/10/2020,346,Rubus,S,0,,KM
6/10/2020,346,Mapleleaf Viburnum,S,0,,KM
6/10/2020,347,Mapleleaf Viburnum,S,0,,KM
6/10/2020,347,Buckthorn,N,3,,KM
6/10/2020,347,Multiflora rose,N,0,,KM
6/10/2020,347,Honeysuckle,N,0,,KM
6/10/2020,347,Privot,N,1,,KM
6/10/2020,347,Spicebush,N,1,,KM
6/10/2020,347,Rubus,N,0,,KM
6/10/2020,347,Mapleleaf Viburnum,N,0,,KM
6/10/2020,347,Buckthorn,S,2,,KM
6/10/2020,347,Multiflora rose,S,0,,KM
6/10/2020,347,Honeysuckle,S,0,,KM
6/10/2020,347,Privot,S,0,,KM
6/10/2020,347,Spicebush,S,0,,KM
6/10/2020,347,Rubus,S,0,,KM
6/10/2020,347,Mapleleaf Viburnum,S,0,,KM
6/10/2020,348,Buckthorn,N,3,,KM
6/10/2020,348,Multiflora rose,N,0,,KM
6/10/2020,348,Honeysuckle,N,1,,KM
6/10/2020,348,Privot,N,0,,KM
6/10/2020,348,Spicebush,N,0,,KM
6/10/2020,348,Rubus,N,0,,KM
6/10/2020,348,Mapleleaf Viburnum,N,1,,KM
6/10/2020,348,Buckthorn,S,3,,KM
6/10/2020,348,Multiflora rose,S,0,,KM
6/10/2020,348,Honeysuckle,S,0,,KM
6/10/2020,348,Privot,S,1,,KM
6/10/2020,348,Spicebush,S,0,,KM
6/10/2020,348,Rubus,S,0,,KM
6/10/2020,348,Mapleleaf Viburnum,S,1,,KM
6/10/2020,350,Buckthorn,N,1,,KM
6/10/2020,350,Multiflora rose,N,0,,KM
6/10/2020,350,Honeysuckle,N,0,,KM
6/10/2020,350,Privot,N,1,,KM
6/10/2020,350,Spicebush,N,0,,KM
6/10/2020,350,Rubus,N,1,,KM
6/10/2020,350,Mapleleaf Viburnum,N,1,,KM
6/10/2020,350,Buckthorn,S,1,,KM
6/10/2020,350,Multiflora rose,S,0,,KM
6/10/2020,350,Honeysuckle,S,1,,KM
6/10/2020,350,Privot,S,0,,KM
6/10/2020,350,Spicebush,S,0,,KM
6/10/2020,350,Rubus,S,0,,KM
6/10/2020,350,Mapleleaf Viburnum,S,0,,KM
6/10/2020,351,Buckthorn,N,2,,KM
6/10/2020,351,Multiflora rose,N,0,,KM
6/10/2020,351,Honeysuckle,N,1,,KM
6/10/2020,351,Privot,N,0,,KM
6/10/2020,351,Spicebush,N,0,,KM
6/10/2020,351,Rubus,N,0,,KM
6/10/2020,351,Mapleleaf Viburnum,N,1,,KM
6/10/2020,351,Buckthorn,S,3,,KM
6/10/2020,351,Multiflora rose,S,1,,KM
6/10/2020,351,Honeysuckle,S,1,,KM
6/10/2020,351,Privot,S,0,,KM
6/10/2020,351,Spicebush,S,0,,KM
6/10/2020,351,Rubus,S,0,,KM
6/10/2020,351,Mapleleaf Viburnum,S,0,,KM
6/10/2020,352,Buckthorn,N,2,,CL
6/10/2020,352,Multiflora rose,N,1,,CL
6/10/2020,352,Honeysuckle,N,1,,CL
6/10/2020,352,Privot,N,0,,CL
6/10/2020,352,Spicebush,N,0,,CL
6/10/2020,352,Rubus,N,0,,CL
6/10/2020,352,Mapleleaf Vibernum ,N,0,,CL
6/10/2020,352,Buckthorn,S,1,,CL
6/10/2020,352,Multiflora rose,S,1,,CL
6/10/2020,352,Honeysuckle,S,0,,CL
6/10/2020,352,Privot,S,0,,CL
6/10/2020,352,Spicebush,S,0,,CL
6/10/2020,352,Rubus,S,0,,CL
6/10/2020,352,Mapleleaf Vibernum ,S,0,,CL
6/10/2020,353,Buckthorn,N,2,,CL
6/10/2020,353,Multiflora rose,N,1,,CL
6/10/2020,353,Honeysuckle,N,0,,CL
6/10/2020,353,Privot,N,0,,CL
6/10/2020,353,Spicebush,N,0,,CL
6/10/2020,353,Rubus,N,1,,CL
6/10/2020,353,Mapleleaf Vibernum ,N,1,,CL
6/10/2020,353,Buckthorn,S,1,,CL
6/10/2020,353,Multiflora rose,S,0,,CL
6/10/2020,353,Honeysuckle,S,0,,CL
6/10/2020,353,Privot,S,0,,CL
6/10/2020,353,Spicebush,S,1,,CL
6/10/2020,353,Rubus,S,1,,CL
6/10/2020,353,Mapleleaf Vibernum ,S,1,,CL
6/10/2020,354,Buckthorn,N,1,,KM
6/10/2020,354,Multiflora rose,N,1,,KM
6/10/2020,354,Honeysuckle,N,0,,KM
6/10/2020,354,Privot,N,0,,KM
6/10/2020,354,Spicebush,N,0,,KM
6/10/2020,354,Rubus,N,0,,KM
6/10/2020,354,Mapleleaf Viburnum,N,1,,KM
6/10/2020,354,Buckthorn,S,2,,KM
6/10/2020,354,Multiflora rose,S,2,,KM
6/10/2020,354,Honeysuckle,S,1,,KM
6/10/2020,354,Privot,S,1,,KM
6/10/2020,354,Spicebush,S,0,,KM
6/10/2020,354,Rubus,S,0,,KM
6/10/2020,354,Mapleleaf Viburnum,S,1,,KM
6/11/2020,355,Buckthorn,N,1,,KM
6/11/2020,355,Multiflora rose,N,1,,KM
6/11/2020,355,Honeysuckle,N,0,,KM
6/11/2020,355,Privot,N,0,,KM
6/11/2020,355,Spicebush,N,0,,KM
6/11/2020,355,Rubus,N,0,,KM
6/11/2020,355,Mapleleaf Viburnum,N,0,,KM
6/11/2020,355,Buckthorn,S,0,,KM
6/11/2020,355,Multiflora rose,S,1,,KM
6/11/2020,355,Honeysuckle,S,0,,KM
6/11/2020,355,Privot,S,0,,KM
6/11/2020,355,Spicebush,S,0,,KM
6/11/2020,355,Rubus,S,0,,KM
6/11/2020,355,Mapleleaf Viburnum,S,0,,KM
6/10/2020,356,Buckthorn,S,1,,KM
6/10/2020,356,Multiflora rose,S,0,,KM
6/10/2020,356,Honeysuckle,S,0,,KM
6/10/2020,356,Privot,S,0,,KM
6/10/2020,356,Spicebush,S,0,,KM
6/10/2020,356,Rubus,S,0,,KM
6/10/2020,356,Mapleleaf Viburnum,S,0,,KM
6/10/2020,356,Buckthorn,N,1,,KM
6/10/2020,356,Multiflora rose,N,0,,KM
6/10/2020,356,Honeysuckle,N,0,,KM
6/10/2020,356,Privot,N,0,,KM
6/10/2020,356,Spicebush,N,0,,KM
6/10/2020,356,Rubus,N,0,,KM
6/10/2020,356,Mapleleaf Viburnum,N,0,,KM
6/11/2020,357,Buckthorn,N,1,,KM
6/11/2020,357,Multiflora rose,N,1,,KM
6/11/2020,357,Honeysuckle,N,0,,KM
6/11/2020,357,Privot,N,0,,KM
6/11/2020,357,Spicebush,N,0,,KM
6/11/2020,357,Rubus,N,0,,KM
6/11/2020,357,Mapleleaf Viburnum,N,1,,KM
6/11/2020,357,Buckthorn,S,0,,KM
6/11/2020,357,Multiflora rose,S,1,,KM
6/11/2020,357,Honeysuckle,S,0,,KM
6/11/2020,357,Privot,S,0,,KM
6/11/2020,357,Spicebush,S,0,,KM
6/11/2020,357,Rubus,S,0,,KM
6/11/2020,357,Mapleleaf Viburnum,S,1,,KM
6/10/2020,358,Buckthorn,S,1,,KM
6/10/2020,358,Multiflora rose,S,2,,KM
6/10/2020,358,Honeysuckle,S,1,,KM
6/10/2020,358,Privot,S,0,,KM
6/10/2020,358,Spicebush,S,0,,KM
6/10/2020,358,Rubus,S,1,,KM
6/10/2020,358,Mapleleaf Viburnum,S,1,,KM
6/10/2020,358,Buckthorn,N,1,,KM
6/10/2020,358,Multiflora rose,N,2,,KM
6/10/2020,358,Honeysuckle,N,2,,KM
6/10/2020,358,Privot,N,1,,KM
6/10/2020,358,Spicebush,N,0,,KM
6/10/2020,358,Rubus,N,1,,KM
6/10/2020,358,Mapleleaf Viburnum,N,1,,KM
6/11/2020,359,Buckthorn,N,1,,KM
6/11/2020,359,Multiflora rose,N,0,,KM
6/11/2020,359,Honeysuckle,N,0,,KM
6/11/2020,359,Privot,N,0,,KM
6/11/2020,359,Spicebush,N,0,,KM
6/11/2020,359,Rubus,N,0,,KM
6/11/2020,359,Mapleleaf Viburnum,N,1,,KM
6/11/2020,359,Buckthorn,S,1,,KM
6/11/2020,359,Multiflora rose,S,1,,KM
6/11/2020,359,Honeysuckle,S,0,,KM
6/11/2020,359,Privot,S,0,,KM
6/11/2020,359,Spicebush,S,0,,KM
6/11/2020,359,Rubus,S,0,,KM
6/11/2020,359,Mapleleaf Viburnum,S,0,,KM
6/10/2020,360,Buckthorn,S,1,,KM
6/10/2020,360,Multiflora rose,S,1,,KM
6/10/2020,360,Honeysuckle,S,0,,KM
6/10/2020,360,Privot,S,0,,KM
6/10/2020,360,Spicebush,S,0,,KM
6/10/2020,360,Rubus,S,0,,KM
6/10/2020,360,Mapleleaf Viburnum,S,0,,KM
6/10/2020,360,Buckthorn,N,1,,KM
6/10/2020,360,Multiflora rose,N,0,,KM
6/10/2020,360,Honeysuckle,N,0,,KM
6/10/2020,360,Privot,N,0,,KM
6/10/2020,360,Spicebush,N,0,,KM
6/10/2020,360,Rubus,N,0,,KM
6/10/2020,360,Mapleleaf Viburnum,N,1,,KM
6/10/2020,361,Buckthorn,N,2,,CL
6/10/2020,361,Multiflora rose,N,3,,CL
6/10/2020,361,Honeysuckle,N,0,,CL
6/10/2020,361,Privot,N,0,,CL
6/10/2020,361,Spicebush,N,0,,CL
6/10/2020,361,Rubus,N,0,,CL
6/10/2020,361,Mapleleaf Vibernum ,N,0,,CL
6/10/2020,361,Buckthorn,S,1,,CL
6/10/2020,361,Multiflora rose,S,3,,CL
6/10/2020,361,Honeysuckle,S,0,,CL
6/10/2020,361,Privot,S,0,,CL
6/10/2020,361,Spicebush,S,0,,CL
6/10/2020,361,Rubus,S,0,,CL
6/10/2020,361,Mapleleaf Vibernum ,S,1,,CL
6/11/2020,362,Buckthorn,N,1,,KM
6/11/2020,362,Multiflora rose,N,0,,KM
6/11/2020,362,Honeysuckle,N,0,,KM
6/11/2020,362,Privot,N,0,,KM
6/11/2020,362,Spicebush,N,0,,KM
6/11/2020,362,Rubus,N,0,,KM
6/11/2020,362,Mapleleaf Viburnum,N,0,,KM
6/11/2020,362,Buckthorn,S,1,,KM
6/11/2020,362,Multiflora rose,S,1,,KM
6/11/2020,362,Honeysuckle,S,0,,KM
6/11/2020,362,Privot,S,0,,KM
6/11/2020,362,Spicebush,S,0,,KM
6/11/2020,362,Rubus,S,0,,KM
6/11/2020,362,Mapleleaf Viburnum,S,0,,KM
6/10/2020,363,Buckthorn,N,1,,KM
6/10/2020,363,Multiflora rose,N,0,,KM
6/10/2020,363,Honeysuckle,N,0,,KM
6/10/2020,363,Privot,N,0,,KM
6/10/2020,363,Spicebush,N,0,,KM
6/10/2020,363,Rubus,N,0,,KM
6/10/2020,363,Mapleleaf Viburnum,N,0,,KM
6/10/2020,363,Buckthorn,S,1,,KM
6/10/2020,363,Multiflora rose,S,0,,KM
6/10/2020,363,Honeysuckle,S,0,,KM
6/10/2020,363,Privot,S,0,,KM
6/10/2020,363,Spicebush,S,0,,KM
6/10/2020,363,Rubus,S,0,,KM
6/10/2020,363,Mapleleaf Viburnum,S,0,,KM
6/10/2020,363,Buckthorn,,,,KM
6/10/2020,363,Multiflora rose,,,,KM
6/10/2020,363,Honeysuckle,,,,KM
6/10/2020,363,Privot,,,,KM
6/10/2020,363,Spicebush,,,,KM
6/10/2020,363,Rubus,,,,KM
6/10/2020,363,Mapleleaf Viburnum,,,,KM
6/10/2020,363,Buckthorn,,,,KM
6/10/2020,363,Multiflora rose,,,,KM
6/10/2020,363,Honeysuckle,,,,KM
6/10/2020,363,Privot,,,,KM
6/10/2020,363,Spicebush,,,,KM
6/10/2020,363,Rubus,,,,KM
6/10/2020,363,Mapleleaf Viburnum,,,,KM
6/11/2020,364,Buckthorn,N,0,,KM
6/11/2020,364,Multiflora rose,N,0,,KM
6/11/2020,364,Honeysuckle,N,0,,KM
6/11/2020,364,Privot,N,1,,KM
6/11/2020,364,Spicebush,N,0,,KM
6/11/2020,364,Rubus,N,0,,KM
6/11/2020,364,Mapleleaf Viburnum,N,0,,KM
6/11/2020,364,Buckthorn,S,0,,KM
6/11/2020,364,Multiflora rose,S,0,,KM
6/11/2020,364,Honeysuckle,S,0,,KM
6/11/2020,364,Privot,S,0,,KM
6/11/2020,364,Spicebush,S,0,,KM
6/11/2020,364,Rubus,S,0,,KM
6/11/2020,364,Mapleleaf Viburnum,S,1,,KM
6/11/2020,365,Buckthorn,N,1,,KM
6/11/2020,365,Multiflora rose,N,0,,KM
6/11/2020,365,Honeysuckle,N,0,,KM
6/11/2020,365,Privot,N,0,,KM
6/11/2020,365,Spicebush,N,0,,KM
6/11/2020,365,Rubus,N,0,,KM
6/11/2020,365,Mapleleaf Viburnum,N,0,,KM
6/11/2020,365,Buckthorn,S,1,,KM
6/11/2020,365,Multiflora rose,S,0,,KM
6/11/2020,365,Honeysuckle,S,0,,KM
6/11/2020,365,Privot,S,0,,KM
6/11/2020,365,Spicebush,S,0,,KM
6/11/2020,365,Rubus,S,0,,KM
6/11/2020,365,Mapleleaf Viburnum,S,0,,KM
6/11/2020,366,Buckthorn,N,1,,KM
6/11/2020,366,Multiflora rose,N,0,,KM
6/11/2020,366,Honeysuckle,N,0,,KM
6/11/2020,366,Privot,N,0,,KM
6/11/2020,366,Spicebush,N,0,,KM
6/11/2020,366,Rubus,N,0,,KM
6/11/2020,366,Mapleleaf Viburnum,N,0,,KM
6/11/2020,366,Buckthorn,S,1,,KM
6/11/2020,366,Multiflora rose,S,0,,KM
6/11/2020,366,Honeysuckle,S,0,,KM
6/11/2020,366,Privot,S,0,,KM
6/11/2020,366,Spicebush,S,0,,KM
6/11/2020,366,Rubus,S,0,,KM
6/11/2020,366,Mapleleaf Viburnum,S,0,,KM
6/11/2020,367,Buckthorn,N,1,,KM
6/11/2020,367,Multiflora rose,N,0,,KM
6/11/2020,367,Honeysuckle,N,0,,KM
6/11/2020,367,Privot,N,0,,KM
6/11/2020,367,Spicebush,N,0,,KM
6/11/2020,367,Rubus,N,0,,KM
6/11/2020,367,Mapleleaf Viburnum,N,0,,KM
6/11/2020,367,Buckthorn,S,0,,KM
6/11/2020,367,Multiflora rose,S,0,,KM
6/11/2020,367,Honeysuckle,S,0,,KM
6/11/2020,367,Privot,S,0,,KM
6/11/2020,367,Spicebush,S,0,,KM
6/11/2020,367,Rubus,S,0,,KM
6/11/2020,367,Mapleleaf Viburnum,S,0,,KM
6/11/2020,368,Buckthorn,N,1,,KM
6/11/2020,368,Multiflora rose,N,0,,KM
6/11/2020,368,Honeysuckle,N,0,,KM
6/11/2020,368,Privot,N,0,,KM
6/11/2020,368,Spicebush,N,0,,KM
6/11/2020,368,Rubus,N,0,,KM
6/11/2020,368,Mapleleaf Viburnum,N,0,,KM
6/11/2020,368,Buckthorn,S,1,,KM
6/11/2020,368,Multiflora rose,S,0,,KM
6/11/2020,368,Honeysuckle,S,0,,KM
6/11/2020,368,Privot,S,0,,KM
6/11/2020,368,Spicebush,S,0,,KM
6/11/2020,368,Rubus,S,0,,KM
6/11/2020,368,Mapleleaf Viburnum,S,0,,KM
6/11/2020,369,Buckthorn,N,0,,KM
6/11/2020,369,Multiflora rose,N,0,,KM
6/11/2020,369,Honeysuckle,N,0,,KM
6/11/2020,369,Privot,N,0,,KM
6/11/2020,369,Spicebush,N,0,,KM
6/11/2020,369,Rubus,N,0,,KM
6/11/2020,369,Mapleleaf Viburnum,N,0,,KM
6/11/2020,369,Buckthorn,S,0,,KM
6/11/2020,369,Multiflora rose,S,0,,KM
6/11/2020,369,Honeysuckle,S,0,,KM
6/11/2020,369,Privot,S,0,,KM
6/11/2020,369,Spicebush,S,0,,KM
6/11/2020,369,Rubus,S,0,,KM
6/11/2020,369,Mapleleaf Viburnum,S,0,,KM
6/10/2020,371,Buckthorn,N,3,,KM
6/10/2020,371,Multiflora rose,N,0,,KM
6/10/2020,371,Honeysuckle,N,1,,KM
6/10/2020,371,Privot,N,0,,KM
6/10/2020,371,Spicebush,N,1,,KM
6/10/2020,371,Rubus,N,0,,KM
6/10/2020,371,Mapleleaf Viburnum,N,1,,KM
6/10/2020,371,Buckthorn,S,3,,KM
6/10/2020,371,Multiflora rose,S,1,,KM
6/10/2020,371,Honeysuckle,S,1,,KM
6/10/2020,371,Privot,S,0,,KM
6/10/2020,371,Spicebush,S,0,,KM
6/10/2020,371,Rubus,S,0,,KM
6/10/2020,371,Mapleleaf Viburnum,S,1,,KM
6/10/2020,372,Buckthorn,N,1,,KM
6/10/2020,372,Multiflora rose,N,0,,KM
6/10/2020,372,Honeysuckle,N,0,,KM
6/10/2020,372,Privot,N,0,,KM
6/10/2020,372,Spicebush,N,0,,KM
6/10/2020,372,Rubus,N,1,,KM
6/10/2020,372,Mapleleaf Viburnum,N,0,,KM
6/10/2020,372,Buckthorn,S,1,,KM
6/10/2020,372,Multiflora rose,S,1,,KM
6/10/2020,372,Honeysuckle,S,0,,KM
6/10/2020,372,Privot,S,0,,KM
6/10/2020,372,Spicebush,S,0,,KM
6/10/2020,372,Rubus,S,0,,KM
6/10/2020,372,Mapleleaf Viburnum,S,0,,KM
6/11/2020,372,Buckthorn,N,1,"May have done on 6/10/20, check data",KM
6/11/2020,372,Multiflora rose,N,0,,KM
6/11/2020,372,Honeysuckle,N,0,,KM
6/11/2020,372,Privot,N,0,,KM
6/11/2020,372,Spicebush,N,0,,KM
6/11/2020,372,Rubus,N,0,,KM
6/11/2020,372,Mapleleaf Viburnum,N,0,,KM
6/11/2020,372,Buckthorn,S,2,,KM
6/11/2020,372,Multiflora rose,S,1,,KM
6/11/2020,372,Honeysuckle,S,0,,KM
6/11/2020,372,Privot,S,0,,KM
6/11/2020,372,Spicebush,S,0,,KM
6/11/2020,372,Rubus,S,1,,KM
6/11/2020,372,Mapleleaf Viburnum,S,0,,KM
6/11/2020,373,Buckthorn,N,1,,KM
6/11/2020,373,Multiflora rose,N,1,,KM
6/11/2020,373,Honeysuckle,N,0,,KM
6/11/2020,373,Privot,N,0,,KM
6/11/2020,373,Spicebush,N,0,,KM
6/11/2020,373,Rubus,N,0,,KM
6/11/2020,373,Mapleleaf Viburnum,N,0,,KM
6/11/2020,373,Buckthorn,S,1,,KM
6/11/2020,373,Multiflora rose,S,1,,KM
6/11/2020,373,Honeysuckle,S,0,,KM
6/11/2020,373,Privot,S,0,,KM
6/11/2020,373,Spicebush,S,0,,KM
6/11/2020,373,Rubus,S,0,,KM
6/11/2020,373,Mapleleaf Viburnum,S,0,,KM
6/11/2020,375,Buckthorn,N,1,,KM
6/11/2020,375,Multiflora rose,N,1,,KM
6/11/2020,375,Honeysuckle,N,0,,KM
6/11/2020,375,Privot,N,0,,KM
6/11/2020,375,Spicebush,N,0,,KM
6/11/2020,375,Rubus,N,0,,KM
6/11/2020,375,Mapleleaf Viburnum,N,0,,KM
6/11/2020,375,Buckthorn,S,1,,KM
6/11/2020,375,Multiflora rose,S,0,,KM
6/11/2020,375,Honeysuckle,S,0,,KM
6/11/2020,375,Privot,S,0,,KM
6/11/2020,375,Spicebush,S,0,,KM
6/11/2020,375,Rubus,S,0,,KM
6/11/2020,375,Mapleleaf Viburnum,S,0,,KM
6/10/2020,376,Buckthorn,N,1,,KM
6/10/2020,376,Multiflora rose,N,2,,KM
6/10/2020,376,Honeysuckle,N,0,,KM
6/10/2020,376,Privot,N,0,,KM
6/10/2020,376,Spicebush,N,0,,KM
6/10/2020,376,Rubus,N,2,,KM
6/10/2020,376,Mapleleaf Viburnum,N,1,,KM
6/10/2020,376,Buckthorn,S,1,,KM
6/10/2020,376,Multiflora rose,S,3,,KM
6/10/2020,376,Honeysuckle,S,0,,KM
6/10/2020,376,Privot,S,0,,KM
6/10/2020,376,Spicebush,S,0,,KM
6/10/2020,376,Rubus,S,0,,KM
6/10/2020,376,Mapleleaf Viburnum,S,0,,KM
5/27/2020,377,Buckthorn,N,1,,MR
5/27/2020,377,Multiflora rose,N,1,,MR
5/27/2020,377,Honeysuckle,N,1,,MR
5/27/2020,377,Privot,N,0,,MR
5/27/2020,377,Spicebush,N,0,,MR
5/27/2020,377,Rubus,N,1,,MR
5/27/2020,377,Mapleleaf Viburnum,N,1,,MR
5/27/2020,377,Buckthorn,S,1,,MR
5/27/2020,377,Multiflora rose,S,2,,MR
5/27/2020,377,Honeysuckle,S,0,,MR
5/27/2020,377,Privot,S,1,,MR
5/27/2020,377,Spicebush,S,0,,MR
5/27/2020,377,Rubus,S,1,,MR
5/27/2020,377,Mapleleaf Viburnum,S,1,,MR
5/27/2020,378,Buckthorn,N,0,,MR
5/27/2020,378,Multiflora rose,N,2,,MR
5/27/2020,378,Honeysuckle,N,1,,MR
5/27/2020,378,Privot,N,0,,MR
5/27/2020,378,Spicebush,N,0,,MR
5/27/2020,378,Rubus,N,1,,MR
5/27/2020,378,Mapleleaf Viburnum,N,0,,MR
5/27/2020,378,Buckthorn,S,1,,MR
5/27/2020,378,Multiflora rose,S,1,,MR
5/27/2020,378,Honeysuckle,S,0,,MR
5/27/2020,378,Privot,S,0,,MR
5/27/2020,378,Spicebush,S,0,,MR
5/27/2020,378,Rubus,S,1,,MR
5/27/2020,378,Mapleleaf Viburnum,S,1,,MR
5/27/2020,379,Buckthorn,N,1,,MR
5/27/2020,379,Multiflora rose,N,1,,MR
5/27/2020,379,Honeysuckle,N,1,,MR
5/27/2020,379,Privot,N,0,,MR
5/27/2020,379,Spicebush,N,0,,MR
5/27/2020,379,Rubus,N,1,,MR
5/27/2020,379,Mapleleaf Viburnum,N,1,,MR
5/27/2020,379,Buckthorn,S,1,,MR
5/27/2020,379,Multiflora rose,S,3,,MR
5/27/2020,379,Honeysuckle,S,0,,MR
5/27/2020,379,Privot,S,0,,MR
5/27/2020,379,Spicebush,S,0,,MR
5/27/2020,379,Rubus,S,1,,MR
5/27/2020,379,Mapleleaf Viburnum,S,0,,MR
5/26/2020,380,Buckthorn,N,1,,MR
5/26/2020,380,Multiflora rose,N,1,,MR
5/26/2020,380,Honeysuckle,N,0,,MR
5/26/2020,380,Privot,N,0,,MR
5/26/2020,380,Spicebush,N,0,,MR
5/26/2020,380,Rubus,N,0,,MR
5/26/2020,380,Mapleleaf Viburnum,N,0,,MR
5/26/2020,380,Buckthorn,S,1,,MR
5/26/2020,380,Multiflora rose,S,1,,MR
5/26/2020,380,Honeysuckle,S,1,,MR
5/26/2020,380,Privot,S,0,,MR
5/26/2020,380,Spicebush,S,0,,MR
5/26/2020,380,Rubus,S,0,,MR
5/26/2020,380,Mapleleaf Viburnum,S,1,,MR
5/26/2020,381,Buckthorn,N,2,,MR
5/26/2020,381,Multiflora rose,N,2,Half of west side of tree is not in study area,MR
5/26/2020,381,Honeysuckle,N,0,,MR
5/26/2020,381,Privot,N,0,,MR
5/26/2020,381,Spicebush,N,0,,MR
5/26/2020,381,Rubus,N,1,,MR
5/26/2020,381,Mapleleaf Viburnum,N,0,,MR
5/26/2020,381,Buckthorn,S,1,,MR
5/26/2020,381,Multiflora rose,S,2,,MR
5/26/2020,381,Honeysuckle,S,0,,MR
5/26/2020,381,Privot,S,0,,MR
5/26/2020,381,Spicebush,S,0,,MR
5/26/2020,381,Rubus,S,0,,MR
5/26/2020,381,Mapleleaf Viburnum,S,0,,MR
5/27/2020,382,Buckthorn,N,0,,MR
5/27/2020,382,Multiflora rose,N,0,,MR
5/27/2020,382,Honeysuckle,N,0,,MR
5/27/2020,382,Privot,N,1,,MR
5/27/2020,382,Spicebush,N,0,,MR
5/27/2020,382,Rubus,N,0,,MR
5/27/2020,382,Mapleleaf Viburnum,N,0,,MR
5/27/2020,382,Buckthorn,S,1,,MR
5/27/2020,382,Multiflora rose,S,1,,MR
5/27/2020,382,Honeysuckle,S,1,,MR
5/27/2020,382,Privot,S,0,,MR
5/27/2020,382,Spicebush,S,2,,MR
5/27/2020,382,Rubus,S,0,,MR
5/27/2020,382,Mapleleaf Viburnum,S,0,,MR
5/27/2020,383,Buckthorn,N,1,,MR
5/27/2020,383,Multiflora rose,N,0,,MR
5/27/2020,383,Honeysuckle,N,1,,MR
5/27/2020,383,Privot,N,0,,MR
5/27/2020,383,Spicebush,N,1,,MR
5/27/2020,383,Rubus,N,0,,MR
5/27/2020,383,Mapleleaf Viburnum,N,0,,MR
5/27/2020,383,Buckthorn,S,1,,MR
5/27/2020,383,Multiflora rose,S,0,,MR
5/27/2020,383,Honeysuckle,S,0,,MR
5/27/2020,383,Privot,S,0,,MR
5/27/2020,383,Spicebush,S,1,,MR
5/27/2020,383,Rubus,S,0,,MR
5/27/2020,383,Mapleleaf Viburnum,S,0,,MR
5/26/2020,384,Buckthorn,N,1,,MR
5/26/2020,384,Multiflora rose,N,3,,MR
5/26/2020,384,Honeysuckle,N,1,,MR
5/26/2020,384,Privot,N,0,,MR
5/26/2020,384,Spicebush,N,0,,MR
5/26/2020,384,Rubus,N,2,,MR
5/26/2020,384,Mapleleaf Viburnum,N,0,,MR
5/26/2020,384,Buckthorn,S,1,,MR
5/26/2020,384,Multiflora rose,S,2,,MR
5/26/2020,384,Honeysuckle,S,1,,MR
5/26/2020,384,Privot,S,0,,MR
5/26/2020,384,Spicebush,S,1,,MR
5/26/2020,384,Rubus,S,0,,MR
5/26/2020,384,Mapleleaf Viburnum,S,0,,MR
5/26/2020,385,Buckthorn,N,1,,MR
5/26/2020,385,Multiflora rose,N,0,,MR
5/26/2020,385,Honeysuckle,N,0,,MR
5/26/2020,385,Privot,N,0,,MR
5/26/2020,385,Spicebush,N,0,,MR
5/26/2020,385,Rubus,N,0,,MR
5/26/2020,385,Mapleleaf Viburnum,N,2,,MR
5/26/2020,385,Buckthorn,S,1,,MR
5/26/2020,385,Multiflora rose,S,1,,MR
5/26/2020,385,Honeysuckle,S,1,,MR
5/26/2020,385,Privot,S,0,,MR
5/26/2020,385,Spicebush,S,0,,MR
5/26/2020,385,Rubus,S,0,,MR
5/26/2020,385,Mapleleaf Viburnum,S,2,,MR
6/4/2020,386,Buckthorn,S,1,,J.N.B
6/4/2020,386,Multiflora Rose,S,0,,J.N.B
6/4/2020,386,Honeysuckle,S,0,,J.N.B
6/4/2020,386,Privot,S,0,,J.N.B
6/4/2020,386,Spicebush,S,0,,J.N.B
6/4/2020,386,Rubus,S,0,,J.N.B
6/4/2020,386,Mapleleaf Viburnum,S,0,,J.N.B
6/4/2020,386,Buckthorn,N,1,,J.N.B
6/4/2020,386,Multiflora Rose,N,1,,J.N.B
6/4/2020,386,Honeysuckle,N,0,,J.N.B
6/4/2020,386,Privot,N,0,,J.N.B
6/4/2020,386,Spicebush,N,0,,J.N.B
6/4/2020,386,Rubus,N,0,,J.N.B
6/4/2020,386,Mapleleaf Viburnum,N,0,,J.N.B
6/4/2020,387,Buckthorn,N,2,,J.N.B
6/4/2020,387,Multiflora Rose,N,4,,J.N.B
6/4/2020,387,Honeysuckle,N,0,,J.N.B
6/4/2020,387,Privot,N,1,,J.N.B
6/4/2020,387,Spicebush,N,0,,J.N.B
6/4/2020,387,Rubus,N,1,,J.N.B
6/4/2020,387,Mapleleaf Viburnum,N,0,,J.N.B
6/4/2020,387,Buckthorn,S,3,,J.N.B
6/4/2020,387,Multiflora Rose,S,2,,J.N.B
6/4/2020,387,Honeysuckle,S,1,,J.N.B
6/4/2020,387,Privot,S,1,,J.N.B
6/4/2020,387,Spicebush,S,0,,J.N.B
6/4/2020,387,Rubus,S,1,,J.N.B
6/4/2020,387,Mapleleaf Viburnum,S,1,,J.N.B
6/4/2020,388,Buckthorn,N,2,,J.N.B
6/4/2020,388,Multiflora Rose,N,2,,J.N.B
6/4/2020,388,Honeysuckle,N,0,,J.N.B
6/4/2020,388,Privot,N,0,,J.N.B
6/4/2020,388,Spicebush,N,0,,J.N.B
6/4/2020,388,Rubus,N,1,,J.N.B
6/4/2020,388,Mapleleaf Viburnum,N,0,,J.N.B
6/4/2020,388,Buckthorn,S,2,,J.N.B
6/4/2020,388,Multiflora Rose,S,2,,J.N.B
6/4/2020,388,Honeysuckle,S,0,,J.N.B
6/4/2020,388,Privot,S,1,,J.N.B
6/4/2020,388,Spicebush,S,,,J.N.B
6/4/2020,388,Rubus,S,1,,J.N.B
6/4/2020,388,Mapleleaf Viburnum,S,1,,J.N.B
6/4/2020,389,Buckthorn,S,1,,J.N.B
6/4/2020,389,Multiflora Rose,S,1,,J.N.B
6/4/2020,389,Honeysuckle,S,0,,J.N.B
6/4/2020,389,Privot,S,0,,J.N.B
6/4/2020,389,Spicebush,S,0,,J.N.B
6/4/2020,389,Rubus,S,1,,J.N.B
6/4/2020,389,Mapleleaf Viburnum,S,1,,J.N.B
6/4/2020,389,Buckthorn,N,0,,J.N.B
6/4/2020,389,Multiflora Rose,N,0,,J.N.B
6/4/2020,389,Honeysuckle,N,1,,J.N.B
6/4/2020,389,Privot,N,0,,J.N.B
6/4/2020,389,Spicebush,N,0,,J.N.B
6/4/2020,389,Rubus,N,1,,J.N.B
6/4/2020,389,Mapleleaf Viburnum,N,0,,J.N.B
5/26/2020,390,Buckthorn,N,3,,MR
5/26/2020,390,Multiflora rose,N,2,,MR
5/26/2020,390,Honeysuckle,N,0,,MR
5/26/2020,390,Privot,N,0,,MR
5/26/2020,390,Spicebush,N,0,,MR
5/26/2020,390,Rubus,N,1,,MR
5/26/2020,390,Mapleleaf Viburnum,N,0,,MR
5/26/2020,390,Buckthorn,S,2,,MR
5/26/2020,390,Multiflora rose,S,2,,MR
5/26/2020,390,Honeysuckle,S,1,,MR
5/26/2020,390,Privot,S,0,,MR
5/26/2020,390,Spicebush,S,0,,MR
5/26/2020,390,Rubus,S,1,,MR
5/26/2020,390,Mapleleaf Viburnum,S,0,,MR
5/26/2020,391,Buckthorn,N,3,,MR
5/26/2020,391,Multiflora rose,N,1,,MR
5/26/2020,391,Honeysuckle,N,1,,MR
5/26/2020,391,Privot,N,0,,MR
5/26/2020,391,Spicebush,N,0,,MR
5/26/2020,391,Rubus,N,0,,MR
5/26/2020,391,Mapleleaf Viburnum,N,0,,MR
5/26/2020,391,Buckthorn,S,2,,MR
5/26/2020,391,Multiflora rose,S,1,,MR
5/26/2020,391,Honeysuckle,S,1,,MR
5/26/2020,391,Privot,S,0,,MR
5/26/2020,391,Spicebush,S,0,,MR
5/26/2020,391,Rubus,S,1,,MR
5/26/2020,391,Mapleleaf Viburnum,S,1,,MR
5/27/2020,392,Buckthorn,N,0,,MR
5/27/2020,392,Multiflora rose,N,3,,MR
5/27/2020,392,Honeysuckle,N,0,,MR
5/27/2020,392,Privot,N,0,,MR
5/27/2020,392,Spicebush,N,0,,MR
5/27/2020,392,Rubus,N,0,,MR
5/27/2020,392,Mapleleaf Viburnum,N,0,,MR
5/27/2020,392,Buckthorn,S,1,,MR
5/27/2020,392,Multiflora rose,S,1,,MR
5/27/2020,392,Honeysuckle,S,0,,MR
5/27/2020,392,Privot,S,0,,MR
5/27/2020,392,Spicebush,S,0,,MR
5/27/2020,392,Rubus,S,0,,MR
5/27/2020,392,Mapleleaf Viburnum,S,0,,MR
5/27/2020,393,Buckthorn,N,0,,MR
5/27/2020,393,Multiflora rose,N,0,,MR
5/27/2020,393,Honeysuckle,N,0,,MR
5/27/2020,393,Privot,N,0,,MR
5/27/2020,393,Spicebush,N,0,,MR
5/27/2020,393,Rubus,N,0,,MR
5/27/2020,393,Mapleleaf Viburnum,N,0,,MR
5/27/2020,393,Buckthorn,S,0,,MR
5/27/2020,393,Multiflora rose,S,0,,MR
5/27/2020,393,Honeysuckle,S,0,,MR
5/27/2020,393,Privot,S,0,,MR
5/27/2020,393,Spicebush,S,0,,MR
5/27/2020,393,Rubus,S,0,,MR
5/27/2020,393,Mapleleaf Viburnum,S,0,,MR
6/9/2020,394,Buckthorn,N,0,,CL
6/9/2020,394,Multiflora rose,N,0,,CL
6/9/2020,394,Honeysuckle,N,0,,CL
6/9/2020,394,Privot,N,0,,CL
6/9/2020,394,Spicebush,N,0,,CL
6/9/2020,394,Rubus,N,0,,CL
6/9/2020,394,Mapleleaf Vibernum ,N,0,,CL
6/9/2020,394,Buckthorn,S,0,,CL
6/9/2020,394,Multiflora rose,S,0,,CL
6/9/2020,394,Honeysuckle,S,0,,CL
6/9/2020,394,Privot,S,0,,CL
6/9/2020,394,Spicebush,S,0,,CL
6/9/2020,394,Rubus,S,0,,CL
6/9/2020,394,Mapleleaf Vibernum ,S,0,,CL
5/27/2020,395,Buckthorn,N,0,,MR
5/27/2020,395,Multiflora rose,N,3,,MR
5/27/2020,395,Honeysuckle,N,0,,MR
5/27/2020,395,Privot,N,1,,MR
5/27/2020,395,Spicebush,N,0,,MR
5/27/2020,395,Rubus,N,0,,MR
5/27/2020,395,Mapleleaf Viburnum,N,0,,MR
5/27/2020,395,Buckthorn,S,1,,MR
5/27/2020,395,Multiflora rose,S,1,,MR
5/27/2020,395,Honeysuckle,S,0,,MR
5/27/2020,395,Privot,S,0,,MR
5/27/2020,395,Spicebush,S,0,,MR
5/27/2020,395,Rubus,S,0,,MR
5/27/2020,395,Mapleleaf Viburnum,S,1,,MR
6/11/2020,396,Buckthorn,S,1,,KM
6/11/2020,396,Multiflora rose,S,1,,KM
6/11/2020,396,Honeysuckle,S,0,,KM
6/11/2020,396,Privot,S,0,,KM
6/11/2020,396,Spicebush,S,0,,KM
6/11/2020,396,Rubus,S,0,,KM
6/11/2020,396,Mapleleaf Viburnum,S,0,,KM
6/11/2020,396,Buckthorn,N,0,,KM
6/11/2020,396,Multiflora rose,N,1,,KM
6/11/2020,396,Honeysuckle,N,0,,KM
6/11/2020,396,Privot,N,0,,KM
6/11/2020,396,Spicebush,N,0,,KM
6/11/2020,396,Rubus,N,0,,KM
6/11/2020,396,Mapleleaf Viburnum,N,0,,KM
6/11/2020,397,Buckthorn,N,1,,KM
6/11/2020,397,Multiflora rose,N,0,,KM
6/11/2020,397,Honeysuckle,N,0,,KM
6/11/2020,397,Privot,N,0,,KM
6/11/2020,397,Spicebush,N,0,,KM
6/11/2020,397,Rubus,N,0,,KM
6/11/2020,397,Mapleleaf Viburnum,N,0,,KM
6/11/2020,397,Buckthorn,S,1,,KM
6/11/2020,397,Multiflora rose,S,0,,KM
6/11/2020,397,Honeysuckle,S,0,,KM
6/11/2020,397,Privot,S,0,,KM
6/11/2020,397,Spicebush,S,0,,KM
6/11/2020,397,Rubus,S,0,,KM
6/11/2020,397,Mapleleaf Viburnum,S,0,,KM
6/11/2020,398,Buckthorn,S,0,,KM
6/11/2020,398,Multiflora rose,S,0,,KM
6/11/2020,398,Honeysuckle,S,0,,KM
6/11/2020,398,Privot,S,0,,KM
6/11/2020,398,Spicebush,S,0,,KM
6/11/2020,398,Rubus,S,0,,KM
6/11/2020,398,Mapleleaf Viburnum,S,0,,KM
6/11/2020,398,Buckthorn,N,0,,KM
6/11/2020,398,Multiflora rose,N,0,,KM
6/11/2020,398,Honeysuckle,N,0,,KM
6/11/2020,398,Privot,N,0,,KM
6/11/2020,398,Spicebush,N,0,,KM
6/11/2020,398,Rubus,N,0,,KM
6/11/2020,398,Mapleleaf Viburnum,N,1,,KM
6/10/2020,399,Mapleleaf Viburnum,S,0,,KM
6/10/2020,399,Buckthorn,N,3,,KM
6/10/2020,399,Multiflora rose,N,0,,KM
6/10/2020,399,Honeysuckle,N,0,,KM
6/10/2020,399,Privot,N,0,,KM
6/10/2020,399,Spicebush,N,0,,KM
6/10/2020,399,Rubus,N,1,,KM
6/10/2020,399,Mapleleaf Viburnum,N,0,,KM
6/10/2020,399,Buckthorn,S,3,,KM
6/10/2020,399,Multiflora rose,S,0,,KM
6/10/2020,399,Honeysuckle,S,0,,KM
6/10/2020,399,Privot,S,0,,KM
6/10/2020,399,Spicebush,S,0,,KM
6/10/2020,399,Rubus,S,0,,KM
6/10/2020,399,Buckthorn,N,1,,KM
6/10/2020,399,Multiflora rose,N,1,,KM
6/10/2020,399,Honeysuckle,N,0,,KM
6/10/2020,399,Privot,N,0,,KM
6/10/2020,399,Spicebush,N,0,,KM
6/10/2020,399,Rubus,N,0,,KM
6/10/2020,399,Mapleleaf Viburnum,N,0,,KM
6/10/2020,399,Buckthorn,S,1,,KM
6/10/2020,399,Multiflora rose,S,1,,KM
6/10/2020,399,Honeysuckle,S,0,,KM
6/10/2020,399,Privot,S,0,,KM
6/10/2020,399,Spicebush,S,0,,KM
6/10/2020,399,Rubus,S,0,,KM
6/10/2020,399,Mapleleaf Viburnum,S,1,,KM
6/10/2020,400,Buckthorn,N,2,,CL
6/10/2020,400,Multiflora rose,N,0,,CL
6/10/2020,400,Honeysuckle,N,0,,CL
6/10/2020,400,Privot,N,1,,CL
6/10/2020,400,Spicebush,N,0,,CL
6/10/2020,400,Rubus,N,1,,CL
6/10/2020,400,Mapleleaf Vibernum ,N,0,,CL
6/10/2020,400,Buckthorn,S,1,,CL
6/10/2020,400,Multiflora rose,S,0,,CL
6/10/2020,400,Honeysuckle,S,0,,CL
6/10/2020,400,Privot,S,0,,CL
6/10/2020,400,Spicebush,S,0,,CL
6/10/2020,400,Rubus,S,0,,CL
6/10/2020,400,Mapleleaf Vibernum ,S,0,,CL
6/11/2020,401,Buckthorn,N,0,,KM
6/11/2020,401,Multiflora rose,N,0,,KM
6/11/2020,401,Honeysuckle,N,0,,KM
6/11/2020,401,Privot,N,0,,KM
6/11/2020,401,Spicebush,N,0,,KM
6/11/2020,401,Rubus,N,0,,KM
6/11/2020,401,Mapleleaf Viburnum,N,0,,KM
6/11/2020,401,Buckthorn,S,0,,KM
6/11/2020,401,Multiflora rose,S,0,,KM
6/11/2020,401,Honeysuckle,S,0,,KM
6/11/2020,401,Privot,S,0,,KM
6/11/2020,401,Spicebush,S,0,,KM
6/11/2020,401,Rubus,S,0,,KM
6/11/2020,401,Mapleleaf Viburnum,S,0,,KM
6/11/2020,404,Buckthorn,N,0,,KM
6/11/2020,404,Multiflora rose,N,1,,KM
6/11/2020,404,Honeysuckle,N,0,,KM
6/11/2020,404,Privot,N,0,,KM
6/11/2020,404,Spicebush,N,0,,KM
6/11/2020,404,Rubus,N,0,,KM
6/11/2020,404,Mapleleaf Viburnum,N,0,,KM
6/11/2020,404,Buckthorn,S,0,,KM
6/11/2020,404,Multiflora rose,S,1,,KM
6/11/2020,404,Honeysuckle,S,0,,KM
6/11/2020,404,Privot,S,0,,KM
6/11/2020,404,Spicebush,S,0,,KM
6/11/2020,404,Rubus,S,0,,KM
6/11/2020,404,Mapleleaf Viburnum,S,0,,KM
6/11/2020,405,Buckthorn,S,0,,KM
6/11/2020,405,Multiflora rose,S,0,,KM
6/11/2020,405,Honeysuckle,S,0,,KM
6/11/2020,405,Privot,S,0,,KM
6/11/2020,405,Spicebush,S,0,,KM
6/11/2020,405,Rubus,S,0,,KM
6/11/2020,405,Mapleleaf Viburnum,S,0,,KM
6/11/2020,405,Buckthorn,N,0,,KM
6/11/2020,405,Multiflora rose,N,0,,KM
6/11/2020,405,Honeysuckle,N,0,,KM
6/11/2020,405,Privot,N,0,,KM
6/11/2020,405,Spicebush,N,0,,KM
6/11/2020,405,Rubus,N,0,,KM
6/11/2020,405,Mapleleaf Viburnum,N,0,,KM
6/11/2020,406,Buckthorn,N,0,,KM
6/11/2020,406,Multiflora rose,N,0,,KM
6/11/2020,406,Honeysuckle,N,0,,KM
6/11/2020,406,Privot,N,0,,KM
6/11/2020,406,Spicebush,N,0,,KM
6/11/2020,406,Rubus,N,0,,KM
6/11/2020,406,Mapleleaf Viburnum,N,0,,KM
6/11/2020,406,Buckthorn,S,0,,KM
6/11/2020,406,Multiflora rose,S,0,,KM
6/11/2020,406,Honeysuckle,S,0,,KM
6/11/2020,406,Privot,S,0,,KM
6/11/2020,406,Spicebush,S,0,,KM
6/11/2020,406,Rubus,S,0,,KM
6/11/2020,406,Mapleleaf Viburnum,S,1,,KM
6/11/2020,408,Buckthorn,N,1,,KM
6/11/2020,408,Multiflora rose,N,1,,KM
6/11/2020,408,Honeysuckle,N,0,,KM
6/11/2020,408,Privot,N,0,,KM
6/11/2020,408,Spicebush,N,0,,KM
6/11/2020,408,Rubus,N,0,,KM
6/11/2020,408,Mapleleaf Viburnum,N,0,,KM
6/11/2020,408,Buckthorn,S,0,,KM
6/11/2020,408,Multiflora rose,S,1,,KM
6/11/2020,408,Honeysuckle,S,0,,KM
6/11/2020,408,Privot,S,0,,KM
6/11/2020,408,Spicebush,S,0,,KM
6/11/2020,408,Rubus,S,0,,KM
6/11/2020,408,Mapleleaf Viburnum,S,1,,KM
6/11/2020,409,Buckthorn,N,0,,KM
6/11/2020,409,Multiflora rose,N,0,,KM
6/11/2020,409,Honeysuckle,N,0,,KM
6/11/2020,409,Privot,N,0,,KM
6/11/2020,409,Spicebush,N,0,,KM
6/11/2020,409,Rubus,N,0,,KM
6/11/2020,409,Mapleleaf Viburnum,N,1,,KM
6/11/2020,409,Buckthorn,S,0,,KM
6/11/2020,409,Multiflora rose,S,0,,KM
6/11/2020,409,Honeysuckle,S,0,,KM
6/11/2020,409,Privot,S,0,,KM
6/11/2020,409,Spicebush,S,0,,KM
6/11/2020,409,Rubus,S,0,,KM
6/11/2020,409,Mapleleaf Viburnum,S,1,,KM
6/11/2020,410,Buckthorn,N,0,,KM
6/11/2020,410,Multiflora rose,N,1,,KM
6/11/2020,410,Honeysuckle,N,0,,KM
6/11/2020,410,Privot,N,0,,KM
6/11/2020,410,Spicebush,N,0,,KM
6/11/2020,410,Rubus,N,0,,KM
6/11/2020,410,Mapleleaf Viburnum,N,1,,KM
6/11/2020,410,Buckthorn,S,0,,KM
6/11/2020,410,Multiflora rose,S,0,,KM
6/11/2020,410,Honeysuckle,S,0,,KM
6/11/2020,410,Privot,S,0,,KM
6/11/2020,410,Spicebush,S,0,,KM
6/11/2020,410,Rubus,S,0,,KM
6/11/2020,410,Mapleleaf Viburnum,S,0,,KM
6/11/2020,411,Buckthorn,S,0,,KM
6/11/2020,411,Multiflora rose,S,0,,KM
6/11/2020,411,Honeysuckle,S,0,,KM
6/11/2020,411,Privot,S,0,,KM
6/11/2020,411,Spicebush,S,0,,KM
6/11/2020,411,Rubus,S,0,,KM
6/11/2020,411,Mapleleaf Viburnum,S,0,,KM
6/11/2020,411,Buckthorn,N,0,,KM
6/11/2020,411,Multiflora rose,N,0,,KM
6/11/2020,411,Honeysuckle,N,0,,KM
6/11/2020,411,Privot,N,0,,KM
6/11/2020,411,Spicebush,N,0,,KM
6/11/2020,411,Rubus,N,0,,KM
6/11/2020,411,Mapleleaf Viburnum,N,0,,KM
6/11/2020,412,Buckthorn,N,0,,KM
6/11/2020,412,Multiflora rose,N,0,,KM
6/11/2020,412,Honeysuckle,N,0,,KM
6/11/2020,412,Privot,N,0,,KM
6/11/2020,412,Spicebush,N,0,,KM
6/11/2020,412,Rubus,N,0,,KM
6/11/2020,412,Mapleleaf Viburnum,N,0,,KM
6/11/2020,412,Buckthorn,S,0,,KM
6/11/2020,412,Multiflora rose,S,0,,KM
6/11/2020,412,Honeysuckle,S,0,,KM
6/11/2020,412,Privot,S,0,,KM
6/11/2020,412,Spicebush,S,0,,KM
6/11/2020,412,Rubus,S,0,,KM
6/11/2020,412,Mapleleaf Viburnum,S,0,,KM
5/28/2020,857,Buckthorn,N,1,,MR
5/28/2020,857,Multiflora rose,N,0,,MR
5/28/2020,857,Honeysuckle,N,0,,MR
5/28/2020,857,Privot,N,0,,MR
5/28/2020,857,Spicebush,N,0,,MR
5/28/2020,857,Rubus,N,1,,MR
5/28/2020,857,Mapleleaf Viburnum,N,0,,MR
5/28/2020,857,Buckthorn,S,1,,MR
5/28/2020,857,Multiflora rose,S,1,,MR
5/28/2020,857,Honeysuckle,S,0,,MR
5/28/2020,857,Privot,S,0,,MR
5/28/2020,857,Spicebush,S,0,,MR
5/28/2020,857,Rubus,S,1,,MR
5/28/2020,857,Mapleleaf Viburnum,S,0,,MR
6/8/2020,859,Buckthorn,N,1,,CL
6/8/2020,859,Multiflora rose,N,0,,CL
6/8/2020,859,Honeysuckle,N,0,,CL
6/8/2020,859,Privot,N,0,,CL
6/8/2020,859,Spicebush,N,0,,CL
6/8/2020,859,Rubus,N,0,,CL
6/8/2020,859,Mapleleaf Vibernum ,N,0,,CL
6/8/2020,859,Buckthorn,S,1,,CL
6/8/2020,859,Multiflora rose,S,0,,CL
6/8/2020,859,Honeysuckle,S,0,,CL
6/8/2020,859,Privot,S,0,,CL
6/8/2020,859,Spicebush,S,0,,CL
6/8/2020,859,Rubus,S,0,,CL
6/8/2020,859,Mapleleaf Vibernum ,S,0,,CL
6/2/2020,860,Buckthorn,N,0,,J.N.B
6/2/2020,860,Multiflora Rose,N,1,,J.N.B
6/2/2020,860,Honeysuckle,N,0,,J.N.B
6/2/2020,860,Privot,N,0,,J.N.B
6/2/2020,860,Spicebush,N,0,,J.N.B
6/2/2020,860,Rubus,N,0,,J.N.B
6/2/2020,860,Mapleleaf Viburnum,N,0,,J.N.B
6/2/2020,860,Buckthorn,S,0,,J.N.B
6/2/2020,860,Multiflora Rose,S,1,,J.N.B
6/2/2020,860,Honeysuckle,S,0,,J.N.B
6/2/2020,860,Privot,S,0,,J.N.B
6/2/2020,860,Spicebush,S,1,,J.N.B
6/2/2020,860,Rubus,S,0,,J.N.B
6/2/2020,860,Mapleleaf Viburnum,S,0,,J.N.B
5/28/2020,861,Buckthorn,N,0,,MR
5/28/2020,861,Multiflora rose,N,0,,MR
5/28/2020,861,Honeysuckle,N,0,,MR
5/28/2020,861,Privot,N,0,,MR
5/28/2020,861,Spicebush,N,0,,MR
5/28/2020,861,Rubus,N,0,,MR
5/28/2020,861,Mapleleaf Viburnum,N,0,,MR
5/28/2020,861,Buckthorn,S,1,,MR
5/28/2020,861,Multiflora rose,S,0,,MR
5/28/2020,861,Honeysuckle,S,0,,MR
5/28/2020,861,Privot,S,0,,MR
5/28/2020,861,Spicebush,S,0,,MR
5/28/2020,861,Rubus,S,0,,MR
5/28/2020,861,Mapleleaf Viburnum,S,0,,MR
6/10/2020,864,Buckthorn,N,1,,KM
6/10/2020,864,Multiflora rose,N,1,,KM
6/10/2020,864,Honeysuckle,N,0,,KM
6/10/2020,864,Privot,N,0,,KM
6/10/2020,864,Spicebush,N,0,,KM
6/10/2020,864,Rubus,N,0,,KM
6/10/2020,864,Mapleleaf Viburnum,N,0,,KM
6/10/2020,864,Buckthorn,S,1,,KM
6/10/2020,864,Multiflora rose,S,0,,KM
6/10/2020,864,Honeysuckle,S,0,,KM
6/10/2020,864,Privot,S,0,,KM
6/10/2020,864,Spicebush,S,0,,KM
6/10/2020,864,Rubus,S,1,,KM
6/10/2020,864,Mapleleaf Viburnum,S,0,,KM
6/3/2020,874,Buckthorn,N,1,,J.N.B
6/3/2020,874,Multiflora Rose,N,1,,J.N.B
6/3/2020,874,Honeysuckle,N,1,,J.N.B
6/3/2020,874,Privot,N,0,,J.N.B
6/3/2020,874,Spicebush,N,1,,J.N.B
6/3/2020,874,Rubus,N,0,,J.N.B
6/3/2020,874,Mapleleaf Viburnum,N,0,,J.N.B
6/3/2020,874,Buckthorn,S,0,,J.N.B
6/3/2020,874,Multiflora Rose,S,0,,J.N.B
6/3/2020,874,Honeysuckle,S,0,,J.N.B
6/3/2020,874,Privot,S,1,,J.N.B
6/3/2020,874,Spicebush,S,0,,J.N.B
6/3/2020,874,Rubus,S,0,,J.N.B
6/3/2020,874,Mapleleaf Viburnum,S,0,,J.N.B
6/2/2020,879,Buckthorn,N,0,,MR
6/2/2020,879,Multiflora rose,N,1,,MR
6/2/2020,879,Honeysuckle,N,1,,MR
6/2/2020,879,Privot,N,0,,MR
6/2/2020,879,Spicebush,N,1,,MR
6/2/2020,879,Rubus,N,0,,MR
6/2/2020,879,Mapleleaf Viburnum,N,0,,MR
6/2/2020,879,Buckthorn,S,0,,MR
6/2/2020,879,Multiflora rose,S,0,,MR
6/2/2020,879,Honeysuckle,S,0,,MR
6/2/2020,879,Privot,S,1,,MR
6/2/2020,879,Spicebush,S,0,,MR
6/2/2020,879,Rubus,S,0,,MR
6/2/2020,879,Mapleleaf Viburnum,S,0,,MR
6/3/2020,880,Buckthorn,N,3,,J.N.B
6/3/2020,880,Multiflora Rose,N,3,,J.N.B
6/3/2020,880,Honeysuckle,N,0,,J.N.B
6/3/2020,880,Privot,N,0,,J.N.B
6/3/2020,880,Spicebush,N,1,,J.N.B
6/3/2020,880,Rubus,N,1,,J.N.B
6/3/2020,880,Mapleleaf Viburnum,N,0,,J.N.B
6/3/2020,880,Buckthorn,S,2,,J.N.B
6/3/2020,880,Multiflora Rose,S,2,,J.N.B
6/3/2020,880,Honeysuckle,S,0,,J.N.B
6/3/2020,880,Privot,S,0,,J.N.B
6/3/2020,880,Spicebush,S,0,,J.N.B
6/3/2020,880,Rubus,S,1,,J.N.B
6/3/2020,880,Mapleleaf Viburnum,S,0,,J.N.B
06/05/2020,881,Buckthorn,N,1,,MM
06/05/2020,881,Multiflora Rose ,N,4,,MM
06/05/2020,881,Honeysuckle,N,0,,MM
06/05/2020,881,Privot,N,0,,MM
06/05/2020,881,Spicebush,N,0,,MM
06/05/2020,881,Rubus,N,0,,MM
06/05/2020,881,Mapleleaf Viburnum,N,0,,MM
06/05/2020,881,Buckthorn,S,2,,MM
06/05/2020,881,Multiflora Rose ,S,3,,MM
06/05/2020,881,Honeysuckle,S,2,,MM
06/05/2020,881,Privot,S,0,,MM
06/05/2020,881,Spicebush,S,0,,MM
06/05/2020,881,Rubus,S,0,,MM
06/05/2020,881,Mapleleaf Viburnum,S,0,,MM
6/11/2020,882,Buckthorn,N,0,,KM
6/11/2020,882,Multiflora rose,N,0,,KM
6/11/2020,882,Honeysuckle,N,0,,KM
6/11/2020,882,Privot,N,0,,KM
6/11/2020,882,Spicebush,N,0,,KM
6/11/2020,882,Rubus,N,1,,KM
6/11/2020,882,Mapleleaf Viburnum,N,0,,KM
6/11/2020,882,Buckthorn,S,0,,KM
6/11/2020,882,Multiflora rose,S,1,,KM
6/11/2020,882,Honeysuckle,S,0,,KM
6/11/2020,882,Privot,S,0,,KM
6/11/2020,882,Spicebush,S,0,,KM
6/11/2020,882,Rubus,S,1,,KM
6/11/2020,882,Mapleleaf Viburnum,S,0,,KM
6/9/2020,883,Buckthorn,N,1,,CL
6/9/2020,883,Multiflora rose,N,0,,CL
6/9/2020,883,Honeysuckle,N,0,,CL
6/9/2020,883,Privot,N,0,,CL
6/9/2020,883,Spicebush,N,0,,CL
6/9/2020,883,Rubus,N,0,,CL
6/9/2020,883,Mapleleaf Vibernum ,N,0,,CL
6/9/2020,883,Buckthorn,S,1,,CL
6/9/2020,883,Multiflora rose,S,1,,CL
6/9/2020,883,Honeysuckle,S,0,,CL
6/9/2020,883,Privot,S,0,,CL
6/9/2020,883,Spicebush,S,0,,CL
6/9/2020,883,Rubus,S,0,,CL
6/9/2020,883,Mapleleaf Vibernum ,S,0,,CL
06/05/2020,884,Buckthorn,N,1,,MM
06/05/2020,884,Multiflora Rose ,N,4,,MM
06/05/2020,884,Honeysuckle,N,0,,MM
06/05/2020,884,Privot,N,1,,MM
06/05/2020,884,Spicebush,N,0,,MM
06/05/2020,884,Rubus,N,1,,MM
06/05/2020,884,Mapleleaf Viburnum,N,0,,MM
06/05/2020,884,Buckthorn,S,1,,MM
06/05/2020,884,Multiflora Rose ,S,3,,MM
06/05/2020,884,Honeysuckle,S,0,,MM
06/05/2020,884,Privot,S,0,,MM
06/05/2020,884,Spicebush,S,0,,MM
06/05/2020,884,Rubus,S,1,,MM
06/05/2020,884,Mapleleaf Viburnum,S,0,,MM
6/10/2020,885,Buckthorn,S,1,,KM
6/10/2020,885,Multiflora rose,S,0,,KM
6/10/2020,885,Honeysuckle,S,0,,KM
6/10/2020,885,Privot,S,0,,KM
6/10/2020,885,Spicebush,S,0,,KM
6/10/2020,885,Rubus,S,0,,KM
6/10/2020,885,Mapleleaf Viburnum,S,0,,KM
6/10/2020,885,Buckthorn,N,0,,KM
6/10/2020,885,Multiflora rose,N,1,,KM
6/10/2020,885,Honeysuckle,N,1,,KM
6/10/2020,885,Privot,N,0,,KM
6/10/2020,885,Spicebush,N,0,,KM
6/10/2020,885,Rubus,N,0,,KM
6/10/2020,885,Mapleleaf Viburnum,N,0,,KM
6/11/2020,886,Buckthorn,N,0,,KM
6/11/2020,886,Multiflora rose,N,0,,KM
6/11/2020,886,Honeysuckle,N,0,,KM
6/11/2020,886,Privot,N,0,,KM
6/11/2020,886,Spicebush,N,0,,KM
6/11/2020,886,Rubus,N,0,,KM
6/11/2020,886,Mapleleaf Viburnum,N,1,,KM
6/11/2020,886,Buckthorn,S,0,,KM
6/11/2020,886,Multiflora rose,S,0,,KM
6/11/2020,886,Honeysuckle,S,0,,KM
6/11/2020,886,Privot,S,0,,KM
6/11/2020,886,Spicebush,S,0,,KM
6/11/2020,886,Rubus,S,0,,KM
6/11/2020,886,Mapleleaf Viburnum,S,0,,KM
06/05/2020,888,Buckthorn,N,1,,MM
06/05/2020,888,Multiflora Rose ,N,3,,MM
06/05/2020,888,Honeysuckle,N,0,,MM
06/05/2020,888,Privot,N,0,,MM
06/05/2020,888,Spicebush,N,0,,MM
06/05/2020,888,Rubus,N,1,,MM
06/05/2020,888,Mapleleaf Viburnum,N,0,,MM
06/05/2020,888,Buckthorn,S,1,,MM
06/05/2020,888,Multiflora Rose ,S,1,,MM
06/05/2020,888,Honeysuckle,S,0,,MM
06/05/2020,888,Privot,S,0,,MM
06/05/2020,888,Spicebush,S,0,,MM
06/05/2020,888,Rubus,S,1,,MM
06/05/2020,888,Mapleleaf Viburnum,S,0,,MM
6/11/2020,889,Buckthorn,N,0,,KM
6/11/2020,889,Multiflora rose,N,0,,KM
6/11/2020,889,Honeysuckle,N,0,,KM
6/11/2020,889,Privot,N,0,,KM
6/11/2020,889,Spicebush,N,0,,KM
6/11/2020,889,Rubus,N,0,,KM
6/11/2020,889,Mapleleaf Viburnum,N,0,,KM
6/11/2020,889,Buckthorn,S,0,,KM
6/11/2020,889,Multiflora rose,S,0,,KM
6/11/2020,889,Honeysuckle,S,0,,KM
6/11/2020,889,Privot,S,0,,KM
6/11/2020,889,Spicebush,S,0,,KM
6/11/2020,889,Rubus,S,0,,KM
6/11/2020,889,Mapleleaf Viburnum,S,0,,KM
6/11/2020,890,Buckthorn,N,1,,KM
6/11/2020,890,Multiflora rose,N,0,,KM
6/11/2020,890,Honeysuckle,N,0,,KM
6/11/2020,890,Privot,N,0,,KM
6/11/2020,890,Spicebush,N,0,,KM
6/11/2020,890,Rubus,N,0,,KM
6/11/2020,890,Mapleleaf Viburnum,N,0,,KM
6/11/2020,890,Buckthorn,S,1,,KM
6/11/2020,890,Multiflora rose,S,0,,KM
6/11/2020,890,Honeysuckle,S,0,,KM
6/11/2020,890,Privot,S,0,,KM
6/11/2020,890,Spicebush,S,0,,KM
6/11/2020,890,Rubus,S,0,,KM
6/11/2020,890,Mapleleaf Viburnum,S,0,,KM
6/11/2020,891,Buckthorn,N,1,,KM
6/11/2020,891,Multiflora rose,N,0,,KM
6/11/2020,891,Honeysuckle,N,0,,KM
6/11/2020,891,Privot,N,0,,KM
6/11/2020,891,Spicebush,N,1,,KM
6/11/2020,891,Rubus,N,0,,KM
6/11/2020,891,Mapleleaf Viburnum,N,0,,KM
6/11/2020,891,Buckthorn,S,1,,KM
6/11/2020,891,Multiflora rose,S,1,,KM
6/11/2020,891,Honeysuckle,S,0,,KM
6/11/2020,891,Privot,S,0,,KM
6/11/2020,891,Spicebush,S,0,,KM
6/11/2020,891,Rubus,S,0,,KM
6/11/2020,891,Mapleleaf Viburnum,S,0,,KM
6/10/2020,892,Buckthorn,S,1,,KM
6/10/2020,892,Multiflora rose,S,1,,KM
6/10/2020,892,Honeysuckle,S,0,,KM
6/10/2020,892,Privot,S,1,,KM
6/10/2020,892,Spicebush,S,0,,KM
6/10/2020,892,Rubus,S,0,,KM
6/10/2020,892,Mapleleaf Viburnum,S,0,,KM
6/10/2020,892,Buckthorn,N,2,,KM
6/10/2020,892,Multiflora rose,N,1,,KM
6/10/2020,892,Honeysuckle,N,0,,KM
6/10/2020,892,Privot,N,1,,KM
6/10/2020,892,Spicebush,N,0,,KM
6/10/2020,892,Rubus,N,0,,KM
6/10/2020,892,Mapleleaf Viburnum,N,1,,KM
6/10/2020,893,Buckthorn,N,1,,KM
6/10/2020,893,Multiflora rose,N,1,,KM
6/10/2020,893,Honeysuckle,N,0,,KM
6/10/2020,893,Privot,N,0,,KM
6/10/2020,893,Spicebush,N,0,,KM
6/10/2020,893,Rubus,N,0,,KM
6/10/2020,893,Mapleleaf Viburnum,N,1,,KM
6/10/2020,893,Buckthorn,S,1,,KM
6/10/2020,893,Multiflora rose,S,2,,KM
6/10/2020,893,Honeysuckle,S,1,,KM
6/10/2020,893,Privot,S,0,,KM
6/10/2020,893,Spicebush,S,0,,KM
6/10/2020,893,Rubus,S,1,,KM
6/10/2020,893,Mapleleaf Viburnum,S,0,,KM
6/10/2020,894,Buckthorn,N,2,,KM
6/10/2020,894,Multiflora rose,N,0,,KM
6/10/2020,894,Honeysuckle,N,0,,KM
6/10/2020,894,Privot,N,0,,KM
6/10/2020,894,Spicebush,N,0,,KM
6/10/2020,894,Rubus,N,0,,KM
6/10/2020,894,Mapleleaf Viburnum,N,1,,KM
6/10/2020,894,Buckthorn,S,3,,KM
6/10/2020,894,Multiflora rose,S,0,,KM
6/10/2020,894,Honeysuckle,S,0,,KM
6/10/2020,894,Privot,S,1,,KM
6/10/2020,894,Spicebush,S,0,,KM
6/10/2020,894,Rubus,S,1,,KM
6/10/2020,894,Mapleleaf Viburnum,S,0,,KM
6/3/2020,895,Buckthorn,N,2,,J.N.B
6/3/2020,895,Multiflora Rose,N,0,,J.N.B
6/3/2020,895,Honeysuckle,N,1,,J.N.B
6/3/2020,895,Privot,N,0,,J.N.B
6/3/2020,895,Spicebush,N,1,,J.N.B
6/3/2020,895,Rubus,N,1,,J.N.B
6/3/2020,895,Mapleleaf Viburnum,N,0,,J.N.B
6/3/2020,895,Buckthorn,S,1,,J.N.B
6/3/2020,895,Multiflora Rose,S,0,,J.N.B
6/3/2020,895,Honeysuckle,S,0,,J.N.B
6/3/2020,895,Privot,S,0,,J.N.B
6/3/2020,895,Spicebush,S,0,,J.N.B
6/3/2020,895,Rubus,S,1,,J.N.B
6/3/2020,895,Mapleleaf Viburnum,S,0,,J.N.B
5/26/2020,897,Buckthorn,N,1,,MR
5/26/2020,897,Multiflora rose,N,0,,MR
5/26/2020,897,Honeysuckle,N,0,,MR
5/26/2020,897,Privot,N,0,,MR
5/26/2020,897,Spicebush,N,0,,MR
5/26/2020,897,Rubus,N,0,,MR
5/26/2020,897,Mapleleaf Viburnum,N,0,,MR
5/26/2020,897,Buckthorn,S,1,,MR
5/26/2020,897,Multiflora rose,S,1,,MR
5/26/2020,897,Honeysuckle,S,0,,MR
5/26/2020,897,Privot,S,0,,MR
5/26/2020,897,Spicebush,S,1,,MR
5/26/2020,897,Rubus,S,0,,MR
5/26/2020,897,Mapleleaf Viburnum,S,0,,MR
6/10/2020,898,Buckthorn,N,0,,KM
6/10/2020,898,Multiflora rose,N,1,,KM
6/10/2020,898,Honeysuckle,N,0,,KM
6/10/2020,898,Privot,N,0,,KM
6/10/2020,898,Spicebush,N,0,,KM
6/10/2020,898,Rubus,N,0,,KM
6/10/2020,898,Mapleleaf Viburnum,N,0,,KM
6/10/2020,898,Buckthorn,S,1,,KM
6/10/2020,898,Multiflora rose,S,0,,KM
6/10/2020,898,Honeysuckle,S,0,,KM
6/10/2020,898,Privot,S,1,,KM
6/10/2020,898,Spicebush,S,0,,KM
6/10/2020,898,Rubus,S,0,,KM
6/10/2020,898,Mapleleaf Viburnum,S,0,,KM
6/8/2020,900,Buckthorn,N,2,,CL
6/8/2020,900,Multiflora rose,N,3,,CL
6/8/2020,900,Honeysuckle,N,0,,CL
6/8/2020,900,Privot,N,0,,CL
6/8/2020,900,Spicebush,N,0,,CL
6/8/2020,900,Rubus,N,1,,CL
6/8/2020,900,Mapleleaf Vibernum ,N,0,,CL
6/8/2020,900,Buckthorn,S,2,,CL
6/8/2020,900,Multiflora rose,S,5,,CL
6/8/2020,900,Honeysuckle,S,0,,CL
6/8/2020,900,Privot,S,0,,CL
6/8/2020,900,Spicebush,S,0,,CL
6/8/2020,900,Rubus,S,0,,CL
6/8/2020,900,Mapleleaf Vibernum ,S,0,,CL
6/2/2020,901,Buckthorn,N,2,,J.N.B
6/2/2020,901,Multiflora Rose,N,3,,J.N.B
6/2/2020,901,Honeysuckle,N,0,,J.N.B
6/2/2020,901,Privot,N,0,,J.N.B
6/2/2020,901,Spicebush,N,0,,J.N.B
6/2/2020,901,Rubus,N,0,,J.N.B
6/2/2020,901,Mapleleaf Viburnum,N,0,,J.N.B
6/2/2020,901,Buckthorn,S,0,,J.N.B
6/2/2020,901,Multiflora Rose,S,1,,J.N.B
6/2/2020,901,Honeysuckle,S,0,,J.N.B
6/2/2020,901,Privot,S,1,,J.N.B
6/2/2020,901,Spicebush,S,0,,J.N.B
6/2/2020,901,Rubus,S,1,,J.N.B
6/2/2020,901,Mapleleaf Viburnum,S,0,,J.N.B
6/2/2020,902,Buckthorn,N,1,902,J.N.B
6/2/2020,902,Multiflora Rose,N,2,,J.N.B
6/2/2020,902,Honeysuckle,N,0,,J.N.B
6/2/2020,902,Privot,N,0,,J.N.B
6/2/2020,902,Spicebush,N,0,,J.N.B
6/2/2020,902,Rubus,N,0,,J.N.B
6/2/2020,902,Mapleleaf Viburnum,N,0,,J.N.B
6/2/2020,902,Buckthorn,S,2,,J.N.B
6/2/2020,902,Multiflora Rose,S,2,,J.N.B
6/2/2020,902,Honeysuckle,S,1,,J.N.B
6/2/2020,902,Privot,S,0,,J.N.B
6/2/2020,902,Spicebush,S,0,,J.N.B
6/2/2020,902,Rubus,S,0,,J.N.B
6/2/2020,902,Mapleleaf Viburnum,S,0,,J.N.B
6/2/2020,903,Buckthorn,N,2,,J.N.B
6/2/2020,903,Multiflora Rose,N,0,,J.N.B
6/2/2020,903,Honeysuckle,N,0,,J.N.B
6/2/2020,903,Privot,N,0,,J.N.B
6/2/2020,903,Spicebush,N,2,,J.N.B
6/2/2020,903,Rubus,N,1,,J.N.B
6/2/2020,903,Mapleleaf Viburnum,N,0,,J.N.B
6/2/2020,903,Buckthorn,S,2,,J.N.B
6/2/2020,903,Multiflora Rose,S,0,,J.N.B
6/2/2020,903,Honeysuckle,S,0,,J.N.B
6/2/2020,903,Privot,S,0,,J.N.B
6/2/2020,903,Spicebush,S,0,,J.N.B
6/2/2020,903,Rubus,S,2,,J.N.B
6/2/2020,903,Mapleleaf Viburnum,S,0,,J.N.B
6/2/2020,904,Buckthorn,N,1,,J.N.B
6/2/2020,904,Multiflora Rose,N,2,,J.N.B
6/2/2020,904,Honeysuckle,N,0,,J.N.B
6/2/2020,904,Privot,N,0,,J.N.B
6/2/2020,904,Spicebush,N,2,,J.N.B
6/2/2020,904,Rubus,N,1,,J.N.B
6/2/2020,904,Mapleleaf Viburnum,N,0,,J.N.B
6/2/2020,904,Buckthorn,S,1,,J.N.B
6/2/2020,904,Multiflora Rose,S,2,,J.N.B
6/2/2020,904,Honeysuckle,S,0,,J.N.B
6/2/2020,904,Privot,S,0,,J.N.B
6/2/2020,904,Spicebush,S,0,,J.N.B
6/2/2020,904,Rubus,S,2,,J.N.B
6/2/2020,904,Mapleleaf Viburnum,S,0,,J.N.B
6/2/2020,905,Buckthorn,N,1,,J.N.B
6/2/2020,905,Multiflora Rose,N,1,,J.N.B
6/2/2020,905,Honeysuckle,N,0,,J.N.B
6/2/2020,905,Privot,N,0,,J.N.B
6/2/2020,905,Spicebush,N,1,,J.N.B
6/2/2020,905,Rubus,N,2,,J.N.B
6/2/2020,905,Mapleleaf Viburnum,N,0,,J.N.B
6/2/2020,905,Buckthorn,S,2,,J.N.B
6/2/2020,905,Multiflora Rose,S,1,,J.N.B
6/2/2020,905,Honeysuckle,S,0,,J.N.B
6/2/2020,905,Privot,S,0,,J.N.B
6/2/2020,905,Spicebush,S,0,,J.N.B
6/2/2020,905,Rubus,S,1,,J.N.B
6/2/2020,905,Mapleleaf Viburnum,S,0,,J.N.B
6/3/2020,906,Buckthorn,N,4,,J.N.B
6/3/2020,906,Multiflora Rose,N,3,,J.N.B
6/3/2020,906,Honeysuckle,N,0,,J.N.B
6/3/2020,906,Privot,N,0,,J.N.B
6/3/2020,906,Spicebush,N,2,,J.N.B
6/3/2020,906,Rubus,N,1,,J.N.B
6/3/2020,906,Mapleleaf Viburnum,N,0,,J.N.B
6/3/2020,906,Buckthorn,S,3,,J.N.B
6/3/2020,906,Multiflora Rose,S,2,,J.N.B
6/3/2020,906,Honeysuckle,S,0,,J.N.B
6/3/2020,906,Privot,S,0,,J.N.B
6/3/2020,906,Spicebush,S,1,,J.N.B
6/3/2020,906,Rubus,S,0,,J.N.B
6/3/2020,906,Mapleleaf Viburnum,S,0,,J.N.B
6/3/2020,907,Buckthorn,S,3,,J.N.B
6/3/2020,907,Multiflora Rose,S,2,,J.N.B
6/3/2020,907,Honeysuckle,S,0,,J.N.B
6/3/2020,907,Privot,S,1,,J.N.B
6/3/2020,907,Spicebush,S,1,,J.N.B
6/3/2020,907,Rubus,S,0,,J.N.B
6/3/2020,907,Mapleleaf Viburnum,S,0,,J.N.B
6/3/2020,907,Buckthorn,N,3,,J.N.B
6/3/2020,907,Multiflora Rose,N,2,,J.N.B
6/3/2020,907,Honeysuckle,N,0,,J.N.B
6/3/2020,907,Privot,N,0,,J.N.B
6/3/2020,907,Spicebush,N,1,,J.N.B
6/3/2020,907,Rubus,N,0,,J.N.B
6/3/2020,907,Mapleleaf Viburnum,N,0,,J.N.B
6/3/2020,908,Buckthorn,N,3,,J.N.B
6/3/2020,908,Multiflora Rose,N,1,,J.N.B
6/3/2020,908,Honeysuckle,N,0,,J.N.B
6/3/2020,908,Privot,N,2,,J.N.B
6/3/2020,908,Spicebush,N,1,,J.N.B
6/3/2020,908,Rubus,N,0,,J.N.B
6/3/2020,908,Mapleleaf Viburnum,N,0,,J.N.B
6/3/2020,908,Buckthorn,S,4,,J.N.B
6/3/2020,908,Multiflora Rose,S,1,,J.N.B
6/3/2020,908,Honeysuckle,S,0,,J.N.B
6/3/2020,908,Privot,S,1,,J.N.B
6/3/2020,908,Spicebush,S,1,,J.N.B
6/3/2020,908,Rubus,S,1,,J.N.B
6/3/2020,908,Mapleleaf Viburnum,S,0,,J.N.B
6/2/2020,909,Buckthorn,N,1,,MR
6/2/2020,909,Multiflora rose,N,1,,MR
6/2/2020,909,Honeysuckle,N,1,,MR
6/2/2020,909,Privot,N,0,,MR
6/2/2020,909,Spicebush,N,1,,MR
6/2/2020,909,Rubus,N,1,,MR
6/2/2020,909,Mapleleaf Viburnum,N,0,,MR
6/2/2020,909,Buckthorn,S,2,,MR
6/2/2020,909,Multiflora rose,S,1,,MR
6/2/2020,909,Honeysuckle,S,0,,MR
6/2/2020,909,Privot,S,0,,MR
6/2/2020,909,Spicebush,S,0,,MR
6/2/2020,909,Rubus,S,1,,MR
6/2/2020,909,Mapleleaf Viburnum,S,0,,MR
6/2/2020,910,Buckthorn,N,1,,MR
6/2/2020,910,Multiflora rose,N,1,,MR
6/2/2020,910,Honeysuckle,N,0,,MR
6/2/2020,910,Privot,N,0,,MR
6/2/2020,910,Spicebush,N,0,,MR
6/2/2020,910,Rubus,N,1,,MR
6/2/2020,910,Mapleleaf Viburnum,N,0,,MR
6/2/2020,910,Buckthorn,S,0,,MR
6/2/2020,910,Multiflora rose,S,1,,MR
6/2/2020,910,Honeysuckle,S,0,,MR
6/2/2020,910,Privot,S,0,,MR
6/2/2020,910,Spicebush,S,1,,MR
6/2/2020,910,Rubus,S,1,,MR
6/2/2020,910,Mapleleaf Viburnum,S,0,,MR
6/3/2020,911,Buckthorn,S,1,,J.N.B
6/3/2020,911,Multiflora Rose,S,3,,J.N.B
6/3/2020,911,Honeysuckle,S,0,,J.N.B
6/3/2020,911,Privot,S,1,,J.N.B
6/3/2020,911,Spicebush,S,1,,J.N.B
6/3/2020,911,Rubus,S,0,,J.N.B
6/3/2020,911,Mapleleaf Viburnum,S,0,,J.N.B
6/3/2020,911,Buckthorn,N,1,,J.N.B
6/3/2020,911,Multiflora Rose,N,3,,J.N.B
6/3/2020,911,Honeysuckle,N,0,,J.N.B
6/3/2020,911,Privot,N,0,,J.N.B
6/3/2020,911,Spicebush,N,0,,J.N.B
6/3/2020,911,Rubus,N,1,,J.N.B
6/3/2020,911,Mapleleaf Viburnum,N,0,,J.N.B
6/1/2020,912,Buckthorn,N,1,,MR
6/1/2020,912,Multiflora rose,N,1,,MR
6/1/2020,912,Honeysuckle,N,1,,MR
6/1/2020,912,Privot,N,0,,MR
6/1/2020,912,Spicebush,N,0,,MR
6/1/2020,912,Rubus,N,1,,MR
6/1/2020,912,Mapleleaf Viburnum,N,0,,MR
6/1/2020,912,Buckthorn,S,1,,MR
6/1/2020,912,Multiflora rose,S,1,,MR
6/1/2020,912,Honeysuckle,S,0,,MR
6/1/2020,912,Privot,S,0,,MR
6/1/2020,912,Spicebush,S,0,,MR
6/1/2020,912,Rubus,S,0,,MR
6/1/2020,912,Mapleleaf Viburnum,S,0,,MR
6/1/2020,913,Buckthorn,N,1,,MR
6/1/2020,913,Multiflora rose,N,2,,MR
6/1/2020,913,Honeysuckle,N,0,,MR
6/1/2020,913,Privot,N,0,,MR
6/1/2020,913,Spicebush,N,0,,MR
6/1/2020,913,Rubus,N,0,,MR
6/1/2020,913,Mapleleaf Viburnum,N,0,,MR
6/1/2020,913,Buckthorn,S,1,,MR
6/1/2020,913,Multiflora rose,S,2,,MR
6/1/2020,913,Honeysuckle,S,0,,MR
6/1/2020,913,Privot,S,0,,MR
6/1/2020,913,Spicebush,S,0,,MR
6/1/2020,913,Rubus,S,0,,MR
6/1/2020,913,Mapleleaf Viburnum,S,0,,MR
6/1/2020,914,Buckthorn,N,1,,MR
6/1/2020,914,Multiflora rose,N,0,,MR
6/1/2020,914,Honeysuckle,N,0,,MR
6/1/2020,914,Privot,N,0,,MR
6/1/2020,914,Spicebush,N,0,,MR
6/1/2020,914,Rubus,N,1,,MR
6/1/2020,914,Mapleleaf Viburnum,N,0,,MR
6/1/2020,914,Buckthorn,S,1,,MR
6/1/2020,914,Multiflora rose,S,1,,MR
6/1/2020,914,Honeysuckle,S,0,,MR
6/1/2020,914,Privot,S,0,,MR
6/1/2020,914,Spicebush,S,1,,MR
6/1/2020,914,Rubus,S,1,,MR
6/1/2020,914,Mapleleaf Viburnum,S,0,,MR
6/1/2020,915,Buckthorn,N,1,,MR
6/1/2020,915,Multiflora rose,N,1,,MR
6/1/2020,915,Honeysuckle,N,1,,MR
6/1/2020,915,Privot,N,0,,MR
6/1/2020,915,Spicebush,N,0,,MR
6/1/2020,915,Rubus,N,1,,MR
6/1/2020,915,Mapleleaf Viburnum,N,0,,MR
6/1/2020,915,Buckthorn,S,1,,MR
6/1/2020,915,Multiflora rose,S,2,,MR
6/1/2020,915,Honeysuckle,S,1,,MR
6/1/2020,915,Privot,S,0,,MR
6/1/2020,915,Spicebush,S,1,,MR
6/1/2020,915,Rubus,S,1,,MR
6/1/2020,915,Mapleleaf Viburnum,S,0,,MR
6/1/2020,925,Buckthorn,N,0,"Has no tag, number written on band",MR
6/1/2020,925,Multiflora rose,N,4,,MR
6/1/2020,925,Honeysuckle,N,0,,MR
6/1/2020,925,Privot,N,0,,MR
6/1/2020,925,Spicebush,N,1,,MR
6/1/2020,925,Rubus,N,1,,MR
6/1/2020,925,Mapleleaf Viburnum,N,0,,MR
6/1/2020,925,Buckthorn,S,1,,MR
6/1/2020,925,Multiflora rose,S,2,,MR
6/1/2020,925,Honeysuckle,S,0,,MR
6/1/2020,925,Privot,S,0,,MR
6/1/2020,925,Spicebush,S,1,,MR
6/1/2020,925,Rubus,S,1,,MR
6/1/2020,925,Mapleleaf Viburnum,S,0,,MR
6/1/2020,926,Buckthorn,N,1,,MR
6/1/2020,926,Multiflora rose,N,3,,MR
6/1/2020,926,Honeysuckle,N,1,,MR
6/1/2020,926,Privot,N,0,,MR
6/1/2020,926,Spicebush,N,1,,MR
6/1/2020,926,Rubus,N,1,,MR
6/1/2020,926,Mapleleaf Viburnum,N,1,,MR
6/1/2020,926,Buckthorn,S,1,,MR
6/1/2020,926,Multiflora rose,S,4,,MR
6/1/2020,926,Honeysuckle,S,0,,MR
6/1/2020,926,Privot,S,0,,MR
6/1/2020,926,Spicebush,S,2,,MR
6/1/2020,926,Rubus,S,1,,MR
6/1/2020,926,Mapleleaf Viburnum,S,1,,MR
6/1/2020,927,Buckthorn,N,0,,MR
6/1/2020,927,Multiflora rose,N,0,,MR
6/1/2020,927,Honeysuckle,N,0,,MR
6/1/2020,927,Privot,N,0,,MR
6/1/2020,927,Spicebush,N,1,,MR
6/1/2020,927,Rubus,N,1,,MR
6/1/2020,927,Mapleleaf Viburnum,N,0,,MR
6/1/2020,927,Buckthorn,S,0,,MR
6/1/2020,927,Multiflora rose,S,0,,MR
6/1/2020,927,Honeysuckle,S,0,,MR
6/1/2020,927,Privot,S,0,,MR
6/1/2020,927,Spicebush,S,1,,MR
6/1/2020,927,Rubus,S,1,,MR
6/1/2020,927,Mapleleaf Viburnum,S,0,,MR
5/27/2020,929,Buckthorn,N,0,,MR
5/27/2020,929,Multiflora rose,N,0,,MR
5/27/2020,929,Honeysuckle,N,0,,MR
5/27/2020,929,Privot,N,0,,MR
5/27/2020,929,Spicebush,N,0,,MR
5/27/2020,929,Rubus,N,0,,MR
5/27/2020,929,Mapleleaf Viburnum,N,0,,MR
5/27/2020,929,Buckthorn,S,0,,MR
5/27/2020,929,Multiflora rose,S,0,,MR
5/27/2020,929,Honeysuckle,S,0,,MR
5/27/2020,929,Privot,S,0,,MR
5/27/2020,929,Spicebush,S,0,,MR
5/27/2020,929,Rubus,S,0,,MR
5/27/2020,929,Mapleleaf Viburnum,S,0,,MR
6/1/2020,930,Buckthorn,N,1,,MR
6/1/2020,930,Multiflora rose,N,2,,MR
6/1/2020,930,Honeysuckle,N,1,,MR
6/1/2020,930,Privot,N,0,,MR
6/1/2020,930,Spicebush,N,1,,MR
6/1/2020,930,Rubus,N,1,,MR
6/1/2020,930,Mapleleaf Viburnum,N,0,,MR
6/1/2020,930,Buckthorn,S,1,,MR
6/1/2020,930,Multiflora rose,S,3,,MR
6/1/2020,930,Honeysuckle,S,1,,MR
6/1/2020,930,Privot,S,0,,MR
6/1/2020,930,Spicebush,S,0,,MR
6/1/2020,930,Rubus,S,1,,MR
6/1/2020,930,Mapleleaf Viburnum,S,0,,MR
5/27/2020,931,Buckthorn,N,1,,MR
5/27/2020,931,Multiflora rose,N,2,,MR
5/27/2020,931,Honeysuckle,N,1,,MR
5/27/2020,931,Privot,N,0,,MR
5/27/2020,931,Spicebush,N,0,,MR
5/27/2020,931,Rubus,N,0,,MR
5/27/2020,931,Mapleleaf Viburnum,N,0,,MR
5/27/2020,931,Buckthorn,S,1,,MR
5/27/2020,931,Multiflora rose,S,1,,MR
5/27/2020,931,Honeysuckle,S,1,,MR
5/27/2020,931,Privot,S,0,,MR
5/27/2020,931,Spicebush,S,0,,MR
5/27/2020,931,Rubus,S,0,,MR
5/27/2020,931,Mapleleaf Viburnum,S,0,,MR
5/27/2020,936,Buckthorn,N,1,,MR
5/27/2020,936,Multiflora rose,N,1,,MR
5/27/2020,936,Honeysuckle,N,0,,MR
5/27/2020,936,Privot,N,0,,MR
5/27/2020,936,Spicebush,N,0,,MR
5/27/2020,936,Rubus,N,0,,MR
5/27/2020,936,Mapleleaf Viburnum,N,0,,MR
5/27/2020,936,Buckthorn,S,0,,MR
5/27/2020,936,Multiflora rose,S,1,,MR
5/27/2020,936,Honeysuckle,S,0,,MR
5/27/2020,936,Privot,S,0,,MR
5/27/2020,936,Spicebush,S,0,,MR
5/27/2020,936,Rubus,S,0,,MR
5/27/2020,936,Mapleleaf Viburnum,S,0,,MR
5/26/2020,940,Buckthorn,N,1,,MR
5/26/2020,940,Multiflora rose,N,1,,MR
5/26/2020,940,Honeysuckle,N,1,,MR
5/26/2020,940,Privot,N,0,,MR
5/26/2020,940,Spicebush,N,0,,MR
5/26/2020,940,Rubus,N,0,,MR
5/26/2020,940,Mapleleaf Viburnum,N,0,,MR
5/26/2020,940,Buckthorn,S,1,,MR
5/26/2020,940,Multiflora rose,S,2,,MR
5/26/2020,940,Honeysuckle,S,1,,MR
5/26/2020,940,Privot,S,0,,MR
5/26/2020,940,Spicebush,S,0,,MR
5/26/2020,940,Rubus,S,0,,MR
5/26/2020,940,Mapleleaf Viburnum,S,0,,MR
5/27/2020,961,Buckthorn,N,1,,MR
5/27/2020,961,Multiflora rose,N,2,,MR
5/27/2020,961,Honeysuckle,N,0,,MR
5/27/2020,961,Privot,N,0,,MR
5/27/2020,961,Spicebush,N,0,,MR
5/27/2020,961,Rubus,N,1,,MR
5/27/2020,961,Mapleleaf Viburnum,N,0,,MR
5/27/2020,961,Buckthorn,S,1,,MR
5/27/2020,961,Multiflora rose,S,1,,MR
5/27/2020,961,Honeysuckle,S,2,,MR
5/27/2020,961,Privot,S,0,,MR
5/27/2020,961,Spicebush,S,0,,MR
5/27/2020,961,Rubus,S,1,,MR
5/27/2020,961,Mapleleaf Viburnum,S,0,,MR
6/9/2020,969,Buckthorn,N,1,,CL
6/9/2020,969,Multiflora rose,N,0,,CL
6/9/2020,969,Honeysuckle,N,0,,CL
6/9/2020,969,Privot,N,0,,CL
6/9/2020,969,Spicebush,N,0,,CL
6/9/2020,969,Rubus,N,0,,CL
6/9/2020,969,Mapleleaf Vibernum ,N,0,,CL
6/9/2020,969,Buckthorn,S,1,,CL
6/9/2020,969,Multiflora rose,S,0,,CL
6/9/2020,969,Honeysuckle,S,0,,CL
6/9/2020,969,Privot,S,0,,CL
6/9/2020,969,Spicebush,S,0,,CL
6/9/2020,969,Rubus,S,0,,CL
6/9/2020,969,Mapleleaf Vibernum ,S,0,,CL
5/27/2020,978,Buckthorn,N,1,,MR
5/27/2020,978,Multiflora rose,N,0,,MR
5/27/2020,978,Honeysuckle,N,0,,MR
5/27/2020,978,Privot,N,0,,MR
5/27/2020,978,Spicebush,N,0,,MR
5/27/2020,978,Rubus,N,0,,MR
5/27/2020,978,Mapleleaf Viburnum,N,0,,MR
5/27/2020,978,Buckthorn,S,0,,MR
5/27/2020,978,Multiflora rose,S,0,,MR
5/27/2020,978,Honeysuckle,S,0,,MR
5/27/2020,978,Privot,S,0,,MR
5/27/2020,978,Spicebush,S,0,,MR
5/27/2020,978,Rubus,S,0,,MR
5/27/2020,978,Mapleleaf Viburnum,S,0,,MR
5/27/2020,981,Buckthorn,N,1,,MR
5/27/2020,981,Multiflora rose,N,0,,MR
5/27/2020,981,Honeysuckle,N,0,,MR
5/27/2020,981,Privot,N,0,,MR
5/27/2020,981,Spicebush,N,0,,MR
5/27/2020,981,Rubus,N,0,,MR
5/27/2020,981,Mapleleaf Viburnum,N,0,,MR
5/27/2020,981,Buckthorn,S,1,,MR
5/27/2020,981,Multiflora rose,S,1,,MR
5/27/2020,981,Honeysuckle,S,1,,MR
5/27/2020,981,Privot,S,0,,MR
5/27/2020,981,Spicebush,S,0,,MR
5/27/2020,981,Rubus,S,1,,MR
5/27/2020,981,Mapleleaf Viburnum,S,1,,MR
5/27/2020,996,Buckthorn,N,1,Mislabeled but labeled properly now via tree list narrow down,MR
5/27/2020,996,Multiflora rose,N,0,,MR
5/27/2020,996,Honeysuckle,N,0,,MR
5/27/2020,996,Privot,N,0,,MR
5/27/2020,996,Spicebush,N,0,,MR
5/27/2020,996,Rubus,N,0,,MR
5/27/2020,996,Mapleleaf Viburnum,N,0,,MR
5/27/2020,996,Buckthorn,S,1,,MR
5/27/2020,996,Multiflora rose,S,1,,MR
5/27/2020,996,Honeysuckle,S,0,,MR
5/27/2020,996,Privot,S,0,,MR
5/27/2020,996,Spicebush,S,0,,MR
5/27/2020,996,Rubus,S,0,,MR
5/27/2020,996,Mapleleaf Viburnum,S,0,,MR
6/10/2020,996,Buckthorn,N,1,,KM
6/10/2020,996,Multiflora rose,N,0,,KM
6/10/2020,996,Honeysuckle,N,0,,KM
6/10/2020,996,Privot,N,0,,KM
6/10/2020,996,Spicebush,N,0,,KM
6/10/2020,996,Rubus,N,0,,KM
6/10/2020,996,Mapleleaf Viburnum,N,0,,KM
6/10/2020,996,Buckthorn,S,1,,KM
6/10/2020,996,Multiflora rose,S,0,,KM
6/10/2020,996,Honeysuckle,S,0,,KM
6/10/2020,996,Privot,S,0,,KM
6/10/2020,996,Spicebush,S,0,,KM
6/10/2020,996,Rubus,S,0,,KM
6/10/2020,996,Mapleleaf Viburnum,S,0,,KM
5/27/2020,999,Buckthorn,N,1,,MR
5/27/2020,999,Multiflora rose,N,1,,MR
5/27/2020,999,Honeysuckle,N,1,,MR
5/27/2020,999,Privot,N,0,,MR
5/27/2020,999,Spicebush,N,0,,MR
5/27/2020,999,Rubus,N,1,,MR
5/27/2020,999,Mapleleaf Viburnum,N,1,,MR
5/27/2020,999,Buckthorn,S,1,,MR
5/27/2020,999,Multiflora rose,S,1,,MR
5/27/2020,999,Honeysuckle,S,0,,MR
5/27/2020,999,Privot,S,1,,MR
5/27/2020,999,Spicebush,S,0,,MR
5/27/2020,999,Rubus,S,1,,MR
5/27/2020,999,Mapleleaf Viburnum,S,1,,MR
6/3/2020,,Buckthorn,,,,J.N.B
6/3/2020,,Multiflora Rose,,,,J.N.B
6/3/2020,,Honeysuckle,,,,J.N.B
6/3/2020,,Privot,,,,J.N.B
6/3/2020,,Spicebush,,,,J.N.B
6/3/2020,,Rubus,,,,J.N.B
6/3/2020,,Mapleleaf Viburnum,,,,J.N.B
6/3/2020,,Buckthorn,,,,J.N.B
6/3/2020,,Multiflora Rose,,,,J.N.B
6/3/2020,,Honeysuckle,,,,J.N.B
6/3/2020,,Privot,,,,J.N.B
6/3/2020,,Spicebush,,,,J.N.B
6/3/2020,,Rubus,,,,J.N.B
6/3/2020,,Mapleleaf Viburnum,,,,J.N.B
6/8/2020,,Buckthorn,N,,,KM
6/8/2020,,Multiflora rose,N,,,KM
6/8/2020,,Honeysuckle,N,,,KM
6/8/2020,,Privot,N,,,KM
6/8/2020,,Spicebush,N,,,KM
6/8/2020,,Rubus,N,,,KM
6/8/2020,,Mapleleaf Viburnum,N,,,KM
6/8/2020,,Buckthorn,S,,,KM
6/8/2020,,Multiflora rose,S,,,KM
6/8/2020,,Honeysuckle,S,,,KM
6/8/2020,,Privot,S,,,KM
6/8/2020,,Spicebush,S,,,KM
6/8/2020,,Rubus,S,,,KM
6/8/2020,,Mapleleaf Viburnum,S,,,KM
6/8/2020,,Buckthorn,N,,,KM
6/8/2020,,Multiflora rose,N,,,KM
6/8/2020,,Honeysuckle,N,,,KM
6/8/2020,,Privot,N,,,KM
6/8/2020,,Spicebush,N,,,KM
6/8/2020,,Rubus,N,,,KM
6/8/2020,,Mapleleaf Viburnum,N,,,KM
6/10/2020,,Buckthorn,N,,,KM
6/10/2020,,Multiflora rose,N,,,KM
6/10/2020,,Honeysuckle,N,,,KM
6/10/2020,,Privot,N,,,KM
6/10/2020,,Spicebush,N,,,KM
6/10/2020,,Rubus,N,,,KM
6/10/2020,,Mapleleaf Viburnum,N,,,KM
6/11/2020,,Buckthorn,N,,,KM
6/11/2020,,Multiflora rose,N,,,KM
6/11/2020,,Honeysuckle,N,,,KM
6/11/2020,,Privot,N,,,KM
6/11/2020,,Spicebush,N,,,KM
6/11/2020,,Rubus,N,,,KM
6/11/2020,,Mapleleaf Viburnum,N,,,KM
6/11/2020,,Buckthorn,S,,,KM
6/11/2020,,Multiflora rose,S,,,KM
6/11/2020,,Honeysuckle,S,,,KM
6/11/2020,,Privot,S,,,KM
6/11/2020,,Spicebush,S,,,KM
6/11/2020,,Rubus,S,,,KM
6/11/2020,,Mapleleaf Viburnum,S,,,KM
,,Buckthorn,,,,KM
,,Multiflora rose,,,,KM
,,Honeysuckle,,,,KM
,,Privot,,,,KM
,,Spicebush,,,,KM
,,Rubus,,,,KM
,,Mapleleaf Viburnum,,,,KM
