Date,Tree,Species,Direction,Cover Class,Notes
5/25/2022,155,Buckthorn,N,0,
5/25/2022,155,Multiflora rose,N,0,
5/25/2022,155,Honeysuckle,N,0,
5/25/2022,155,Privot,N,0,
5/25/2022,155,Spicebush,N,0,
5/25/2022,155,Rubus,N,0,
5/25/2022,155,Mapleleaf Viburnum,N,0,
5/25/2022,155,Buckthorn,S,0,
5/25/2022,155,Multiflora rose,S,0,
5/25/2022,155,Honeysuckle,S,0,
5/25/2022,155,Privot,S,0,
5/25/2022,155,Spicebush,S,0,
5/25/2022,155,Rubus,S,0,
5/25/2022,155,Mapleleaf Viburnum,S,0,
5/25/2022,6,Buckthorn,N,0,
5/25/2022,6,Multiflora rose,N,0,
5/25/2022,6,Honeysuckle,N,0,
5/25/2022,6,Privot,N,0,
5/25/2022,6,Spicebush,N,0,
5/25/2022,6,Rubus,N,0,
5/25/2022,6,Mapleleaf Viburnum,N,0,
5/25/2022,6,Buckthorn,S,0,
5/25/2022,6,Multiflora rose,S,1,
5/25/2022,6,Honeysuckle,S,0,
5/25/2022,6,Privot,S,0,
5/25/2022,6,Spicebush,S,0,
5/25/2022,6,Rubus,S,0,
5/25/2022,6,Mapleleaf Viburnum,S,0,
5/25/2022,10,Buckthorn,N,1,
5/25/2022,10,Multiflora rose,N,1,
5/25/2022,10,Honeysuckle,N,0,
5/25/2022,10,Privot,N,0,
5/25/2022,10,Spicebush,N,0,
5/25/2022,10,Rubus,N,0,
5/25/2022,10,Mapleleaf Viburnum,N,0,
5/25/2022,10,Buckthorn,S,1,
5/25/2022,10,Multiflora rose,S,1,
5/25/2022,10,Honeysuckle,S,0,
5/25/2022,10,Privot,S,0,
5/25/2022,10,Spicebush,S,0,
5/25/2022,10,Rubus,S,0,
5/25/2022,10,Mapleleaf Viburnum,S,0,
5/25/2022,5,Buckthorn,N,1,
5/25/2022,5,Multiflora rose,N,1,
5/25/2022,5,Honeysuckle,N,0,
5/25/2022,5,Privot,N,0,
5/25/2022,5,Spicebush,N,0,
5/25/2022,5,Rubus,N,0,
5/25/2022,5,Mapleleaf Viburnum,N,0,
5/25/2022,5,Buckthorn,S,1,
5/25/2022,5,Multiflora rose,S,1,
5/25/2022,5,Honeysuckle,S,0,
5/25/2022,5,Privot,S,0,
5/25/2022,5,Spicebush,S,0,
5/25/2022,5,Rubus,S,0,
5/25/2022,5,Mapleleaf Viburnum,S,0,
5/25/2022,219,Buckthorn,N,1,
5/25/2022,219,Multiflora rose,N,1,
5/25/2022,219,Honeysuckle,N,0,
5/25/2022,219,Privot,N,0,
5/25/2022,219,Spicebush,N,0,
5/25/2022,219,Rubus,N,0,
5/25/2022,219,Mapleleaf Viburnum,N,0,
5/25/2022,219,Buckthorn,S,1,
5/25/2022,219,Multiflora rose,S,1,
5/25/2022,219,Honeysuckle,S,0,
5/25/2022,219,Privot,S,0,
5/25/2022,219,Spicebush,S,0,
5/25/2022,219,Rubus,S,1,
5/25/2022,219,Mapleleaf Viburnum,S,0,
5/25/2022,156,Buckthorn,N,0,
5/25/2022,156,Multiflora rose,N,1,
5/25/2022,156,Honeysuckle,N,0,
5/25/2022,156,Privot,N,0,
5/25/2022,156,Spicebush,N,0,
5/25/2022,156,Rubus,N,0,
5/25/2022,156,Mapleleaf Viburnum,N,0,
5/25/2022,156,Buckthorn,S,1,
5/25/2022,156,Multiflora rose,S,1,
5/25/2022,156,Honeysuckle,S,0,
5/25/2022,156,Privot,S,0,
5/25/2022,156,Spicebush,S,0,
5/25/2022,156,Rubus,S,0,
5/25/2022,156,Mapleleaf Viburnum,S,0,
5/25/2022,12,Buckthorn,N,1,
5/25/2022,12,Multiflora rose,N,1,
5/25/2022,12,Honeysuckle,N,0,
5/25/2022,12,Privot,N,0,
5/25/2022,12,Spicebush,N,1,
5/25/2022,12,Rubus,N,0,
5/25/2022,12,Mapleleaf Viburnum,N,0,
5/25/2022,12,Buckthorn,S,1,
5/25/2022,12,Multiflora rose,S,0,
5/25/2022,12,Honeysuckle,S,0,
5/25/2022,12,Privot,S,0,
5/25/2022,12,Spicebush,S,0,
5/25/2022,12,Rubus,S,0,
5/25/2022,12,Mapleleaf Viburnum,S,0,
5/25/2022,17,Buckthorn,N,1,
5/25/2022,17,Multiflora rose,N,2,
5/25/2022,17,Honeysuckle,N,0,
5/25/2022,17,Privot,N,0,
5/25/2022,17,Spicebush,N,0,
5/25/2022,17,Rubus,N,1,
5/25/2022,17,Mapleleaf Viburnum,N,0,
5/25/2022,17,Buckthorn,S,1,
5/25/2022,17,Multiflora rose,S,1,
5/25/2022,17,Honeysuckle,S,0,
5/25/2022,17,Privot,S,0,
5/25/2022,17,Spicebush,S,0,
5/25/2022,17,Rubus,S,0,
5/25/2022,17,Mapleleaf Viburnum,S,0,
5/25/2022,2,Buckthorn,N,1,
5/25/2022,2,Multiflora rose,N,1,
5/25/2022,2,Honeysuckle,N,0,
5/25/2022,2,Privot,N,0,
5/25/2022,2,Spicebush,N,0,
5/25/2022,2,Rubus,N,0,
5/25/2022,2,Mapleleaf Viburnum,N,1,
5/25/2022,2,Buckthorn,S,1,
5/25/2022,2,Multiflora rose,S,1,
5/25/2022,2,Honeysuckle,S,0,
5/25/2022,2,Privot,S,0,
5/25/2022,2,Spicebush,S,0,
5/25/2022,2,Rubus,S,0,
5/25/2022,2,Mapleleaf Viburnum,S,0,
5/25/2022,11,Buckthorn,N,1,
5/25/2022,11,Multiflora rose,N,0,
5/25/2022,11,Honeysuckle,N,0,
5/25/2022,11,Privot,N,0,
5/25/2022,11,Spicebush,N,0,
5/25/2022,11,Rubus,N,0,
5/25/2022,11,Mapleleaf Viburnum,N,0,
5/25/2022,11,Buckthorn,S,1,
5/25/2022,11,Multiflora rose,S,0,
5/25/2022,11,Honeysuckle,S,0,
5/25/2022,11,Privot,S,0,
5/25/2022,11,Spicebush,S,0,
5/25/2022,11,Rubus,S,0,
5/25/2022,11,Mapleleaf Viburnum,S,0,
5/25/2022,61,Buckthorn,N,1,
5/25/2022,61,Multiflora rose,N,2,
5/25/2022,61,Honeysuckle,N,0,
5/25/2022,61,Privot,N,0,
5/25/2022,61,Spicebush,N,0,
5/25/2022,61,Rubus,N,1,
5/25/2022,61,Mapleleaf Viburnum,N,0,
5/25/2022,61,Buckthorn,S,2,
5/25/2022,61,Multiflora rose,S,4,
5/25/2022,61,Honeysuckle,S,0,
5/25/2022,61,Privot,S,0,
5/25/2022,61,Spicebush,S,0,
5/25/2022,61,Rubus,S,1,
5/25/2022,61,Mapleleaf Viburnum,S,0,
5/25/2022,909,Buckthorn,N,1,
5/25/2022,909,Multiflora rose,N,0,
5/25/2022,909,Honeysuckle,N,0,
5/25/2022,909,Privot,N,0,
5/25/2022,909,Spicebush,N,1,
5/25/2022,909,Rubus,N,1,
5/25/2022,909,Mapleleaf Viburnum,N,0,
5/25/2022,909,Buckthorn,S,1,
5/25/2022,909,Multiflora rose,S,2,
5/25/2022,909,Honeysuckle,S,0,
5/25/2022,909,Privot,S,0,
5/25/2022,909,Spicebush,S,1,
5/25/2022,909,Rubus,S,1,
5/25/2022,909,Mapleleaf Viburnum,S,0,
5/25/2022,59,Buckthorn,N,1,
5/25/2022,59,Multiflora rose,N,1,
5/25/2022,59,Honeysuckle,N,2,
5/25/2022,59,Privot,N,0,
5/25/2022,59,Spicebush,N,0,
5/25/2022,59,Rubus,N,1,
5/25/2022,59,Mapleleaf Viburnum,N,0,
5/25/2022,59,Buckthorn,S,2,
5/25/2022,59,Multiflora rose,S,1,
5/25/2022,59,Honeysuckle,S,0,
5/25/2022,59,Privot,S,0,
5/25/2022,59,Spicebush,S,1,
5/25/2022,59,Rubus,S,2,
5/25/2022,59,Mapleleaf Viburnum,S,0,
5/25/2022,157,Buckthorn,N,0,
5/25/2022,157,Multiflora rose,N,1,
5/25/2022,157,Honeysuckle,N,0,
5/25/2022,157,Privot,N,0,
5/25/2022,157,Spicebush,N,0,
5/25/2022,157,Rubus,N,1,
5/25/2022,157,Mapleleaf Viburnum,N,0,
5/25/2022,157,Buckthorn,S,1,
5/25/2022,157,Multiflora rose,S,1,
5/25/2022,157,Honeysuckle,S,0,
5/25/2022,157,Privot,S,0,
5/25/2022,157,Spicebush,S,0,
5/25/2022,157,Rubus,S,0,
5/25/2022,157,Mapleleaf Viburnum,S,0,
5/25/2022,895,Buckthorn,N,2,
5/25/2022,895,Multiflora rose,N,0,
5/25/2022,895,Honeysuckle,N,1,
5/25/2022,895,Privot,N,0,
5/25/2022,895,Spicebush,N,0,
5/25/2022,895,Rubus,N,0,
5/25/2022,895,Mapleleaf Viburnum,N,0,
5/25/2022,895,Buckthorn,S,2,
5/25/2022,895,Multiflora rose,S,0,
5/25/2022,895,Honeysuckle,S,0,
5/25/2022,895,Privot,S,0,
5/25/2022,895,Spicebush,S,0,
5/25/2022,895,Rubus,S,1,
5/25/2022,895,Mapleleaf Viburnum,S,0,
5/25/2022,48,Buckthorn,N,0,
5/25/2022,48,Multiflora rose,N,1,
5/25/2022,48,Honeysuckle,N,0,
5/25/2022,48,Privot,N,0,
5/25/2022,48,Spicebush,N,1,
5/25/2022,48,Rubus,N,0,
5/25/2022,48,Mapleleaf Viburnum,N,0,
5/25/2022,48,Buckthorn,S,1,
5/25/2022,48,Multiflora rose,S,1,
5/25/2022,48,Honeysuckle,S,0,
5/25/2022,48,Privot,S,0,
5/25/2022,48,Spicebush,S,1,
5/25/2022,48,Rubus,S,1,
5/25/2022,48,Mapleleaf Viburnum,S,0,
5/25/2022,49,Buckthorn,N,0,
5/25/2022,49,Multiflora rose,N,0,
5/25/2022,49,Honeysuckle,N,0,
5/25/2022,49,Privot,N,0,
5/25/2022,49,Spicebush,N,0,
5/25/2022,49,Rubus,N,1,
5/25/2022,49,Mapleleaf Viburnum,N,0,
5/25/2022,49,Buckthorn,S,0,
5/25/2022,49,Multiflora rose,S,1,
5/25/2022,49,Honeysuckle,S,0,
5/25/2022,49,Privot,S,0,
5/25/2022,49,Spicebush,S,1,
5/25/2022,49,Rubus,S,1,
5/25/2022,49,Mapleleaf Viburnum,S,0,
5/25/2022,25,Buckthorn,N,1,
5/25/2022,25,Multiflora rose,N,1,
5/25/2022,25,Honeysuckle,N,0,
5/25/2022,25,Privot,N,2,
5/25/2022,25,Spicebush,N,0,
5/25/2022,25,Rubus,N,0,
5/25/2022,25,Mapleleaf Viburnum,N,0,
5/25/2022,25,Buckthorn,S,1,
5/25/2022,25,Multiflora rose,S,0,
5/25/2022,25,Honeysuckle,S,0,
5/25/2022,25,Privot,S,0,
5/25/2022,25,Spicebush,S,0,
5/25/2022,25,Rubus,S,1,
5/25/2022,25,Mapleleaf Viburnum,S,0,
5/25/2022,910,Buckthorn,N,0,
5/25/2022,910,Multiflora rose,N,1,
5/25/2022,910,Honeysuckle,N,0,
5/25/2022,910,Privot,N,0,
5/25/2022,910,Spicebush,N,0,
5/25/2022,910,Rubus,N,1,
5/25/2022,910,Mapleleaf Viburnum,N,0,
5/25/2022,910,Buckthorn,S,0,
5/25/2022,910,Multiflora rose,S,0,
5/25/2022,910,Honeysuckle,S,0,
5/25/2022,910,Privot,S,0,
5/25/2022,910,Spicebush,S,1,
5/25/2022,910,Rubus,S,1,
5/25/2022,910,Mapleleaf Viburnum,S,0,
5/25/2022,70,Buckthorn,N,1,
5/25/2022,70,Multiflora rose,N,4,
5/25/2022,70,Honeysuckle,N,0,
5/25/2022,70,Privot,N,0,
5/25/2022,70,Spicebush,N,0,
5/25/2022,70,Rubus,N,0,
5/25/2022,70,Mapleleaf Viburnum,N,0,
5/25/2022,70,Buckthorn,S,2,
5/25/2022,70,Multiflora rose,S,3,
5/25/2022,70,Honeysuckle,S,0,
5/25/2022,70,Privot,S,0,
5/25/2022,70,Spicebush,S,0,
5/25/2022,70,Rubus,S,0,
5/25/2022,70,Mapleleaf Viburnum,S,0,
5/25/2022,64,Buckthorn,N,2,
5/25/2022,64,Multiflora rose,N,3,
5/25/2022,64,Honeysuckle,N,0,
5/25/2022,64,Privot,N,0,
5/25/2022,64,Spicebush,N,0,
5/25/2022,64,Rubus,N,0,
5/25/2022,64,Mapleleaf Viburnum,N,0,
5/25/2022,64,Buckthorn,S,1,
5/25/2022,64,Multiflora rose,S,1,
5/25/2022,64,Honeysuckle,S,0,
5/25/2022,64,Privot,S,0,
5/25/2022,64,Spicebush,S,1,
5/25/2022,64,Rubus,S,0,
5/25/2022,64,Mapleleaf Viburnum,S,0,
5/25/2022,71,Buckthorn,N,2,
5/25/2022,71,Multiflora rose,N,1,
5/25/2022,71,Honeysuckle,N,0,
5/25/2022,71,Privot,N,0,
5/25/2022,71,Spicebush,N,1,
5/25/2022,71,Rubus,N,1,
5/25/2022,71,Mapleleaf Viburnum,N,0,
5/25/2022,71,Buckthorn,S,2,
5/25/2022,71,Multiflora rose,S,3,
5/25/2022,71,Honeysuckle,S,0,
5/25/2022,71,Privot,S,0,
5/25/2022,71,Spicebush,S,0,
5/25/2022,71,Rubus,S,0,
5/25/2022,71,Mapleleaf Viburnum,S,0,
5/25/2022,880,Buckthorn,N,2,
5/25/2022,880,Multiflora rose,N,3,
5/25/2022,880,Honeysuckle,N,0,
5/25/2022,880,Privot,N,0,
5/25/2022,880,Spicebush,N,0,
5/25/2022,880,Rubus,N,1,
5/25/2022,880,Mapleleaf Viburnum,N,0,
5/25/2022,880,Buckthorn,S,1,
5/25/2022,880,Multiflora rose,S,2,
5/25/2022,880,Honeysuckle,S,0,
5/25/2022,880,Privot,S,0,
5/25/2022,880,Spicebush,S,0,
5/25/2022,880,Rubus,S,1,
5/25/2022,880,Mapleleaf Viburnum,S,0,
5/25/2022,56,Buckthorn,N,1,
5/25/2022,56,Multiflora rose,N,4,
5/25/2022,56,Honeysuckle,N,0,
5/25/2022,56,Privot,N,0,
5/25/2022,56,Spicebush,N,0,
5/25/2022,56,Rubus,N,0,
5/25/2022,56,Mapleleaf Viburnum,N,0,
5/25/2022,56,Buckthorn,S,1,
5/25/2022,56,Multiflora rose,S,2,
5/25/2022,56,Honeysuckle,S,0,
5/25/2022,56,Privot,S,0,
5/25/2022,56,Spicebush,S,0,
5/25/2022,56,Rubus,S,1,
5/25/2022,56,Mapleleaf Viburnum,S,0,
5/25/2022,60,Buckthorn,N,1,
5/25/2022,60,Multiflora rose,N,1,
5/25/2022,60,Honeysuckle,N,0,
5/25/2022,60,Privot,N,0,
5/25/2022,60,Spicebush,N,0,
5/25/2022,60,Rubus,N,2,
5/25/2022,60,Mapleleaf Viburnum,N,0,
5/25/2022,60,Buckthorn,S,1,
5/25/2022,60,Multiflora rose,S,2,
5/25/2022,60,Honeysuckle,S,1,
5/25/2022,60,Privot,S,0,
5/25/2022,60,Spicebush,S,0,
5/25/2022,60,Rubus,S,0,
5/25/2022,60,Mapleleaf Viburnum,S,0,
5/25/2022,62,Buckthorn,N,2,
5/25/2022,62,Multiflora rose,N,3,
5/25/2022,62,Honeysuckle,N,0,
5/25/2022,62,Privot,N,0,
5/25/2022,62,Spicebush,N,0,
5/25/2022,62,Rubus,N,1,
5/25/2022,62,Mapleleaf Viburnum,N,0,
5/25/2022,62,Buckthorn,S,1,
5/25/2022,62,Multiflora rose,S,3,
5/25/2022,62,Honeysuckle,S,0,
5/25/2022,62,Privot,S,0,
5/25/2022,62,Spicebush,S,1,
5/25/2022,62,Rubus,S,0,
5/25/2022,62,Mapleleaf Viburnum,S,0,
5/25/2022,58,Buckthorn,N,3,
5/25/2022,58,Multiflora rose,N,1,
5/25/2022,58,Honeysuckle,N,0,
5/25/2022,58,Privot,N,1,
5/25/2022,58,Spicebush,N,0,
5/25/2022,58,Rubus,N,0,
5/25/2022,58,Mapleleaf Viburnum,N,0,
5/25/2022,58,Buckthorn,S,2,
5/25/2022,58,Multiflora rose,S,2,
5/25/2022,58,Honeysuckle,S,0,
5/25/2022,58,Privot,S,0,
5/25/2022,58,Spicebush,S,0,
5/25/2022,58,Rubus,S,1,
5/25/2022,58,Mapleleaf Viburnum,S,0,
5/25/2022,57,Buckthorn,N,2,
5/25/2022,57,Multiflora rose,N,1,
5/25/2022,57,Honeysuckle,N,1,
5/25/2022,57,Privot,N,0,
5/25/2022,57,Spicebush,N,0,
5/25/2022,57,Rubus,N,0,
5/25/2022,57,Mapleleaf Viburnum,N,0,
5/25/2022,57,Buckthorn,S,2,
5/25/2022,57,Multiflora rose,S,3,
5/25/2022,57,Honeysuckle,S,0,
5/25/2022,57,Privot,S,0,
5/25/2022,57,Spicebush,S,2,
5/25/2022,57,Rubus,S,1,
5/25/2022,57,Mapleleaf Viburnum,S,0,
5/25/2022,69,Buckthorn,N,2,
5/25/2022,69,Multiflora rose,N,2,
5/25/2022,69,Honeysuckle,N,0,
5/25/2022,69,Privot,N,0,
5/25/2022,69,Spicebush,N,0,
5/25/2022,69,Rubus,N,0,
5/25/2022,69,Mapleleaf Viburnum,N,0,
5/25/2022,69,Buckthorn,S,1,
5/25/2022,69,Multiflora rose,S,1,
5/25/2022,69,Honeysuckle,S,0,
5/25/2022,69,Privot,S,0,
5/25/2022,69,Spicebush,S,0,
5/25/2022,69,Rubus,S,1,
5/25/2022,69,Mapleleaf Viburnum,S,0,
5/25/2022,159,Buckthorn,N,0,
5/25/2022,159,Multiflora rose,N,1,
5/25/2022,159,Honeysuckle,N,0,
5/25/2022,159,Privot,N,0,
5/25/2022,159,Spicebush,N,0,
5/25/2022,159,Rubus,N,0,
5/25/2022,159,Mapleleaf Viburnum,N,0,
5/25/2022,159,Buckthorn,S,1,
5/25/2022,159,Multiflora rose,S,0,
5/25/2022,159,Honeysuckle,S,0,
5/25/2022,159,Privot,S,0,
5/25/2022,159,Spicebush,S,2,
5/25/2022,159,Rubus,S,1,
5/25/2022,159,Mapleleaf Viburnum,S,0,
5/25/2022,162,Buckthorn,N,1,
5/25/2022,162,Multiflora rose,N,0,
5/25/2022,162,Honeysuckle,N,0,
5/25/2022,162,Privot,N,0,
5/25/2022,162,Spicebush,N,0,
5/25/2022,162,Rubus,N,0,
5/25/2022,162,Mapleleaf Viburnum,N,1,
5/25/2022,162,Buckthorn,S,1,
5/25/2022,162,Multiflora rose,S,1,
5/25/2022,162,Honeysuckle,S,0,
5/25/2022,162,Privot,S,0,
5/25/2022,162,Spicebush,S,0,
5/25/2022,162,Rubus,S,0,
5/25/2022,162,Mapleleaf Viburnum,S,0,
5/25/2022,176,Buckthorn,N,1,
5/25/2022,176,Multiflora rose,N,1,
5/25/2022,176,Honeysuckle,N,0,
5/25/2022,176,Privot,N,0,
5/25/2022,176,Spicebush,N,0,
5/25/2022,176,Rubus,N,0,
5/25/2022,176,Mapleleaf Viburnum,N,0,
5/25/2022,176,Buckthorn,S,1,
5/25/2022,176,Multiflora rose,S,0,
5/25/2022,176,Honeysuckle,S,0,
5/25/2022,176,Privot,S,0,
5/25/2022,176,Spicebush,S,0,
5/25/2022,176,Rubus,S,0,
5/25/2022,176,Mapleleaf Viburnum,S,0,
5/25/2022,9,Buckthorn,N,1,
5/25/2022,9,Multiflora rose,N,0,
5/25/2022,9,Honeysuckle,N,0,
5/25/2022,9,Privot,N,0,
5/25/2022,9,Spicebush,N,0,
5/25/2022,9,Rubus,N,0,
5/25/2022,9,Mapleleaf Viburnum,N,0,
5/25/2022,9,Buckthorn,S,1,
5/25/2022,9,Multiflora rose,S,0,
5/25/2022,9,Honeysuckle,S,0,
5/25/2022,9,Privot,S,0,
5/25/2022,9,Spicebush,S,0,
5/25/2022,9,Rubus,S,0,
5/25/2022,9,Mapleleaf Viburnum,S,0,
5/25/2022,15,Buckthorn,N,1,
5/25/2022,15,Multiflora rose,N,1,
5/25/2022,15,Honeysuckle,N,0,
5/25/2022,15,Privot,N,0,
5/25/2022,15,Spicebush,N,1,
5/25/2022,15,Rubus,N,0,
5/25/2022,15,Mapleleaf Viburnum,N,0,
5/25/2022,15,Buckthorn,S,0,
5/25/2022,15,Multiflora rose,S,0,
5/25/2022,15,Honeysuckle,S,0,
5/25/2022,15,Privot,S,0,
5/25/2022,15,Spicebush,S,1,
5/25/2022,15,Rubus,S,0,
5/25/2022,15,Mapleleaf Viburnum,S,0,
5/25/2022,19,Buckthorn,N,0,
5/25/2022,19,Multiflora rose,N,0,
5/25/2022,19,Honeysuckle,N,0,
5/25/2022,19,Privot,N,0,
5/25/2022,19,Spicebush,N,0,
5/25/2022,19,Rubus,N,1,
5/25/2022,19,Mapleleaf Viburnum,N,0,
5/25/2022,19,Buckthorn,S,1,
5/25/2022,19,Multiflora rose,S,0,
5/25/2022,19,Honeysuckle,S,0,
5/25/2022,19,Privot,S,0,
5/25/2022,19,Spicebush,S,0,
5/25/2022,19,Rubus,S,0,
5/25/2022,19,Mapleleaf Viburnum,S,0,
5/25/2022,20,Buckthorn,N,0,
5/25/2022,20,Multiflora rose,N,0,
5/25/2022,20,Honeysuckle,N,0,
5/25/2022,20,Privot,N,0,
5/25/2022,20,Spicebush,N,1,
5/25/2022,20,Rubus,N,0,
5/25/2022,20,Mapleleaf Viburnum,N,0,
5/25/2022,20,Buckthorn,S,1,
5/25/2022,20,Multiflora rose,S,0,
5/25/2022,20,Honeysuckle,S,0,
5/25/2022,20,Privot,S,0,
5/25/2022,20,Spicebush,S,0,
5/25/2022,20,Rubus,S,0,
5/25/2022,20,Mapleleaf Viburnum,S,0,
5/25/2022,160,Buckthorn,N,1,
5/25/2022,160,Multiflora rose,N,0,
5/25/2022,160,Honeysuckle,N,0,
5/25/2022,160,Privot,N,0,
5/25/2022,160,Spicebush,N,1,
5/25/2022,160,Rubus,N,0,
5/25/2022,160,Mapleleaf Viburnum,N,0,
5/25/2022,160,Buckthorn,S,1,
5/25/2022,160,Multiflora rose,S,0,
5/25/2022,160,Honeysuckle,S,0,
5/25/2022,160,Privot,S,0,
5/25/2022,160,Spicebush,S,1,
5/25/2022,160,Rubus,S,0,
5/25/2022,160,Mapleleaf Viburnum,S,0,
5/25/2022,18,Buckthorn,N,0,
5/25/2022,18,Multiflora rose,N,1,
5/25/2022,18,Honeysuckle,N,0,
5/25/2022,18,Privot,N,0,
5/25/2022,18,Spicebush,N,0,
5/25/2022,18,Rubus,N,0,
5/25/2022,18,Mapleleaf Viburnum,N,0,
5/25/2022,18,Buckthorn,S,0,
5/25/2022,18,Multiflora rose,S,0,
5/25/2022,18,Honeysuckle,S,0,
5/25/2022,18,Privot,S,0,
5/25/2022,18,Spicebush,S,0,
5/25/2022,18,Rubus,S,0,
5/25/2022,18,Mapleleaf Viburnum,S,0,
5/25/2022,173,Buckthorn,N,0,
5/25/2022,173,Multiflora rose,N,0,
5/25/2022,173,Honeysuckle,N,0,
5/25/2022,173,Privot,N,0,
5/25/2022,173,Spicebush,N,0,
5/25/2022,173,Rubus,N,0,
5/25/2022,173,Mapleleaf Viburnum,N,0,
5/25/2022,173,Buckthorn,S,1,
5/25/2022,173,Multiflora rose,S,1,
5/25/2022,173,Honeysuckle,S,0,
5/25/2022,173,Privot,S,0,
5/25/2022,173,Spicebush,S,0,
5/25/2022,173,Rubus,S,0,
5/25/2022,173,Mapleleaf Viburnum,S,0,
5/25/2022,13,Buckthorn,N,1,
5/25/2022,13,Multiflora rose,N,0,
5/25/2022,13,Honeysuckle,N,0,
5/25/2022,13,Privot,N,0,
5/25/2022,13,Spicebush,N,0,
5/25/2022,13,Rubus,N,0,
5/25/2022,13,Mapleleaf Viburnum,N,0,
5/25/2022,13,Buckthorn,S,1,
5/25/2022,13,Multiflora rose,S,1,
5/25/2022,13,Honeysuckle,S,0,
5/25/2022,13,Privot,S,0,
5/25/2022,13,Spicebush,S,0,
5/25/2022,13,Rubus,S,0,
5/25/2022,13,Mapleleaf Viburnum,S,0,
5/25/2022,8,Buckthorn,N,1,
5/25/2022,8,Multiflora rose,N,0,
5/25/2022,8,Honeysuckle,N,0,
5/25/2022,8,Privot,N,0,
5/25/2022,8,Spicebush,N,1,
5/25/2022,8,Rubus,N,0,
5/25/2022,8,Mapleleaf Viburnum,N,0,
5/25/2022,8,Buckthorn,S,1,
5/25/2022,8,Multiflora rose,S,0,
5/25/2022,8,Honeysuckle,S,0,
5/25/2022,8,Privot,S,0,
5/25/2022,8,Spicebush,S,1,
5/25/2022,8,Rubus,S,0,
5/25/2022,8,Mapleleaf Viburnum,S,0,
5/25/2022,161,Buckthorn,N,1,
5/25/2022,161,Multiflora rose,N,1,
5/25/2022,161,Honeysuckle,N,0,
5/25/2022,161,Privot,N,0,
5/25/2022,161,Spicebush,N,0,
5/25/2022,161,Rubus,N,0,
5/25/2022,161,Mapleleaf Viburnum,N,0,
5/25/2022,161,Buckthorn,S,1,
5/25/2022,161,Multiflora rose,S,2,
5/25/2022,161,Honeysuckle,S,0,
5/25/2022,161,Privot,S,0,
5/25/2022,161,Spicebush,S,0,
5/25/2022,161,Rubus,S,0,
5/25/2022,161,Mapleleaf Viburnum,S,0,
5/25/2022,3,Buckthorn,N,1,
5/25/2022,3,Multiflora rose,N,1,
5/25/2022,3,Honeysuckle,N,0,
5/25/2022,3,Privot,N,0,
5/25/2022,3,Spicebush,N,0,
5/25/2022,3,Rubus,N,1,
5/25/2022,3,Mapleleaf Viburnum,N,0,
5/25/2022,3,Buckthorn,S,1,
5/25/2022,3,Multiflora rose,S,1,
5/25/2022,3,Honeysuckle,S,0,
5/25/2022,3,Privot,S,0,
5/25/2022,3,Spicebush,S,0,
5/25/2022,3,Rubus,S,1,
5/25/2022,3,Mapleleaf Viburnum,S,0,
5/25/2022,78,Buckthorn,N,1,
5/25/2022,78,Multiflora rose,N,1,
5/25/2022,78,Honeysuckle,N,0,
5/25/2022,78,Privot,N,0,
5/25/2022,78,Spicebush,N,0,
5/25/2022,78,Rubus,N,1,
5/25/2022,78,Mapleleaf Viburnum,N,0,
5/25/2022,78,Buckthorn,S,1,
5/25/2022,78,Multiflora rose,S,0,
5/25/2022,78,Honeysuckle,S,0,
5/25/2022,78,Privot,S,0,
5/25/2022,78,Spicebush,S,0,
5/25/2022,78,Rubus,S,1,
5/25/2022,78,Mapleleaf Viburnum,S,0,
5/25/2022,903,Buckthorn,N,2,
5/25/2022,903,Multiflora rose,N,2,
5/25/2022,903,Honeysuckle,N,0,
5/25/2022,903,Privot,N,0,
5/25/2022,903,Spicebush,N,1,
5/25/2022,903,Rubus,N,2,
5/25/2022,903,Mapleleaf Viburnum,N,0,
5/25/2022,903,Buckthorn,S,2,
5/25/2022,903,Multiflora rose,S,0,
5/25/2022,903,Honeysuckle,S,0,
5/25/2022,903,Privot,S,0,
5/25/2022,903,Spicebush,S,0,
5/25/2022,903,Rubus,S,2,
5/25/2022,903,Mapleleaf Viburnum,S,0,
5/25/2022,65,Buckthorn,N,3,
5/25/2022,65,Multiflora rose,N,0,
5/25/2022,65,Honeysuckle,N,0,
5/25/2022,65,Privot,N,0,
5/25/2022,65,Spicebush,N,1,
5/25/2022,65,Rubus,N,2,
5/25/2022,65,Mapleleaf Viburnum,N,0,
5/25/2022,65,Buckthorn,S,2,
5/25/2022,65,Multiflora rose,S,1,
5/25/2022,65,Honeysuckle,S,0,
5/25/2022,65,Privot,S,0,
5/25/2022,65,Spicebush,S,0,
5/25/2022,65,Rubus,S,2,
5/25/2022,65,Mapleleaf Viburnum,S,0,
5/25/2022,906,Buckthorn,N,2,
5/25/2022,906,Multiflora rose,N,3,
5/25/2022,906,Honeysuckle,N,0,
5/25/2022,906,Privot,N,0,
5/25/2022,906,Spicebush,N,1,
5/25/2022,906,Rubus,N,1,
5/25/2022,906,Mapleleaf Viburnum,N,0,
5/25/2022,906,Buckthorn,S,2,
5/25/2022,906,Multiflora rose,S,2,
5/25/2022,906,Honeysuckle,S,0,
5/25/2022,906,Privot,S,1,
5/25/2022,906,Spicebush,S,0,
5/25/2022,906,Rubus,S,1,
5/25/2022,906,Mapleleaf Viburnum,S,0,
5/25/2022,907,Buckthorn,N,2,no tag on tree
5/25/2022,907,Multiflora rose,N,2,
5/25/2022,907,Honeysuckle,N,0,
5/25/2022,907,Privot,N,0,
5/25/2022,907,Spicebush,N,0,
5/25/2022,907,Rubus,N,0,
5/25/2022,907,Mapleleaf Viburnum,N,0,
5/25/2022,907,Buckthorn,S,2,
5/25/2022,907,Multiflora rose,S,3,
5/25/2022,907,Honeysuckle,S,0,
5/25/2022,907,Privot,S,0,
5/25/2022,907,Spicebush,S,0,
5/25/2022,907,Rubus,S,0,
5/25/2022,907,Mapleleaf Viburnum,S,0,
5/25/2022,908,Buckthorn,N,2,
5/25/2022,908,Multiflora rose,N,3,
5/25/2022,908,Honeysuckle,N,0,
5/25/2022,908,Privot,N,1,
5/25/2022,908,Spicebush,N,0,
5/25/2022,908,Rubus,N,0,
5/25/2022,908,Mapleleaf Viburnum,N,0,
5/25/2022,908,Buckthorn,S,3,
5/25/2022,908,Multiflora rose,S,2,
5/25/2022,908,Honeysuckle,S,0,
5/25/2022,908,Privot,S,1,
5/25/2022,908,Spicebush,S,1,
5/25/2022,908,Rubus,S,1,
5/25/2022,908,Mapleleaf Viburnum,S,0,
5/25/2022,857,Buckthorn,N,1,
5/25/2022,857,Multiflora rose,N,0,
5/25/2022,857,Honeysuckle,N,0,
5/25/2022,857,Privot,N,0,
5/25/2022,857,Spicebush,N,0,
5/25/2022,857,Rubus,N,0,
5/25/2022,857,Mapleleaf Viburnum,N,0,
5/25/2022,857,Buckthorn,S,1,
5/25/2022,857,Multiflora rose,S,1,
5/25/2022,857,Honeysuckle,S,0,
5/25/2022,857,Privot,S,0,
5/25/2022,857,Spicebush,S,0,
5/25/2022,857,Rubus,S,1,
5/25/2022,857,Mapleleaf Viburnum,S,0,
5/25/2022,67,Buckthorn,N,2,
5/25/2022,67,Multiflora rose,N,4,
5/25/2022,67,Honeysuckle,N,0,
5/25/2022,67,Privot,N,0,
5/25/2022,67,Spicebush,N,1,
5/25/2022,67,Rubus,N,2,
5/25/2022,67,Mapleleaf Viburnum,N,0,
5/25/2022,67,Buckthorn,S,1,
5/25/2022,67,Multiflora rose,S,4,
5/25/2022,67,Honeysuckle,S,0,
5/25/2022,67,Privot,S,0,
5/25/2022,67,Spicebush,S,1,
5/25/2022,67,Rubus,S,2,
5/25/2022,67,Mapleleaf Viburnum,S,0,
5/25/2022,904,Buckthorn,N,2,
5/25/2022,904,Multiflora rose,N,3,
5/25/2022,904,Honeysuckle,N,0,
5/25/2022,904,Privot,N,0,
5/25/2022,904,Spicebush,N,1,
5/25/2022,904,Rubus,N,2,
5/25/2022,904,Mapleleaf Viburnum,N,0,
5/25/2022,904,Buckthorn,S,1,
5/25/2022,904,Multiflora rose,S,3,
5/25/2022,904,Honeysuckle,S,0,
5/25/2022,904,Privot,S,0,
5/25/2022,904,Spicebush,S,1,
5/25/2022,904,Rubus,S,2,
5/25/2022,904,Mapleleaf Viburnum,S,0,
5/25/2022,66,Buckthorn,N,2,
5/25/2022,66,Multiflora rose,N,2,
5/25/2022,66,Honeysuckle,N,0,
5/25/2022,66,Privot,N,0,
5/25/2022,66,Spicebush,N,0,
5/25/2022,66,Rubus,N,1,
5/25/2022,66,Mapleleaf Viburnum,N,1,
5/25/2022,66,Buckthorn,S,2,
5/25/2022,66,Multiflora rose,S,1,
5/25/2022,66,Honeysuckle,S,0,
5/25/2022,66,Privot,S,0,
5/25/2022,66,Spicebush,S,0,
5/25/2022,66,Rubus,S,1,
5/25/2022,66,Mapleleaf Viburnum,S,1,
5/25/2022,905,Buckthorn,N,1,
5/25/2022,905,Multiflora rose,N,2,
5/25/2022,905,Honeysuckle,N,0,
5/25/2022,905,Privot,N,0,
5/25/2022,905,Spicebush,N,1,
5/25/2022,905,Rubus,N,2,
5/25/2022,905,Mapleleaf Viburnum,N,0,
5/25/2022,905,Buckthorn,S,2,
5/25/2022,905,Multiflora rose,S,0,
5/25/2022,905,Honeysuckle,S,0,
5/25/2022,905,Privot,S,0,
5/25/2022,905,Spicebush,S,0,
5/25/2022,905,Rubus,S,2,
5/25/2022,905,Mapleleaf Viburnum,S,0,
5/25/2022,23,Buckthorn,N,1,
5/25/2022,23,Multiflora rose,N,1,
5/25/2022,23,Honeysuckle,N,0,
5/25/2022,23,Privot,N,0,
5/25/2022,23,Spicebush,N,0,
5/25/2022,23,Rubus,N,1,
5/25/2022,23,Mapleleaf Viburnum,N,0,
5/25/2022,23,Buckthorn,S,1,
5/25/2022,23,Multiflora rose,S,1,
5/25/2022,23,Honeysuckle,S,0,
5/25/2022,23,Privot,S,0,
5/25/2022,23,Spicebush,S,0,
5/25/2022,23,Rubus,S,0,
5/25/2022,23,Mapleleaf Viburnum,S,0,
5/25/2022,226,Buckthorn,N,0,
5/25/2022,226,Multiflora rose,N,1,
5/25/2022,226,Honeysuckle,N,0,
5/25/2022,226,Privot,N,0,
5/25/2022,226,Spicebush,N,1,
5/25/2022,226,Rubus,N,1,
5/25/2022,226,Mapleleaf Viburnum,N,0,
5/25/2022,226,Buckthorn,S,1,
5/25/2022,226,Multiflora rose,S,1,
5/25/2022,226,Honeysuckle,S,0,
5/25/2022,226,Privot,S,0,
5/25/2022,226,Spicebush,S,1,
5/25/2022,226,Rubus,S,0,
5/25/2022,226,Mapleleaf Viburnum,S,0,
5/25/2022,1,Buckthorn,N,0,
5/25/2022,1,Multiflora rose,N,0,
5/25/2022,1,Honeysuckle,N,0,
5/25/2022,1,Privot,N,1,
5/25/2022,1,Spicebush,N,0,
5/25/2022,1,Rubus,N,0,
5/25/2022,1,Mapleleaf Viburnum,N,0,
5/25/2022,1,Buckthorn,S,1,
5/25/2022,1,Multiflora rose,S,1,
5/25/2022,1,Honeysuckle,S,0,
5/25/2022,1,Privot,S,0,
5/25/2022,1,Spicebush,S,0,
5/25/2022,1,Rubus,S,1,
5/25/2022,1,Mapleleaf Viburnum,S,0,
5/25/2022,224,Buckthorn,N,0,
5/25/2022,224,Multiflora rose,N,1,
5/25/2022,224,Honeysuckle,N,0,
5/25/2022,224,Privot,N,0,
5/25/2022,224,Spicebush,N,0,
5/25/2022,224,Rubus,N,0,
5/25/2022,224,Mapleleaf Viburnum,N,0,
5/25/2022,224,Buckthorn,S,1,
5/25/2022,224,Multiflora rose,S,1,
5/25/2022,224,Honeysuckle,S,0,
5/25/2022,224,Privot,S,0,
5/25/2022,224,Spicebush,S,0,
5/25/2022,224,Rubus,S,0,
5/25/2022,224,Mapleleaf Viburnum,S,0,
5/25/2022,141,Buckthorn,N,0,
5/25/2022,141,Multiflora rose,N,0,
5/25/2022,141,Honeysuckle,N,0,
5/25/2022,141,Privot,N,0,
5/25/2022,141,Spicebush,N,0,
5/25/2022,141,Rubus,N,0,
5/25/2022,141,Mapleleaf Viburnum,N,0,
5/25/2022,141,Buckthorn,S,1,
5/25/2022,141,Multiflora rose,S,0,
5/25/2022,141,Honeysuckle,S,0,
5/25/2022,141,Privot,S,0,
5/25/2022,141,Spicebush,S,1,
5/25/2022,141,Rubus,S,1,
5/25/2022,141,Mapleleaf Viburnum,S,0,
5/25/2022,220,Buckthorn,N,0,
5/25/2022,220,Multiflora rose,N,0,
5/25/2022,220,Honeysuckle,N,0,
5/25/2022,220,Privot,N,0,
5/25/2022,220,Spicebush,N,0,
5/25/2022,220,Rubus,N,0,
5/25/2022,220,Mapleleaf Viburnum,N,0,
5/25/2022,220,Buckthorn,S,1,
5/25/2022,220,Multiflora rose,S,1,
5/25/2022,220,Honeysuckle,S,0,
5/25/2022,220,Privot,S,0,
5/25/2022,220,Spicebush,S,0,
5/25/2022,220,Rubus,S,1,
5/25/2022,220,Mapleleaf Viburnum,S,0,
5/25/2022,154,Buckthorn,N,1,
5/25/2022,154,Multiflora rose,N,1,
5/25/2022,154,Honeysuckle,N,0,
5/25/2022,154,Privot,N,0,
5/25/2022,154,Spicebush,N,0,
5/25/2022,154,Rubus,N,0,
5/25/2022,154,Mapleleaf Viburnum,N,0,
5/25/2022,154,Buckthorn,S,1,
5/25/2022,154,Multiflora rose,S,1,
5/25/2022,154,Honeysuckle,S,0,
5/25/2022,154,Privot,S,0,
5/25/2022,154,Spicebush,S,0,
5/25/2022,154,Rubus,S,0,
5/25/2022,154,Mapleleaf Viburnum,S,0,
5/25/2022,7,Buckthorn,N,1,
5/25/2022,7,Multiflora rose,N,1,
5/25/2022,7,Honeysuckle,N,0,
5/25/2022,7,Privot,N,0,
5/25/2022,7,Spicebush,N,0,
5/25/2022,7,Rubus,N,1,
5/25/2022,7,Mapleleaf Viburnum,N,1,
5/25/2022,7,Buckthorn,S,1,
5/25/2022,7,Multiflora rose,S,0,
5/25/2022,7,Honeysuckle,S,0,
5/25/2022,7,Privot,S,0,
5/25/2022,7,Spicebush,S,0,
5/25/2022,7,Rubus,S,1,
5/25/2022,7,Mapleleaf Viburnum,S,0,
5/25/2022,166,Buckthorn,N,1,
5/25/2022,166,Multiflora rose,N,2,
5/25/2022,166,Honeysuckle,N,0,
5/25/2022,166,Privot,N,0,
5/25/2022,166,Spicebush,N,0,
5/25/2022,166,Rubus,N,1,
5/25/2022,166,Mapleleaf Viburnum,N,0,
5/25/2022,166,Buckthorn,S,0,
5/25/2022,166,Multiflora rose,S,2,
5/25/2022,166,Honeysuckle,S,0,
5/25/2022,166,Privot,S,0,
5/25/2022,166,Spicebush,S,0,
5/25/2022,166,Rubus,S,0,
5/25/2022,166,Mapleleaf Viburnum,S,0,
5/25/2022,225,Buckthorn,N,0,
5/25/2022,225,Multiflora rose,N,2,
5/25/2022,225,Honeysuckle,N,0,
5/25/2022,225,Privot,N,0,
5/25/2022,225,Spicebush,N,0,
5/25/2022,225,Rubus,N,1,
5/25/2022,225,Mapleleaf Viburnum,N,0,
5/25/2022,225,Buckthorn,S,1,
5/25/2022,225,Multiflora rose,S,2,
5/25/2022,225,Honeysuckle,S,0,
5/25/2022,225,Privot,S,0,
5/25/2022,225,Spicebush,S,2,
5/25/2022,225,Rubus,S,0,
5/25/2022,225,Mapleleaf Viburnum,S,0,
5/25/2022,21,Buckthorn,N,0,
5/25/2022,21,Multiflora rose,N,0,
5/25/2022,21,Honeysuckle,N,0,
5/25/2022,21,Privot,N,0,
5/25/2022,21,Spicebush,N,0,
5/25/2022,21,Rubus,N,0,
5/25/2022,21,Mapleleaf Viburnum,N,0,
5/25/2022,21,Buckthorn,S,0,
5/25/2022,21,Multiflora rose,S,1,
5/25/2022,21,Honeysuckle,S,0,
5/25/2022,21,Privot,S,0,
5/25/2022,21,Spicebush,S,0,
5/25/2022,21,Rubus,S,0,
5/25/2022,21,Mapleleaf Viburnum,S,0,
5/25/2022,4,Buckthorn,N,1,
5/25/2022,4,Multiflora rose,N,0,
5/25/2022,4,Honeysuckle,N,0,
5/25/2022,4,Privot,N,0,
5/25/2022,4,Spicebush,N,0,
5/25/2022,4,Rubus,N,1,
5/25/2022,4,Mapleleaf Viburnum,N,0,
5/25/2022,4,Buckthorn,S,1,
5/25/2022,4,Multiflora rose,S,1,
5/25/2022,4,Honeysuckle,S,0,
5/25/2022,4,Privot,S,0,
5/25/2022,4,Spicebush,S,1,
5/25/2022,4,Rubus,S,0,
5/25/2022,4,Mapleleaf Viburnum,S,0,
5/25/2022,16,Buckthorn,N,0,
5/25/2022,16,Multiflora rose,N,1,
5/25/2022,16,Honeysuckle,N,0,
5/25/2022,16,Privot,N,0,
5/25/2022,16,Spicebush,N,1,
5/25/2022,16,Rubus,N,0,
5/25/2022,16,Mapleleaf Viburnum,N,0,
5/25/2022,16,Buckthorn,S,1,
5/25/2022,16,Multiflora rose,S,0,
5/25/2022,16,Honeysuckle,S,0,
5/25/2022,16,Privot,S,0,
5/25/2022,16,Spicebush,S,1,
5/25/2022,16,Rubus,S,0,
5/25/2022,16,Mapleleaf Viburnum,S,0,
5/25/2022,158,Buckthorn,N,1,
5/25/2022,158,Multiflora rose,N,1,
5/25/2022,158,Honeysuckle,N,0,
5/25/2022,158,Privot,N,0,
5/25/2022,158,Spicebush,N,1,
5/25/2022,158,Rubus,N,0,
5/25/2022,158,Mapleleaf Viburnum,N,0,
5/25/2022,158,Buckthorn,S,1,
5/25/2022,158,Multiflora rose,S,1,
5/25/2022,158,Honeysuckle,S,0,
5/25/2022,158,Privot,S,0,
5/25/2022,158,Spicebush,S,0,
5/25/2022,158,Rubus,S,0,
5/25/2022,158,Mapleleaf Viburnum,S,0,
5/25/2022,167,Buckthorn,N,1,
5/25/2022,167,Multiflora rose,N,1,
5/25/2022,167,Honeysuckle,N,0,
5/25/2022,167,Privot,N,0,
5/25/2022,167,Spicebush,N,0,
5/25/2022,167,Rubus,N,1,
5/25/2022,167,Mapleleaf Viburnum,N,0,
5/25/2022,167,Buckthorn,S,1,
5/25/2022,167,Multiflora rose,S,0,
5/25/2022,167,Honeysuckle,S,0,
5/25/2022,167,Privot,S,0,
5/25/2022,167,Spicebush,S,1,
5/25/2022,167,Rubus,S,0,
5/25/2022,167,Mapleleaf Viburnum,S,0,
5/25/2022,126,Buckthorn,N,1,
5/25/2022,126,Multiflora rose,N,1,
5/25/2022,126,Honeysuckle,N,0,
5/25/2022,126,Privot,N,0,
5/25/2022,126,Spicebush,N,0,
5/25/2022,126,Rubus,N,0,
5/25/2022,126,Mapleleaf Viburnum,N,0,
5/25/2022,126,Buckthorn,S,0,
5/25/2022,126,Multiflora rose,S,1,
5/25/2022,126,Honeysuckle,S,0,
5/25/2022,126,Privot,S,0,
5/25/2022,126,Spicebush,S,0,
5/25/2022,126,Rubus,S,0,
5/25/2022,126,Mapleleaf Viburnum,S,0,
5/25/2022,128,Buckthorn,N,0,
5/25/2022,128,Multiflora rose,N,0,
5/25/2022,128,Honeysuckle,N,0,
5/25/2022,128,Privot,N,1,
5/25/2022,128,Spicebush,N,0,
5/25/2022,128,Rubus,N,0,
5/25/2022,128,Mapleleaf Viburnum,N,0,
5/25/2022,128,Buckthorn,S,0,
5/25/2022,128,Multiflora rose,S,1,
5/25/2022,128,Honeysuckle,S,1,
5/25/2022,128,Privot,S,0,
5/25/2022,128,Spicebush,S,0,
5/25/2022,128,Rubus,S,0,
5/25/2022,128,Mapleleaf Viburnum,S,0,
5/25/2022,209,Buckthorn,N,1,
5/25/2022,209,Multiflora rose,N,1,
5/25/2022,209,Honeysuckle,N,0,
5/25/2022,209,Privot,N,0,
5/25/2022,209,Spicebush,N,0,
5/25/2022,209,Rubus,N,0,
5/25/2022,209,Mapleleaf Viburnum,N,0,
5/25/2022,209,Buckthorn,S,0,
5/25/2022,209,Multiflora rose,S,1,
5/25/2022,209,Honeysuckle,S,0,
5/25/2022,209,Privot,S,0,
5/25/2022,209,Spicebush,S,0,
5/25/2022,209,Rubus,S,0,
5/25/2022,209,Mapleleaf Viburnum,S,0,
5/25/2022,127,Buckthorn,N,0,
5/25/2022,127,Multiflora rose,N,1,
5/25/2022,127,Honeysuckle,N,0,
5/25/2022,127,Privot,N,0,
5/25/2022,127,Spicebush,N,0,
5/25/2022,127,Rubus,N,1,
5/25/2022,127,Mapleleaf Viburnum,N,0,
5/25/2022,127,Buckthorn,S,1,
5/25/2022,127,Multiflora rose,S,1,
5/25/2022,127,Honeysuckle,S,0,
5/25/2022,127,Privot,S,0,
5/25/2022,127,Spicebush,S,0,
5/25/2022,127,Rubus,S,0,
5/25/2022,127,Mapleleaf Viburnum,S,0,
5/25/2022,130,Buckthorn,N,1,
5/25/2022,130,Multiflora rose,N,1,
5/25/2022,130,Honeysuckle,N,0,
5/25/2022,130,Privot,N,0,
5/25/2022,130,Spicebush,N,0,
5/25/2022,130,Rubus,N,0,
5/25/2022,130,Mapleleaf Viburnum,N,0,
5/25/2022,130,Buckthorn,S,0,
5/25/2022,130,Multiflora rose,S,0,
5/25/2022,130,Honeysuckle,S,0,
5/25/2022,130,Privot,S,0,
5/25/2022,130,Spicebush,S,0,
5/25/2022,130,Rubus,S,0,
5/25/2022,130,Mapleleaf Viburnum,S,0,
5/25/2022,131,Buckthorn,N,0,
5/25/2022,131,Multiflora rose,N,1,
5/25/2022,131,Honeysuckle,N,0,
5/25/2022,131,Privot,N,0,
5/25/2022,131,Spicebush,N,0,
5/25/2022,131,Rubus,N,0,
5/25/2022,131,Mapleleaf Viburnum,N,0,
5/25/2022,131,Buckthorn,S,0,
5/25/2022,131,Multiflora rose,S,1,
5/25/2022,131,Honeysuckle,S,1,
5/25/2022,131,Privot,S,0,
5/25/2022,131,Spicebush,S,0,
5/25/2022,131,Rubus,S,1,
5/25/2022,131,Mapleleaf Viburnum,S,0,
5/25/2022,213,Buckthorn,N,1,
5/25/2022,213,Multiflora rose,N,1,
5/25/2022,213,Honeysuckle,N,0,
5/25/2022,213,Privot,N,0,
5/25/2022,213,Spicebush,N,1,
5/25/2022,213,Rubus,N,0,
5/25/2022,213,Mapleleaf Viburnum,N,0,
5/25/2022,213,Buckthorn,S,0,
5/25/2022,213,Multiflora rose,S,1,
5/25/2022,213,Honeysuckle,S,0,
5/25/2022,213,Privot,S,0,
5/25/2022,213,Spicebush,S,0,
5/25/2022,213,Rubus,S,0,
5/25/2022,213,Mapleleaf Viburnum,S,0,
5/25/2022,164,Buckthorn,N,0,
5/25/2022,164,Multiflora rose,N,1,
5/25/2022,164,Honeysuckle,N,0,
5/25/2022,164,Privot,N,0,
5/25/2022,164,Spicebush,N,0,
5/25/2022,164,Rubus,N,0,
5/25/2022,164,Mapleleaf Viburnum,N,0,
5/25/2022,164,Buckthorn,S,0,
5/25/2022,164,Multiflora rose,S,1,
5/25/2022,164,Honeysuckle,S,0,
5/25/2022,164,Privot,S,0,
5/25/2022,164,Spicebush,S,1,
5/25/2022,164,Rubus,S,0,
5/25/2022,164,Mapleleaf Viburnum,S,0,
5/25/2022,129,Buckthorn,N,1,
5/25/2022,129,Multiflora rose,N,1,
5/25/2022,129,Honeysuckle,N,1,
5/25/2022,129,Privot,N,0,
5/25/2022,129,Spicebush,N,0,
5/25/2022,129,Rubus,N,1,
5/25/2022,129,Mapleleaf Viburnum,N,0,
5/25/2022,129,Buckthorn,S,0,
5/25/2022,129,Multiflora rose,S,2,
5/25/2022,129,Honeysuckle,S,0,
5/25/2022,129,Privot,S,0,
5/25/2022,129,Spicebush,S,0,
5/25/2022,129,Rubus,S,0,
5/25/2022,129,Mapleleaf Viburnum,S,0,
5/25/2022,174,Buckthorn,N,0,
5/25/2022,174,Multiflora rose,N,0,
5/25/2022,174,Honeysuckle,N,1,
5/25/2022,174,Privot,N,0,
5/25/2022,174,Spicebush,N,1,
5/25/2022,174,Rubus,N,0,
5/25/2022,174,Mapleleaf Viburnum,N,0,
5/25/2022,174,Buckthorn,S,0,
5/25/2022,174,Multiflora rose,S,0,
5/25/2022,174,Honeysuckle,S,0,
5/25/2022,174,Privot,S,0,
5/25/2022,174,Spicebush,S,0,
5/25/2022,174,Rubus,S,0,
5/25/2022,174,Mapleleaf Viburnum,S,0,
5/25/2022,14,Buckthorn,N,0,
5/25/2022,14,Multiflora rose,N,0,
5/25/2022,14,Honeysuckle,N,0,
5/25/2022,14,Privot,N,0,
5/25/2022,14,Spicebush,N,0,
5/25/2022,14,Rubus,N,0,
5/25/2022,14,Mapleleaf Viburnum,N,0,
5/25/2022,14,Buckthorn,S,0,
5/25/2022,14,Multiflora rose,S,0,
5/25/2022,14,Honeysuckle,S,0,
5/25/2022,14,Privot,S,0,
5/25/2022,14,Spicebush,S,0,
5/25/2022,14,Rubus,S,0,
5/25/2022,14,Mapleleaf Viburnum,S,0,
5/25/2022,132,Buckthorn,N,0,
5/25/2022,132,Multiflora rose,N,0,
5/25/2022,132,Honeysuckle,N,0,
5/25/2022,132,Privot,N,0,
5/25/2022,132,Spicebush,N,0,
5/25/2022,132,Rubus,N,0,
5/25/2022,132,Mapleleaf Viburnum,N,0,
5/25/2022,132,Buckthorn,S,0,
5/25/2022,132,Multiflora rose,S,1,
5/25/2022,132,Honeysuckle,S,0,
5/25/2022,132,Privot,S,0,
5/25/2022,132,Spicebush,S,1,
5/25/2022,132,Rubus,S,0,
5/25/2022,132,Mapleleaf Viburnum,S,0,
5/25/2022,138,Buckthorn,N,1,
5/25/2022,138,Multiflora rose,N,1,
5/25/2022,138,Honeysuckle,N,0,
5/25/2022,138,Privot,N,0,
5/25/2022,138,Spicebush,N,0,
5/25/2022,138,Rubus,N,0,
5/25/2022,138,Mapleleaf Viburnum,N,0,
5/25/2022,138,Buckthorn,S,0,
5/25/2022,138,Multiflora rose,S,1,
5/25/2022,138,Honeysuckle,S,0,
5/25/2022,138,Privot,S,0,
5/25/2022,138,Spicebush,S,0,
5/25/2022,138,Rubus,S,0,
5/25/2022,138,Mapleleaf Viburnum,S,0,
5/25/2022,163,Buckthorn,N,0,
5/25/2022,163,Multiflora rose,N,0,
5/25/2022,163,Honeysuckle,N,0,
5/25/2022,163,Privot,N,0,
5/25/2022,163,Spicebush,N,0,
5/25/2022,163,Rubus,N,0,
5/25/2022,163,Mapleleaf Viburnum,N,0,
5/25/2022,163,Buckthorn,S,0,
5/25/2022,163,Multiflora rose,S,0,
5/25/2022,163,Honeysuckle,S,0,
5/25/2022,163,Privot,S,0,
5/25/2022,163,Spicebush,S,0,
5/25/2022,163,Rubus,S,0,
5/25/2022,163,Mapleleaf Viburnum,S,0,
5/25/2022,201,Buckthorn,N,0,
5/25/2022,201,Multiflora rose,N,0,
5/25/2022,201,Honeysuckle,N,0,
5/25/2022,201,Privot,N,0,
5/25/2022,201,Spicebush,N,0,
5/25/2022,201,Rubus,N,0,
5/25/2022,201,Mapleleaf Viburnum,N,1,
5/25/2022,201,Buckthorn,S,0,
5/25/2022,201,Multiflora rose,S,1,
5/25/2022,201,Honeysuckle,S,0,
5/25/2022,201,Privot,S,1,
5/25/2022,201,Spicebush,S,1,
5/25/2022,201,Rubus,S,1,
5/25/2022,201,Mapleleaf Viburnum,S,0,
5/31/2022,207,Buckthorn,N,0,
5/31/2022,207,Multiflora rose,N,5,
5/31/2022,207,Honeysuckle,N,0,
5/31/2022,207,Privot,N,0,
5/31/2022,207,Spicebush,N,0,
5/31/2022,207,Rubus,N,1,
5/31/2022,207,Mapleleaf Viburnum,N,0,
5/31/2022,207,Buckthorn,S,0,
5/31/2022,207,Multiflora rose,S,4,
5/31/2022,207,Honeysuckle,S,0,
5/31/2022,207,Privot,S,0,
5/31/2022,207,Spicebush,S,0,
5/31/2022,207,Rubus,S,0,
5/31/2022,207,Mapleleaf Viburnum,S,0,
5/31/2022,35,Buckthorn,N,0,
5/31/2022,35,Multiflora rose,N,1,
5/31/2022,35,Honeysuckle,N,0,
5/31/2022,35,Privot,N,0,
5/31/2022,35,Spicebush,N,2,
5/31/2022,35,Rubus,N,1,
5/31/2022,35,Mapleleaf Viburnum,N,0,
5/31/2022,35,Buckthorn,S,0,
5/31/2022,35,Multiflora rose,S,4,
5/31/2022,35,Honeysuckle,S,0,
5/31/2022,35,Privot,S,0,
5/31/2022,35,Spicebush,S,0,
5/31/2022,35,Rubus,S,1,
5/31/2022,35,Mapleleaf Viburnum,S,0,
5/31/2022,389,Buckthorn,N,0,
5/31/2022,389,Multiflora rose,N,0,
5/31/2022,389,Honeysuckle,N,2,
5/31/2022,389,Privot,N,0,
5/31/2022,389,Spicebush,N,0,
5/31/2022,389,Rubus,N,0,
5/31/2022,389,Mapleleaf Viburnum,N,0,
5/31/2022,389,Buckthorn,S,1,
5/31/2022,389,Multiflora rose,S,1,
5/31/2022,389,Honeysuckle,S,0,
5/31/2022,389,Privot,S,0,
5/31/2022,389,Spicebush,S,0,
5/31/2022,389,Rubus,S,0,
5/31/2022,389,Mapleleaf Viburnum,S,0,
5/31/2022,311,Buckthorn,N,0,
5/31/2022,311,Multiflora rose,N,2,
5/31/2022,311,Honeysuckle,N,0,
5/31/2022,311,Privot,N,0,
5/31/2022,311,Spicebush,N,0,
5/31/2022,311,Rubus,N,0,
5/31/2022,311,Mapleleaf Viburnum,N,0,
5/31/2022,311,Buckthorn,S,1,
5/31/2022,311,Multiflora rose,S,2,
5/31/2022,311,Honeysuckle,S,1,
5/31/2022,311,Privot,S,0,
5/31/2022,311,Spicebush,S,0,
5/31/2022,311,Rubus,S,1,
5/31/2022,311,Mapleleaf Viburnum,S,0,
5/31/2022,317,Buckthorn,N,1,
5/31/2022,317,Multiflora rose,N,2,
5/31/2022,317,Honeysuckle,N,0,
5/31/2022,317,Privot,N,0,
5/31/2022,317,Spicebush,N,0,
5/31/2022,317,Rubus,N,1,
5/31/2022,317,Mapleleaf Viburnum,N,2,
5/31/2022,317,Buckthorn,S,1,
5/31/2022,317,Multiflora rose,S,4,
5/31/2022,317,Honeysuckle,S,0,
5/31/2022,317,Privot,S,0,
5/31/2022,317,Spicebush,S,0,
5/31/2022,317,Rubus,S,0,
5/31/2022,317,Mapleleaf Viburnum,S,1,
5/31/2022,186,Buckthorn,N,1,
5/31/2022,186,Multiflora rose,N,5,
5/31/2022,186,Honeysuckle,N,0,
5/31/2022,186,Privot,N,0,
5/31/2022,186,Spicebush,N,0,
5/31/2022,186,Rubus,N,1,
5/31/2022,186,Mapleleaf Viburnum,N,1,
5/31/2022,186,Buckthorn,S,2,
5/31/2022,186,Multiflora rose,S,4,
5/31/2022,186,Honeysuckle,S,0,
5/31/2022,186,Privot,S,0,
5/31/2022,186,Spicebush,S,0,
5/31/2022,186,Rubus,S,1,
5/31/2022,186,Mapleleaf Viburnum,S,1,
5/31/2022,386,Buckthorn,N,1,
5/31/2022,386,Multiflora rose,N,1,
5/31/2022,386,Honeysuckle,N,0,
5/31/2022,386,Privot,N,0,
5/31/2022,386,Spicebush,N,0,
5/31/2022,386,Rubus,N,0,
5/31/2022,386,Mapleleaf Viburnum,N,0,
5/31/2022,386,Buckthorn,S,1,
5/31/2022,386,Multiflora rose,S,0,
5/31/2022,386,Honeysuckle,S,0,
5/31/2022,386,Privot,S,0,
5/31/2022,386,Spicebush,S,0,
5/31/2022,386,Rubus,S,0,
5/31/2022,386,Mapleleaf Viburnum,S,0,
5/31/2022,316,Buckthorn,N,4,
5/31/2022,316,Multiflora rose,N,1,
5/31/2022,316,Honeysuckle,N,0,
5/31/2022,316,Privot,N,0,
5/31/2022,316,Spicebush,N,0,
5/31/2022,316,Rubus,N,1,
5/31/2022,316,Mapleleaf Viburnum,N,0,
5/31/2022,316,Buckthorn,S,3,
5/31/2022,316,Multiflora rose,S,2,
5/31/2022,316,Honeysuckle,S,0,
5/31/2022,316,Privot,S,0,
5/31/2022,316,Spicebush,S,0,
5/31/2022,316,Rubus,S,1,
5/31/2022,316,Mapleleaf Viburnum,S,0,
5/31/2022,344,Buckthorn,N,2,
5/31/2022,344,Multiflora rose,N,1,
5/31/2022,344,Honeysuckle,N,0,
5/31/2022,344,Privot,N,0,
5/31/2022,344,Spicebush,N,0,
5/31/2022,344,Rubus,N,0,
5/31/2022,344,Mapleleaf Viburnum,N,0,
5/31/2022,344,Buckthorn,S,1,
5/31/2022,344,Multiflora rose,S,0,
5/31/2022,344,Honeysuckle,S,0,
5/31/2022,344,Privot,S,0,
5/31/2022,344,Spicebush,S,0,
5/31/2022,344,Rubus,S,0,
5/31/2022,344,Mapleleaf Viburnum,S,0,
5/31/2022,177,Buckthorn,N,1,
5/31/2022,177,Multiflora rose,N,0,
5/31/2022,177,Honeysuckle,N,0,
5/31/2022,177,Privot,N,0,
5/31/2022,177,Spicebush,N,0,
5/31/2022,177,Rubus,N,0,
5/31/2022,177,Mapleleaf Viburnum,N,0,
5/31/2022,177,Buckthorn,S,1,
5/31/2022,177,Multiflora rose,S,0,
5/31/2022,177,Honeysuckle,S,0,
5/31/2022,177,Privot,S,0,
5/31/2022,177,Spicebush,S,0,
5/31/2022,177,Rubus,S,0,
5/31/2022,177,Mapleleaf Viburnum,S,0,
5/31/2022,319,Buckthorn,N,2,
5/31/2022,319,Multiflora rose,N,1,
5/31/2022,319,Honeysuckle,N,0,
5/31/2022,319,Privot,N,0,
5/31/2022,319,Spicebush,N,0,
5/31/2022,319,Rubus,N,1,
5/31/2022,319,Mapleleaf Viburnum,N,0,
5/31/2022,319,Buckthorn,S,2,
5/31/2022,319,Multiflora rose,S,2,
5/31/2022,319,Honeysuckle,S,0,
5/31/2022,319,Privot,S,0,
5/31/2022,319,Spicebush,S,0,
5/31/2022,319,Rubus,S,1,
5/31/2022,319,Mapleleaf Viburnum,S,0,
5/31/2022,182,Buckthorn,N,1,
5/31/2022,182,Multiflora rose,N,2,
5/31/2022,182,Honeysuckle,N,0,
5/31/2022,182,Privot,N,0,
5/31/2022,182,Spicebush,N,0,
5/31/2022,182,Rubus,N,1,
5/31/2022,182,Mapleleaf Viburnum,N,0,
5/31/2022,182,Buckthorn,S,2,
5/31/2022,182,Multiflora rose,S,1,
5/31/2022,182,Honeysuckle,S,0,
5/31/2022,182,Privot,S,0,
5/31/2022,182,Spicebush,S,0,
5/31/2022,182,Rubus,S,1,
5/31/2022,182,Mapleleaf Viburnum,S,0,
5/31/2022,181,Buckthorn,N,2,
5/31/2022,181,Multiflora rose,N,2,
5/31/2022,181,Honeysuckle,N,0,
5/31/2022,181,Privot,N,0,
5/31/2022,181,Spicebush,N,0,
5/31/2022,181,Rubus,N,1,
5/31/2022,181,Mapleleaf Viburnum,N,0,
5/31/2022,181,Buckthorn,S,2,
5/31/2022,181,Multiflora rose,S,2,
5/31/2022,181,Honeysuckle,S,0,
5/31/2022,181,Privot,S,0,
5/31/2022,181,Spicebush,S,0,
5/31/2022,181,Rubus,S,1,
5/31/2022,181,Mapleleaf Viburnum,S,0,
5/31/2022,320,Buckthorn,N,3,
5/31/2022,320,Multiflora rose,N,1,
5/31/2022,320,Honeysuckle,N,1,
5/31/2022,320,Privot,N,1,
5/31/2022,320,Spicebush,N,0,
5/31/2022,320,Rubus,N,1,
5/31/2022,320,Mapleleaf Viburnum,N,0,
5/31/2022,320,Buckthorn,S,5,
5/31/2022,320,Multiflora rose,S,2,
5/31/2022,320,Honeysuckle,S,1,
5/31/2022,320,Privot,S,1,
5/31/2022,320,Spicebush,S,0,
5/31/2022,320,Rubus,S,1,
5/31/2022,320,Mapleleaf Viburnum,S,0,
5/31/2022,315,Buckthorn,N,2,
5/31/2022,315,Multiflora rose,N,0,
5/31/2022,315,Honeysuckle,N,0,
5/31/2022,315,Privot,N,0,
5/31/2022,315,Spicebush,N,0,
5/31/2022,315,Rubus,N,0,
5/31/2022,315,Mapleleaf Viburnum,N,0,
5/31/2022,315,Buckthorn,S,2,
5/31/2022,315,Multiflora rose,S,1,
5/31/2022,315,Honeysuckle,S,0,
5/31/2022,315,Privot,S,0,
5/31/2022,315,Spicebush,S,1,
5/31/2022,315,Rubus,S,0,
5/31/2022,315,Mapleleaf Viburnum,S,0,
5/31/2022,314,Buckthorn,N,2,
5/31/2022,314,Multiflora rose,N,0,
5/31/2022,314,Honeysuckle,N,0,
5/31/2022,314,Privot,N,0,
5/31/2022,314,Spicebush,N,0,
5/31/2022,314,Rubus,N,0,
5/31/2022,314,Mapleleaf Viburnum,N,0,
5/31/2022,314,Buckthorn,S,1,
5/31/2022,314,Multiflora rose,S,0,
5/31/2022,314,Honeysuckle,S,1,
5/31/2022,314,Privot,S,0,
5/31/2022,314,Spicebush,S,0,
5/31/2022,314,Rubus,S,0,
5/31/2022,314,Mapleleaf Viburnum,S,0,
5/31/2022,194,Buckthorn,N,1,
5/31/2022,194,Multiflora rose,N,1,
5/31/2022,194,Honeysuckle,N,0,
5/31/2022,194,Privot,N,1,
5/31/2022,194,Spicebush,N,0,
5/31/2022,194,Rubus,N,1,
5/31/2022,194,Mapleleaf Viburnum,N,0,
5/31/2022,194,Buckthorn,S,2,
5/31/2022,194,Multiflora rose,S,1,
5/31/2022,194,Honeysuckle,S,0,
5/31/2022,194,Privot,S,1,
5/31/2022,194,Spicebush,S,0,
5/31/2022,194,Rubus,S,0,
5/31/2022,194,Mapleleaf Viburnum,S,0,
5/31/2022,193,Buckthorn,N,1,
5/31/2022,193,Multiflora rose,N,0,
5/31/2022,193,Honeysuckle,N,0,
5/31/2022,193,Privot,N,0,
5/31/2022,193,Spicebush,N,0,
5/31/2022,193,Rubus,N,0,
5/31/2022,193,Mapleleaf Viburnum,N,0,
5/31/2022,193,Buckthorn,S,2,
5/31/2022,193,Multiflora rose,S,1,
5/31/2022,193,Honeysuckle,S,1,
5/31/2022,193,Privot,S,0,
5/31/2022,193,Spicebush,S,0,
5/31/2022,193,Rubus,S,1,
5/31/2022,193,Mapleleaf Viburnum,S,0,
5/31/2022,172,Buckthorn,N,2,
5/31/2022,172,Multiflora rose,N,0,
5/31/2022,172,Honeysuckle,N,0,
5/31/2022,172,Privot,N,0,
5/31/2022,172,Spicebush,N,0,
5/31/2022,172,Rubus,N,0,
5/31/2022,172,Mapleleaf Viburnum,N,0,
5/31/2022,172,Buckthorn,S,2,
5/31/2022,172,Multiflora rose,S,1,
5/31/2022,172,Honeysuckle,S,0,
5/31/2022,172,Privot,S,0,
5/31/2022,172,Spicebush,S,0,
5/31/2022,172,Rubus,S,1,
5/31/2022,172,Mapleleaf Viburnum,S,0,
5/31/2022,313,Buckthorn,N,2,
5/31/2022,313,Multiflora rose,N,1,
5/31/2022,313,Honeysuckle,N,1,
5/31/2022,313,Privot,N,0,
5/31/2022,313,Spicebush,N,0,
5/31/2022,313,Rubus,N,2,
5/31/2022,313,Mapleleaf Viburnum,N,0,
5/31/2022,313,Buckthorn,S,1,
5/31/2022,313,Multiflora rose,S,1,
5/31/2022,313,Honeysuckle,S,0,
5/31/2022,313,Privot,S,0,
5/31/2022,313,Spicebush,S,0,
5/31/2022,313,Rubus,S,2,
5/31/2022,313,Mapleleaf Viburnum,S,0,
5/31/2022,387,Buckthorn,N,2,
5/31/2022,387,Multiflora rose,N,5,
5/31/2022,387,Honeysuckle,N,0,
5/31/2022,387,Privot,N,1,
5/31/2022,387,Spicebush,N,1,
5/31/2022,387,Rubus,N,0,
5/31/2022,387,Mapleleaf Viburnum,N,0,
5/31/2022,387,Buckthorn,S,3,
5/31/2022,387,Multiflora rose,S,0,
5/31/2022,387,Honeysuckle,S,1,
5/31/2022,387,Privot,S,1,
5/31/2022,387,Spicebush,S,0,
5/31/2022,387,Rubus,S,2,
5/31/2022,387,Mapleleaf Viburnum,S,0,
5/31/2022,180,Buckthorn,N,1,
5/31/2022,180,Multiflora rose,N,1,
5/31/2022,180,Honeysuckle,N,0,
5/31/2022,180,Privot,N,0,
5/31/2022,180,Spicebush,N,0,
5/31/2022,180,Rubus,N,1,
5/31/2022,180,Mapleleaf Viburnum,N,0,
5/31/2022,180,Buckthorn,S,1,
5/31/2022,180,Multiflora rose,S,1,
5/31/2022,180,Honeysuckle,S,0,
5/31/2022,180,Privot,S,0,
5/31/2022,180,Spicebush,S,0,
5/31/2022,180,Rubus,S,1,
5/31/2022,180,Mapleleaf Viburnum,S,0,
5/31/2022,385,Buckthorn,N,2,
5/31/2022,385,Multiflora rose,N,0,
5/31/2022,385,Honeysuckle,N,0,
5/31/2022,385,Privot,N,2,
5/31/2022,385,Spicebush,N,0,
5/31/2022,385,Rubus,N,1,
5/31/2022,385,Mapleleaf Viburnum,N,2,
5/31/2022,385,Buckthorn,S,1,"no tag on tree, quadrats"
5/31/2022,385,Multiflora rose,S,1,
5/31/2022,385,Honeysuckle,S,1,
5/31/2022,385,Privot,S,1,
5/31/2022,385,Spicebush,S,0,
5/31/2022,385,Rubus,S,0,
5/31/2022,385,Mapleleaf Viburnum,S,0,
5/31/2022,384,Buckthorn,N,1,
5/31/2022,384,Multiflora rose,N,3,
5/31/2022,384,Honeysuckle,N,1,
5/31/2022,384,Privot,N,0,
5/31/2022,384,Spicebush,N,0,
5/31/2022,384,Rubus,N,2,
5/31/2022,384,Mapleleaf Viburnum,N,0,
5/31/2022,384,Buckthorn,S,1,
5/31/2022,384,Multiflora rose,S,2,
5/31/2022,384,Honeysuckle,S,1,
5/31/2022,384,Privot,S,0,
5/31/2022,384,Spicebush,S,2,
5/31/2022,384,Rubus,S,1,
5/31/2022,384,Mapleleaf Viburnum,S,0,
5/31/2022,312,Buckthorn,N,1,
5/31/2022,312,Multiflora rose,N,2,
5/31/2022,312,Honeysuckle,N,1,
5/31/2022,312,Privot,N,0,
5/31/2022,312,Spicebush,N,0,
5/31/2022,312,Rubus,N,0,
5/31/2022,312,Mapleleaf Viburnum,N,0,
5/31/2022,312,Buckthorn,S,1,
5/31/2022,312,Multiflora rose,S,2,
5/31/2022,312,Honeysuckle,S,0,
5/31/2022,312,Privot,S,0,
5/31/2022,312,Spicebush,S,0,
5/31/2022,312,Rubus,S,2,
5/31/2022,312,Mapleleaf Viburnum,S,0,
5/31/2022,47,Buckthorn,N,0,
5/31/2022,47,Multiflora rose,N,3,
5/31/2022,47,Honeysuckle,N,0,
5/31/2022,47,Privot,N,0,
5/31/2022,47,Spicebush,N,0,
5/31/2022,47,Rubus,N,1,
5/31/2022,47,Mapleleaf Viburnum,N,0,
5/31/2022,47,Buckthorn,S,2,
5/31/2022,47,Multiflora rose,S,3,
5/31/2022,47,Honeysuckle,S,0,
5/31/2022,47,Privot,S,0,
5/31/2022,47,Spicebush,S,1,
5/31/2022,47,Rubus,S,1,
5/31/2022,47,Mapleleaf Viburnum,S,0,
5/31/2022,45,Buckthorn,N,1,
5/31/2022,45,Multiflora rose,N,4,
5/31/2022,45,Honeysuckle,N,0,
5/31/2022,45,Privot,N,0,
5/31/2022,45,Spicebush,N,1,
5/31/2022,45,Rubus,N,1,
5/31/2022,45,Mapleleaf Viburnum,N,0,
5/31/2022,45,Buckthorn,S,1,
5/31/2022,45,Multiflora rose,S,3,
5/31/2022,45,Honeysuckle,S,0,
5/31/2022,45,Privot,S,0,
5/31/2022,45,Spicebush,S,2,
5/31/2022,45,Rubus,S,0,
5/31/2022,45,Mapleleaf Viburnum,S,0,
5/31/2022,911,Buckthorn,N,0,
5/31/2022,911,Multiflora rose,N,4,
5/31/2022,911,Honeysuckle,N,0,
5/31/2022,911,Privot,N,0,
5/31/2022,911,Spicebush,N,0,
5/31/2022,911,Rubus,N,1,
5/31/2022,911,Mapleleaf Viburnum,N,0,
5/31/2022,911,Buckthorn,S,0,
5/31/2022,911,Multiflora rose,S,2,
5/31/2022,911,Honeysuckle,S,0,
5/31/2022,911,Privot,S,0,
5/31/2022,911,Spicebush,S,2,
5/31/2022,911,Rubus,S,1,
5/31/2022,911,Mapleleaf Viburnum,S,0,
5/31/2022,42,Buckthorn,N,0,
5/31/2022,42,Multiflora rose,N,4,
5/31/2022,42,Honeysuckle,N,0,
5/31/2022,42,Privot,N,0,
5/31/2022,42,Spicebush,N,0,
5/31/2022,42,Rubus,N,1,
5/31/2022,42,Mapleleaf Viburnum,N,0,
5/31/2022,42,Buckthorn,S,0,
5/31/2022,42,Multiflora rose,S,2,
5/31/2022,42,Honeysuckle,S,0,
5/31/2022,42,Privot,S,0,
5/31/2022,42,Spicebush,S,0,
5/31/2022,42,Rubus,S,1,
5/31/2022,42,Mapleleaf Viburnum,S,0,
5/31/2022,28,Buckthorn,N,1,
5/31/2022,28,Multiflora rose,N,1,
5/31/2022,28,Honeysuckle,N,0,
5/31/2022,28,Privot,N,0,
5/31/2022,28,Spicebush,N,0,
5/31/2022,28,Rubus,N,1,
5/31/2022,28,Mapleleaf Viburnum,N,0,
5/31/2022,28,Buckthorn,S,1,
5/31/2022,28,Multiflora rose,S,1,
5/31/2022,28,Honeysuckle,S,0,
5/31/2022,28,Privot,S,0,
5/31/2022,28,Spicebush,S,2,
5/31/2022,28,Rubus,S,1,
5/31/2022,28,Mapleleaf Viburnum,S,0,
5/31/2022,51,Buckthorn,N,1,
5/31/2022,51,Multiflora rose,N,1,
5/31/2022,51,Honeysuckle,N,0,
5/31/2022,51,Privot,N,1,
5/31/2022,51,Spicebush,N,0,
5/31/2022,51,Rubus,N,1,
5/31/2022,51,Mapleleaf Viburnum,N,0,
5/31/2022,51,Buckthorn,S,1,
5/31/2022,51,Multiflora rose,S,1,
5/31/2022,51,Honeysuckle,S,1,
5/31/2022,51,Privot,S,0,
5/31/2022,51,Spicebush,S,1,
5/31/2022,51,Rubus,S,1,
5/31/2022,51,Mapleleaf Viburnum,S,0,
5/31/2022,50,Buckthorn,N,2,
5/31/2022,50,Multiflora rose,N,2,
5/31/2022,50,Honeysuckle,N,0,
5/31/2022,50,Privot,N,1,
5/31/2022,50,Spicebush,N,1,
5/31/2022,50,Rubus,N,1,
5/31/2022,50,Mapleleaf Viburnum,N,0,
5/31/2022,50,Buckthorn,S,2,
5/31/2022,50,Multiflora rose,S,2,
5/31/2022,50,Honeysuckle,S,0,
5/31/2022,50,Privot,S,0,
5/31/2022,50,Spicebush,S,1,
5/31/2022,50,Rubus,S,1,
5/31/2022,50,Mapleleaf Viburnum,S,0,
5/31/2022,52,Buckthorn,N,2,
5/31/2022,52,Multiflora rose,N,3,
5/31/2022,52,Honeysuckle,N,0,
5/31/2022,52,Privot,N,0,
5/31/2022,52,Spicebush,N,1,
5/31/2022,52,Rubus,N,1,
5/31/2022,52,Mapleleaf Viburnum,N,0,
5/31/2022,52,Buckthorn,S,2,
5/31/2022,52,Multiflora rose,S,4,
5/31/2022,52,Honeysuckle,S,0,
5/31/2022,52,Privot,S,1,
5/31/2022,52,Spicebush,S,1,
5/31/2022,52,Rubus,S,1,
5/31/2022,52,Mapleleaf Viburnum,S,0,
5/31/2022,53,Buckthorn,N,2,
5/31/2022,53,Multiflora rose,N,4,
5/31/2022,53,Honeysuckle,N,0,
5/31/2022,53,Privot,N,0,
5/31/2022,53,Spicebush,N,2,
5/31/2022,53,Rubus,N,1,
5/31/2022,53,Mapleleaf Viburnum,N,0,
5/31/2022,53,Buckthorn,S,2,
5/31/2022,53,Multiflora rose,S,4,
5/31/2022,53,Honeysuckle,S,0,
5/31/2022,53,Privot,S,0,
5/31/2022,53,Spicebush,S,1,
5/31/2022,53,Rubus,S,1,
5/31/2022,53,Mapleleaf Viburnum,S,0,
5/31/2022,874,Buckthorn,N,0,
5/31/2022,874,Multiflora rose,N,1,
5/31/2022,874,Honeysuckle,N,1,
5/31/2022,874,Privot,N,1,
5/31/2022,874,Spicebush,N,0,
5/31/2022,874,Rubus,N,0,
5/31/2022,874,Mapleleaf Viburnum,N,0,
5/31/2022,874,Buckthorn,S,0,
5/31/2022,874,Multiflora rose,S,1,
5/31/2022,874,Honeysuckle,S,0,
5/31/2022,874,Privot,S,1,
5/31/2022,874,Spicebush,S,0,
5/31/2022,874,Rubus,S,0,
5/31/2022,874,Mapleleaf Viburnum,S,0,
5/31/2022,860,Buckthorn,N,1,
5/31/2022,860,Multiflora rose,N,1,
5/31/2022,860,Honeysuckle,N,0,
5/31/2022,860,Privot,N,0,
5/31/2022,860,Spicebush,N,0,
5/31/2022,860,Rubus,N,0,
5/31/2022,860,Mapleleaf Viburnum,N,0,
5/31/2022,860,Buckthorn,S,0,
5/31/2022,860,Multiflora rose,S,2,
5/31/2022,860,Honeysuckle,S,0,
5/31/2022,860,Privot,S,1,
5/31/2022,860,Spicebush,S,1,
5/31/2022,860,Rubus,S,0,
5/31/2022,860,Mapleleaf Viburnum,S,0,
5/31/2022,39,Buckthorn,N,0,
5/31/2022,39,Multiflora rose,N,2,
5/31/2022,39,Honeysuckle,N,0,
5/31/2022,39,Privot,N,0,
5/31/2022,39,Spicebush,N,0,
5/31/2022,39,Rubus,N,0,
5/31/2022,39,Mapleleaf Viburnum,N,0,
5/31/2022,39,Buckthorn,S,0,
5/31/2022,39,Multiflora rose,S,1,
5/31/2022,39,Honeysuckle,S,0,
5/31/2022,39,Privot,S,0,
5/31/2022,39,Spicebush,S,1,
5/31/2022,39,Rubus,S,0,
5/31/2022,39,Mapleleaf Viburnum,S,0,
5/31/2022,38,Buckthorn,N,0,
5/31/2022,38,Multiflora rose,N,1,
5/31/2022,38,Honeysuckle,N,0,
5/31/2022,38,Privot,N,0,
5/31/2022,38,Spicebush,N,0,
5/31/2022,38,Rubus,N,1,
5/31/2022,38,Mapleleaf Viburnum,N,0,
5/31/2022,38,Buckthorn,S,0,
5/31/2022,38,Multiflora rose,S,2,
5/31/2022,38,Honeysuckle,S,0,
5/31/2022,38,Privot,S,0,
5/31/2022,38,Spicebush,S,0,
5/31/2022,38,Rubus,S,0,
5/31/2022,38,Mapleleaf Viburnum,S,0,
5/31/2022,36,Buckthorn,N,1,
5/31/2022,36,Multiflora rose,N,1,
5/31/2022,36,Honeysuckle,N,0,
5/31/2022,36,Privot,N,0,
5/31/2022,36,Spicebush,N,0,
5/31/2022,36,Rubus,N,1,
5/31/2022,36,Mapleleaf Viburnum,N,0,
5/31/2022,36,Buckthorn,S,1,
5/31/2022,36,Multiflora rose,S,1,
5/31/2022,36,Honeysuckle,S,0,
5/31/2022,36,Privot,S,0,
5/31/2022,36,Spicebush,S,0,
5/31/2022,36,Rubus,S,1,
5/31/2022,36,Mapleleaf Viburnum,S,0,
5/31/2022,37,Buckthorn,N,0,
5/31/2022,37,Multiflora rose,N,0,
5/31/2022,37,Honeysuckle,N,0,
5/31/2022,37,Privot,N,0,
5/31/2022,37,Spicebush,N,0,
5/31/2022,37,Rubus,N,0,
5/31/2022,37,Mapleleaf Viburnum,N,1,
5/31/2022,37,Buckthorn,S,1,
5/31/2022,37,Multiflora rose,S,1,
5/31/2022,37,Honeysuckle,S,0,
5/31/2022,37,Privot,S,0,
5/31/2022,37,Spicebush,S,0,
5/31/2022,37,Rubus,S,0,
5/31/2022,37,Mapleleaf Viburnum,S,2,
5/31/2022,30,Buckthorn,N,0,
5/31/2022,30,Multiflora rose,N,1,
5/31/2022,30,Honeysuckle,N,0,
5/31/2022,30,Privot,N,1,
5/31/2022,30,Spicebush,N,2,
5/31/2022,30,Rubus,N,1,
5/31/2022,30,Mapleleaf Viburnum,N,0,
5/31/2022,30,Buckthorn,S,0,
5/31/2022,30,Multiflora rose,S,4,
5/31/2022,30,Honeysuckle,S,0,
5/31/2022,30,Privot,S,0,
5/31/2022,30,Spicebush,S,0,
5/31/2022,30,Rubus,S,1,
5/31/2022,30,Mapleleaf Viburnum,S,0,
5/31/2022,33,Buckthorn,N,0,
5/31/2022,33,Multiflora rose,N,2,
5/31/2022,33,Honeysuckle,N,0,
5/31/2022,33,Privot,N,0,
5/31/2022,33,Spicebush,N,1,
5/31/2022,33,Rubus,N,1,
5/31/2022,33,Mapleleaf Viburnum,N,0,
5/31/2022,33,Buckthorn,S,1,
5/31/2022,33,Multiflora rose,S,1,
5/31/2022,33,Honeysuckle,S,0,
5/31/2022,33,Privot,S,0,
5/31/2022,33,Spicebush,S,0,
5/31/2022,33,Rubus,S,0,
5/31/2022,33,Mapleleaf Viburnum,S,0,
5/31/2022,29,Buckthorn,N,1,
5/31/2022,29,Multiflora rose,N,2,
5/31/2022,29,Honeysuckle,N,0,
5/31/2022,29,Privot,N,0,
5/31/2022,29,Spicebush,N,1,
5/31/2022,29,Rubus,N,1,
5/31/2022,29,Mapleleaf Viburnum,N,0,
5/31/2022,29,Buckthorn,S,1,
5/31/2022,29,Multiflora rose,S,2,
5/31/2022,29,Honeysuckle,S,0,
5/31/2022,29,Privot,S,0,
5/31/2022,29,Spicebush,S,2,
5/31/2022,29,Rubus,S,1,
5/31/2022,29,Mapleleaf Viburnum,S,0,
5/31/2022,32,Buckthorn,N,1,
5/31/2022,32,Multiflora rose,N,2,
5/31/2022,32,Honeysuckle,N,0,
5/31/2022,32,Privot,N,0,
5/31/2022,32,Spicebush,N,1,
5/31/2022,32,Rubus,N,1,
5/31/2022,32,Mapleleaf Viburnum,N,0,
5/31/2022,32,Buckthorn,S,1,
5/31/2022,32,Multiflora rose,S,1,
5/31/2022,32,Honeysuckle,S,0,
5/31/2022,32,Privot,S,0,
5/31/2022,32,Spicebush,S,1,
5/31/2022,32,Rubus,S,1,
5/31/2022,32,Mapleleaf Viburnum,S,0,
5/31/2022,34,Buckthorn,N,0,
5/31/2022,34,Multiflora rose,N,1,
5/31/2022,34,Honeysuckle,N,1,
5/31/2022,34,Privot,N,0,
5/31/2022,34,Spicebush,N,0,
5/31/2022,34,Rubus,N,1,
5/31/2022,34,Mapleleaf Viburnum,N,0,
5/31/2022,34,Buckthorn,S,0,
5/31/2022,34,Multiflora rose,S,2,
5/31/2022,34,Honeysuckle,S,0,
5/31/2022,34,Privot,S,0,
5/31/2022,34,Spicebush,S,0,
5/31/2022,34,Rubus,S,1,
5/31/2022,34,Mapleleaf Viburnum,S,0,
6/2/2022,165,Buckthorn,N,1,
6/2/2022,165,Multiflora rose,N,3,
6/2/2022,165,Honeysuckle,N,0,
6/2/2022,165,Privot,N,0,
6/2/2022,165,Spicebush,N,0,
6/2/2022,165,Rubus,N,0,
6/2/2022,165,Mapleleaf Viburnum,N,0,
6/2/2022,165,Buckthorn,S,1,
6/2/2022,165,Multiflora rose,S,4,
6/2/2022,165,Honeysuckle,S,0,
6/2/2022,165,Privot,S,0,
6/2/2022,165,Spicebush,S,0,
6/2/2022,165,Rubus,S,0,
6/2/2022,165,Mapleleaf Viburnum,S,0,
6/2/2022,102,Buckthorn,N,1,
6/2/2022,102,Multiflora rose,N,4,
6/2/2022,102,Honeysuckle,N,0,
6/2/2022,102,Privot,N,0,
6/2/2022,102,Spicebush,N,0,
6/2/2022,102,Rubus,N,0,
6/2/2022,102,Mapleleaf Viburnum,N,0,
6/2/2022,102,Buckthorn,S,0,
6/2/2022,102,Multiflora rose,S,4,
6/2/2022,102,Honeysuckle,S,2,
6/2/2022,102,Privot,S,0,
6/2/2022,102,Spicebush,S,0,
6/2/2022,102,Rubus,S,1,
6/2/2022,102,Mapleleaf Viburnum,S,0,
6/2/2022,143,Buckthorn,N,0,
6/2/2022,143,Multiflora rose,N,4,
6/2/2022,143,Honeysuckle,N,2,
6/2/2022,143,Privot,N,0,
6/2/2022,143,Spicebush,N,0,
6/2/2022,143,Rubus,N,1,
6/2/2022,143,Mapleleaf Viburnum,N,0,
6/2/2022,143,Buckthorn,S,2,
6/2/2022,143,Multiflora rose,S,4,
6/2/2022,143,Honeysuckle,S,0,
6/2/2022,143,Privot,S,0,
6/2/2022,143,Spicebush,S,0,
6/2/2022,143,Rubus,S,2,
6/2/2022,143,Mapleleaf Viburnum,S,0,
6/2/2022,105,Buckthorn,N,1,
6/2/2022,105,Multiflora rose,N,4,
6/2/2022,105,Honeysuckle,N,2,
6/2/2022,105,Privot,N,0,
6/2/2022,105,Spicebush,N,0,
6/2/2022,105,Rubus,N,0,
6/2/2022,105,Mapleleaf Viburnum,N,0,
6/2/2022,105,Buckthorn,S,1,
6/2/2022,105,Multiflora rose,S,5,
6/2/2022,105,Honeysuckle,S,0,
6/2/2022,105,Privot,S,0,
6/2/2022,105,Spicebush,S,0,
6/2/2022,105,Rubus,S,0,
6/2/2022,105,Mapleleaf Viburnum,S,0,
6/2/2022,133,Buckthorn,N,1,
6/2/2022,133,Multiflora rose,N,4,
6/2/2022,133,Honeysuckle,N,1,
6/2/2022,133,Privot,N,0,
6/2/2022,133,Spicebush,N,0,
6/2/2022,133,Rubus,N,2,
6/2/2022,133,Mapleleaf Viburnum,N,0,
6/2/2022,133,Buckthorn,S,1,
6/2/2022,133,Multiflora rose,S,3,
6/2/2022,133,Honeysuckle,S,0,
6/2/2022,133,Privot,S,0,
6/2/2022,133,Spicebush,S,0,
6/2/2022,133,Rubus,S,0,
6/2/2022,133,Mapleleaf Viburnum,S,0,
6/2/2022,108,Buckthorn,N,1,
6/2/2022,108,Multiflora rose,N,3,
6/2/2022,108,Honeysuckle,N,0,
6/2/2022,108,Privot,N,0,
6/2/2022,108,Spicebush,N,0,
6/2/2022,108,Rubus,N,0,
6/2/2022,108,Mapleleaf Viburnum,N,0,
6/2/2022,108,Buckthorn,S,0,
6/2/2022,108,Multiflora rose,S,4,
6/2/2022,108,Honeysuckle,S,0,
6/2/2022,108,Privot,S,0,
6/2/2022,108,Spicebush,S,0,
6/2/2022,108,Rubus,S,3,
6/2/2022,108,Mapleleaf Viburnum,S,0,
6/2/2022,107,Buckthorn,N,1,
6/2/2022,107,Multiflora rose,N,3,
6/2/2022,107,Honeysuckle,N,2,
6/2/2022,107,Privot,N,0,
6/2/2022,107,Spicebush,N,0,
6/2/2022,107,Rubus,N,0,
6/2/2022,107,Mapleleaf Viburnum,N,1,
6/2/2022,107,Buckthorn,S,0,
6/2/2022,107,Multiflora rose,S,3,
6/2/2022,107,Honeysuckle,S,0,
6/2/2022,107,Privot,S,0,
6/2/2022,107,Spicebush,S,0,
6/2/2022,107,Rubus,S,1,
6/2/2022,107,Mapleleaf Viburnum,S,0,
6/2/2022,106,Buckthorn,N,1,
6/2/2022,106,Multiflora rose,N,6,
6/2/2022,106,Honeysuckle,N,0,
6/2/2022,106,Privot,N,0,
6/2/2022,106,Spicebush,N,0,
6/2/2022,106,Rubus,N,1,
6/2/2022,106,Mapleleaf Viburnum,N,0,
6/2/2022,106,Buckthorn,S,1,
6/2/2022,106,Multiflora rose,S,6,
6/2/2022,106,Honeysuckle,S,1,
6/2/2022,106,Privot,S,0,
6/2/2022,106,Spicebush,S,0,
6/2/2022,106,Rubus,S,0,
6/2/2022,106,Mapleleaf Viburnum,S,0,
6/2/2022,117,Buckthorn,N,1,
6/2/2022,117,Multiflora rose,N,3,
6/2/2022,117,Honeysuckle,N,1,
6/2/2022,117,Privot,N,0,
6/2/2022,117,Spicebush,N,0,
6/2/2022,117,Rubus,N,0,
6/2/2022,117,Mapleleaf Viburnum,N,0,
6/2/2022,117,Buckthorn,S,1,
6/2/2022,117,Multiflora rose,S,2,
6/2/2022,117,Honeysuckle,S,0,
6/2/2022,117,Privot,S,0,
6/2/2022,117,Spicebush,S,0,
6/2/2022,117,Rubus,S,0,
6/2/2022,117,Mapleleaf Viburnum,S,1,
6/2/2022,109,Buckthorn,N,1,
6/2/2022,109,Multiflora rose,N,2,
6/2/2022,109,Honeysuckle,N,0,
6/2/2022,109,Privot,N,0,
6/2/2022,109,Spicebush,N,0,
6/2/2022,109,Rubus,N,0,
6/2/2022,109,Mapleleaf Viburnum,N,1,
6/2/2022,109,Buckthorn,S,1,
6/2/2022,109,Multiflora rose,S,3,
6/2/2022,109,Honeysuckle,S,1,
6/2/2022,109,Privot,S,0,
6/2/2022,109,Spicebush,S,0,
6/2/2022,109,Rubus,S,2,
6/2/2022,109,Mapleleaf Viburnum,S,0,
6/2/2022,110,Buckthorn,N,0,
6/2/2022,110,Multiflora rose,N,3,
6/2/2022,110,Honeysuckle,N,0,
6/2/2022,110,Privot,N,0,
6/2/2022,110,Spicebush,N,0,
6/2/2022,110,Rubus,N,2,
6/2/2022,110,Mapleleaf Viburnum,N,0,
6/2/2022,110,Buckthorn,S,0,
6/2/2022,110,Multiflora rose,S,3,
6/2/2022,110,Honeysuckle,S,0,
6/2/2022,110,Privot,S,0,
6/2/2022,110,Spicebush,S,0,
6/2/2022,110,Rubus,S,1,
6/2/2022,110,Mapleleaf Viburnum,S,0,
6/2/2022,233,Buckthorn,N,0,
6/2/2022,233,Multiflora rose,N,4,
6/2/2022,233,Honeysuckle,N,0,
6/2/2022,233,Privot,N,0,
6/2/2022,233,Spicebush,N,0,
6/2/2022,233,Rubus,N,2,
6/2/2022,233,Mapleleaf Viburnum,N,0,
6/2/2022,233,Buckthorn,S,1,
6/2/2022,233,Multiflora rose,S,2,
6/2/2022,233,Honeysuckle,S,0,
6/2/2022,233,Privot,S,0,
6/2/2022,233,Spicebush,S,0,
6/2/2022,233,Rubus,S,1,
6/2/2022,233,Mapleleaf Viburnum,S,0,
6/2/2022,231,Buckthorn,N,0,
6/2/2022,231,Multiflora rose,N,4,
6/2/2022,231,Honeysuckle,N,2,
6/2/2022,231,Privot,N,0,
6/2/2022,231,Spicebush,N,0,
6/2/2022,231,Rubus,N,0,
6/2/2022,231,Mapleleaf Viburnum,N,0,
6/2/2022,231,Buckthorn,S,0,
6/2/2022,231,Multiflora rose,S,5,
6/2/2022,231,Honeysuckle,S,1,
6/2/2022,231,Privot,S,0,
6/2/2022,231,Spicebush,S,0,
6/2/2022,231,Rubus,S,1,
6/2/2022,231,Mapleleaf Viburnum,S,0,
6/2/2022,135,Buckthorn,N,0,
6/2/2022,135,Multiflora rose,N,0,
6/2/2022,135,Honeysuckle,N,0,
6/2/2022,135,Privot,N,0,
6/2/2022,135,Spicebush,N,0,
6/2/2022,135,Rubus,N,0,
6/2/2022,135,Mapleleaf Viburnum,N,0,
6/2/2022,135,Buckthorn,S,0,
6/2/2022,135,Multiflora rose,S,0,
6/2/2022,135,Honeysuckle,S,0,
6/2/2022,135,Privot,S,0,
6/2/2022,135,Spicebush,S,0,
6/2/2022,135,Rubus,S,0,
6/2/2022,135,Mapleleaf Viburnum,S,0,
6/2/2022,111,Buckthorn,N,0,
6/2/2022,111,Multiflora rose,N,0,
6/2/2022,111,Honeysuckle,N,0,
6/2/2022,111,Privot,N,0,
6/2/2022,111,Spicebush,N,0,
6/2/2022,111,Rubus,N,0,
6/2/2022,111,Mapleleaf Viburnum,N,0,
6/2/2022,111,Buckthorn,S,0,
6/2/2022,111,Multiflora rose,S,0,
6/2/2022,111,Honeysuckle,S,0,
6/2/2022,111,Privot,S,1,
6/2/2022,111,Spicebush,S,0,
6/2/2022,111,Rubus,S,1,
6/2/2022,111,Mapleleaf Viburnum,S,0,
6/2/2022,100,Buckthorn,N,0,
6/2/2022,100,Multiflora rose,N,0,
6/2/2022,100,Honeysuckle,N,0,
6/2/2022,100,Privot,N,0,
6/2/2022,100,Spicebush,N,0,
6/2/2022,100,Rubus,N,0,
6/2/2022,100,Mapleleaf Viburnum,N,0,
6/2/2022,100,Buckthorn,S,0,
6/2/2022,100,Multiflora rose,S,0,
6/2/2022,100,Honeysuckle,S,0,
6/2/2022,100,Privot,S,0,
6/2/2022,100,Spicebush,S,0,
6/2/2022,100,Rubus,S,0,
6/2/2022,100,Mapleleaf Viburnum,S,0,
6/2/2022,242,Buckthorn,N,0,
6/2/2022,242,Multiflora rose,N,5,
6/2/2022,242,Honeysuckle,N,0,
6/2/2022,242,Privot,N,0,
6/2/2022,242,Spicebush,N,0,
6/2/2022,242,Rubus,N,1,
6/2/2022,242,Mapleleaf Viburnum,N,0,
6/2/2022,242,Buckthorn,S,1,
6/2/2022,242,Multiflora rose,S,5,
6/2/2022,242,Honeysuckle,S,0,
6/2/2022,242,Privot,S,0,
6/2/2022,242,Spicebush,S,0,
6/2/2022,242,Rubus,S,1,
6/2/2022,242,Mapleleaf Viburnum,S,1,
6/2/2022,118,Buckthorn,N,1,
6/2/2022,118,Multiflora rose,N,4,
6/2/2022,118,Honeysuckle,N,0,
6/2/2022,118,Privot,N,0,
6/2/2022,118,Spicebush,N,0,
6/2/2022,118,Rubus,N,2,
6/2/2022,118,Mapleleaf Viburnum,N,0,
6/2/2022,118,Buckthorn,S,0,
6/2/2022,118,Multiflora rose,S,2,
6/2/2022,118,Honeysuckle,S,0,
6/2/2022,118,Privot,S,0,
6/2/2022,118,Spicebush,S,0,
6/2/2022,118,Rubus,S,2,
6/2/2022,118,Mapleleaf Viburnum,S,0,
6/2/2022,232,Buckthorn,N,2,
6/2/2022,232,Multiflora rose,N,1,
6/2/2022,232,Honeysuckle,N,0,
6/2/2022,232,Privot,N,0,
6/2/2022,232,Spicebush,N,0,
6/2/2022,232,Rubus,N,0,
6/2/2022,232,Mapleleaf Viburnum,N,1,
6/2/2022,232,Buckthorn,S,0,
6/2/2022,232,Multiflora rose,S,1,
6/2/2022,232,Honeysuckle,S,0,
6/2/2022,232,Privot,S,1,
6/2/2022,232,Spicebush,S,0,
6/2/2022,232,Rubus,S,2,
6/2/2022,232,Mapleleaf Viburnum,S,0,
6/2/2022,236,Buckthorn,N,1,
6/2/2022,236,Multiflora rose,N,5,
6/2/2022,236,Honeysuckle,N,1,
6/2/2022,236,Privot,N,2,
6/2/2022,236,Spicebush,N,0,
6/2/2022,236,Rubus,N,1,
6/2/2022,236,Mapleleaf Viburnum,N,0,
6/2/2022,236,Buckthorn,S,1,
6/2/2022,236,Multiflora rose,S,3,
6/2/2022,236,Honeysuckle,S,0,
6/2/2022,236,Privot,S,1,
6/2/2022,236,Spicebush,S,0,
6/2/2022,236,Rubus,S,1,
6/2/2022,236,Mapleleaf Viburnum,S,0,
6/2/2022,119,Buckthorn,N,1,
6/2/2022,119,Multiflora rose,N,2,
6/2/2022,119,Honeysuckle,N,0,
6/2/2022,119,Privot,N,0,
6/2/2022,119,Spicebush,N,0,
6/2/2022,119,Rubus,N,0,
6/2/2022,119,Mapleleaf Viburnum,N,0,
6/2/2022,119,Buckthorn,S,1,
6/2/2022,119,Multiflora rose,S,1,
6/2/2022,119,Honeysuckle,S,0,
6/2/2022,119,Privot,S,0,
6/2/2022,119,Spicebush,S,0,
6/2/2022,119,Rubus,S,2,
6/2/2022,119,Mapleleaf Viburnum,S,0,
6/2/2022,120,Buckthorn,N,1,
6/2/2022,120,Multiflora rose,N,2,
6/2/2022,120,Honeysuckle,N,0,
6/2/2022,120,Privot,N,0,
6/2/2022,120,Spicebush,N,0,
6/2/2022,120,Rubus,N,0,
6/2/2022,120,Mapleleaf Viburnum,N,0,
6/2/2022,120,Buckthorn,S,1,
6/2/2022,120,Multiflora rose,S,4,
6/2/2022,120,Honeysuckle,S,0,
6/2/2022,120,Privot,S,0,
6/2/2022,120,Spicebush,S,0,
6/2/2022,120,Rubus,S,1,
6/2/2022,120,Mapleleaf Viburnum,S,1,
6/2/2022,112,Buckthorn,N,1,
6/2/2022,112,Multiflora rose,N,4,
6/2/2022,112,Honeysuckle,N,0,
6/2/2022,112,Privot,N,0,
6/2/2022,112,Spicebush,N,0,
6/2/2022,112,Rubus,N,1,
6/2/2022,112,Mapleleaf Viburnum,N,0,
6/2/2022,112,Buckthorn,S,1,
6/2/2022,112,Multiflora rose,S,5,
6/2/2022,112,Honeysuckle,S,0,
6/2/2022,112,Privot,S,0,
6/2/2022,112,Spicebush,S,0,
6/2/2022,112,Rubus,S,1,
6/2/2022,112,Mapleleaf Viburnum,S,0,
6/2/2022,114,Buckthorn,N,1,
6/2/2022,114,Multiflora rose,N,0,
6/2/2022,114,Honeysuckle,N,0,
6/2/2022,114,Privot,N,0,
6/2/2022,114,Spicebush,N,0,
6/2/2022,114,Rubus,N,0,
6/2/2022,114,Mapleleaf Viburnum,N,1,
6/2/2022,114,Buckthorn,S,0,
6/2/2022,114,Multiflora rose,S,3,
6/2/2022,114,Honeysuckle,S,0,
6/2/2022,114,Privot,S,0,
6/2/2022,114,Spicebush,S,0,
6/2/2022,114,Rubus,S,0,
6/2/2022,114,Mapleleaf Viburnum,S,1,
6/2/2022,115,Buckthorn,N,1,
6/2/2022,115,Multiflora rose,N,0,
6/2/2022,115,Honeysuckle,N,0,
6/2/2022,115,Privot,N,0,
6/2/2022,115,Spicebush,N,0,
6/2/2022,115,Rubus,N,0,
6/2/2022,115,Mapleleaf Viburnum,N,0,
6/2/2022,115,Buckthorn,S,1,
6/2/2022,115,Multiflora rose,S,0,
6/2/2022,115,Honeysuckle,S,0,
6/2/2022,115,Privot,S,0,
6/2/2022,115,Spicebush,S,0,
6/2/2022,115,Rubus,S,0,
6/2/2022,115,Mapleleaf Viburnum,S,2,
6/2/2022,125,Buckthorn,N,1,
6/2/2022,125,Multiflora rose,N,4,
6/2/2022,125,Honeysuckle,N,0,
6/2/2022,125,Privot,N,0,
6/2/2022,125,Spicebush,N,0,
6/2/2022,125,Rubus,N,2,
6/2/2022,125,Mapleleaf Viburnum,N,0,
6/2/2022,125,Buckthorn,S,0,
6/2/2022,125,Multiflora rose,S,4,
6/2/2022,125,Honeysuckle,S,0,
6/2/2022,125,Privot,S,0,
6/2/2022,125,Spicebush,S,0,
6/2/2022,125,Rubus,S,1,
6/2/2022,125,Mapleleaf Viburnum,S,0,
6/2/2022,229,Buckthorn,N,0,
6/2/2022,229,Multiflora rose,N,3,
6/2/2022,229,Honeysuckle,N,0,
6/2/2022,229,Privot,N,0,
6/2/2022,229,Spicebush,N,0,
6/2/2022,229,Rubus,N,2,
6/2/2022,229,Mapleleaf Viburnum,N,0,
6/2/2022,229,Buckthorn,S,0,
6/2/2022,229,Multiflora rose,S,3,
6/2/2022,229,Honeysuckle,S,0,
6/2/2022,229,Privot,S,0,
6/2/2022,229,Spicebush,S,0,
6/2/2022,229,Rubus,S,1,
6/2/2022,229,Mapleleaf Viburnum,S,0,
6/2/2022,238,Buckthorn,N,0,
6/2/2022,238,Multiflora rose,N,5,
6/2/2022,238,Honeysuckle,N,0,
6/2/2022,238,Privot,N,0,
6/2/2022,238,Spicebush,N,0,
6/2/2022,238,Rubus,N,1,
6/2/2022,238,Mapleleaf Viburnum,N,0,
6/2/2022,238,Buckthorn,S,1,
6/2/2022,238,Multiflora rose,S,4,
6/2/2022,238,Honeysuckle,S,0,
6/2/2022,238,Privot,S,0,
6/2/2022,238,Spicebush,S,0,
6/2/2022,238,Rubus,S,1,
6/2/2022,238,Mapleleaf Viburnum,S,0,
6/2/2022,91,Buckthorn,N,1,
6/2/2022,91,Multiflora rose,N,0,
6/2/2022,91,Honeysuckle,N,0,
6/2/2022,91,Privot,N,0,
6/2/2022,91,Spicebush,N,0,
6/2/2022,91,Rubus,N,0,
6/2/2022,91,Mapleleaf Viburnum,N,0,
6/2/2022,91,Buckthorn,S,1,
6/2/2022,91,Multiflora rose,S,1,
6/2/2022,91,Honeysuckle,S,0,
6/2/2022,91,Privot,S,0,
6/2/2022,91,Spicebush,S,0,
6/2/2022,91,Rubus,S,0,
6/2/2022,91,Mapleleaf Viburnum,S,0,
6/2/2022,90,Buckthorn,N,0,
6/2/2022,90,Multiflora rose,N,0,
6/2/2022,90,Honeysuckle,N,0,
6/2/2022,90,Privot,N,0,
6/2/2022,90,Spicebush,N,0,
6/2/2022,90,Rubus,N,0,
6/2/2022,90,Mapleleaf Viburnum,N,0,
6/2/2022,90,Buckthorn,S,1,
6/2/2022,90,Multiflora rose,S,0,
6/2/2022,90,Honeysuckle,S,0,
6/2/2022,90,Privot,S,0,
6/2/2022,90,Spicebush,S,0,
6/2/2022,90,Rubus,S,0,
6/2/2022,90,Mapleleaf Viburnum,S,0,
6/2/2022,234,Buckthorn,N,1,
6/2/2022,234,Multiflora rose,N,4,
6/2/2022,234,Honeysuckle,N,0,
6/2/2022,234,Privot,N,0,
6/2/2022,234,Spicebush,N,0,
6/2/2022,234,Rubus,N,0,
6/2/2022,234,Mapleleaf Viburnum,N,0,
6/2/2022,234,Buckthorn,S,1,
6/2/2022,234,Multiflora rose,S,2,
6/2/2022,234,Honeysuckle,S,0,
6/2/2022,234,Privot,S,0,
6/2/2022,234,Spicebush,S,0,
6/2/2022,234,Rubus,S,1,
6/2/2022,234,Mapleleaf Viburnum,S,0,
6/2/2022,240,Buckthorn,N,1,
6/2/2022,240,Multiflora rose,N,5,
6/2/2022,240,Honeysuckle,N,0,
6/2/2022,240,Privot,N,0,
6/2/2022,240,Spicebush,N,0,
6/2/2022,240,Rubus,N,1,
6/2/2022,240,Mapleleaf Viburnum,N,0,
6/2/2022,240,Buckthorn,S,1,
6/2/2022,240,Multiflora rose,S,3,
6/2/2022,240,Honeysuckle,S,0,
6/2/2022,240,Privot,S,0,
6/2/2022,240,Spicebush,S,0,
6/2/2022,240,Rubus,S,1,
6/2/2022,240,Mapleleaf Viburnum,S,0,
6/2/2022,247,Buckthorn,N,0,
6/2/2022,247,Multiflora rose,N,5,
6/2/2022,247,Honeysuckle,N,1,
6/2/2022,247,Privot,N,0,
6/2/2022,247,Spicebush,N,0,
6/2/2022,247,Rubus,N,1,
6/2/2022,247,Mapleleaf Viburnum,N,0,
6/2/2022,247,Buckthorn,S,1,
6/2/2022,247,Multiflora rose,S,4,
6/2/2022,247,Honeysuckle,S,0,
6/2/2022,247,Privot,S,0,
6/2/2022,247,Spicebush,S,0,
6/2/2022,247,Rubus,S,1,
6/2/2022,247,Mapleleaf Viburnum,S,0,
6/2/2022,295,Buckthorn,N,1,
6/2/2022,295,Multiflora rose,N,4,
6/2/2022,295,Honeysuckle,N,0,
6/2/2022,295,Privot,N,0,
6/2/2022,295,Spicebush,N,0,
6/2/2022,295,Rubus,N,0,
6/2/2022,295,Mapleleaf Viburnum,N,1,
6/2/2022,295,Buckthorn,S,0,
6/2/2022,295,Multiflora rose,S,5,
6/2/2022,295,Honeysuckle,S,0,
6/2/2022,295,Privot,S,0,
6/2/2022,295,Spicebush,S,0,
6/2/2022,295,Rubus,S,0,
6/2/2022,295,Mapleleaf Viburnum,S,0,
6/2/2022,881,Buckthorn,N,1,
6/2/2022,881,Multiflora rose,N,4,
6/2/2022,881,Honeysuckle,N,0,
6/2/2022,881,Privot,N,0,
6/2/2022,881,Spicebush,N,0,
6/2/2022,881,Rubus,N,1,
6/2/2022,881,Mapleleaf Viburnum,N,0,
6/2/2022,881,Buckthorn,S,1,
6/2/2022,881,Multiflora rose,S,3,
6/2/2022,881,Honeysuckle,S,0,
6/2/2022,881,Privot,S,0,
6/2/2022,881,Spicebush,S,0,
6/2/2022,881,Rubus,S,1,
6/2/2022,881,Mapleleaf Viburnum,S,0,
6/2/2022,96,Buckthorn,N,1,
6/2/2022,96,Multiflora rose,N,4,
6/2/2022,96,Honeysuckle,N,0,
6/2/2022,96,Privot,N,0,
6/2/2022,96,Spicebush,N,0,
6/2/2022,96,Rubus,N,1,
6/2/2022,96,Mapleleaf Viburnum,N,0,
6/2/2022,96,Buckthorn,S,1,
6/2/2022,96,Multiflora rose,S,4,
6/2/2022,96,Honeysuckle,S,0,
6/2/2022,96,Privot,S,0,
6/2/2022,96,Spicebush,S,0,
6/2/2022,96,Rubus,S,1,
6/2/2022,96,Mapleleaf Viburnum,S,0,
6/2/2022,243,Buckthorn,N,1,
6/2/2022,243,Multiflora rose,N,5,
6/2/2022,243,Honeysuckle,N,0,
6/2/2022,243,Privot,N,0,
6/2/2022,243,Spicebush,N,0,
6/2/2022,243,Rubus,N,1,
6/2/2022,243,Mapleleaf Viburnum,N,0,
6/2/2022,243,Buckthorn,S,2,
6/2/2022,243,Multiflora rose,S,4,
6/2/2022,243,Honeysuckle,S,0,
6/2/2022,243,Privot,S,0,
6/2/2022,243,Spicebush,S,0,
6/2/2022,243,Rubus,S,1,
6/2/2022,243,Mapleleaf Viburnum,S,0,
6/2/2022,101,Buckthorn,N,1,
6/2/2022,101,Multiflora rose,N,5,
6/2/2022,101,Honeysuckle,N,0,
6/2/2022,101,Privot,N,0,
6/2/2022,101,Spicebush,N,0,
6/2/2022,101,Rubus,N,0,
6/2/2022,101,Mapleleaf Viburnum,N,0,
6/2/2022,101,Buckthorn,S,0,
6/2/2022,101,Multiflora rose,S,4,
6/2/2022,101,Honeysuckle,S,0,
6/2/2022,101,Privot,S,0,
6/2/2022,101,Spicebush,S,0,
6/2/2022,101,Rubus,S,1,
6/2/2022,101,Mapleleaf Viburnum,S,0,
6/2/2022,93,Buckthorn,N,1,
6/2/2022,93,Multiflora rose,N,2,
6/2/2022,93,Honeysuckle,N,0,
6/2/2022,93,Privot,N,0,
6/2/2022,93,Spicebush,N,0,
6/2/2022,93,Rubus,N,0,
6/2/2022,93,Mapleleaf Viburnum,N,1,
6/2/2022,93,Buckthorn,S,1,
6/2/2022,93,Multiflora rose,S,2,
6/2/2022,93,Honeysuckle,S,0,
6/2/2022,93,Privot,S,0,
6/2/2022,93,Spicebush,S,0,
6/2/2022,93,Rubus,S,0,
6/2/2022,93,Mapleleaf Viburnum,S,0,
6/2/2022,245,Buckthorn,N,2,
6/2/2022,245,Multiflora rose,N,3,
6/2/2022,245,Honeysuckle,N,0,
6/2/2022,245,Privot,N,0,
6/2/2022,245,Spicebush,N,0,
6/2/2022,245,Rubus,N,1,
6/2/2022,245,Mapleleaf Viburnum,N,0,
6/2/2022,245,Buckthorn,S,1,
6/2/2022,245,Multiflora rose,S,4,
6/2/2022,245,Honeysuckle,S,0,
6/2/2022,245,Privot,S,0,
6/2/2022,245,Spicebush,S,0,
6/2/2022,245,Rubus,S,0,
6/2/2022,245,Mapleleaf Viburnum,S,0,
6/2/2022,94,Buckthorn,N,1,
6/2/2022,94,Multiflora rose,N,3,
6/2/2022,94,Honeysuckle,N,0,
6/2/2022,94,Privot,N,0,
6/2/2022,94,Spicebush,N,0,
6/2/2022,94,Rubus,N,0,
6/2/2022,94,Mapleleaf Viburnum,N,0,
6/2/2022,94,Buckthorn,S,1,
6/2/2022,94,Multiflora rose,S,4,
6/2/2022,94,Honeysuckle,S,0,
6/2/2022,94,Privot,S,0,
6/2/2022,94,Spicebush,S,0,
6/2/2022,94,Rubus,S,1,
6/2/2022,94,Mapleleaf Viburnum,S,0,
6/2/2022,244,Buckthorn,N,1,
6/2/2022,244,Multiflora rose,N,4,
6/2/2022,244,Honeysuckle,N,0,
6/2/2022,244,Privot,N,0,
6/2/2022,244,Spicebush,N,0,
6/2/2022,244,Rubus,N,1,
6/2/2022,244,Mapleleaf Viburnum,N,0,
6/2/2022,244,Buckthorn,S,2,
6/2/2022,244,Multiflora rose,S,3,
6/2/2022,244,Honeysuckle,S,0,
6/2/2022,244,Privot,S,0,
6/2/2022,244,Spicebush,S,0,
6/2/2022,244,Rubus,S,1,
6/2/2022,244,Mapleleaf Viburnum,S,0,
6/2/2022,95,Buckthorn,N,1,
6/2/2022,95,Multiflora rose,N,4,
6/2/2022,95,Honeysuckle,N,1,
6/2/2022,95,Privot,N,0,
6/2/2022,95,Spicebush,N,0,
6/2/2022,95,Rubus,N,0,
6/2/2022,95,Mapleleaf Viburnum,N,0,
6/2/2022,95,Buckthorn,S,1,
6/2/2022,95,Multiflora rose,S,4,
6/2/2022,95,Honeysuckle,S,0,
6/2/2022,95,Privot,S,0,
6/2/2022,95,Spicebush,S,0,
6/2/2022,95,Rubus,S,1,
6/2/2022,95,Mapleleaf Viburnum,S,0,
6/2/2022,92,Buckthorn,N,1,
6/2/2022,92,Multiflora rose,N,3,
6/2/2022,92,Honeysuckle,N,0,
6/2/2022,92,Privot,N,0,
6/2/2022,92,Spicebush,N,0,
6/2/2022,92,Rubus,N,1,
6/2/2022,92,Mapleleaf Viburnum,N,0,
6/2/2022,92,Buckthorn,S,1,
6/2/2022,92,Multiflora rose,S,2,
6/2/2022,92,Honeysuckle,S,0,
6/2/2022,92,Privot,S,0,
6/2/2022,92,Spicebush,S,0,
6/2/2022,92,Rubus,S,1,
6/2/2022,92,Mapleleaf Viburnum,S,0,
6/2/2022,235,Buckthorn,N,1,
6/2/2022,235,Multiflora rose,N,3,
6/2/2022,235,Honeysuckle,N,0,
6/2/2022,235,Privot,N,0,
6/2/2022,235,Spicebush,N,0,
6/2/2022,235,Rubus,N,0,
6/2/2022,235,Mapleleaf Viburnum,N,0,
6/2/2022,235,Buckthorn,S,1,
6/2/2022,235,Multiflora rose,S,5,
6/2/2022,235,Honeysuckle,S,0,
6/2/2022,235,Privot,S,0,
6/2/2022,235,Spicebush,S,0,
6/2/2022,235,Rubus,S,0,
6/2/2022,235,Mapleleaf Viburnum,S,0,
6/2/2022,900,Buckthorn,N,1,
6/2/2022,900,Multiflora rose,N,3,
6/2/2022,900,Honeysuckle,N,0,
6/2/2022,900,Privot,N,0,
6/2/2022,900,Spicebush,N,0,
6/2/2022,900,Rubus,N,0,
6/2/2022,900,Mapleleaf Viburnum,N,0,
6/2/2022,900,Buckthorn,S,1,
6/2/2022,900,Multiflora rose,S,5,
6/2/2022,900,Honeysuckle,S,0,
6/2/2022,900,Privot,S,0,
6/2/2022,900,Spicebush,S,0,
6/2/2022,900,Rubus,S,0,
6/2/2022,900,Mapleleaf Viburnum,S,0,
6/2/2022,88,Buckthorn,N,1,
6/2/2022,88,Multiflora rose,N,4,
6/2/2022,88,Honeysuckle,N,0,
6/2/2022,88,Privot,N,0,
6/2/2022,88,Spicebush,N,0,
6/2/2022,88,Rubus,N,1,
6/2/2022,88,Mapleleaf Viburnum,N,0,
6/2/2022,88,Buckthorn,S,1,
6/2/2022,88,Multiflora rose,S,4,
6/2/2022,88,Honeysuckle,S,0,
6/2/2022,88,Privot,S,0,
6/2/2022,88,Spicebush,S,0,
6/2/2022,88,Rubus,S,1,
6/2/2022,88,Mapleleaf Viburnum,S,0,
6/2/2022,241,Buckthorn,N,1,
6/2/2022,241,Multiflora rose,N,3,
6/2/2022,241,Honeysuckle,N,0,
6/2/2022,241,Privot,N,0,
6/2/2022,241,Spicebush,N,0,
6/2/2022,241,Rubus,N,1,
6/2/2022,241,Mapleleaf Viburnum,N,0,
6/2/2022,241,Buckthorn,S,1,
6/2/2022,241,Multiflora rose,S,0,
6/2/2022,241,Honeysuckle,S,0,
6/2/2022,241,Privot,S,0,
6/2/2022,241,Spicebush,S,0,
6/2/2022,241,Rubus,S,0,
6/2/2022,241,Mapleleaf Viburnum,S,0,
6/2/2022,239,Buckthorn,N,0,
6/2/2022,239,Multiflora rose,N,6,
6/2/2022,239,Honeysuckle,N,0,
6/2/2022,239,Privot,N,0,
6/2/2022,239,Spicebush,N,0,
6/2/2022,239,Rubus,N,0,
6/2/2022,239,Mapleleaf Viburnum,N,0,
6/2/2022,239,Buckthorn,S,0,
6/2/2022,239,Multiflora rose,S,5,
6/2/2022,239,Honeysuckle,S,0,
6/2/2022,239,Privot,S,0,
6/2/2022,239,Spicebush,S,0,
6/2/2022,239,Rubus,S,0,
6/2/2022,239,Mapleleaf Viburnum,S,0,
6/2/2022,237,Buckthorn,N,0,
6/2/2022,237,Multiflora rose,N,3,
6/2/2022,237,Honeysuckle,N,0,
6/2/2022,237,Privot,N,0,
6/2/2022,237,Spicebush,N,0,
6/2/2022,237,Rubus,N,1,
6/2/2022,237,Mapleleaf Viburnum,N,0,
6/2/2022,237,Buckthorn,S,0,
6/2/2022,237,Multiflora rose,S,3,
6/2/2022,237,Honeysuckle,S,0,
6/2/2022,237,Privot,S,0,
6/2/2022,237,Spicebush,S,0,
6/2/2022,237,Rubus,S,1,
6/2/2022,237,Mapleleaf Viburnum,S,1,
6/2/2022,81,Buckthorn,N,1,
6/2/2022,81,Multiflora rose,N,0,
6/2/2022,81,Honeysuckle,N,0,
6/2/2022,81,Privot,N,0,
6/2/2022,81,Spicebush,N,0,
6/2/2022,81,Rubus,N,0,
6/2/2022,81,Mapleleaf Viburnum,N,1,
6/2/2022,81,Buckthorn,S,1,
6/2/2022,81,Multiflora rose,S,0,
6/2/2022,81,Honeysuckle,S,0,
6/2/2022,81,Privot,S,0,
6/2/2022,81,Spicebush,S,0,
6/2/2022,81,Rubus,S,0,
6/2/2022,81,Mapleleaf Viburnum,S,0,
6/2/2022,86,Buckthorn,N,0,
6/2/2022,86,Multiflora rose,N,0,
6/2/2022,86,Honeysuckle,N,0,
6/2/2022,86,Privot,N,0,
6/2/2022,86,Spicebush,N,0,
6/2/2022,86,Rubus,N,0,
6/2/2022,86,Mapleleaf Viburnum,N,1,
6/2/2022,86,Buckthorn,S,0,
6/2/2022,86,Multiflora rose,S,1,
6/2/2022,86,Honeysuckle,S,0,
6/2/2022,86,Privot,S,0,
6/2/2022,86,Spicebush,S,0,
6/2/2022,86,Rubus,S,0,
6/2/2022,86,Mapleleaf Viburnum,S,1,
6/2/2022,87,Buckthorn,N,1,
6/2/2022,87,Multiflora rose,N,0,
6/2/2022,87,Honeysuckle,N,0,
6/2/2022,87,Privot,N,0,
6/2/2022,87,Spicebush,N,0,
6/2/2022,87,Rubus,N,0,
6/2/2022,87,Mapleleaf Viburnum,N,1,
6/2/2022,87,Buckthorn,S,0,
6/2/2022,87,Multiflora rose,S,0,
6/2/2022,87,Honeysuckle,S,0,
6/2/2022,87,Privot,S,0,
6/2/2022,87,Spicebush,S,0,
6/2/2022,87,Rubus,S,0,
6/2/2022,87,Mapleleaf Viburnum,S,0,
6/2/2022,89,Buckthorn,N,2,
6/2/2022,89,Multiflora rose,N,0,
6/2/2022,89,Honeysuckle,N,0,
6/2/2022,89,Privot,N,0,
6/2/2022,89,Spicebush,N,0,
6/2/2022,89,Rubus,N,0,
6/2/2022,89,Mapleleaf Viburnum,N,0,
6/2/2022,89,Buckthorn,S,1,
6/2/2022,89,Multiflora rose,S,0,
6/2/2022,89,Honeysuckle,S,0,
6/2/2022,89,Privot,S,0,
6/2/2022,89,Spicebush,S,0,
6/2/2022,89,Rubus,S,1,
6/2/2022,89,Mapleleaf Viburnum,S,0,
6/2/2022,859,Buckthorn,N,1,
6/2/2022,859,Multiflora rose,N,0,
6/2/2022,859,Honeysuckle,N,0,
6/2/2022,859,Privot,N,0,
6/2/2022,859,Spicebush,N,0,
6/2/2022,859,Rubus,N,0,
6/2/2022,859,Mapleleaf Viburnum,N,0,
6/2/2022,859,Buckthorn,S,1,
6/2/2022,859,Multiflora rose,S,0,
6/2/2022,859,Honeysuckle,S,0,
6/2/2022,859,Privot,S,0,
6/2/2022,859,Spicebush,S,0,
6/2/2022,859,Rubus,S,0,
6/2/2022,859,Mapleleaf Viburnum,S,0,
6/2/2022,97,Buckthorn,N,1,
6/2/2022,97,Multiflora rose,N,1,
6/2/2022,97,Honeysuckle,N,0,
6/2/2022,97,Privot,N,0,
6/2/2022,97,Spicebush,N,0,
6/2/2022,97,Rubus,N,0,
6/2/2022,97,Mapleleaf Viburnum,N,0,
6/2/2022,97,Buckthorn,S,1,
6/2/2022,97,Multiflora rose,S,2,
6/2/2022,97,Honeysuckle,S,0,
6/2/2022,97,Privot,S,0,
6/2/2022,97,Spicebush,S,0,
6/2/2022,97,Rubus,S,1,
6/2/2022,97,Mapleleaf Viburnum,S,0,
6/2/2022,84,Buckthorn,N,1,
6/2/2022,84,Multiflora rose,N,2,
6/2/2022,84,Honeysuckle,N,0,
6/2/2022,84,Privot,N,0,
6/2/2022,84,Spicebush,N,0,
6/2/2022,84,Rubus,N,1,
6/2/2022,84,Mapleleaf Viburnum,N,0,
6/2/2022,84,Buckthorn,S,1,
6/2/2022,84,Multiflora rose,S,0,
6/2/2022,84,Honeysuckle,S,1,
6/2/2022,84,Privot,S,0,
6/2/2022,84,Spicebush,S,0,
6/2/2022,84,Rubus,S,0,
6/2/2022,84,Mapleleaf Viburnum,S,0,
6/2/2022,83,Buckthorn,N,1,
6/2/2022,83,Multiflora rose,N,0,
6/2/2022,83,Honeysuckle,N,0,
6/2/2022,83,Privot,N,0,
6/2/2022,83,Spicebush,N,0,
6/2/2022,83,Rubus,N,1,
6/2/2022,83,Mapleleaf Viburnum,N,0,
6/2/2022,83,Buckthorn,S,0,
6/2/2022,83,Multiflora rose,S,0,
6/2/2022,83,Honeysuckle,S,0,
6/2/2022,83,Privot,S,0,
6/2/2022,83,Spicebush,S,0,
6/2/2022,83,Rubus,S,1,
6/2/2022,83,Mapleleaf Viburnum,S,0,
6/2/2022,82,Buckthorn,N,1,
6/2/2022,82,Multiflora rose,N,0,
6/2/2022,82,Honeysuckle,N,0,
6/2/2022,82,Privot,N,0,
6/2/2022,82,Spicebush,N,0,
6/2/2022,82,Rubus,N,1,
6/2/2022,82,Mapleleaf Viburnum,N,0,
6/2/2022,82,Buckthorn,S,1,
6/2/2022,82,Multiflora rose,S,0,
6/2/2022,82,Honeysuckle,S,0,
6/2/2022,82,Privot,S,0,
6/2/2022,82,Spicebush,S,0,
6/2/2022,82,Rubus,S,0,
6/2/2022,82,Mapleleaf Viburnum,S,0,
6/2/2022,80,Buckthorn,N,1,
6/2/2022,80,Multiflora rose,N,0,
6/2/2022,80,Honeysuckle,N,0,
6/2/2022,80,Privot,N,0,
6/2/2022,80,Spicebush,N,0,
6/2/2022,80,Rubus,N,0,
6/2/2022,80,Mapleleaf Viburnum,N,0,
6/2/2022,80,Buckthorn,S,0,
6/2/2022,80,Multiflora rose,S,0,
6/2/2022,80,Honeysuckle,S,0,
6/2/2022,80,Privot,S,0,
6/2/2022,80,Spicebush,S,0,
6/2/2022,80,Rubus,S,0,
6/2/2022,80,Mapleleaf Viburnum,S,2,
6/2/2022,73,Buckthorn,N,1,
6/2/2022,73,Multiflora rose,N,4,
6/2/2022,73,Honeysuckle,N,0,
6/2/2022,73,Privot,N,0,
6/2/2022,73,Spicebush,N,0,
6/2/2022,73,Rubus,N,0,
6/2/2022,73,Mapleleaf Viburnum,N,0,
6/2/2022,73,Buckthorn,S,1,
6/2/2022,73,Multiflora rose,S,2,
6/2/2022,73,Honeysuckle,S,0,
6/2/2022,73,Privot,S,0,
6/2/2022,73,Spicebush,S,0,
6/2/2022,73,Rubus,S,0,
6/2/2022,73,Mapleleaf Viburnum,S,0,
6/2/2022,79,Buckthorn,N,1,
6/2/2022,79,Multiflora rose,N,3,
6/2/2022,79,Honeysuckle,N,0,
6/2/2022,79,Privot,N,0,
6/2/2022,79,Spicebush,N,0,
6/2/2022,79,Rubus,N,0,
6/2/2022,79,Mapleleaf Viburnum,N,0,
6/2/2022,79,Buckthorn,S,1,
6/2/2022,79,Multiflora rose,S,2,
6/2/2022,79,Honeysuckle,S,0,
6/2/2022,79,Privot,S,0,
6/2/2022,79,Spicebush,S,0,
6/2/2022,79,Rubus,S,0,
6/2/2022,79,Mapleleaf Viburnum,S,0,
6/2/2022,99,Buckthorn,N,1,
6/2/2022,99,Multiflora rose,N,2,
6/2/2022,99,Honeysuckle,N,0,
6/2/2022,99,Privot,N,1,
6/2/2022,99,Spicebush,N,0,
6/2/2022,99,Rubus,N,0,
6/2/2022,99,Mapleleaf Viburnum,N,0,
6/2/2022,99,Buckthorn,S,1,
6/2/2022,99,Multiflora rose,S,1,
6/2/2022,99,Honeysuckle,S,0,
6/2/2022,99,Privot,S,0,
6/2/2022,99,Spicebush,S,0,
6/2/2022,99,Rubus,S,1,
6/2/2022,99,Mapleleaf Viburnum,S,0,
6/2/2022,228,Buckthorn,N,1,
6/2/2022,228,Multiflora rose,N,2,
6/2/2022,228,Honeysuckle,N,0,
6/2/2022,228,Privot,N,0,
6/2/2022,228,Spicebush,N,0,
6/2/2022,228,Rubus,N,1,
6/2/2022,228,Mapleleaf Viburnum,N,1,
6/2/2022,228,Buckthorn,S,0,
6/2/2022,228,Multiflora rose,S,0,
6/2/2022,228,Honeysuckle,S,0,
6/2/2022,228,Privot,S,0,
6/2/2022,228,Spicebush,S,0,
6/2/2022,228,Rubus,S,1,
6/2/2022,228,Mapleleaf Viburnum,S,0,
6/2/2022,98,Buckthorn,N,1,
6/2/2022,98,Multiflora rose,N,1,
6/2/2022,98,Honeysuckle,N,0,
6/2/2022,98,Privot,N,0,
6/2/2022,98,Spicebush,N,0,
6/2/2022,98,Rubus,N,1,
6/2/2022,98,Mapleleaf Viburnum,N,0,
6/2/2022,98,Buckthorn,S,1,
6/2/2022,98,Multiflora rose,S,1,
6/2/2022,98,Honeysuckle,S,0,
6/2/2022,98,Privot,S,0,
6/2/2022,98,Spicebush,S,0,
6/2/2022,98,Rubus,S,0,
6/2/2022,98,Mapleleaf Viburnum,S,0,
6/2/2022,230,Buckthorn,N,0,
6/2/2022,230,Multiflora rose,N,5,
6/2/2022,230,Honeysuckle,N,0,
6/2/2022,230,Privot,N,0,
6/2/2022,230,Spicebush,N,0,
6/2/2022,230,Rubus,N,0,
6/2/2022,230,Mapleleaf Viburnum,N,0,
6/2/2022,230,Buckthorn,S,0,
6/2/2022,230,Multiflora rose,S,2,
6/2/2022,230,Honeysuckle,S,0,
6/2/2022,230,Privot,S,0,
6/2/2022,230,Spicebush,S,0,
6/2/2022,230,Rubus,S,1,
6/2/2022,230,Mapleleaf Viburnum,S,0,
6/2/2022,116,Buckthorn,N,0,
6/2/2022,116,Multiflora rose,N,5,
6/2/2022,116,Honeysuckle,N,0,
6/2/2022,116,Privot,N,0,
6/2/2022,116,Spicebush,N,0,
6/2/2022,116,Rubus,N,0,
6/2/2022,116,Mapleleaf Viburnum,N,0,
6/2/2022,116,Buckthorn,S,1,
6/2/2022,116,Multiflora rose,S,3,
6/2/2022,116,Honeysuckle,S,0,
6/2/2022,116,Privot,S,0,
6/2/2022,116,Spicebush,S,0,
6/2/2022,116,Rubus,S,0,
6/2/2022,116,Mapleleaf Viburnum,S,0,
6/2/2022,113,Buckthorn,N,1,
6/2/2022,113,Multiflora rose,N,2,
6/2/2022,113,Honeysuckle,N,0,
6/2/2022,113,Privot,N,0,
6/2/2022,113,Spicebush,N,0,
6/2/2022,113,Rubus,N,1,
6/2/2022,113,Mapleleaf Viburnum,N,0,
6/2/2022,113,Buckthorn,S,1,
6/2/2022,113,Multiflora rose,S,3,
6/2/2022,113,Honeysuckle,S,0,
6/2/2022,113,Privot,S,0,
6/2/2022,113,Spicebush,S,0,
6/2/2022,113,Rubus,S,0,
6/2/2022,113,Mapleleaf Viburnum,S,0,
6/2/2022,76,Buckthorn,N,1,
6/2/2022,76,Multiflora rose,N,4,
6/2/2022,76,Honeysuckle,N,0,
6/2/2022,76,Privot,N,0,
6/2/2022,76,Spicebush,N,0,
6/2/2022,76,Rubus,N,0,
6/2/2022,76,Mapleleaf Viburnum,N,0,
6/2/2022,76,Buckthorn,S,1,
6/2/2022,76,Multiflora rose,S,5,
6/2/2022,76,Honeysuckle,S,0,
6/2/2022,76,Privot,S,0,
6/2/2022,76,Spicebush,S,0,
6/2/2022,76,Rubus,S,1,
6/2/2022,76,Mapleleaf Viburnum,S,0,
6/2/2022,884,Buckthorn,N,1,
6/2/2022,884,Multiflora rose,N,4,
6/2/2022,884,Honeysuckle,N,0,
6/2/2022,884,Privot,N,0,
6/2/2022,884,Spicebush,N,0,
6/2/2022,884,Rubus,N,1,
6/2/2022,884,Mapleleaf Viburnum,N,0,
6/2/2022,884,Buckthorn,S,1,
6/2/2022,884,Multiflora rose,S,3,
6/2/2022,884,Honeysuckle,S,0,
6/2/2022,884,Privot,S,0,
6/2/2022,884,Spicebush,S,0,
6/2/2022,884,Rubus,S,0,
6/2/2022,884,Mapleleaf Viburnum,S,0,
6/2/2022,123,Buckthorn,N,0,
6/2/2022,123,Multiflora rose,N,0,
6/2/2022,123,Honeysuckle,N,0,
6/2/2022,123,Privot,N,0,
6/2/2022,123,Spicebush,N,0,
6/2/2022,123,Rubus,N,0,
6/2/2022,123,Mapleleaf Viburnum,N,0,
6/2/2022,123,Buckthorn,S,1,
6/2/2022,123,Multiflora rose,S,0,
6/2/2022,123,Honeysuckle,S,0,
6/2/2022,123,Privot,S,1,
6/2/2022,123,Spicebush,S,0,
6/2/2022,123,Rubus,S,1,
6/2/2022,123,Mapleleaf Viburnum,S,0,
6/2/2022,124,Buckthorn,N,1,
6/2/2022,124,Multiflora rose,N,1,
6/2/2022,124,Honeysuckle,N,0,
6/2/2022,124,Privot,N,1,
6/2/2022,124,Spicebush,N,0,
6/2/2022,124,Rubus,N,1,
6/2/2022,124,Mapleleaf Viburnum,N,0,
6/2/2022,124,Buckthorn,S,0,
6/2/2022,124,Multiflora rose,S,2,
6/2/2022,124,Honeysuckle,S,0,
6/2/2022,124,Privot,S,1,
6/2/2022,124,Spicebush,S,0,
6/2/2022,124,Rubus,S,0,
6/2/2022,124,Mapleleaf Viburnum,S,0,
6/2/2022,227,Buckthorn,N,0,
6/2/2022,227,Multiflora rose,N,3,
6/2/2022,227,Honeysuckle,N,0,
6/2/2022,227,Privot,N,0,
6/2/2022,227,Spicebush,N,0,
6/2/2022,227,Rubus,N,1,
6/2/2022,227,Mapleleaf Viburnum,N,0,
6/2/2022,227,Buckthorn,S,1,
6/2/2022,227,Multiflora rose,S,1,
6/2/2022,227,Honeysuckle,S,0,
6/2/2022,227,Privot,S,1,
6/2/2022,227,Spicebush,S,0,
6/2/2022,227,Rubus,S,1,
6/2/2022,227,Mapleleaf Viburnum,S,0,
6/2/2022,888,Buckthorn,N,0,
6/2/2022,888,Multiflora rose,N,4,
6/2/2022,888,Honeysuckle,N,0,
6/2/2022,888,Privot,N,0,
6/2/2022,888,Spicebush,N,0,
6/2/2022,888,Rubus,N,1,
6/2/2022,888,Mapleleaf Viburnum,N,0,
6/2/2022,888,Buckthorn,S,0,
6/2/2022,888,Multiflora rose,S,2,
6/2/2022,888,Honeysuckle,S,0,
6/2/2022,888,Privot,S,0,
6/2/2022,888,Spicebush,S,0,
6/2/2022,888,Rubus,S,1,
6/2/2022,888,Mapleleaf Viburnum,S,0,
6/2/2022,122,Buckthorn,N,0,
6/2/2022,122,Multiflora rose,N,1,
6/2/2022,122,Honeysuckle,N,1,
6/2/2022,122,Privot,N,0,
6/2/2022,122,Spicebush,N,0,
6/2/2022,122,Rubus,N,1,
6/2/2022,122,Mapleleaf Viburnum,N,0,
6/2/2022,122,Buckthorn,S,0,
6/2/2022,122,Multiflora rose,S,0,
6/2/2022,122,Honeysuckle,S,0,
6/2/2022,122,Privot,S,1,
6/2/2022,122,Spicebush,S,0,
6/2/2022,122,Rubus,S,2,
6/2/2022,122,Mapleleaf Viburnum,S,0,
6/2/2022,183,Buckthorn,N,1,
6/2/2022,183,Multiflora rose,N,0,
6/2/2022,183,Honeysuckle,N,1,
6/2/2022,183,Privot,N,0,
6/2/2022,183,Spicebush,N,1,
6/2/2022,183,Rubus,N,0,
6/2/2022,183,Mapleleaf Viburnum,N,0,
6/2/2022,183,Buckthorn,S,1,
6/2/2022,183,Multiflora rose,S,0,
6/2/2022,183,Honeysuckle,S,0,
6/2/2022,183,Privot,S,0,
6/2/2022,183,Spicebush,S,0,
6/2/2022,183,Rubus,S,0,
6/2/2022,183,Mapleleaf Viburnum,S,0,
6/2/2022,323,Buckthorn,N,1,
6/2/2022,323,Multiflora rose,N,1,
6/2/2022,323,Honeysuckle,N,0,
6/2/2022,323,Privot,N,0,
6/2/2022,323,Spicebush,N,1,
6/2/2022,323,Rubus,N,0,
6/2/2022,323,Mapleleaf Viburnum,N,0,
6/2/2022,323,Buckthorn,S,1,
6/2/2022,323,Multiflora rose,S,0,
6/2/2022,323,Honeysuckle,S,0,
6/2/2022,323,Privot,S,0,
6/2/2022,323,Spicebush,S,0,
6/2/2022,323,Rubus,S,0,
6/2/2022,323,Mapleleaf Viburnum,S,0,
6/2/2022,179,Buckthorn,N,1,
6/2/2022,179,Multiflora rose,N,1,
6/2/2022,179,Honeysuckle,N,1,
6/2/2022,179,Privot,N,0,
6/2/2022,179,Spicebush,N,0,
6/2/2022,179,Rubus,N,0,
6/2/2022,179,Mapleleaf Viburnum,N,0,
6/2/2022,179,Buckthorn,S,1,
6/2/2022,179,Multiflora rose,S,0,
6/2/2022,179,Honeysuckle,S,0,
6/2/2022,179,Privot,S,0,
6/2/2022,179,Spicebush,S,0,
6/2/2022,179,Rubus,S,0,
6/2/2022,179,Mapleleaf Viburnum,S,0,
6/2/2022,321,Buckthorn,N,1,
6/2/2022,321,Multiflora rose,N,0,
6/2/2022,321,Honeysuckle,N,1,
6/2/2022,321,Privot,N,0,
6/2/2022,321,Spicebush,N,0,
6/2/2022,321,Rubus,N,0,
6/2/2022,321,Mapleleaf Viburnum,N,0,
6/2/2022,321,Buckthorn,S,1,
6/2/2022,321,Multiflora rose,S,1,
6/2/2022,321,Honeysuckle,S,0,
6/2/2022,321,Privot,S,0,
6/2/2022,321,Spicebush,S,0,
6/2/2022,321,Rubus,S,0,
6/2/2022,321,Mapleleaf Viburnum,S,0,
6/2/2022,184,Buckthorn,N,2,
6/2/2022,184,Multiflora rose,N,1,
6/2/2022,184,Honeysuckle,N,0,
6/2/2022,184,Privot,N,0,
6/2/2022,184,Spicebush,N,0,
6/2/2022,184,Rubus,N,0,
6/2/2022,184,Mapleleaf Viburnum,N,0,
6/2/2022,184,Buckthorn,S,2,
6/2/2022,184,Multiflora rose,S,0,
6/2/2022,184,Honeysuckle,S,0,
6/2/2022,184,Privot,S,0,
6/2/2022,184,Spicebush,S,0,
6/2/2022,184,Rubus,S,2,
6/2/2022,184,Mapleleaf Viburnum,S,0,
6/2/2022,322,Buckthorn,N,1,
6/2/2022,322,Multiflora rose,N,1,
6/2/2022,322,Honeysuckle,N,0,
6/2/2022,322,Privot,N,0,
6/2/2022,322,Spicebush,N,0,
6/2/2022,322,Rubus,N,0,
6/2/2022,322,Mapleleaf Viburnum,N,0,
6/2/2022,322,Buckthorn,S,1,
6/2/2022,322,Multiflora rose,S,1,
6/2/2022,322,Honeysuckle,S,0,
6/2/2022,322,Privot,S,0,
6/2/2022,322,Spicebush,S,0,
6/2/2022,322,Rubus,S,1,
6/2/2022,322,Mapleleaf Viburnum,S,0,
6/2/2022,391,Buckthorn,N,2,
6/2/2022,391,Multiflora rose,N,0,
6/2/2022,391,Honeysuckle,N,1,
6/2/2022,391,Privot,N,0,
6/2/2022,391,Spicebush,N,0,
6/2/2022,391,Rubus,N,0,
6/2/2022,391,Mapleleaf Viburnum,N,0,
6/2/2022,391,Buckthorn,S,1,
6/2/2022,391,Multiflora rose,S,1,
6/2/2022,391,Honeysuckle,S,0,
6/2/2022,391,Privot,S,0,
6/2/2022,391,Spicebush,S,0,
6/2/2022,391,Rubus,S,0,
6/2/2022,391,Mapleleaf Viburnum,S,0,
6/2/2022,390,Buckthorn,N,2,
6/2/2022,390,Multiflora rose,N,1,
6/2/2022,390,Honeysuckle,N,0,
6/2/2022,390,Privot,N,1,
6/2/2022,390,Spicebush,N,1,
6/2/2022,390,Rubus,N,1,
6/2/2022,390,Mapleleaf Viburnum,N,0,
6/2/2022,390,Buckthorn,S,1,
6/2/2022,390,Multiflora rose,S,1,
6/2/2022,390,Honeysuckle,S,0,
6/2/2022,390,Privot,S,0,
6/2/2022,390,Spicebush,S,0,
6/2/2022,390,Rubus,S,1,
6/2/2022,390,Mapleleaf Viburnum,S,0,
6/2/2022,324,Buckthorn,N,1,
6/2/2022,324,Multiflora rose,N,1,
6/2/2022,324,Honeysuckle,N,0,
6/2/2022,324,Privot,N,0,
6/2/2022,324,Spicebush,N,0,
6/2/2022,324,Rubus,N,0,
6/2/2022,324,Mapleleaf Viburnum,N,0,
6/2/2022,324,Buckthorn,S,1,
6/2/2022,324,Multiflora rose,S,0,
6/2/2022,324,Honeysuckle,S,0,
6/2/2022,324,Privot,S,0,
6/2/2022,324,Spicebush,S,0,
6/2/2022,324,Rubus,S,0,
6/2/2022,324,Mapleleaf Viburnum,S,0,
6/2/2022,940,Buckthorn,N,1,
6/2/2022,940,Multiflora rose,N,1,
6/2/2022,940,Honeysuckle,N,1,
6/2/2022,940,Privot,N,1,
6/2/2022,940,Spicebush,N,0,
6/2/2022,940,Rubus,N,0,
6/2/2022,940,Mapleleaf Viburnum,N,0,
6/2/2022,940,Buckthorn,S,1,
6/2/2022,940,Multiflora rose,S,2,
6/2/2022,940,Honeysuckle,S,1,
6/2/2022,940,Privot,S,0,
6/2/2022,940,Spicebush,S,0,
6/2/2022,940,Rubus,S,0,
6/2/2022,940,Mapleleaf Viburnum,S,0,
6/2/2022,327,Buckthorn,N,1,
6/2/2022,327,Multiflora rose,N,0,
6/2/2022,327,Honeysuckle,N,0,
6/2/2022,327,Privot,N,0,
6/2/2022,327,Spicebush,N,0,
6/2/2022,327,Rubus,N,0,
6/2/2022,327,Mapleleaf Viburnum,N,0,
6/2/2022,327,Buckthorn,S,1,
6/2/2022,327,Multiflora rose,S,0,
6/2/2022,327,Honeysuckle,S,1,
6/2/2022,327,Privot,S,0,
6/2/2022,327,Spicebush,S,0,
6/2/2022,327,Rubus,S,0,
6/2/2022,327,Mapleleaf Viburnum,S,0,
6/2/2022,329,Buckthorn,N,1,
6/2/2022,329,Multiflora rose,N,0,
6/2/2022,329,Honeysuckle,N,0,
6/2/2022,329,Privot,N,0,
6/2/2022,329,Spicebush,N,0,
6/2/2022,329,Rubus,N,0,
6/2/2022,329,Mapleleaf Viburnum,N,0,
6/2/2022,329,Buckthorn,S,1,
6/2/2022,329,Multiflora rose,S,0,
6/2/2022,329,Honeysuckle,S,0,
6/2/2022,329,Privot,S,0,
6/2/2022,329,Spicebush,S,0,
6/2/2022,329,Rubus,S,0,
6/2/2022,329,Mapleleaf Viburnum,S,0,
6/2/2022,328,Buckthorn,N,1,
6/2/2022,328,Multiflora rose,N,1,
6/2/2022,328,Honeysuckle,N,0,
6/2/2022,328,Privot,N,1,
6/2/2022,328,Spicebush,N,0,
6/2/2022,328,Rubus,N,0,
6/2/2022,328,Mapleleaf Viburnum,N,0,
6/2/2022,328,Buckthorn,S,1,
6/2/2022,328,Multiflora rose,S,1,
6/2/2022,328,Honeysuckle,S,0,
6/2/2022,328,Privot,S,0,
6/2/2022,328,Spicebush,S,0,
6/2/2022,328,Rubus,S,1,
6/2/2022,328,Mapleleaf Viburnum,S,0,
6/2/2022,175,Buckthorn,N,1,
6/2/2022,175,Multiflora rose,N,1,
6/2/2022,175,Honeysuckle,N,0,
6/2/2022,175,Privot,N,0,
6/2/2022,175,Spicebush,N,0,
6/2/2022,175,Rubus,N,0,
6/2/2022,175,Mapleleaf Viburnum,N,0,
6/2/2022,175,Buckthorn,S,1,
6/2/2022,175,Multiflora rose,S,1,
6/2/2022,175,Honeysuckle,S,0,
6/2/2022,175,Privot,S,0,
6/2/2022,175,Spicebush,S,0,
6/2/2022,175,Rubus,S,1,
6/2/2022,175,Mapleleaf Viburnum,S,0,
6/2/2022,278,Buckthorn,N,1,
6/2/2022,278,Multiflora rose,N,1,
6/2/2022,278,Honeysuckle,N,0,
6/2/2022,278,Privot,N,0,
6/2/2022,278,Spicebush,N,0,
6/2/2022,278,Rubus,N,0,
6/2/2022,278,Mapleleaf Viburnum,N,0,
6/2/2022,278,Buckthorn,S,0,
6/2/2022,278,Multiflora rose,S,0,
6/2/2022,278,Honeysuckle,S,0,
6/2/2022,278,Privot,S,0,
6/2/2022,278,Spicebush,S,0,
6/2/2022,278,Rubus,S,0,
6/2/2022,278,Mapleleaf Viburnum,S,0,
6/2/2022,383,Buckthorn,N,1,
6/2/2022,383,Multiflora rose,N,1,
6/2/2022,383,Honeysuckle,N,0,
6/2/2022,383,Privot,N,0,
6/2/2022,383,Spicebush,N,0,
6/2/2022,383,Rubus,N,0,
6/2/2022,383,Mapleleaf Viburnum,N,0,
6/2/2022,383,Buckthorn,S,0,
6/2/2022,383,Multiflora rose,S,0,
6/2/2022,383,Honeysuckle,S,0,
6/2/2022,383,Privot,S,0,
6/2/2022,383,Spicebush,S,0,
6/2/2022,383,Rubus,S,0,
6/2/2022,383,Mapleleaf Viburnum,S,0,
6/2/2022,318,Buckthorn,N,1,
6/2/2022,318,Multiflora rose,N,1,
6/2/2022,318,Honeysuckle,N,1,
6/2/2022,318,Privot,N,0,
6/2/2022,318,Spicebush,N,0,
6/2/2022,318,Rubus,N,0,
6/2/2022,318,Mapleleaf Viburnum,N,0,
6/2/2022,318,Buckthorn,S,1,
6/2/2022,318,Multiflora rose,S,1,
6/2/2022,318,Honeysuckle,S,0,
6/2/2022,318,Privot,S,0,
6/2/2022,318,Spicebush,S,0,
6/2/2022,318,Rubus,S,0,
6/2/2022,318,Mapleleaf Viburnum,S,0,
6/2/2022,382,Buckthorn,N,0,
6/2/2022,382,Multiflora rose,N,0,
6/2/2022,382,Honeysuckle,N,0,
6/2/2022,382,Privot,N,1,
6/2/2022,382,Spicebush,N,0,
6/2/2022,382,Rubus,N,0,
6/2/2022,382,Mapleleaf Viburnum,N,0,
6/2/2022,382,Buckthorn,S,1,
6/2/2022,382,Multiflora rose,S,1,
6/2/2022,382,Honeysuckle,S,0,
6/2/2022,382,Privot,S,0,
6/2/2022,382,Spicebush,S,1,
6/2/2022,382,Rubus,S,0,
6/2/2022,382,Mapleleaf Viburnum,S,0,
6/2/2022,330,Buckthorn,N,1,
6/2/2022,330,Multiflora rose,N,1,
6/2/2022,330,Honeysuckle,N,1,
6/2/2022,330,Privot,N,0,
6/2/2022,330,Spicebush,N,0,
6/2/2022,330,Rubus,N,0,
6/2/2022,330,Mapleleaf Viburnum,N,1,
6/2/2022,330,Buckthorn,S,0,
6/2/2022,330,Multiflora rose,S,0,
6/2/2022,330,Honeysuckle,S,1,
6/2/2022,330,Privot,S,0,
6/2/2022,330,Spicebush,S,0,
6/2/2022,330,Rubus,S,0,
6/2/2022,330,Mapleleaf Viburnum,S,0,
6/2/2022,931,Buckthorn,N,0,
6/2/2022,931,Multiflora rose,N,1,
6/2/2022,931,Honeysuckle,N,0,
6/2/2022,931,Privot,N,0,
6/2/2022,931,Spicebush,N,0,
6/2/2022,931,Rubus,N,0,
6/2/2022,931,Mapleleaf Viburnum,N,0,
6/2/2022,931,Buckthorn,S,0,
6/2/2022,931,Multiflora rose,S,1,
6/2/2022,931,Honeysuckle,S,0,
6/2/2022,931,Privot,S,0,
6/2/2022,931,Spicebush,S,0,
6/2/2022,931,Rubus,S,0,
6/2/2022,931,Mapleleaf Viburnum,S,0,
6/2/2022,178,Buckthorn,N,1,
6/2/2022,178,Multiflora rose,N,1,
6/2/2022,178,Honeysuckle,N,1,
6/2/2022,178,Privot,N,0,
6/2/2022,178,Spicebush,N,0,
6/2/2022,178,Rubus,N,0,
6/2/2022,178,Mapleleaf Viburnum,N,1,
6/2/2022,178,Buckthorn,S,0,
6/2/2022,178,Multiflora rose,S,1,
6/2/2022,178,Honeysuckle,S,1,
6/2/2022,178,Privot,S,0,
6/2/2022,178,Spicebush,S,0,
6/2/2022,178,Rubus,S,0,
6/2/2022,178,Mapleleaf Viburnum,S,0,
6/2/2022,301,Buckthorn,N,0,
6/2/2022,301,Multiflora rose,N,1,
6/2/2022,301,Honeysuckle,N,0,
6/2/2022,301,Privot,N,0,
6/2/2022,301,Spicebush,N,0,
6/2/2022,301,Rubus,N,1,
6/2/2022,301,Mapleleaf Viburnum,N,1,
6/2/2022,301,Buckthorn,S,1,
6/2/2022,301,Multiflora rose,S,1,
6/2/2022,301,Honeysuckle,S,0,
6/2/2022,301,Privot,S,0,
6/2/2022,301,Spicebush,S,0,
6/2/2022,301,Rubus,S,1,
6/2/2022,301,Mapleleaf Viburnum,S,0,
6/2/2022,302,Buckthorn,N,1,
6/2/2022,302,Multiflora rose,N,2,
6/2/2022,302,Honeysuckle,N,1,
6/2/2022,302,Privot,N,0,
6/2/2022,302,Spicebush,N,0,
6/2/2022,302,Rubus,N,0,
6/2/2022,302,Mapleleaf Viburnum,N,1,
6/2/2022,302,Buckthorn,S,0,
6/2/2022,302,Multiflora rose,S,1,
6/2/2022,302,Honeysuckle,S,0,
6/2/2022,302,Privot,S,0,
6/2/2022,302,Spicebush,S,0,
6/2/2022,302,Rubus,S,1,
6/2/2022,302,Mapleleaf Viburnum,S,0,
6/2/2022,379,Buckthorn,N,1,
6/2/2022,379,Multiflora rose,N,0,
6/2/2022,379,Honeysuckle,N,1,
6/2/2022,379,Privot,N,0,
6/2/2022,379,Spicebush,N,0,
6/2/2022,379,Rubus,N,1,
6/2/2022,379,Mapleleaf Viburnum,N,0,
6/2/2022,379,Buckthorn,S,0,
6/2/2022,379,Multiflora rose,S,1,
6/2/2022,379,Honeysuckle,S,0,
6/2/2022,379,Privot,S,0,
6/2/2022,379,Spicebush,S,0,
6/2/2022,379,Rubus,S,1,
6/2/2022,379,Mapleleaf Viburnum,S,0,
6/2/2022,303,Buckthorn,N,0,
6/2/2022,303,Multiflora rose,N,3,
6/2/2022,303,Honeysuckle,N,0,
6/2/2022,303,Privot,N,0,
6/2/2022,303,Spicebush,N,0,
6/2/2022,303,Rubus,N,1,
6/2/2022,303,Mapleleaf Viburnum,N,0,
6/2/2022,303,Buckthorn,S,0,
6/2/2022,303,Multiflora rose,S,2,
6/2/2022,303,Honeysuckle,S,0,
6/2/2022,303,Privot,S,0,
6/2/2022,303,Spicebush,S,0,
6/2/2022,303,Rubus,S,1,
6/2/2022,303,Mapleleaf Viburnum,S,0,
6/2/2022,339,Buckthorn,N,0,
6/2/2022,339,Multiflora rose,N,1,
6/2/2022,339,Honeysuckle,N,0,
6/2/2022,339,Privot,N,0,
6/2/2022,339,Spicebush,N,0,
6/2/2022,339,Rubus,N,1,
6/2/2022,339,Mapleleaf Viburnum,N,0,
6/2/2022,339,Buckthorn,S,0,
6/2/2022,339,Multiflora rose,S,1,
6/2/2022,339,Honeysuckle,S,0,
6/2/2022,339,Privot,S,0,
6/2/2022,339,Spicebush,S,0,
6/2/2022,339,Rubus,S,2,
6/2/2022,339,Mapleleaf Viburnum,S,0,
6/2/2022,981,Buckthorn,N,0,
6/2/2022,981,Multiflora rose,N,0,
6/2/2022,981,Honeysuckle,N,0,
6/2/2022,981,Privot,N,0,
6/2/2022,981,Spicebush,N,0,
6/2/2022,981,Rubus,N,1,
6/2/2022,981,Mapleleaf Viburnum,N,0,
6/2/2022,981,Buckthorn,S,1,
6/2/2022,981,Multiflora rose,S,0,
6/2/2022,981,Honeysuckle,S,0,
6/2/2022,981,Privot,S,0,
6/2/2022,981,Spicebush,S,0,
6/2/2022,981,Rubus,S,0,
6/2/2022,981,Mapleleaf Viburnum,S,1,
6/2/2022,341,Buckthorn,N,1,
6/2/2022,341,Multiflora rose,N,1,
6/2/2022,341,Honeysuckle,N,0,
6/2/2022,341,Privot,N,0,
6/2/2022,341,Spicebush,N,0,
6/2/2022,341,Rubus,N,1,
6/2/2022,341,Mapleleaf Viburnum,N,0,
6/2/2022,341,Buckthorn,S,1,
6/2/2022,341,Multiflora rose,S,0,
6/2/2022,341,Honeysuckle,S,0,
6/2/2022,341,Privot,S,0,
6/2/2022,341,Spicebush,S,0,
6/2/2022,341,Rubus,S,1,
6/2/2022,341,Mapleleaf Viburnum,S,0,
6/2/2022,936,Buckthorn,N,0,
6/2/2022,936,Multiflora rose,N,0,
6/2/2022,936,Honeysuckle,N,0,
6/2/2022,936,Privot,N,0,
6/2/2022,936,Spicebush,N,0,
6/2/2022,936,Rubus,N,0,
6/2/2022,936,Mapleleaf Viburnum,N,0,
6/2/2022,936,Buckthorn,S,1,
6/2/2022,936,Multiflora rose,S,1,
6/2/2022,936,Honeysuckle,S,0,
6/2/2022,936,Privot,S,1,
6/2/2022,936,Spicebush,S,0,
6/2/2022,936,Rubus,S,0,
6/2/2022,936,Mapleleaf Viburnum,S,0,
6/2/2022,377,Buckthorn,N,1,
6/2/2022,377,Multiflora rose,N,1,
6/2/2022,377,Honeysuckle,N,0,
6/2/2022,377,Privot,N,0,
6/2/2022,377,Spicebush,N,0,
6/2/2022,377,Rubus,N,0,
6/2/2022,377,Mapleleaf Viburnum,N,0,
6/2/2022,377,Buckthorn,S,1,
6/2/2022,377,Multiflora rose,S,1,
6/2/2022,377,Honeysuckle,S,0,
6/2/2022,377,Privot,S,1,
6/2/2022,377,Spicebush,S,0,
6/2/2022,377,Rubus,S,1,
6/2/2022,377,Mapleleaf Viburnum,S,0,
6/2/2022,325,Buckthorn,N,0,
6/2/2022,325,Multiflora rose,N,1,
6/2/2022,325,Honeysuckle,N,0,
6/2/2022,325,Privot,N,0,
6/2/2022,325,Spicebush,N,0,
6/2/2022,325,Rubus,N,1,
6/2/2022,325,Mapleleaf Viburnum,N,0,
6/2/2022,325,Buckthorn,S,0,
6/2/2022,325,Multiflora rose,S,2,
6/2/2022,325,Honeysuckle,S,0,
6/2/2022,325,Privot,S,0,
6/2/2022,325,Spicebush,S,0,
6/2/2022,325,Rubus,S,2,
6/2/2022,325,Mapleleaf Viburnum,S,0,
6/2/2022,195,Buckthorn,N,0,
6/2/2022,195,Multiflora rose,N,1,
6/2/2022,195,Honeysuckle,N,0,
6/2/2022,195,Privot,N,1,
6/2/2022,195,Spicebush,N,0,
6/2/2022,195,Rubus,N,1,
6/2/2022,195,Mapleleaf Viburnum,N,0,
6/2/2022,195,Buckthorn,S,0,
6/2/2022,195,Multiflora rose,S,1,
6/2/2022,195,Honeysuckle,S,0,
6/2/2022,195,Privot,S,0,
6/2/2022,195,Spicebush,S,0,
6/2/2022,195,Rubus,S,1,
6/2/2022,195,Mapleleaf Viburnum,S,0,
6/3/2022,380,Buckthorn,N,1,
6/3/2022,380,Multiflora rose,N,1,
6/3/2022,380,Honeysuckle,N,0,
6/3/2022,380,Privot,N,0,
6/3/2022,380,Spicebush,N,0,
6/3/2022,380,Rubus,N,0,
6/3/2022,380,Mapleleaf Viburnum,N,0,
6/3/2022,380,Buckthorn,S,1,
6/3/2022,380,Multiflora rose,S,1,
6/3/2022,380,Honeysuckle,S,0,
6/3/2022,380,Privot,S,0,
6/3/2022,380,Spicebush,S,0,
6/3/2022,380,Rubus,S,0,
6/3/2022,380,Mapleleaf Viburnum,S,0,
6/3/2022,336,Buckthorn,N,1,
6/3/2022,336,Multiflora rose,N,1,
6/3/2022,336,Honeysuckle,N,0,
6/3/2022,336,Privot,N,0,
6/3/2022,336,Spicebush,N,0,
6/3/2022,336,Rubus,N,0,
6/3/2022,336,Mapleleaf Viburnum,N,0,
6/3/2022,336,Buckthorn,S,0,
6/3/2022,336,Multiflora rose,S,1,
6/3/2022,336,Honeysuckle,S,0,
6/3/2022,336,Privot,S,0,
6/3/2022,336,Spicebush,S,0,
6/3/2022,336,Rubus,S,0,
6/3/2022,336,Mapleleaf Viburnum,S,0,
6/3/2022,332,Buckthorn,N,0,
6/3/2022,332,Multiflora rose,N,0,
6/3/2022,332,Honeysuckle,N,0,
6/3/2022,332,Privot,N,0,
6/3/2022,332,Spicebush,N,0,
6/3/2022,332,Rubus,N,0,
6/3/2022,332,Mapleleaf Viburnum,N,0,
6/3/2022,332,Buckthorn,S,1,
6/3/2022,332,Multiflora rose,S,0,
6/3/2022,332,Honeysuckle,S,0,
6/3/2022,332,Privot,S,0,
6/3/2022,332,Spicebush,S,0,
6/3/2022,332,Rubus,S,0,
6/3/2022,332,Mapleleaf Viburnum,S,0,
6/3/2022,326,Buckthorn,N,0,
6/3/2022,326,Multiflora rose,N,1,
6/3/2022,326,Honeysuckle,N,0,
6/3/2022,326,Privot,N,0,
6/3/2022,326,Spicebush,N,0,
6/3/2022,326,Rubus,N,0,
6/3/2022,326,Mapleleaf Viburnum,N,0,
6/3/2022,326,Buckthorn,S,0,
6/3/2022,326,Multiflora rose,S,1,
6/3/2022,326,Honeysuckle,S,0,
6/3/2022,326,Privot,S,0,
6/3/2022,326,Spicebush,S,0,
6/3/2022,326,Rubus,S,0,
6/3/2022,326,Mapleleaf Viburnum,S,0,
6/3/2022,185,Buckthorn,N,1,
6/3/2022,185,Multiflora rose,N,0,
6/3/2022,185,Honeysuckle,N,0,
6/3/2022,185,Privot,N,0,
6/3/2022,185,Spicebush,N,0,
6/3/2022,185,Rubus,N,0,
6/3/2022,185,Mapleleaf Viburnum,N,0,
6/3/2022,185,Buckthorn,S,1,
6/3/2022,185,Multiflora rose,S,1,
6/3/2022,185,Honeysuckle,S,0,
6/3/2022,185,Privot,S,0,
6/3/2022,185,Spicebush,S,0,
6/3/2022,185,Rubus,S,0,
6/3/2022,185,Mapleleaf Viburnum,S,0,
6/3/2022,996,Buckthorn,N,1,
6/3/2022,996,Multiflora rose,N,0,
6/3/2022,996,Honeysuckle,N,0,
6/3/2022,996,Privot,N,0,
6/3/2022,996,Spicebush,N,0,
6/3/2022,996,Rubus,N,0,
6/3/2022,996,Mapleleaf Viburnum,N,0,
6/3/2022,996,Buckthorn,S,1,
6/3/2022,996,Multiflora rose,S,0,
6/3/2022,996,Honeysuckle,S,0,
6/3/2022,996,Privot,S,0,
6/3/2022,996,Spicebush,S,0,
6/3/2022,996,Rubus,S,0,
6/3/2022,996,Mapleleaf Viburnum,S,0,
6/3/2022,897,Buckthorn,N,0,
6/3/2022,897,Multiflora rose,N,0,
6/3/2022,897,Honeysuckle,N,0,
6/3/2022,897,Privot,N,0,
6/3/2022,897,Spicebush,N,0,
6/3/2022,897,Rubus,N,0,
6/3/2022,897,Mapleleaf Viburnum,N,0,
6/3/2022,897,Buckthorn,S,0,
6/3/2022,897,Multiflora rose,S,1,
6/3/2022,897,Honeysuckle,S,0,
6/3/2022,897,Privot,S,0,
6/3/2022,897,Spicebush,S,0,
6/3/2022,897,Rubus,S,0,
6/3/2022,897,Mapleleaf Viburnum,S,0,
6/3/2022,331,Buckthorn,N,1,
6/3/2022,331,Multiflora rose,N,1,
6/3/2022,331,Honeysuckle,N,0,
6/3/2022,331,Privot,N,0,
6/3/2022,331,Spicebush,N,0,
6/3/2022,331,Rubus,N,0,
6/3/2022,331,Mapleleaf Viburnum,N,0,
6/3/2022,331,Buckthorn,S,1,
6/3/2022,331,Multiflora rose,S,1,
6/3/2022,331,Honeysuckle,S,0,
6/3/2022,331,Privot,S,0,
6/3/2022,331,Spicebush,S,0,
6/3/2022,331,Rubus,S,0,
6/3/2022,331,Mapleleaf Viburnum,S,0,
6/3/2022,381,Buckthorn,N,1,
6/3/2022,381,Multiflora rose,N,1,
6/3/2022,381,Honeysuckle,N,0,
6/3/2022,381,Privot,N,0,
6/3/2022,381,Spicebush,N,0,
6/3/2022,381,Rubus,N,0,
6/3/2022,381,Mapleleaf Viburnum,N,0,
6/3/2022,381,Buckthorn,S,0,
6/3/2022,381,Multiflora rose,S,1,
6/3/2022,381,Honeysuckle,S,0,
6/3/2022,381,Privot,S,0,
6/3/2022,381,Spicebush,S,0,
6/3/2022,381,Rubus,S,1,
6/3/2022,381,Mapleleaf Viburnum,S,0,
6/3/2022,338,Buckthorn,N,1,
6/3/2022,338,Multiflora rose,N,0,
6/3/2022,338,Honeysuckle,N,0,
6/3/2022,338,Privot,N,0,
6/3/2022,338,Spicebush,N,0,
6/3/2022,338,Rubus,N,1,
6/3/2022,338,Mapleleaf Viburnum,N,0,
6/3/2022,338,Buckthorn,S,1,
6/3/2022,338,Multiflora rose,S,0,
6/3/2022,338,Honeysuckle,S,0,
6/3/2022,338,Privot,S,0,
6/3/2022,338,Spicebush,S,0,
6/3/2022,338,Rubus,S,0,
6/3/2022,338,Mapleleaf Viburnum,S,0,
6/3/2022,282,Buckthorn,N,0,
6/3/2022,282,Multiflora rose,N,0,
6/3/2022,282,Honeysuckle,N,0,
6/3/2022,282,Privot,N,0,
6/3/2022,282,Spicebush,N,0,
6/3/2022,282,Rubus,N,0,
6/3/2022,282,Mapleleaf Viburnum,N,0,
6/3/2022,282,Buckthorn,S,0,
6/3/2022,282,Multiflora rose,S,0,
6/3/2022,282,Honeysuckle,S,0,
6/3/2022,282,Privot,S,0,
6/3/2022,282,Spicebush,S,0,
6/3/2022,282,Rubus,S,0,
6/3/2022,282,Mapleleaf Viburnum,S,1,
6/3/2022,277,Buckthorn,N,1,
6/3/2022,277,Multiflora rose,N,0,
6/3/2022,277,Honeysuckle,N,0,
6/3/2022,277,Privot,N,0,
6/3/2022,277,Spicebush,N,0,
6/3/2022,277,Rubus,N,1,
6/3/2022,277,Mapleleaf Viburnum,N,0,
6/3/2022,277,Buckthorn,S,1,
6/3/2022,277,Multiflora rose,S,0,
6/3/2022,277,Honeysuckle,S,0,
6/3/2022,277,Privot,S,0,
6/3/2022,277,Spicebush,S,0,
6/3/2022,277,Rubus,S,1,
6/3/2022,277,Mapleleaf Viburnum,S,0,
6/3/2022,279,Buckthorn,N,0,
6/3/2022,279,Multiflora rose,N,0,
6/3/2022,279,Honeysuckle,N,0,
6/3/2022,279,Privot,N,0,
6/3/2022,279,Spicebush,N,0,
6/3/2022,279,Rubus,N,0,
6/3/2022,279,Mapleleaf Viburnum,N,0,
6/3/2022,279,Buckthorn,S,1,
6/3/2022,279,Multiflora rose,S,0,
6/3/2022,279,Honeysuckle,S,0,
6/3/2022,279,Privot,S,0,
6/3/2022,279,Spicebush,S,0,
6/3/2022,279,Rubus,S,0,
6/3/2022,279,Mapleleaf Viburnum,S,0,
6/3/2022,310,Buckthorn,N,0,
6/3/2022,310,Multiflora rose,N,0,
6/3/2022,310,Honeysuckle,N,0,
6/3/2022,310,Privot,N,0,
6/3/2022,310,Spicebush,N,0,
6/3/2022,310,Rubus,N,0,
6/3/2022,310,Mapleleaf Viburnum,N,0,
6/3/2022,310,Buckthorn,S,0,
6/3/2022,310,Multiflora rose,S,0,
6/3/2022,310,Honeysuckle,S,0,
6/3/2022,310,Privot,S,0,
6/3/2022,310,Spicebush,S,0,
6/3/2022,310,Rubus,S,0,
6/3/2022,310,Mapleleaf Viburnum,S,0,
6/3/2022,309,Buckthorn,N,1,
6/3/2022,309,Multiflora rose,N,0,
6/3/2022,309,Honeysuckle,N,0,
6/3/2022,309,Privot,N,0,
6/3/2022,309,Spicebush,N,0,
6/3/2022,309,Rubus,N,0,
6/3/2022,309,Mapleleaf Viburnum,N,0,
6/3/2022,309,Buckthorn,S,0,
6/3/2022,309,Multiflora rose,S,0,
6/3/2022,309,Honeysuckle,S,0,
6/3/2022,309,Privot,S,0,
6/3/2022,309,Spicebush,S,0,
6/3/2022,309,Rubus,S,0,
6/3/2022,309,Mapleleaf Viburnum,S,0,
6/3/2022,969,Buckthorn,N,0,
6/3/2022,969,Multiflora rose,N,0,
6/3/2022,969,Honeysuckle,N,0,
6/3/2022,969,Privot,N,0,
6/3/2022,969,Spicebush,N,0,
6/3/2022,969,Rubus,N,0,
6/3/2022,969,Mapleleaf Viburnum,N,0,
6/3/2022,969,Buckthorn,S,0,
6/3/2022,969,Multiflora rose,S,0,
6/3/2022,969,Honeysuckle,S,0,
6/3/2022,969,Privot,S,0,
6/3/2022,969,Spicebush,S,0,
6/3/2022,969,Rubus,S,0,
6/3/2022,969,Mapleleaf Viburnum,S,0,
6/3/2022,283,Buckthorn,N,1,
6/3/2022,283,Multiflora rose,N,0,
6/3/2022,283,Honeysuckle,N,0,
6/3/2022,283,Privot,N,0,
6/3/2022,283,Spicebush,N,0,
6/3/2022,283,Rubus,N,0,
6/3/2022,283,Mapleleaf Viburnum,N,0,
6/3/2022,283,Buckthorn,S,1,
6/3/2022,283,Multiflora rose,S,0,
6/3/2022,283,Honeysuckle,S,0,
6/3/2022,283,Privot,S,0,
6/3/2022,283,Spicebush,S,0,
6/3/2022,283,Rubus,S,0,
6/3/2022,283,Mapleleaf Viburnum,S,0,
6/3/2022,308,Buckthorn,N,1,
6/3/2022,308,Multiflora rose,N,4,
6/3/2022,308,Honeysuckle,N,0,
6/3/2022,308,Privot,N,0,
6/3/2022,308,Spicebush,N,0,
6/3/2022,308,Rubus,N,1,
6/3/2022,308,Mapleleaf Viburnum,N,0,
6/3/2022,308,Buckthorn,S,1,
6/3/2022,308,Multiflora rose,S,1,
6/3/2022,308,Honeysuckle,S,0,
6/3/2022,308,Privot,S,1,
6/3/2022,308,Spicebush,S,0,
6/3/2022,308,Rubus,S,1,
6/3/2022,308,Mapleleaf Viburnum,S,0,
6/3/2022,251,Buckthorn,N,1,
6/3/2022,251,Multiflora rose,N,4,
6/3/2022,251,Honeysuckle,N,0,
6/3/2022,251,Privot,N,0,
6/3/2022,251,Spicebush,N,0,
6/3/2022,251,Rubus,N,0,
6/3/2022,251,Mapleleaf Viburnum,N,0,
6/3/2022,251,Buckthorn,S,1,
6/3/2022,251,Multiflora rose,S,3,
6/3/2022,251,Honeysuckle,S,0,
6/3/2022,251,Privot,S,0,
6/3/2022,251,Spicebush,S,0,
6/3/2022,251,Rubus,S,1,
6/3/2022,251,Mapleleaf Viburnum,S,0,
6/3/2022,395,Buckthorn,N,1,
6/3/2022,395,Multiflora rose,N,2,
6/3/2022,395,Honeysuckle,N,0,
6/3/2022,395,Privot,N,0,
6/3/2022,395,Spicebush,N,0,
6/3/2022,395,Rubus,N,0,
6/3/2022,395,Mapleleaf Viburnum,N,0,
6/3/2022,395,Buckthorn,S,1,
6/3/2022,395,Multiflora rose,S,1,
6/3/2022,395,Honeysuckle,S,0,
6/3/2022,395,Privot,S,0,
6/3/2022,395,Spicebush,S,0,
6/3/2022,395,Rubus,S,0,
6/3/2022,395,Mapleleaf Viburnum,S,1,
6/3/2022,280,Buckthorn,N,1,
6/3/2022,280,Multiflora rose,N,4,
6/3/2022,280,Honeysuckle,N,2,
6/3/2022,280,Privot,N,0,
6/3/2022,280,Spicebush,N,0,
6/3/2022,280,Rubus,N,1,
6/3/2022,280,Mapleleaf Viburnum,N,0,
6/3/2022,280,Buckthorn,S,0,
6/3/2022,280,Multiflora rose,S,2,
6/3/2022,280,Honeysuckle,S,0,
6/3/2022,280,Privot,S,0,
6/3/2022,280,Spicebush,S,0,
6/3/2022,280,Rubus,S,1,
6/3/2022,280,Mapleleaf Viburnum,S,0,
6/3/2022,394,Buckthorn,N,0,
6/3/2022,394,Multiflora rose,N,0,
6/3/2022,394,Honeysuckle,N,0,
6/3/2022,394,Privot,N,0,
6/3/2022,394,Spicebush,N,0,
6/3/2022,394,Rubus,N,0,
6/3/2022,394,Mapleleaf Viburnum,N,0,
6/3/2022,394,Buckthorn,S,0,
6/3/2022,394,Multiflora rose,S,0,
6/3/2022,394,Honeysuckle,S,0,
6/3/2022,394,Privot,S,0,
6/3/2022,394,Spicebush,S,0,
6/3/2022,394,Rubus,S,0,
6/3/2022,394,Mapleleaf Viburnum,S,0,
6/3/2022,307,Buckthorn,N,0,
6/3/2022,307,Multiflora rose,N,0,
6/3/2022,307,Honeysuckle,N,0,
6/3/2022,307,Privot,N,0,
6/3/2022,307,Spicebush,N,0,
6/3/2022,307,Rubus,N,0,
6/3/2022,307,Mapleleaf Viburnum,N,0,
6/3/2022,307,Buckthorn,S,0,
6/3/2022,307,Multiflora rose,S,0,
6/3/2022,307,Honeysuckle,S,0,
6/3/2022,307,Privot,S,0,
6/3/2022,307,Spicebush,S,0,
6/3/2022,307,Rubus,S,0,
6/3/2022,307,Mapleleaf Viburnum,S,0,
6/3/2022,274,Buckthorn,N,1,
6/3/2022,274,Multiflora rose,N,1,
6/3/2022,274,Honeysuckle,N,0,
6/3/2022,274,Privot,N,0,
6/3/2022,274,Spicebush,N,0,
6/3/2022,274,Rubus,N,1,
6/3/2022,274,Mapleleaf Viburnum,N,0,
6/3/2022,274,Buckthorn,S,1,
6/3/2022,274,Multiflora rose,S,2,
6/3/2022,274,Honeysuckle,S,0,
6/3/2022,274,Privot,S,1,
6/3/2022,274,Spicebush,S,0,
6/3/2022,274,Rubus,S,1,
6/3/2022,274,Mapleleaf Viburnum,S,0,
6/3/2022,287,Buckthorn,N,0,
6/3/2022,287,Multiflora rose,N,0,
6/3/2022,287,Honeysuckle,N,0,
6/3/2022,287,Privot,N,0,
6/3/2022,287,Spicebush,N,0,
6/3/2022,287,Rubus,N,0,
6/3/2022,287,Mapleleaf Viburnum,N,0,
6/3/2022,287,Buckthorn,S,0,
6/3/2022,287,Multiflora rose,S,1,
6/3/2022,287,Honeysuckle,S,0,
6/3/2022,287,Privot,S,0,
6/3/2022,287,Spicebush,S,0,
6/3/2022,287,Rubus,S,0,
6/3/2022,287,Mapleleaf Viburnum,S,0,
6/3/2022,999,Buckthorn,N,1,
6/3/2022,999,Multiflora rose,N,1,
6/3/2022,999,Honeysuckle,N,1,
6/3/2022,999,Privot,N,0,
6/3/2022,999,Spicebush,N,0,
6/3/2022,999,Rubus,N,1,
6/3/2022,999,Mapleleaf Viburnum,N,1,
6/3/2022,999,Buckthorn,S,1,
6/3/2022,999,Multiflora rose,S,1,
6/3/2022,999,Honeysuckle,S,0,
6/3/2022,999,Privot,S,1,
6/3/2022,999,Spicebush,S,0,
6/3/2022,999,Rubus,S,1,
6/3/2022,999,Mapleleaf Viburnum,S,1,
6/3/2022,273,Buckthorn,N,1,
6/3/2022,273,Multiflora rose,N,2,
6/3/2022,273,Honeysuckle,N,0,
6/3/2022,273,Privot,N,0,
6/3/2022,273,Spicebush,N,0,
6/3/2022,273,Rubus,N,1,
6/3/2022,273,Mapleleaf Viburnum,N,0,
6/3/2022,273,Buckthorn,S,0,
6/3/2022,273,Multiflora rose,S,1,
6/3/2022,273,Honeysuckle,S,0,
6/3/2022,273,Privot,S,1,
6/3/2022,273,Spicebush,S,0,
6/3/2022,273,Rubus,S,1,
6/3/2022,273,Mapleleaf Viburnum,S,0,
