Tree,Species,Direction,Cover.Class,Notes
336,Buckthorn,N,1,
336,Multiflora rose,N,0,
336,Honeysuckle,N,0,
336,Privot,N,0,
336,Spicebush,N,0,
336,Rubus,N,0,
336,Mapleleaf Viburnum,N,0,
336,Buckthorn,S,1,
336,Multiflora rose,S,0,
336,Honeysuckle,S,0,
336,Privot,S,1,
336,Spicebush,S,0,
336,Rubus,S,1,
336,Mapleleaf Viburnum,S,0,
931,Buckthorn,N,0,
931,Multiflora rose,N,1,
931,Honeysuckle,N,0,
931,Privot,N,0,
931,Spicebush,N,0,
931,Rubus,N,0,
931,Mapleleaf Viburnum,N,0,
931,Buckthorn,S,0,
931,Multiflora rose,S,1,
931,Honeysuckle,S,0,
931,Privot,S,0,
931,Spicebush,S,0,
931,Rubus,S,0,
931,Mapleleaf Viburnum,S,0,
322,Buckthorn,N,1,
322,Honeysuckle,N,0,
322,Privot,N,0,
322,Spicebush,N,0,
322,Rubus,N,0,
322,Mapleleaf Viburnum,N,0,
322,Buckthorn,S,1,
322,Multiflora rose,S,0,
322,Honeysuckle,S,0,
322,Privot,S,0,
322,Spicebush,S,0,
322,Mapleleaf Viburnum,S,0,
278,Buckthorn,N,0,
278,Multiflora rose,N,1,
278,Honeysuckle,N,0,
278,Privot,N,0,
278,Spicebush,N,0,
278,Rubus,N,0,
278,Mapleleaf Viburnum,N,0,
278,Buckthorn,S,1,
278,Multiflora rose,S,1,
278,Honeysuckle,S,0,
278,Privot,S,0,
278,Spicebush,S,0,
278,Rubus,S,0,
278,Mapleleaf Viburnum,S,0,
330,Buckthorn,N,1,
330,Multiflora rose,N,1,
330,Honeysuckle,N,0,
330,Privot,N,0,
330,Spicebush,N,0,
330,Rubus,N,0,
330,Mapleleaf Viburnum,N,0,
330,Buckthorn,S,0,
330,Multiflora rose,S,0,
330,Honeysuckle,S,1,
330,Privot,S,0,
330,Spicebush,S,0,
330,Rubus,S,0,
330,Mapleleaf Viburnum,S,0,
318,Buckthorn,N,1,
318,Multiflora rose,N,0,
318,Honeysuckle,N,1,
318,Privot,N,0,
318,Spicebush,N,0,
318,Rubus,N,0,
318,Mapleleaf Viburnum,N,0,
318,Buckthorn,S,1,
318,Multiflora rose,S,0,
318,Honeysuckle,S,0,
318,Privot,S,0,
318,Spicebush,S,1,
318,Rubus,S,0,
318,Mapleleaf Viburnum,S,0,
382,Buckthorn,N,1,
382,Multiflora rose,N,1,
382,Honeysuckle,N,1,
382,Privot,N,1,
382,Spicebush,N,0,
382,Rubus,N,0,
382,Mapleleaf Viburnum,N,0,
382,Buckthorn,S,1,
382,Multiflora rose,S,1,
382,Honeysuckle,S,0,
382,Privot,S,0,
382,Spicebush,S,1,
382,Rubus,S,0,
382,Mapleleaf Viburnum,S,0,
321,Buckthorn,N,1,
321,Multiflora rose,N,1,
321,Honeysuckle,N,1,
321,Privot,N,0,
321,Spicebush,N,0,
321,Rubus,N,0,
321,Mapleleaf Viburnum,N,0,
321,Buckthorn,S,1,
321,Multiflora rose,S,1,
321,Honeysuckle,S,0,
321,Privot,S,0,
321,Spicebush,S,0,
321,Rubus,S,0,
321,Mapleleaf Viburnum,S,0,
383,Buckthorn,N,1,
383,Multiflora rose,N,0,
383,Honeysuckle,N,1,
383,Privot,N,0,
383,Spicebush,N,1,
383,Rubus,N,0,
383,Mapleleaf Viburnum,N,0,
383,Buckthorn,S,1,
383,Multiflora rose,S,0,
383,Honeysuckle,S,0,
383,Privot,S,0,
383,Spicebush,S,0,
383,Rubus,S,0,
383,Mapleleaf Viburnum,S,0,
323,Buckthorn,N,1,
323,Multiflora rose,N,1,
323,Honeysuckle,N,0,
323,Privot,N,0,
323,Spicebush,N,1,
323,Rubus,N,0,
323,Mapleleaf Viburnum,N,0,
323,Buckthorn,S,1,
323,Multiflora rose,S,1,
323,Honeysuckle,S,0,
323,Privot,S,0,
323,Spicebush,S,0,
323,Rubus,S,0,
323,Mapleleaf Viburnum,S,0,
179,Buckthorn,N,1,
179,Multiflora rose,N,1,
179,Honeysuckle,N,1,
179,Privot,N,0,
179,Spicebush,N,0,
179,Rubus,N,0,
179,Mapleleaf Viburnum,N,0,
179,Buckthorn,S,1,
179,Multiflora rose,S,0,
179,Honeysuckle,S,1,
179,Privot,S,0,
179,Spicebush,S,0,
179,Rubus,S,0,
179,Mapleleaf Viburnum,S,0,
390,Buckthorn,N,1,
390,Multiflora rose,N,2,
390,Honeysuckle,N,1,
390,Privot,N,0,
390,Spicebush,N,0,
390,Rubus,N,0,
390,Mapleleaf Viburnum,N,0,
390,Buckthorn,S,1,
390,Multiflora rose,S,1,
390,Honeysuckle,S,0,
390,Privot,S,0,
390,Spicebush,S,0,
390,Rubus,S,0,
390,Mapleleaf Viburnum,S,0,
391,Buckthorn,N,2,
391,Multiflora rose,N,1,
391,Honeysuckle,N,1,
391,Privot,N,0,
391,Spicebush,N,0,
391,Rubus,N,0,
391,Mapleleaf Viburnum,N,0,
391,Buckthorn,S,1,
391,Multiflora rose,S,1,
391,Honeysuckle,S,0,
391,Privot,S,0,
391,Spicebush,S,0,
391,Rubus,S,1,
391,Mapleleaf Viburnum,S,0,
183,Buckthorn,N,1,
183,Multiflora rose,N,0,
183,Honeysuckle,N,0,
183,Privot,N,0,
183,Spicebush,N,0,
183,Rubus,N,0,
183,Mapleleaf Viburnum,N,0,
183,Buckthorn,S,1,
183,Multiflora rose,S,0,
183,Honeysuckle,S,0,
183,Privot,S,0,
183,Spicebush,S,0,
183,Rubus,S,0,
183,Mapleleaf Viburnum,S,0,
324,Buckthorn,N,1,
324,Multiflora rose,N,1,
324,Honeysuckle,N,0,
324,Privot,N,0,
324,Spicebush,N,0,
324,Rubus,N,0,
324,Mapleleaf Viburnum,N,0,
324,Buckthorn,S,1,
324,Multiflora rose,S,0,
324,Honeysuckle,S,0,
324,Privot,S,0,
324,Spicebush,S,0,
324,Rubus,S,0,
324,Mapleleaf Viburnum,S,0,
184,Buckthorn,N,1,
184,Multiflora rose,N,2,
184,Honeysuckle,N,0,
184,Privot,N,0,
184,Spicebush,N,0,
184,Rubus,N,0,
184,Mapleleaf Viburnum,N,0,
184,Buckthorn,S,1,
184,Multiflora rose,S,1,
184,Honeysuckle,S,0,
184,Privot,S,0,
184,Spicebush,S,0,
184,Rubus,S,1,
184,Mapleleaf Viburnum,S,0,
322,Multiflora rose,N,1,
322,Rubus,S,1,
328,Buckthorn,N,1,
328,Multiflora rose,N,1,
328,Honeysuckle,N,0,
328,Privot,N,1,
328,Spicebush,N,0,
328,Rubus,N,1,
328,Mapleleaf Viburnum,N,0,
328,Buckthorn,S,1,
328,Multiflora rose,S,1,
328,Honeysuckle,S,0,
328,Privot,S,0,
328,Spicebush,S,0,
328,Rubus,S,1,
328,Mapleleaf Viburnum,S,0,
329,Buckthorn,N,1,
329,Multiflora rose,N,0,
329,Honeysuckle,N,1,
329,Privot,N,0,
329,Spicebush,N,0,
329,Rubus,N,0,
329,Mapleleaf Viburnum,N,0,
329,Buckthorn,S,1,
329,Multiflora rose,S,1,
329,Honeysuckle,S,0,
329,Privot,S,0,
329,Spicebush,S,0,
329,Rubus,S,0,
329,Mapleleaf Viburnum,S,0,
180,Buckthorn,N,1,
180,Multiflora rose,N,0,
180,Honeysuckle,N,0,
180,Privot,N,0,
180,Spicebush,N,0,
180,Rubus,N,1,
180,Mapleleaf Viburnum,N,0,
180,Buckthorn,S,1,
180,Multiflora rose,S,1,
180,Honeysuckle,S,0,
180,Privot,S,0,
180,Spicebush,S,0,
180,Rubus,S,1,
180,Mapleleaf Viburnum,S,0,
175,Buckthorn,N,1,
175,Multiflora rose,N,2,
175,Honeysuckle,N,0,
175,Privot,N,0,
175,Spicebush,N,0,
175,Rubus,N,1,
175,Mapleleaf Viburnum,N,0,
175,Buckthorn,S,1,
175,Multiflora rose,S,1,
175,Honeysuckle,S,0,
175,Privot,S,0,
175,Spicebush,S,0,
175,Rubus,S,1,
175,Mapleleaf Viburnum,S,0,
385,Buckthorn,N,1,
385,Multiflora rose,N,0,
385,Honeysuckle,N,0,
385,Privot,N,0,
385,Spicebush,N,0,
385,Rubus,N,1,
385,Mapleleaf Viburnum,N,1,
385,Buckthorn,S,1,
385,Multiflora rose,S,1,
385,Honeysuckle,S,1,
385,Privot,S,0,
385,Spicebush,S,0,
385,Rubus,S,0,
385,Mapleleaf Viburnum,S,1,
312,Buckthorn,N,1,
312,Multiflora rose,N,1,
312,Honeysuckle,N,1,
312,Privot,N,0,
312,Spicebush,N,0,
312,Rubus,N,0,
312,Mapleleaf Viburnum,N,0,
312,Buckthorn,S,1,
312,Multiflora rose,S,2,
312,Honeysuckle,S,1,
312,Privot,S,0,
312,Spicebush,S,0,
312,Rubus,S,1,
312,Mapleleaf Viburnum,S,0,
384,Buckthorn,N,0,
384,Multiflora rose,N,2,
384,Honeysuckle,N,1,
384,Privot,N,0,
384,Spicebush,N,0,
384,Rubus,N,1,
384,Mapleleaf Viburnum,N,0,
384,Buckthorn,S,1,
384,Multiflora rose,S,2,
384,Honeysuckle,S,1,
384,Privot,S,0,
384,Spicebush,S,1,
384,Rubus,S,0,
384,Mapleleaf Viburnum,S,0,
940,Buckthorn,N,1,
940,Multiflora rose,N,1,
940,Honeysuckle,N,1,
940,Privot,N,0,
940,Spicebush,N,0,
940,Rubus,N,0,
940,Mapleleaf Viburnum,N,0,
940,Buckthorn,S,1,
940,Multiflora rose,S,2,
940,Honeysuckle,S,1,
940,Privot,S,0,
940,Spicebush,S,0,
940,Rubus,S,0,
940,Mapleleaf Viburnum,S,0,
327,Buckthorn,N,1,
327,Multiflora rose,N,0,
327,Honeysuckle,N,0,
327,Privot,N,0,
327,Spicebush,N,0,
327,Rubus,N,0,
327,Mapleleaf Viburnum,N,0,
327,Buckthorn,S,1,
327,Multiflora rose,S,0,
327,Honeysuckle,S,1,
327,Privot,S,0,
327,Spicebush,S,0,
327,Rubus,S,0,
327,Mapleleaf Viburnum,S,0,
167,Buckthorn,N,1,
167,Multiflora rose,N,0,
167,Honeysuckle,N,0,
167,Privot,N,0,
167,Spicebush,N,0,
167,Rubus,N,1,
167,Mapleleaf Viburnum,N,0,
167,Buckthorn,S,1,
167,Multiflora rose,S,1,
167,Honeysuckle,S,0,
167,Privot,S,0,
167,Spicebush,S,0,
167,Rubus,S,0,
167,Mapleleaf Viburnum,S,0,
141,Buckthorn,N,0,
141,Multiflora rose,N,0,
141,Honeysuckle,N,0,
141,Privot,N,0,
141,Spicebush,N,0,
141,Rubus,N,0,
141,Mapleleaf Viburnum,N,0,
141,Buckthorn,S,0,
141,Multiflora rose,S,0,
141,Honeysuckle,S,0,
141,Privot,S,0,
141,Spicebush,S,0,
141,Rubus,S,0,
141,Mapleleaf Viburnum,S,0,
128,Buckthorn,N,0,
128,Multiflora rose,N,0,
128,Honeysuckle,N,0,
128,Privot,N,0,
128,Spicebush,N,0,
128,Rubus,N,0,
128,Mapleleaf Viburnum,N,0,
128,Buckthorn,S,0,
128,Multiflora rose,S,0,
128,Honeysuckle,S,0,
128,Privot,S,0,
128,Spicebush,S,0,
128,Rubus,S,0,
128,Mapleleaf Viburnum,S,0,
209,Buckthorn,N,0,
209,Multiflora rose,N,0,
209,Honeysuckle,N,0,
209,Privot,N,0,
209,Spicebush,N,0,
209,Rubus,N,0,
209,Mapleleaf Viburnum,N,0,
209,Buckthorn,S,0,
209,Multiflora rose,S,1,
209,Honeysuckle,S,0,
209,Privot,S,0,
209,Spicebush,S,0,
209,Rubus,S,0,
209,Mapleleaf Viburnum,S,0,
129,Buckthorn,N,0,
129,Multiflora rose,N,1,
129,Honeysuckle,N,0,
129,Privot,N,0,
129,Spicebush,N,0,
129,Rubus,N,0,
129,Mapleleaf Viburnum,N,0,
129,Buckthorn,S,0,
129,Multiflora rose,S,1,
129,Honeysuckle,S,0,
129,Privot,S,0,
129,Spicebush,S,0,
129,Rubus,S,0,
129,Mapleleaf Viburnum,S,0,
213,Buckthorn,N,0,
213,Multiflora rose,N,1,
213,Honeysuckle,N,0,
213,Privot,N,0,
213,Spicebush,N,0,
213,Rubus,N,0,
213,Mapleleaf Viburnum,N,0,
213,Buckthorn,S,0,
213,Multiflora rose,S,1,
213,Honeysuckle,S,0,
213,Privot,S,0,
213,Spicebush,S,0,
213,Rubus,S,0,
213,Mapleleaf Viburnum,S,0,
164,Buckthorn,N,0,
164,Multiflora rose,N,1,
164,Honeysuckle,N,0,
164,Privot,N,1,
164,Spicebush,N,0,
164,Rubus,N,0,
164,Mapleleaf Viburnum,N,0,
164,Buckthorn,S,0,
164,Multiflora rose,S,1,
164,Honeysuckle,S,0,
164,Privot,S,0,
164,Spicebush,S,0,
164,Rubus,S,0,
164,Mapleleaf Viburnum,S,0,
131,Buckthorn,N,0,
131,Multiflora rose,N,1,
131,Honeysuckle,N,0,
131,Privot,N,0,
131,Spicebush,N,0,
131,Rubus,N,0,
131,Mapleleaf Viburnum,N,0,
131,Buckthorn,S,0,
131,Multiflora rose,S,1,
131,Honeysuckle,S,0,
131,Privot,S,0,
131,Spicebush,S,0,
131,Rubus,S,1,
131,Mapleleaf Viburnum,S,0,
127,Buckthorn,N,0,
127,Multiflora rose,N,1,
127,Honeysuckle,N,0,
127,Privot,N,0,
127,Spicebush,N,0,
127,Rubus,N,1,
127,Mapleleaf Viburnum,N,0,
127,Buckthorn,S,0,
127,Multiflora rose,S,1,
127,Honeysuckle,S,0,
127,Privot,S,0,
127,Spicebush,S,0,
127,Rubus,S,0,
127,Mapleleaf Viburnum,S,0,
130,Buckthorn,N,1,
130,Multiflora rose,N,1,
130,Honeysuckle,N,0,
130,Privot,N,0,
130,Spicebush,N,0,
130,Rubus,N,0,
130,Mapleleaf Viburnum,N,0,
130,Buckthorn,S,0,
130,Multiflora rose,S,1,
130,Honeysuckle,S,0,
130,Privot,S,0,
130,Spicebush,S,0,
130,Rubus,S,0,
130,Mapleleaf Viburnum,S,0,
3,Buckthorn,N,1,
3,Multiflora rose,N,0,
3,Honeysuckle,N,0,
3,Privot,N,0,
3,Spicebush,N,0,
3,Rubus,N,1,
3,Mapleleaf Viburnum,N,0,
3,Buckthorn,S,1,
3,Multiflora rose,S,1,
3,Honeysuckle,S,0,
3,Privot,S,0,
3,Spicebush,S,0,
3,Rubus,S,1,
3,Mapleleaf Viburnum,S,0,
126,Buckthorn,N,0,
126,Multiflora rose,N,1,
126,Honeysuckle,N,0,
126,Privot,N,0,
126,Spicebush,N,0,
126,Rubus,N,1,
126,Mapleleaf Viburnum,N,0,
126,Buckthorn,S,0,
126,Multiflora rose,S,0,
126,Honeysuckle,S,0,
126,Privot,S,0,
126,Spicebush,S,0,
126,Rubus,S,0,
126,Mapleleaf Viburnum,S,0,
158,Buckthorn,N,1,
158,Multiflora rose,N,1,
158,Honeysuckle,N,0,
158,Privot,N,0,
158,Spicebush,N,1,
158,Rubus,N,0,
158,Mapleleaf Viburnum,N,0,
158,Buckthorn,S,1,
158,Multiflora rose,S,0,
158,Honeysuckle,S,0,
158,Privot,S,0,
158,Spicebush,S,1,
158,Rubus,S,1,
158,Mapleleaf Viburnum,S,0,
21,Buckthorn,N,1,
21,Multiflora rose,N,1,
21,Honeysuckle,N,0,
21,Privot,N,0,
21,Spicebush,N,0,
21,Rubus,N,0,
21,Mapleleaf Viburnum,N,0,
21,Buckthorn,S,1,
21,Multiflora rose,S,0,
21,Honeysuckle,S,0,
21,Privot,S,0,
21,Spicebush,S,0,
21,Rubus,S,0,
21,Mapleleaf Viburnum,S,0,
16,Buckthorn,N,0,
16,Multiflora rose,N,0,
16,Honeysuckle,N,0,
16,Privot,N,0,
16,Spicebush,N,1,
16,Rubus,N,0,
16,Mapleleaf Viburnum,N,0,
16,Buckthorn,S,0,
16,Multiflora rose,S,0,
16,Honeysuckle,S,0,
16,Privot,S,0,
16,Spicebush,S,1,
16,Rubus,S,1,
16,Mapleleaf Viburnum,S,0,
4,Buckthorn,N,0,
4,Multiflora rose,N,0,
4,Honeysuckle,N,0,
4,Privot,N,0,
4,Spicebush,N,1,
4,Rubus,N,0,
4,Mapleleaf Viburnum,N,0,
4,Buckthorn,S,0,
4,Multiflora rose,S,0,
4,Honeysuckle,S,0,
4,Privot,S,0,
4,Spicebush,S,1,
4,Rubus,S,0,
4,Mapleleaf Viburnum,S,0,
159,Buckthorn,N,0,
159,Multiflora rose,N,1,
159,Honeysuckle,N,0,
159,Privot,N,0,
159,Spicebush,N,0,
159,Rubus,N,0,
159,Mapleleaf Viburnum,N,0,
159,Buckthorn,S,0,
159,Multiflora rose,S,1,
159,Honeysuckle,S,0,
159,Privot,S,0,
159,Spicebush,S,1,
159,Rubus,S,1,
159,Mapleleaf Viburnum,S,0,
162,Buckthorn,N,1,
162,Multiflora rose,N,0,
162,Honeysuckle,N,0,
162,Privot,N,0,
162,Spicebush,N,1,
162,Rubus,N,0,
162,Mapleleaf Viburnum,N,1,
162,Buckthorn,S,1,
162,Multiflora rose,S,0,
162,Honeysuckle,S,0,
162,Privot,S,0,
162,Spicebush,S,0,
162,Rubus,S,0,
162,Mapleleaf Viburnum,S,0,
19,Buckthorn,N,1,
19,Multiflora rose,N,0,
19,Honeysuckle,N,0,
19,Privot,N,0,
19,Spicebush,N,0,
19,Rubus,N,1,
19,Mapleleaf Viburnum,N,0,
19,Buckthorn,S,1,
19,Multiflora rose,S,1,
19,Honeysuckle,S,1,
19,Privot,S,0,
19,Spicebush,S,0,
19,Rubus,S,0,
19,Mapleleaf Viburnum,S,0,
160,Buckthorn,N,0,
160,Multiflora rose,N,0,
160,Honeysuckle,N,0,
160,Privot,N,0,
160,Spicebush,N,0,
160,Rubus,N,0,
160,Mapleleaf Viburnum,N,0,
160,Buckthorn,S,1,
160,Multiflora rose,S,1,
160,Honeysuckle,S,0,
160,Privot,S,0,
160,Spicebush,S,0,
160,Rubus,S,0,
160,Mapleleaf Viburnum,S,0,
18,Buckthorn,N,1,
18,Multiflora rose,N,1,
18,Honeysuckle,N,0,
18,Privot,N,0,
18,Spicebush,N,0,
18,Rubus,N,0,
18,Mapleleaf Viburnum,N,0,
18,Buckthorn,S,1,
18,Multiflora rose,S,0,
18,Honeysuckle,S,0,
18,Privot,S,0,
18,Spicebush,S,0,
18,Rubus,S,1,
18,Mapleleaf Viburnum,S,0,
20,Buckthorn,N,1,
20,Multiflora rose,N,1,
20,Honeysuckle,N,0,
20,Privot,N,0,
20,Spicebush,N,0,
20,Rubus,N,0,
20,Mapleleaf Viburnum,N,0,
20,Buckthorn,S,1,
20,Multiflora rose,S,0,
20,Honeysuckle,S,1,
20,Privot,S,0,
20,Spicebush,S,0,
20,Rubus,S,0,
20,Mapleleaf Viburnum,S,0,
173,Buckthorn,N,0,
173,Multiflora rose,N,1,
173,Honeysuckle,N,0,
173,Privot,N,0,
173,Spicebush,N,0,
173,Rubus,N,0,
173,Mapleleaf Viburnum,N,0,
173,Buckthorn,S,0,
173,Multiflora rose,S,0,
173,Honeysuckle,S,0,
173,Privot,S,0,
173,Spicebush,S,0,
173,Rubus,S,0,
173,Mapleleaf Viburnum,S,0,
161,Buckthorn,N,0,
161,Multiflora rose,N,1,
161,Honeysuckle,N,0,
161,Privot,N,0,
161,Spicebush,N,0,
161,Rubus,N,1,
161,Mapleleaf Viburnum,N,0,
161,Buckthorn,S,0,
161,Multiflora rose,S,0,
161,Honeysuckle,S,0,
161,Privot,S,0,
161,Spicebush,S,0,
161,Rubus,S,0,
161,Mapleleaf Viburnum,S,0,
13,Buckthorn,N,0,
13,Multiflora rose,N,1,
13,Honeysuckle,N,0,
13,Privot,N,0,
13,Spicebush,N,1,
13,Rubus,N,1,
13,Mapleleaf Viburnum,N,0,
13,Buckthorn,S,1,
13,Multiflora rose,S,0,
13,Honeysuckle,S,0,
13,Privot,S,0,
13,Spicebush,S,1,
13,Rubus,S,0,
13,Mapleleaf Viburnum,S,0,
15,Buckthorn,N,1,
15,Multiflora rose,N,0,
15,Honeysuckle,N,0,
15,Privot,N,0,
15,Spicebush,N,0,
15,Rubus,N,0,
15,Mapleleaf Viburnum,N,0,
15,Buckthorn,S,0,
15,Multiflora rose,S,1,
15,Honeysuckle,S,0,
15,Privot,S,0,
15,Spicebush,S,1,
15,Rubus,S,0,
15,Mapleleaf Viburnum,S,1,
176,Buckthorn,N,1,
176,Multiflora rose,N,0,
176,Honeysuckle,N,0,
176,Privot,N,0,
176,Spicebush,N,0,
176,Rubus,N,1,
176,Mapleleaf Viburnum,N,0,
176,Buckthorn,S,0,
176,Multiflora rose,S,0,
176,Honeysuckle,S,0,
176,Privot,S,0,
176,Spicebush,S,0,
176,Rubus,S,1,
176,Mapleleaf Viburnum,S,0,
8,Buckthorn,N,0,
8,Multiflora rose,N,1,
8,Honeysuckle,N,0,
8,Privot,N,0,
8,Spicebush,N,1,
8,Rubus,N,1,
8,Mapleleaf Viburnum,N,0,
8,Buckthorn,S,0,
8,Multiflora rose,S,0,
8,Honeysuckle,S,0,
8,Privot,S,0,
8,Spicebush,S,1,
8,Rubus,S,0,
8,Mapleleaf Viburnum,S,0,
138,Buckthorn,N,0,
138,Multiflora rose,N,1,
138,Honeysuckle,N,0,
138,Privot,N,0,
138,Spicebush,N,0,
138,Rubus,N,1,
138,Mapleleaf Viburnum,N,0,
138,Buckthorn,S,0,
138,Multiflora rose,S,1,
138,Honeysuckle,S,0,
138,Privot,S,0,
138,Spicebush,S,0,
138,Rubus,S,,
138,Mapleleaf Viburnum,S,0,
9,Buckthorn,N,1,
9,Multiflora rose,N,0,
9,Honeysuckle,N,0,
9,Privot,N,0,
9,Spicebush,N,0,
9,Rubus,N,1,
9,Mapleleaf Viburnum,N,0,
9,Buckthorn,S,1,
9,Multiflora rose,S,0,
9,Honeysuckle,S,0,
9,Privot,S,0,
9,Spicebush,S,0,
9,Rubus,S,0,
9,Mapleleaf Viburnum,S,0,
174,Buckthorn,N,0,
174,Multiflora rose,N,0,
174,Honeysuckle,N,0,
174,Privot,N,0,
174,Spicebush,N,1,
174,Rubus,N,0,
174,Mapleleaf Viburnum,N,0,
174,Buckthorn,S,1,
174,Multiflora rose,S,0,
174,Honeysuckle,S,0,
174,Privot,S,0,
174,Spicebush,S,0,
174,Rubus,S,0,
174,Mapleleaf Viburnum,S,0,
14,Buckthorn,N,0,
14,Multiflora rose,N,1,
14,Honeysuckle,N,0,
14,Privot,N,0,
14,Spicebush,N,0,
14,Rubus,N,0,
14,Mapleleaf Viburnum,N,0,
14,Buckthorn,S,0,
14,Multiflora rose,S,1,
14,Honeysuckle,S,0,
14,Privot,S,0,
14,Spicebush,S,0,
14,Rubus,S,0,
14,Mapleleaf Viburnum,S,0,
163,Buckthorn,N,1,
163,Multiflora rose,N,0,
163,Honeysuckle,N,0,
163,Privot,N,0,
163,Spicebush,N,0,
163,Rubus,N,0,
163,Mapleleaf Viburnum,N,0,
163,Buckthorn,S,0,
163,Multiflora rose,S,1,
163,Honeysuckle,S,0,
163,Privot,S,0,
163,Spicebush,S,0,
163,Rubus,S,0,
163,Mapleleaf Viburnum,S,0,
132,Buckthorn,N,0,
132,Multiflora rose,N,0,
132,Honeysuckle,N,0,
132,Privot,N,0,
132,Spicebush,N,0,
132,Rubus,N,0,
132,Mapleleaf Viburnum,N,0,
132,Buckthorn,S,0,
132,Multiflora rose,S,1,
132,Honeysuckle,S,0,
132,Privot,S,1,
132,Spicebush,S,1,
132,Rubus,S,0,
132,Mapleleaf Viburnum,S,0,
315,Buckthorn,N,1,
315,Multiflora rose,N,1,
315,Honeysuckle,N,0,
315,Privot,N,0,
315,Spicebush,N,0,
315,Rubus,N,0,
315,Mapleleaf Viburnum,N,0,
315,Buckthorn,S,1,
315,Multiflora rose,S,0,
315,Honeysuckle,S,1,
315,Privot,S,0,
315,Spicebush,S,0,
315,Rubus,S,0,
315,Mapleleaf Viburnum,S,0,
194,Buckthorn,N,1,
194,Multiflora rose,N,1,
194,Honeysuckle,N,0,
194,Privot,N,1,
194,Spicebush,N,0,
194,Rubus,N,0,
194,Mapleleaf Viburnum,N,0,
194,Buckthorn,S,1,
194,Multiflora rose,S,1,
194,Honeysuckle,S,0,
194,Privot,S,1,
194,Spicebush,S,0,
194,Rubus,S,0,
194,Mapleleaf Viburnum,S,0,
210,Buckthorn,N,1,
210,Multiflora rose,N,2,
210,Honeysuckle,N,0,
210,Privot,N,0,
210,Spicebush,N,0,
210,Rubus,N,1,
210,Mapleleaf Viburnum,N,0,
210,Buckthorn,S,0,
210,Multiflora rose,S,1,
210,Honeysuckle,S,1,
210,Privot,S,0,
210,Spicebush,S,1,
210,Rubus,S,0,
210,Mapleleaf Viburnum,S,0,
203,Buckthorn,N,0,
203,Multiflora rose,N,3,
203,Honeysuckle,N,1,
203,Privot,N,0,
203,Spicebush,N,1,
203,Rubus,N,0,
203,Mapleleaf Viburnum,N,0,
203,Buckthorn,S,1,
203,Multiflora rose,S,3,
203,Honeysuckle,S,0,
203,Privot,S,0,
203,Spicebush,S,1,
203,Rubus,S,0,
203,Mapleleaf Viburnum,S,0,
152,Buckthorn,N,1,
152,Multiflora rose,N,1,
152,Honeysuckle,N,1,
152,Privot,N,1,
152,Spicebush,N,0,
152,Rubus,N,0,
152,Mapleleaf Viburnum,N,1,
152,Buckthorn,S,1,
152,Multiflora rose,S,1,
152,Honeysuckle,S,0,
152,Privot,S,1,
152,Spicebush,S,0,
152,Rubus,S,0,
152,Mapleleaf Viburnum,S,0,
204,Buckthorn,N,1,
204,Multiflora rose,N,1,
204,Honeysuckle,N,0,
204,Privot,N,0,
204,Spicebush,N,1,
204,Rubus,N,1,
204,Mapleleaf Viburnum,N,1,
204,Buckthorn,S,1,
204,Multiflora rose,S,2,
204,Honeysuckle,S,0,
204,Privot,S,0,
204,Spicebush,S,0,
204,Rubus,S,1,
204,Mapleleaf Viburnum,S,0,
925,Buckthorn,N,0,
925,Multiflora rose,N,3,
925,Honeysuckle,N,0,
925,Privot,N,0,
925,Spicebush,N,1,
925,Rubus,N,0,
925,Mapleleaf Viburnum,N,0,
925,Buckthorn,S,1,
925,Multiflora rose,S,2,
925,Honeysuckle,S,0,
925,Privot,S,0,
925,Spicebush,S,1,
925,Rubus,S,1,
925,Mapleleaf Viburnum,S,0,
153,Buckthorn,N,1,
153,Multiflora rose,N,2,
153,Honeysuckle,N,0,
153,Privot,N,0,
153,Spicebush,N,1,
153,Rubus,N,1,
153,Mapleleaf Viburnum,N,0,
153,Buckthorn,S,1,
153,Multiflora rose,S,2,
153,Honeysuckle,S,1,
153,Privot,S,0,
153,Spicebush,S,0,
153,Rubus,S,1,
153,Mapleleaf Viburnum,S,0,
148,Buckthorn,N,1,
148,Multiflora rose,N,3,
148,Honeysuckle,N,1,
148,Privot,N,0,
148,Spicebush,N,1,
148,Rubus,N,1,
148,Mapleleaf Viburnum,N,0,
148,Buckthorn,S,1,
148,Multiflora rose,S,4,
148,Honeysuckle,S,0,
148,Privot,S,0,
148,Spicebush,S,1,
148,Rubus,S,1,
148,Mapleleaf Viburnum,S,1,
926,Buckthorn,N,1,
926,Multiflora rose,N,3,
926,Honeysuckle,N,0,
926,Privot,N,0,
926,Spicebush,N,1,
926,Rubus,N,1,
926,Mapleleaf Viburnum,N,1,
926,Buckthorn,S,1,
926,Multiflora rose,S,4,
926,Honeysuckle,S,0,
926,Privot,S,0,
926,Spicebush,S,1,
926,Rubus,S,1,
926,Mapleleaf Viburnum,S,1,
913,Buckthorn,N,0,
913,Multiflora rose,N,2,
913,Honeysuckle,N,1,
913,Privot,N,0,
913,Spicebush,N,0,
913,Rubus,N,1,
913,Mapleleaf Viburnum,N,0,
913,Buckthorn,S,1,
913,Multiflora rose,S,2,
913,Honeysuckle,S,0,
913,Privot,S,0,
913,Spicebush,S,1,
913,Rubus,S,0,
913,Mapleleaf Viburnum,S,0,
147,Buckthorn,N,1,
147,Multiflora rose,N,1,
147,Honeysuckle,N,0,
147,Privot,N,0,
147,Spicebush,N,1,
147,Rubus,N,1,
147,Mapleleaf Viburnum,N,0,
147,Buckthorn,S,0,
147,Multiflora rose,S,2,
147,Honeysuckle,S,0,
147,Privot,S,0,
147,Spicebush,S,1,
147,Rubus,S,1,
147,Mapleleaf Viburnum,S,0,
54,Buckthorn,N,1,
54,Multiflora rose,N,0,
54,Honeysuckle,N,1,
54,Privot,N,0,
54,Spicebush,N,0,
54,Rubus,N,1,
54,Mapleleaf Viburnum,N,0,
54,Buckthorn,S,0,
54,Multiflora rose,S,1,
54,Honeysuckle,S,0,
54,Privot,S,0,
54,Spicebush,S,0,
54,Rubus,S,1,
54,Mapleleaf Viburnum,S,0,
912,Buckthorn,N,1,
912,Multiflora rose,N,2,
912,Honeysuckle,N,1,
912,Privot,N,0,
912,Spicebush,N,0,
912,Rubus,N,1,
912,Mapleleaf Viburnum,N,0,
912,Buckthorn,S,0,
912,Multiflora rose,S,1,
912,Honeysuckle,S,0,
912,Privot,S,0,
912,Spicebush,S,1,
912,Rubus,S,0,
912,Mapleleaf Viburnum,S,0,
46,Buckthorn,N,1,
46,Multiflora rose,N,0,
46,Honeysuckle,N,0,
46,Privot,N,0,
46,Spicebush,N,0,
46,Rubus,N,0,
46,Mapleleaf Viburnum,N,0,
46,Buckthorn,S,1,
46,Multiflora rose,S,1,
46,Honeysuckle,S,0,
46,Privot,S,0,
46,Spicebush,S,0,
46,Rubus,S,1,
46,Mapleleaf Viburnum,S,0,
44,Buckthorn,N,1,
44,Multiflora rose,N,0,
44,Honeysuckle,N,1,
44,Privot,N,0,
44,Spicebush,N,0,
44,Rubus,N,1,
44,Mapleleaf Viburnum,N,0,
44,Buckthorn,S,0,
44,Multiflora rose,S,1,
44,Honeysuckle,S,0,
44,Privot,S,0,
44,Spicebush,S,0,
44,Rubus,S,1,
44,Mapleleaf Viburnum,S,0,
55,Buckthorn,N,1,
55,Multiflora rose,N,2,
55,Honeysuckle,N,0,
55,Privot,N,0,
55,Spicebush,N,1,
55,Rubus,N,1,
55,Mapleleaf Viburnum,N,0,
55,Buckthorn,S,1,
55,Multiflora rose,S,4,
55,Honeysuckle,S,0,
55,Privot,S,0,
55,Spicebush,S,1,
55,Rubus,S,1,
55,Mapleleaf Viburnum,S,0,
205,Buckthorn,N,1,
205,Multiflora rose,N,2,
205,Honeysuckle,N,0,
205,Privot,N,0,
205,Spicebush,N,2,
205,Rubus,N,1,
205,Mapleleaf Viburnum,N,0,
205,Buckthorn,S,1,
205,Multiflora rose,S,2,
205,Honeysuckle,S,0,
205,Privot,S,0,
205,Spicebush,S,1,
205,Rubus,S,1,
205,Mapleleaf Viburnum,S,0,
248,Buckthorn,N,0,
248,Multiflora rose,N,3,
248,Honeysuckle,N,1,
248,Privot,N,0,
248,Spicebush,N,1,
248,Rubus,N,1,
248,Mapleleaf Viburnum,N,0,
248,Buckthorn,S,1,
248,Multiflora rose,S,4,
248,Honeysuckle,S,0,
248,Privot,S,0,
248,Spicebush,S,1,
248,Rubus,S,0,
248,Mapleleaf Viburnum,S,0,
149,Buckthorn,N,1,
149,Multiflora rose,N,4,
149,Honeysuckle,N,0,
149,Privot,N,0,
149,Spicebush,N,1,
149,Rubus,N,0,
149,Mapleleaf Viburnum,N,0,
149,Buckthorn,S,0,
149,Multiflora rose,S,4,
149,Honeysuckle,S,0,
149,Privot,S,0,
149,Spicebush,S,1,
149,Rubus,S,1,
149,Mapleleaf Viburnum,S,0,
150,Buckthorn,N,0,
150,Multiflora rose,N,0,
150,Honeysuckle,N,0,
150,Privot,N,0,
150,Spicebush,N,1,
150,Rubus,N,0,
150,Mapleleaf Viburnum,N,0,
150,Buckthorn,S,1,
150,Multiflora rose,S,1,
150,Honeysuckle,S,0,
150,Privot,S,0,
150,Spicebush,S,1,
150,Rubus,S,1,
150,Mapleleaf Viburnum,S,0,
927,Buckthorn,N,1,
927,Multiflora rose,N,0,
927,Honeysuckle,N,0,
927,Privot,N,0,
927,Spicebush,N,1,
927,Rubus,N,1,
927,Mapleleaf Viburnum,N,1,
927,Buckthorn,S,0,
927,Multiflora rose,S,0,
927,Honeysuckle,S,0,
927,Privot,S,0,
927,Spicebush,S,1,
927,Rubus,S,0,
927,Mapleleaf Viburnum,S,0,
38,Buckthorn,N,1,
38,Multiflora rose,N,1,
38,Honeysuckle,N,0,
38,Privot,N,0,
38,Spicebush,N,0,
38,Rubus,N,1,
38,Mapleleaf Viburnum,N,0,
38,Buckthorn,S,0,
38,Multiflora rose,S,1,
38,Honeysuckle,S,0,
38,Privot,S,0,
38,Spicebush,S,0,
38,Rubus,S,0,
38,Mapleleaf Viburnum,S,0,
36,Buckthorn,N,1,
36,Multiflora rose,N,1,
36,Honeysuckle,N,0,
36,Privot,N,0,
36,Spicebush,N,0,
36,Rubus,N,0,
36,Mapleleaf Viburnum,N,0,
36,Buckthorn,S,0,
36,Multiflora rose,S,0,
36,Honeysuckle,S,0,
36,Privot,S,0,
36,Spicebush,S,0,
36,Rubus,S,1,
36,Mapleleaf Viburnum,S,0,
34,Buckthorn,N,0,
34,Multiflora rose,N,1,
34,Honeysuckle,N,1,
34,Privot,N,0,
34,Spicebush,N,0,
34,Rubus,N,0,
34,Mapleleaf Viburnum,N,0,
34,Buckthorn,S,0,
34,Multiflora rose,S,2,
34,Honeysuckle,S,0,
34,Privot,S,0,
34,Spicebush,S,0,
34,Rubus,S,1,
34,Mapleleaf Viburnum,S,0,
207,Buckthorn,N,0,
207,Multiflora rose,N,3,
207,Honeysuckle,N,0,
207,Privot,N,0,
207,Spicebush,N,0,
207,Rubus,N,0,
207,Mapleleaf Viburnum,N,0,
207,Buckthorn,S,0,
207,Multiflora rose,S,2,
207,Honeysuckle,S,0,
207,Privot,S,0,
207,Spicebush,S,0,
207,Rubus,S,0,
207,Mapleleaf Viburnum,S,0,
25,Buckthorn,N,1,
25,Multiflora rose,N,1,
25,Honeysuckle,N,0,
25,Privot,N,1,
25,Spicebush,N,0,
25,Rubus,N,1,
25,Mapleleaf Viburnum,N,0,
25,Buckthorn,S,0,
25,Multiflora rose,S,1,
25,Honeysuckle,S,0,
25,Privot,S,0,
25,Spicebush,S,0,
25,Rubus,S,1,
25,Mapleleaf Viburnum,S,0,
30,Buckthorn,N,0,
30,Multiflora rose,N,0,
30,Honeysuckle,N,0,
30,Privot,N,1,
30,Spicebush,N,1,
30,Rubus,N,1,
30,Mapleleaf Viburnum,N,0,
30,Buckthorn,S,0,
30,Multiflora rose,S,2,
30,Honeysuckle,S,0,
30,Privot,S,1,
30,Spicebush,S,0,
30,Rubus,S,0,
30,Mapleleaf Viburnum,S,0,
31,Buckthorn,N,1,
31,Multiflora rose,N,2,
31,Honeysuckle,N,0,
31,Privot,N,0,
31,Spicebush,N,0,
31,Rubus,N,1,
31,Mapleleaf Viburnum,N,0,
31,Buckthorn,S,0,
31,Multiflora rose,S,1,
31,Honeysuckle,S,0,
31,Privot,S,0,
31,Spicebush,S,0,
31,Rubus,S,1,
31,Mapleleaf Viburnum,S,0,
41,Buckthorn,N,0,
41,Multiflora rose,N,2,
41,Honeysuckle,N,1,
41,Privot,N,0,
41,Spicebush,N,0,
41,Rubus,N,1,
41,Mapleleaf Viburnum,N,0,
41,Buckthorn,S,1,
41,Multiflora rose,S,2,
41,Honeysuckle,S,1,
41,Privot,S,0,
41,Spicebush,S,0,
41,Rubus,S,1,
41,Mapleleaf Viburnum,S,0,
33,Buckthorn,N,0,
33,Multiflora rose,N,2,
33,Honeysuckle,N,0,
33,Privot,N,0,
33,Spicebush,N,1,
33,Rubus,N,1,
33,Mapleleaf Viburnum,N,0,
33,Buckthorn,S,1,
33,Multiflora rose,S,1,
33,Honeysuckle,S,0,
33,Privot,S,0,
33,Spicebush,S,1,
33,Rubus,S,0,
33,Mapleleaf Viburnum,S,0,
35,Buckthorn,N,1,
35,Multiflora rose,N,2,
35,Honeysuckle,N,0,
35,Privot,N,0,
35,Spicebush,N,1,
35,Rubus,N,1,
35,Mapleleaf Viburnum,N,0,
35,Buckthorn,S,0,
35,Multiflora rose,S,2,
35,Honeysuckle,S,0,
35,Privot,S,0,
35,Spicebush,S,0,
35,Rubus,S,1,
35,Mapleleaf Viburnum,S,0,
32,Buckthorn,N,1,
32,Multiflora rose,N,1,
32,Honeysuckle,N,0,
32,Privot,N,0,
32,Spicebush,N,0,
32,Rubus,N,0,
32,Mapleleaf Viburnum,N,0,
32,Buckthorn,S,1,
32,Multiflora rose,S,1,
32,Honeysuckle,S,0,
32,Privot,S,0,
32,Spicebush,S,1,
32,Rubus,S,1,
32,Mapleleaf Viburnum,S,0,
29,Buckthorn,N,1,
29,Multiflora rose,N,1,
29,Honeysuckle,N,0,
29,Privot,N,0,
29,Spicebush,N,0,
29,Rubus,N,0,
29,Mapleleaf Viburnum,N,0,
29,Buckthorn,S,1,
29,Multiflora rose,S,2,
29,Honeysuckle,S,0,
29,Privot,S,0,
29,Spicebush,S,0,
29,Rubus,S,1,
29,Mapleleaf Viburnum,S,0,
51,Buckthorn,N,1,
51,Multiflora rose,N,0,
51,Honeysuckle,N,0,
51,Privot,N,0,
51,Spicebush,N,0,
51,Rubus,N,1,
51,Mapleleaf Viburnum,N,0,
51,Buckthorn,S,1,
51,Multiflora rose,S,1,
51,Honeysuckle,S,0,
51,Privot,S,0,
51,Spicebush,S,1,
51,Rubus,S,1,
51,Mapleleaf Viburnum,S,0,
28,Buckthorn,N,1,
28,Multiflora rose,N,1,
28,Honeysuckle,N,0,
28,Privot,N,0,
28,Spicebush,N,0,
28,Rubus,N,1,
28,Mapleleaf Viburnum,N,0,
28,Buckthorn,S,0,
28,Multiflora rose,S,1,
28,Honeysuckle,S,0,
28,Privot,S,0,
28,Spicebush,S,1,
28,Rubus,S,1,
28,Mapleleaf Viburnum,S,0,
911,Buckthorn,N,0,
911,Multiflora rose,N,2,
911,Honeysuckle,N,0,
911,Privot,N,0,
911,Spicebush,N,0,
911,Rubus,N,1,
911,Mapleleaf Viburnum,N,0,
911,Buckthorn,S,1,
911,Multiflora rose,S,2,
911,Honeysuckle,S,0,
911,Privot,S,0,
911,Spicebush,S,1,
911,Rubus,S,1,
911,Mapleleaf Viburnum,S,0,
42,Buckthorn,N,1,
42,Multiflora rose,N,3,
42,Honeysuckle,N,0,
42,Privot,N,0,
42,Spicebush,N,1,
42,Rubus,N,1,
42,Mapleleaf Viburnum,N,0,
42,Buckthorn,S,1,
42,Multiflora rose,S,2,
42,Honeysuckle,S,0,
42,Privot,S,0,
42,Spicebush,S,1,
42,Rubus,S,1,
42,Mapleleaf Viburnum,S,0,
47,Buckthorn,N,1,
47,Multiflora rose,N,1,
47,Honeysuckle,N,0,
47,Privot,N,0,
47,Spicebush,N,1,
47,Rubus,N,0,
47,Mapleleaf Viburnum,N,0,
47,Buckthorn,S,1,
47,Multiflora rose,S,1,
47,Honeysuckle,S,0,
47,Privot,S,0,
47,Spicebush,S,0,
47,Rubus,S,1,
47,Mapleleaf Viburnum,S,0,
45,Buckthorn,N,1,
45,Multiflora rose,N,2,
45,Honeysuckle,N,0,
45,Privot,N,0,
45,Spicebush,N,0,
45,Rubus,N,1,
45,Mapleleaf Viburnum,N,0,
45,Buckthorn,S,1,
45,Multiflora rose,S,2,
45,Honeysuckle,S,0,
45,Privot,S,1,
45,Spicebush,S,1,
45,Rubus,S,1,
45,Mapleleaf Viburnum,S,0,
49,Buckthorn,N,0,
49,Multiflora rose,N,0,
49,Honeysuckle,N,0,
49,Privot,N,0,
49,Spicebush,N,0,
49,Rubus,N,1,
49,Mapleleaf Viburnum,N,0,
49,Buckthorn,S,0,
49,Multiflora rose,S,1,
49,Honeysuckle,S,0,
49,Privot,S,0,
49,Spicebush,S,0,
49,Rubus,S,1,
49,Mapleleaf Viburnum,S,0,
48,Buckthorn,N,0,
48,Multiflora rose,N,1,
48,Honeysuckle,N,0,
48,Privot,N,0,
48,Spicebush,N,0,
48,Rubus,N,1,
48,Mapleleaf Viburnum,N,0,
48,Buckthorn,S,1,
48,Multiflora rose,S,1,
48,Honeysuckle,S,0,
48,Privot,S,0,
48,Spicebush,S,1,
48,Rubus,S,1,
48,Mapleleaf Viburnum,S,0,
56,Buckthorn,N,1,
56,Multiflora rose,N,2,
56,Honeysuckle,N,0,
56,Privot,N,0,
56,Spicebush,N,1,
56,Rubus,N,0,
56,Mapleleaf Viburnum,N,0,
56,Buckthorn,S,1,
56,Multiflora rose,S,1,
56,Honeysuckle,S,0,
56,Privot,S,0,
56,Spicebush,S,1,
56,Rubus,S,1,
56,Mapleleaf Viburnum,S,0,
910,Buckthorn,N,0,
910,Multiflora rose,N,1,
910,Honeysuckle,N,0,
910,Privot,N,0,
910,Spicebush,N,1,
910,Rubus,N,1,
910,Mapleleaf Viburnum,N,0,
910,Buckthorn,S,1,
910,Multiflora rose,S,1,
910,Honeysuckle,S,0,
910,Privot,S,0,
910,Spicebush,S,1,
910,Rubus,S,0,
910,Mapleleaf Viburnum,S,0,
64,Buckthorn,N,1,
64,Multiflora rose,N,2,
64,Honeysuckle,N,0,
64,Privot,N,0,
64,Spicebush,N,0,
64,Rubus,N,1,
64,Mapleleaf Viburnum,N,0,
64,Buckthorn,S,1,
64,Multiflora rose,S,1,
64,Honeysuckle,S,0,
64,Privot,S,0,
64,Spicebush,S,0,
64,Rubus,S,1,
64,Mapleleaf Viburnum,S,0,
895,Buckthorn,N,1,
895,Multiflora rose,N,0,
895,Honeysuckle,N,1,
895,Privot,N,0,
895,Spicebush,N,1,
895,Rubus,N,1,
895,Mapleleaf Viburnum,N,0,
895,Buckthorn,S,1,
895,Multiflora rose,S,0,
895,Honeysuckle,S,0,
895,Privot,S,0,
895,Spicebush,S,0,
895,Rubus,S,0,
895,Mapleleaf Viburnum,S,0,
57,Buckthorn,N,1,
57,Multiflora rose,N,1,
57,Honeysuckle,N,1,
57,Privot,N,0,
57,Spicebush,N,0,
57,Rubus,N,0,
57,Mapleleaf Viburnum,N,0,
57,Buckthorn,S,1,
57,Multiflora rose,S,2,
57,Honeysuckle,S,0,
57,Privot,S,0,
57,Spicebush,S,1,
57,Rubus,S,0,
57,Mapleleaf Viburnum,S,1,
69,Buckthorn,N,1,
69,Multiflora rose,N,1,
69,Honeysuckle,N,0,
69,Privot,N,0,
69,Spicebush,N,0,
69,Rubus,N,1,
69,Mapleleaf Viburnum,N,0,
69,Buckthorn,S,1,
69,Multiflora rose,S,1,
69,Honeysuckle,S,0,
69,Privot,S,0,
69,Spicebush,S,1,
69,Rubus,S,1,
69,Mapleleaf Viburnum,S,0,
880,Buckthorn,N,1,
880,Multiflora rose,N,1,
880,Honeysuckle,N,0,
880,Privot,N,0,
880,Spicebush,N,0,
880,Rubus,N,1,
880,Mapleleaf Viburnum,N,0,
880,Buckthorn,S,1,
880,Multiflora rose,S,1,
880,Honeysuckle,S,0,
880,Privot,S,0,
880,Spicebush,S,1,
880,Rubus,S,1,
880,Mapleleaf Viburnum,S,0,
70,Buckthorn,N,1,
70,Multiflora rose,N,2,
70,Honeysuckle,N,0,
70,Privot,N,0,
70,Spicebush,N,0,
70,Rubus,N,1,
70,Mapleleaf Viburnum,N,0,
70,Buckthorn,S,1,
70,Multiflora rose,S,1,
70,Honeysuckle,S,0,
70,Privot,S,0,
70,Spicebush,S,0,
70,Rubus,S,0,
70,Mapleleaf Viburnum,S,0,
58,Buckthorn,N,1,
58,Multiflora rose,N,1,
58,Honeysuckle,N,0,
58,Privot,N,1,
58,Spicebush,N,0,
58,Rubus,N,1,
58,Mapleleaf Viburnum,N,0,
58,Buckthorn,S,1,
58,Multiflora rose,S,2,
58,Honeysuckle,S,1,
58,Privot,S,0,
58,Spicebush,S,0,
58,Rubus,S,0,
58,Mapleleaf Viburnum,S,0,
62,Buckthorn,N,1,
62,Multiflora rose,N,1,
62,Honeysuckle,N,0,
62,Privot,N,0,
62,Spicebush,N,0,
62,Rubus,N,1,
62,Mapleleaf Viburnum,N,0,
62,Buckthorn,S,1,
62,Multiflora rose,S,2,
62,Honeysuckle,S,0,
62,Privot,S,0,
62,Spicebush,S,1,
62,Rubus,S,0,
62,Mapleleaf Viburnum,S,0,
909,Buckthorn,N,1,
909,Multiflora rose,N,1,
909,Honeysuckle,N,0,
909,Privot,N,0,
909,Spicebush,N,1,
909,Rubus,N,1,
909,Mapleleaf Viburnum,N,0,
909,Buckthorn,S,1,
909,Multiflora rose,S,1,
909,Honeysuckle,S,0,
909,Privot,S,1,
909,Spicebush,S,1,
909,Rubus,S,0,
909,Mapleleaf Viburnum,S,0,
61,Buckthorn,N,1,
61,Multiflora rose,N,1,
61,Honeysuckle,N,0,
61,Privot,N,1,
61,Spicebush,N,0,
61,Rubus,N,1,
61,Mapleleaf Viburnum,N,0,
61,Buckthorn,S,1,
61,Multiflora rose,S,2,
61,Honeysuckle,S,0,
61,Privot,S,0,
61,Spicebush,S,1,
61,Rubus,S,0,
61,Mapleleaf Viburnum,S,0,
74,Buckthorn,N,1,
74,Multiflora rose,N,2,
74,Honeysuckle,N,0,
74,Privot,N,1,
74,Spicebush,N,1,
74,Rubus,N,1,
74,Mapleleaf Viburnum,N,0,
74,Buckthorn,S,1,
74,Multiflora rose,S,2,
74,Honeysuckle,S,0,
74,Privot,S,0,
74,Spicebush,S,0,
74,Rubus,S,1,
74,Mapleleaf Viburnum,S,0,
59,Buckthorn,N,1,
59,Multiflora rose,N,1,
59,Honeysuckle,N,0,
59,Privot,N,0,
59,Spicebush,N,0,
59,Rubus,N,1,
59,Mapleleaf Viburnum,N,1,
59,Buckthorn,S,1,
59,Multiflora rose,S,1,
59,Honeysuckle,S,0,
59,Privot,S,0,
59,Spicebush,S,1,
59,Rubus,S,1,
59,Mapleleaf Viburnum,S,0,
908,Buckthorn,N,2,
908,Multiflora rose,N,1,
908,Honeysuckle,N,0,
908,Privot,N,1,
908,Spicebush,N,0,
908,Rubus,N,0,
908,Mapleleaf Viburnum,N,0,
908,Buckthorn,S,2,
908,Multiflora rose,S,1,
908,Honeysuckle,S,0,
908,Privot,S,0,
908,Spicebush,S,0,
908,Rubus,S,0,
908,Mapleleaf Viburnum,S,0,
65,Buckthorn,N,1,
65,Multiflora rose,N,1,
65,Honeysuckle,N,0,
65,Privot,N,0,
65,Spicebush,N,1,
65,Rubus,N,1,
65,Mapleleaf Viburnum,N,0,
65,Buckthorn,S,1,
65,Multiflora rose,S,1,
65,Honeysuckle,S,0,
65,Privot,S,0,
65,Spicebush,S,0,
65,Rubus,S,1,
65,Mapleleaf Viburnum,S,0,
906,Buckthorn,N,2,
906,Multiflora rose,N,1,
906,Honeysuckle,N,1,
906,Privot,N,0,
906,Spicebush,N,1,
906,Rubus,N,1,
906,Mapleleaf Viburnum,N,0,
906,Buckthorn,S,2,
906,Multiflora rose,S,1,
906,Honeysuckle,S,0,
906,Privot,S,0,
906,Spicebush,S,0,
906,Rubus,S,1,
906,Mapleleaf Viburnum,S,0,
907,Buckthorn,N,2,
907,Multiflora rose,N,1,
907,Honeysuckle,N,0,
907,Privot,N,0,
907,Spicebush,N,0,
907,Rubus,N,1,
907,Mapleleaf Viburnum,N,0,
907,Buckthorn,S,2,
907,Multiflora rose,S,1,
907,Honeysuckle,S,0,
907,Privot,S,0,
907,Spicebush,S,0,
907,Rubus,S,0,
907,Mapleleaf Viburnum,S,0,
904,Buckthorn,N,1,
904,Multiflora rose,N,2,
904,Honeysuckle,N,1,
904,Privot,N,0,
904,Spicebush,N,1,
904,Rubus,N,1,
904,Mapleleaf Viburnum,N,0,
904,Buckthorn,S,1,
904,Multiflora rose,S,2,
904,Honeysuckle,S,0,
904,Privot,S,0,
904,Spicebush,S,1,
904,Rubus,S,1,
904,Mapleleaf Viburnum,S,0,
60,Buckthorn,N,1,
60,Multiflora rose,N,1,
60,Honeysuckle,N,0,
60,Privot,N,0,
60,Spicebush,N,0,
60,Rubus,N,1,
60,Mapleleaf Viburnum,N,0,
60,Buckthorn,S,1,
60,Multiflora rose,S,1,
60,Honeysuckle,S,1,
60,Privot,S,0,
60,Spicebush,S,0,
60,Rubus,S,1,
60,Mapleleaf Viburnum,S,0,
903,Buckthorn,N,1,
903,Multiflora rose,N,1,
903,Honeysuckle,N,1,
903,Privot,N,0,
903,Spicebush,N,1,
903,Rubus,N,1,
903,Mapleleaf Viburnum,N,0,
903,Buckthorn,S,1,
903,Multiflora rose,S,0,
903,Honeysuckle,S,0,
903,Privot,S,0,
903,Spicebush,S,0,
903,Rubus,S,1,
903,Mapleleaf Viburnum,S,0,
905,Buckthorn,N,1,
905,Multiflora rose,N,1,
905,Honeysuckle,N,0,
905,Privot,N,0,
905,Spicebush,N,0,
905,Rubus,N,1,
905,Mapleleaf Viburnum,N,0,
905,Buckthorn,S,1,
905,Multiflora rose,S,1,
905,Honeysuckle,S,0,
905,Privot,S,0,
905,Spicebush,S,0,
905,Rubus,S,1,
905,Mapleleaf Viburnum,S,0,
66,Buckthorn,N,1,
66,Multiflora rose,N,1,
66,Honeysuckle,N,0,
66,Privot,N,0,
66,Spicebush,N,1,
66,Rubus,N,0,
66,Mapleleaf Viburnum,N,1,
66,Buckthorn,S,1,
66,Multiflora rose,S,1,
66,Honeysuckle,S,1,
66,Privot,S,0,
66,Spicebush,S,1,
66,Rubus,S,1,
66,Mapleleaf Viburnum,S,0,
67,Buckthorn,N,1,
67,Multiflora rose,N,2,
67,Honeysuckle,N,0,
67,Privot,N,0,
67,Spicebush,N,1,
67,Rubus,N,1,
67,Mapleleaf Viburnum,N,0,
67,Buckthorn,S,1,
67,Multiflora rose,S,3,
67,Honeysuckle,S,0,
67,Privot,S,0,
67,Spicebush,S,1,
67,Rubus,S,1,
67,Mapleleaf Viburnum,S,0,
68,Buckthorn,N,0,
68,Multiflora rose,N,1,
68,Honeysuckle,N,0,
68,Privot,N,0,
68,Spicebush,N,1,
68,Rubus,N,1,
68,Mapleleaf Viburnum,N,0,
68,Buckthorn,S,1,
68,Multiflora rose,S,1,
68,Honeysuckle,S,0,
68,Privot,S,0,
68,Spicebush,S,1,
68,Rubus,S,1,
68,Mapleleaf Viburnum,S,0,
77,Buckthorn,N,0,
77,Multiflora rose,N,1,
77,Honeysuckle,N,0,
77,Privot,N,0,
77,Spicebush,N,0,
77,Rubus,N,1,
77,Mapleleaf Viburnum,N,0,
77,Buckthorn,S,0,
77,Multiflora rose,S,1,
77,Honeysuckle,S,0,
77,Privot,S,0,
77,Spicebush,S,1,
77,Rubus,S,1,
77,Mapleleaf Viburnum,S,0,
72,Buckthorn,N,0,
72,Multiflora rose,N,1,
72,Honeysuckle,N,0,
72,Privot,N,0,
72,Spicebush,N,1,
72,Rubus,N,1,
72,Mapleleaf Viburnum,N,0,
72,Buckthorn,S,1,
72,Multiflora rose,S,1,
72,Honeysuckle,S,1,
72,Privot,S,0,
72,Spicebush,S,1,
72,Rubus,S,1,
72,Mapleleaf Viburnum,S,0,
902,Buckthorn,N,1,
902,Multiflora rose,N,2,
902,Honeysuckle,N,1,
902,Privot,N,0,
902,Spicebush,N,1,
902,Rubus,N,0,
902,Mapleleaf Viburnum,N,0,
902,Buckthorn,S,1,
902,Multiflora rose,S,1,
902,Honeysuckle,S,1,
902,Privot,S,0,
902,Spicebush,S,0,
902,Rubus,S,1,
902,Mapleleaf Viburnum,S,0,
901,Buckthorn,N,1,
901,Multiflora rose,N,2,
901,Honeysuckle,N,0,
901,Privot,N,0,
901,Spicebush,N,0,
901,Rubus,N,0,
901,Mapleleaf Viburnum,N,0,
901,Buckthorn,S,0,
901,Multiflora rose,S,0,
901,Honeysuckle,S,0,
901,Privot,S,0,
901,Spicebush,S,0,
901,Rubus,S,0,
901,Mapleleaf Viburnum,S,0,
75,Buckthorn,N,1,
75,Multiflora rose,N,2,
75,Honeysuckle,N,1,
75,Privot,N,0,
75,Spicebush,N,0,
75,Rubus,N,0,
75,Mapleleaf Viburnum,N,0,
75,Buckthorn,S,1,
75,Multiflora rose,S,1,
75,Honeysuckle,S,0,
75,Privot,S,0,
75,Spicebush,S,0,
75,Rubus,S,0,
75,Mapleleaf Viburnum,S,0,
27,Buckthorn,N,0,
27,Multiflora rose,N,1,
27,Honeysuckle,N,1,
27,Privot,N,1,
27,Spicebush,N,1,
27,Rubus,N,0,
27,Mapleleaf Viburnum,N,0,
27,Buckthorn,S,0,
27,Multiflora rose,S,1,
27,Honeysuckle,S,0,
27,Privot,S,0,
27,Spicebush,S,0,
27,Rubus,S,0,
27,Mapleleaf Viburnum,S,0,
24,Buckthorn,N,1,
24,Multiflora rose,N,1,
24,Honeysuckle,N,0,
24,Privot,N,1,
24,Spicebush,N,0,
24,Rubus,N,0,
24,Mapleleaf Viburnum,N,0,
24,Buckthorn,S,0,
24,Multiflora rose,S,1,
24,Honeysuckle,S,0,
24,Privot,S,0,
24,Spicebush,S,0,
24,Rubus,S,0,
24,Mapleleaf Viburnum,S,0,
860,Buckthorn,N,0,
860,Multiflora rose,N,1,
860,Honeysuckle,N,0,
860,Privot,N,0,
860,Spicebush,N,1,
860,Rubus,N,0,
860,Mapleleaf Viburnum,N,0,
860,Buckthorn,S,0,
860,Multiflora rose,S,1,
860,Honeysuckle,S,0,
860,Privot,S,1,
860,Spicebush,S,1,
860,Rubus,S,0,
860,Mapleleaf Viburnum,S,0,
151,Buckthorn,N,0,
151,Multiflora rose,N,1,
151,Honeysuckle,N,0,
151,Privot,N,0,
151,Spicebush,N,0,
151,Rubus,N,0,
151,Mapleleaf Viburnum,N,0,
151,Buckthorn,S,0,
151,Multiflora rose,S,1,
151,Honeysuckle,S,0,
151,Privot,S,0,
151,Spicebush,S,0,
151,Rubus,S,0,
151,Mapleleaf Viburnum,S,0,
874,Buckthorn,N,0,
874,Multiflora rose,N,1,
874,Honeysuckle,N,1,
874,Privot,N,0,
874,Spicebush,N,0,
874,Rubus,N,1,
874,Mapleleaf Viburnum,N,0,
874,Buckthorn,S,0,
874,Multiflora rose,S,1,
874,Honeysuckle,S,0,
874,Privot,S,1,
874,Spicebush,S,0,
874,Rubus,S,0,
874,Mapleleaf Viburnum,S,0,
39,Buckthorn,N,1,
39,Multiflora rose,N,2,
39,Honeysuckle,N,0,
39,Privot,N,0,
39,Spicebush,N,0,
39,Rubus,N,1,
39,Mapleleaf Viburnum,N,0,
39,Buckthorn,S,0,
39,Multiflora rose,S,1,
39,Honeysuckle,S,0,
39,Privot,S,0,
39,Spicebush,S,1,
39,Rubus,S,0,
39,Mapleleaf Viburnum,S,0,
53,Buckthorn,N,1,
53,Multiflora rose,N,3,
53,Honeysuckle,N,0,
53,Privot,N,0,
53,Spicebush,N,1,
53,Rubus,N,1,
53,Mapleleaf Viburnum,N,0,
53,Buckthorn,S,1,
53,Multiflora rose,S,3,
53,Honeysuckle,S,0,
53,Privot,S,0,
53,Spicebush,S,1,
53,Rubus,S,1,
53,Mapleleaf Viburnum,S,0,
43,Buckthorn,N,0,
43,Multiflora rose,N,1,
43,Honeysuckle,N,0,
43,Privot,N,1,
43,Spicebush,N,1,
43,Rubus,N,0,
43,Mapleleaf Viburnum,N,0,
43,Buckthorn,S,0,
43,Multiflora rose,S,0,
43,Honeysuckle,S,0,
43,Privot,S,0,
43,Spicebush,S,0,
43,Rubus,S,1,
43,Mapleleaf Viburnum,S,0,
50,Buckthorn,N,1,
50,Multiflora rose,N,2,
50,Honeysuckle,N,0,
50,Privot,N,0,
50,Spicebush,N,1,
50,Rubus,N,1,
50,Mapleleaf Viburnum,N,0,
50,Buckthorn,S,1,
50,Multiflora rose,S,2,
50,Honeysuckle,S,0,
50,Privot,S,0,
50,Spicebush,S,1,
50,Rubus,S,1,
50,Mapleleaf Viburnum,S,0,
40,Buckthorn,N,1,
40,Multiflora rose,N,1,
40,Honeysuckle,N,0,
40,Privot,N,0,
40,Spicebush,N,1,
40,Rubus,N,0,
40,Mapleleaf Viburnum,N,0,
40,Buckthorn,S,1,
40,Multiflora rose,S,1,
40,Honeysuckle,S,0,
40,Privot,S,0,
40,Spicebush,S,0,
40,Rubus,S,1,
40,Mapleleaf Viburnum,S,0,
71,Buckthorn,N,1,
71,Multiflora rose,N,1,
71,Honeysuckle,N,0,
71,Privot,N,0,
71,Spicebush,N,0,
71,Rubus,N,1,
71,Mapleleaf Viburnum,N,0,
71,Buckthorn,S,1,
71,Multiflora rose,S,1,
71,Honeysuckle,S,0,
71,Privot,S,0,
71,Spicebush,S,1,
71,Rubus,S,0,
71,Mapleleaf Viburnum,S,0,
52,Buckthorn,N,1,
52,Multiflora rose,N,2,
52,Honeysuckle,N,0,
52,Privot,N,0,
52,Spicebush,N,1,
52,Rubus,N,1,
52,Mapleleaf Viburnum,N,0,
52,Buckthorn,S,1,
52,Multiflora rose,S,2,
52,Honeysuckle,S,0,
52,Privot,S,0,
52,Spicebush,S,1,
52,Rubus,S,1,
52,Mapleleaf Viburnum,S,0,
206,Buckthorn,N,1,
206,Multiflora rose,N,2,
206,Honeysuckle,N,0,
206,Privot,N,1,
206,Spicebush,N,0,
206,Rubus,N,0,
206,Mapleleaf Viburnum,N,0,
206,Buckthorn,S,1,
206,Multiflora rose,S,1,
206,Honeysuckle,S,0,
206,Privot,S,1,
206,Spicebush,S,0,
206,Rubus,S,0,
206,Mapleleaf Viburnum,S,0,
145,Buckthorn,N,1,
145,Multiflora rose,N,0,
145,Honeysuckle,N,0,
145,Privot,N,0,
145,Spicebush,N,1,
145,Rubus,N,0,
145,Mapleleaf Viburnum,N,0,
145,Buckthorn,S,1,
145,Multiflora rose,S,0,
145,Honeysuckle,S,0,
145,Privot,S,0,
145,Spicebush,S,1,
145,Rubus,S,0,
145,Mapleleaf Viburnum,S,0,
250,Buckthorn,N,1,
250,Multiflora rose,N,1,
250,Honeysuckle,N,1,
250,Privot,N,0,
250,Spicebush,N,0,
250,Rubus,N,0,
250,Mapleleaf Viburnum,N,0,
250,Buckthorn,S,1,
250,Multiflora rose,S,1,
250,Honeysuckle,S,1,
250,Privot,S,1,
250,Spicebush,S,0,
250,Rubus,S,0,
250,Mapleleaf Viburnum,S,0,
63,Buckthorn,N,1,
63,Multiflora rose,N,1,
63,Honeysuckle,N,1,
63,Privot,N,0,
63,Spicebush,N,0,
63,Rubus,N,0,
63,Mapleleaf Viburnum,N,0,
63,Buckthorn,S,1,
63,Multiflora rose,S,1,
63,Honeysuckle,S,1,
63,Privot,S,0,
63,Spicebush,S,1,
63,Rubus,S,0,
63,Mapleleaf Viburnum,S,0,
915,Buckthorn,N,1,
915,Multiflora rose,N,1,
915,Honeysuckle,N,1,
915,Privot,N,0,
915,Spicebush,N,0,
915,Rubus,N,1,
915,Mapleleaf Viburnum,N,0,
915,Buckthorn,S,1,
915,Multiflora rose,S,2,
915,Honeysuckle,S,1,
915,Privot,S,0,
915,Spicebush,S,1,
915,Rubus,S,1,
915,Mapleleaf Viburnum,S,0,
146,Buckthorn,N,1,
146,Multiflora rose,N,3,
146,Honeysuckle,N,1,
146,Privot,N,0,
146,Spicebush,N,0,
146,Rubus,N,1,
146,Mapleleaf Viburnum,N,0,
146,Buckthorn,S,1,
146,Multiflora rose,S,2,
146,Honeysuckle,S,1,
146,Privot,S,0,
146,Spicebush,S,1,
146,Rubus,S,1,
146,Mapleleaf Viburnum,S,0,
211,Buckthorn,N,1,
211,Multiflora rose,N,1,
211,Honeysuckle,N,0,
211,Privot,N,0,
211,Spicebush,N,0,
211,Rubus,N,0,
211,Mapleleaf Viburnum,N,0,
211,Buckthorn,S,1,
211,Multiflora rose,S,1,
211,Honeysuckle,S,0,
211,Privot,S,0,
211,Spicebush,S,1,
211,Rubus,S,1,
211,Mapleleaf Viburnum,S,0,
930,Buckthorn,N,1,
930,Multiflora rose,N,1,
930,Honeysuckle,N,1,
930,Privot,N,0,
930,Spicebush,N,1,
930,Rubus,N,1,
930,Mapleleaf Viburnum,N,0,
930,Buckthorn,S,1,
930,Multiflora rose,S,2,
930,Honeysuckle,S,1,
930,Privot,S,0,
930,Spicebush,S,1,
930,Rubus,S,1,
930,Mapleleaf Viburnum,S,0,
208,Buckthorn,N,1,
208,Multiflora rose,N,3,
208,Honeysuckle,N,1,
208,Privot,N,0,
208,Spicebush,N,0,
208,Rubus,N,1,
208,Mapleleaf Viburnum,N,0,
208,Buckthorn,S,1,
208,Multiflora rose,S,3,
208,Honeysuckle,S,0,
208,Privot,S,0,
208,Spicebush,S,0,
208,Rubus,S,0,
208,Mapleleaf Viburnum,S,0,
914,Buckthorn,N,1,
914,Multiflora rose,N,1,
914,Honeysuckle,N,0,
914,Privot,N,0,
914,Spicebush,N,0,
914,Rubus,N,1,
914,Mapleleaf Viburnum,N,0,
914,Buckthorn,S,1,
914,Multiflora rose,S,1,
914,Honeysuckle,S,0,
914,Privot,S,1,
914,Spicebush,S,0,
914,Rubus,S,1,
914,Mapleleaf Viburnum,S,0,
37,Buckthorn,N,0,
37,Multiflora rose,N,0,
37,Honeysuckle,N,0,
37,Privot,N,0,
37,Spicebush,N,0,
37,Rubus,N,0,
37,Mapleleaf Viburnum,N,1,
37,Buckthorn,S,0,
37,Multiflora rose,S,0,
37,Honeysuckle,S,0,
37,Privot,S,0,
37,Spicebush,S,0,
37,Rubus,S,0,
37,Mapleleaf Viburnum,S,1,
23,Buckthorn,N,1,
23,Multiflora rose,N,1,
23,Honeysuckle,N,0,
23,Privot,N,0,
23,Spicebush,N,0,
23,Rubus,N,1,
23,Mapleleaf Viburnum,N,0,
23,Buckthorn,S,1,
23,Multiflora rose,S,1,
23,Honeysuckle,S,0,
23,Privot,S,0,
23,Spicebush,S,0,
23,Rubus,S,1,
23,Mapleleaf Viburnum,S,0,
7,Buckthorn,N,1,
7,Multiflora rose,N,1,
7,Honeysuckle,N,0,
7,Privot,N,0,
7,Spicebush,N,0,
7,Rubus,N,1,
7,Mapleleaf Viburnum,N,0,
7,Buckthorn,S,0,
7,Multiflora rose,S,0,
7,Honeysuckle,S,0,
7,Privot,S,0,
7,Spicebush,S,1,
7,Rubus,S,1,
7,Mapleleaf Viburnum,S,0,
1,Buckthorn,N,0,
1,Multiflora rose,N,0,
1,Honeysuckle,N,0,
1,Privot,N,0,
1,Spicebush,N,0,
1,Rubus,N,0,
1,Mapleleaf Viburnum,N,0,
1,Buckthorn,S,0,
1,Multiflora rose,S,1,
1,Honeysuckle,S,1,
1,Privot,S,0,
1,Spicebush,S,1,
1,Rubus,S,1,
1,Mapleleaf Viburnum,S,0,
224,Buckthorn,N,0,
224,Multiflora rose,N,1,
224,Honeysuckle,N,0,
224,Privot,N,0,
224,Spicebush,N,0,
224,Rubus,N,1,
224,Mapleleaf Viburnum,N,0,
224,Buckthorn,S,0,
224,Multiflora rose,S,1,
224,Honeysuckle,S,0,
224,Privot,S,0,
224,Spicebush,S,0,
224,Rubus,S,0,
224,Mapleleaf Viburnum,S,0,
857,Buckthorn,N,1,
857,Multiflora rose,N,0,
857,Honeysuckle,N,1,
857,Privot,N,0,
857,Spicebush,N,0,
857,Rubus,N,1,
857,Mapleleaf Viburnum,N,0,
857,Buckthorn,S,1,
857,Multiflora rose,S,1,
857,Honeysuckle,S,0,
857,Privot,S,0,
857,Spicebush,S,0,
857,Rubus,S,1,
857,Mapleleaf Viburnum,S,0,
166,Buckthorn,N,0,
166,Multiflora rose,N,1,
166,Honeysuckle,N,1,
166,Privot,N,0,
166,Spicebush,N,1,
166,Rubus,N,1,
166,Mapleleaf Viburnum,N,0,
166,Buckthorn,S,1,
166,Multiflora rose,S,1,
166,Honeysuckle,S,1,
166,Privot,S,0,
166,Spicebush,S,1,
166,Rubus,S,1,
166,Mapleleaf Viburnum,S,0,
225,Buckthorn,N,1,
225,Multiflora rose,N,1,
225,Honeysuckle,N,1,
225,Privot,N,0,
225,Spicebush,N,1,
225,Rubus,N,1,
225,Mapleleaf Viburnum,N,0,
225,Buckthorn,S,0,
225,Multiflora rose,S,1,
225,Honeysuckle,S,0,
225,Privot,S,0,
225,Spicebush,S,1,
225,Rubus,S,0,
225,Mapleleaf Viburnum,S,0,
226,Buckthorn,N,0,
226,Multiflora rose,N,1,
226,Honeysuckle,N,0,
226,Privot,N,0,
226,Spicebush,N,0,
226,Rubus,N,1,
226,Mapleleaf Viburnum,N,0,
226,Buckthorn,S,1,
226,Multiflora rose,S,1,
226,Honeysuckle,S,0,
226,Privot,S,0,
226,Spicebush,S,1,
226,Rubus,S,0,
226,Mapleleaf Viburnum,S,0,
320,Buckthorn,N,1,
320,Multiflora rose,N,1,
320,Honeysuckle,N,1,
320,Privot,N,0,
320,Spicebush,N,0,
320,Rubus,N,1,
320,Mapleleaf Viburnum,N,0,
320,Buckthorn,S,2,
320,Multiflora rose,S,1,
320,Honeysuckle,S,1,
320,Privot,S,1,
320,Spicebush,S,0,
320,Rubus,S,1,
320,Mapleleaf Viburnum,S,0,
314,Buckthorn,N,1,
314,Multiflora rose,N,1,
314,Honeysuckle,N,1,
314,Privot,N,0,
314,Spicebush,N,0,
314,Rubus,N,0,
314,Mapleleaf Viburnum,N,0,
314,Buckthorn,S,1,
314,Multiflora rose,S,0,
314,Honeysuckle,S,1,
314,Privot,S,0,
314,Spicebush,S,0,
314,Rubus,S,0,
314,Mapleleaf Viburnum,S,0,
181,Buckthorn,N,1,
181,Multiflora rose,N,1,
181,Honeysuckle,N,0,
181,Privot,N,0,
181,Spicebush,N,0,
181,Rubus,N,0,
181,Mapleleaf Viburnum,N,0,
181,Buckthorn,S,1,
181,Multiflora rose,S,2,
181,Honeysuckle,S,1,
181,Privot,S,0,
181,Spicebush,S,0,
181,Rubus,S,1,
181,Mapleleaf Viburnum,S,0,
182,Buckthorn,N,1,
182,Multiflora rose,N,1,
182,Honeysuckle,N,0,
182,Privot,N,0,
182,Spicebush,N,0,
182,Rubus,N,0,
182,Mapleleaf Viburnum,N,0,
182,Buckthorn,S,1,
182,Multiflora rose,S,1,
182,Honeysuckle,S,1,
182,Privot,S,0,
182,Spicebush,S,0,
182,Rubus,S,1,
182,Mapleleaf Viburnum,S,0,
177,Buckthorn,N,1,
177,Multiflora rose,N,0,
177,Honeysuckle,N,0,
177,Privot,N,0,
177,Spicebush,N,0,
177,Rubus,N,1,
177,Mapleleaf Viburnum,N,0,
177,Buckthorn,S,1,
177,Multiflora rose,S,0,
177,Honeysuckle,S,0,
177,Privot,S,0,
177,Spicebush,S,0,
177,Rubus,S,0,
177,Mapleleaf Viburnum,S,0,
319,Buckthorn,N,1,
319,Multiflora rose,N,1,
319,Honeysuckle,N,1,
319,Privot,N,0,
319,Spicebush,N,0,
319,Rubus,N,1,
319,Mapleleaf Viburnum,N,0,
319,Buckthorn,S,1,
319,Multiflora rose,S,1,
319,Honeysuckle,S,0,
319,Privot,S,0,
319,Spicebush,S,0,
319,Rubus,S,1,
319,Mapleleaf Viburnum,S,0,
386,Buckthorn,N,1,
386,Multiflora rose,N,1,
386,Honeysuckle,N,0,
386,Privot,N,0,
386,Spicebush,N,0,
386,Rubus,N,0,
386,Mapleleaf Viburnum,N,0,
386,Buckthorn,S,1,
386,Multiflora rose,S,0,
386,Honeysuckle,S,0,
386,Privot,S,0,
386,Spicebush,S,0,
386,Rubus,S,0,
386,Mapleleaf Viburnum,S,0,
344,Buckthorn,N,1,
344,Multiflora rose,N,0,
344,Honeysuckle,N,0,
344,Privot,N,0,
344,Spicebush,N,0,
344,Rubus,N,0,
344,Mapleleaf Viburnum,N,0,
344,Buckthorn,S,1,
344,Multiflora rose,S,0,
344,Honeysuckle,S,0,
344,Privot,S,0,
344,Spicebush,S,1,
344,Rubus,S,0,
344,Mapleleaf Viburnum,S,0,
313,Buckthorn,N,1,
313,Multiflora rose,N,2,
313,Honeysuckle,N,1,
313,Privot,N,0,
313,Spicebush,N,0,
313,Rubus,N,1,
313,Mapleleaf Viburnum,N,0,
313,Buckthorn,S,1,
313,Multiflora rose,S,1,
313,Honeysuckle,S,1,
313,Privot,S,0,
313,Spicebush,S,0,
313,Rubus,S,1,
313,Mapleleaf Viburnum,S,0,
316,Buckthorn,N,2,
316,Multiflora rose,N,1,
316,Honeysuckle,N,0,
316,Privot,N,0,
316,Spicebush,N,0,
316,Rubus,N,0,
316,Mapleleaf Viburnum,N,0,
316,Buckthorn,S,2,
316,Multiflora rose,S,2,
316,Honeysuckle,S,0,
316,Privot,S,0,
316,Spicebush,S,0,
316,Rubus,S,1,
316,Mapleleaf Viburnum,S,0,
317,Buckthorn,N,1,
317,Multiflora rose,N,2,
317,Honeysuckle,N,0,
317,Privot,N,0,
317,Spicebush,N,0,
317,Rubus,N,1,
317,Mapleleaf Viburnum,N,1,
317,Buckthorn,S,1,
317,Multiflora rose,S,3,
317,Honeysuckle,S,0,
317,Privot,S,0,
317,Spicebush,S,0,
317,Rubus,S,1,
317,Mapleleaf Viburnum,S,1,
387,Buckthorn,N,1,
387,Multiflora rose,N,3,
387,Honeysuckle,N,0,
387,Privot,N,1,
387,Spicebush,N,0,
387,Rubus,N,1,
387,Mapleleaf Viburnum,N,0,
387,Buckthorn,S,2,
387,Multiflora rose,S,2,
387,Honeysuckle,S,0,
387,Privot,S,1,
387,Spicebush,S,0,
387,Rubus,S,1,
387,Mapleleaf Viburnum,S,1,
388,Buckthorn,N,2,
388,Multiflora rose,N,2,
388,Honeysuckle,N,0,
388,Privot,N,0,
388,Spicebush,N,0,
388,Rubus,N,1,
388,Mapleleaf Viburnum,N,0,
388,Buckthorn,S,1,
388,Multiflora rose,S,2,
388,Honeysuckle,S,0,
388,Privot,S,1,
388,Spicebush,S,0,
388,Rubus,S,1,
388,Mapleleaf Viburnum,S,1,
311,Buckthorn,N,1,
311,Multiflora rose,N,2,
311,Honeysuckle,N,0,
311,Privot,N,0,
311,Spicebush,N,0,
311,Rubus,N,0,
311,Mapleleaf Viburnum,N,0,
311,Buckthorn,S,1,
311,Multiflora rose,S,2,
311,Honeysuckle,S,1,
311,Privot,S,0,
311,Spicebush,S,0,
311,Rubus,S,0,
311,Mapleleaf Viburnum,S,0,
389,Buckthorn,N,0,
389,Multiflora rose,N,0,
389,Honeysuckle,N,1,
389,Privot,N,1,
389,Spicebush,N,0,
389,Rubus,N,1,
389,Mapleleaf Viburnum,N,0,
389,Buckthorn,S,1,
389,Multiflora rose,S,1,
389,Honeysuckle,S,0,
389,Privot,S,0,
389,Spicebush,S,0,
389,Rubus,S,1,
389,Mapleleaf Viburnum,S,1,
186,Buckthorn,N,1,
186,Multiflora rose,N,5,
186,Honeysuckle,N,0,
186,Privot,N,0,
186,Spicebush,N,0,
186,Rubus,N,0,
186,Mapleleaf Viburnum,N,1,
186,Buckthorn,S,1,
186,Multiflora rose,S,3,
186,Honeysuckle,S,1,
186,Privot,S,0,
186,Spicebush,S,0,
186,Rubus,S,1,
186,Mapleleaf Viburnum,S,1,
193,Buckthorn,N,1,
193,Multiflora rose,N,1,
193,Honeysuckle,N,0,
193,Privot,N,0,
193,Spicebush,N,0,
193,Rubus,N,0,
193,Mapleleaf Viburnum,N,0,
193,Buckthorn,S,1,
193,Multiflora rose,S,1,
193,Honeysuckle,S,1,
193,Privot,S,0,
193,Spicebush,S,0,
193,Rubus,S,1,
193,Mapleleaf Viburnum,S,0,
172,Buckthorn,N,1,
172,Multiflora rose,N,1,
172,Honeysuckle,N,0,
172,Privot,N,0,
172,Spicebush,N,0,
172,Rubus,N,0,
172,Mapleleaf Viburnum,N,0,
172,Buckthorn,S,1,
172,Multiflora rose,S,0,
172,Honeysuckle,S,0,
172,Privot,S,0,
172,Spicebush,S,0,
172,Rubus,S,1,
172,Mapleleaf Viburnum,S,0,
306,Buckthorn,N,0,
306,Multiflora rose,N,0,
306,Honeysuckle,N,0,
306,Privot,N,0,
306,Spicebush,N,0,
306,Rubus,N,0,
306,Mapleleaf Viburnum,N,0,
306,Buckthorn,S,0,
306,Multiflora rose,S,0,
306,Honeysuckle,S,0,
306,Privot,S,0,
306,Spicebush,S,0,
306,Rubus,S,0,
306,Mapleleaf Viburnum,S,0,
304,Buckthorn,N,0,
304,Multiflora rose,N,0,
304,Honeysuckle,N,0,
304,Privot,N,0,
304,Spicebush,N,0,
304,Rubus,N,0,
304,Mapleleaf Viburnum,N,0,
304,Buckthorn,S,0,
304,Multiflora rose,S,1,
304,Honeysuckle,S,0,
304,Privot,S,0,
304,Spicebush,S,0,
304,Rubus,S,0,
304,Mapleleaf Viburnum,S,0,
929,Buckthorn,N,0,
929,Multiflora rose,N,1,
929,Honeysuckle,N,0,
929,Privot,N,0,
929,Spicebush,N,0,
929,Rubus,N,0,
929,Mapleleaf Viburnum,N,0,
929,Buckthorn,S,0,
929,Multiflora rose,S,0,
929,Honeysuckle,S,0,
929,Privot,S,0,
929,Spicebush,S,0,
929,Rubus,S,0,
929,Mapleleaf Viburnum,S,0,
978,Buckthorn,N,0,
978,Multiflora rose,N,0,
978,Honeysuckle,N,0,
978,Privot,N,0,
978,Spicebush,N,0,
978,Rubus,N,0,
978,Mapleleaf Viburnum,N,0,
978,Buckthorn,S,0,
978,Multiflora rose,S,0,
978,Honeysuckle,S,0,
978,Privot,S,0,
978,Spicebush,S,0,
978,Rubus,S,0,
978,Mapleleaf Viburnum,S,0,
285,Buckthorn,N,0,
285,Multiflora rose,N,5,
285,Honeysuckle,N,0,
285,Privot,N,0,
285,Spicebush,N,0,
285,Rubus,N,0,
285,Mapleleaf Viburnum,N,0,
285,Buckthorn,S,0,
285,Multiflora rose,S,2,
285,Honeysuckle,S,0,
285,Privot,S,0,
285,Spicebush,S,0,
285,Rubus,S,0,
285,Mapleleaf Viburnum,S,0,
305,Buckthorn,N,0,
305,Multiflora rose,N,0,
305,Honeysuckle,N,0,
305,Privot,N,0,
305,Spicebush,N,0,
305,Rubus,N,0,
305,Mapleleaf Viburnum,N,0,
305,Buckthorn,S,1,
305,Multiflora rose,S,0,
305,Honeysuckle,S,0,
305,Privot,S,0,
305,Spicebush,S,0,
305,Rubus,S,0,
305,Mapleleaf Viburnum,S,0,
281,Buckthorn,N,1,
281,Multiflora rose,N,1,
281,Honeysuckle,N,1,
281,Privot,N,0,
281,Spicebush,N,0,
281,Rubus,N,1,
281,Mapleleaf Viburnum,N,0,
281,Buckthorn,S,1,
281,Multiflora rose,S,0,
281,Honeysuckle,S,0,
281,Privot,S,0,
281,Spicebush,S,0,
281,Rubus,S,1,
281,Mapleleaf Viburnum,S,0,
276,Buckthorn,N,0,
276,Multiflora rose,N,6,
276,Honeysuckle,N,0,
276,Privot,N,0,
276,Spicebush,N,0,
276,Rubus,N,0,
276,Mapleleaf Viburnum,N,0,
276,Buckthorn,S,1,
276,Multiflora rose,S,2,
276,Honeysuckle,S,0,
276,Privot,S,1,
276,Spicebush,S,0,
276,Rubus,S,0,
276,Mapleleaf Viburnum,S,0,
393,Buckthorn,N,0,
393,Multiflora rose,N,0,
393,Honeysuckle,N,0,
393,Privot,N,0,
393,Spicebush,N,0,
393,Rubus,N,0,
393,Mapleleaf Viburnum,N,0,
393,Buckthorn,S,0,
393,Multiflora rose,S,0,
393,Honeysuckle,S,0,
393,Privot,S,0,
393,Spicebush,S,0,
393,Rubus,S,0,
393,Mapleleaf Viburnum,S,0,
392,Buckthorn,N,1,
392,Multiflora rose,N,3,
392,Honeysuckle,N,0,
392,Privot,N,0,
392,Spicebush,N,0,
392,Rubus,N,0,
392,Mapleleaf Viburnum,N,0,
392,Buckthorn,S,0,
392,Multiflora rose,S,1,
392,Honeysuckle,S,0,
392,Privot,S,0,
392,Spicebush,S,0,
392,Rubus,S,0,
392,Mapleleaf Viburnum,S,0,
235,Buckthorn,N,1,
235,Multiflora rose,N,4,
235,Honeysuckle,N,0,
235,Privot,N,0,
235,Spicebush,N,0,
235,Rubus,N,1,
235,Mapleleaf Viburnum,N,0,
235,Buckthorn,S,1,
235,Multiflora rose,S,5,
235,Honeysuckle,S,0,
235,Privot,S,0,
235,Spicebush,S,0,
235,Rubus,S,0,
235,Mapleleaf Viburnum,S,0,
241,Buckthorn,N,2,
241,Multiflora rose,N,1,
241,Honeysuckle,N,0,
241,Privot,N,0,
241,Spicebush,N,0,
241,Rubus,N,0,
241,Mapleleaf Viburnum,N,0,
241,Buckthorn,S,1,
241,Multiflora rose,S,1,
241,Honeysuckle,S,0,
241,Privot,S,0,
241,Spicebush,S,0,
241,Rubus,S,0,
241,Mapleleaf Viburnum,S,0,
89,Buckthorn,N,2,
89,Multiflora rose,N,0,
89,Honeysuckle,N,0,
89,Privot,N,0,
89,Spicebush,N,0,
89,Rubus,N,0,
89,Mapleleaf Viburnum,N,0,
89,Buckthorn,S,1,
89,Multiflora rose,S,0,
89,Honeysuckle,S,0,
89,Privot,S,0,
89,Spicebush,S,0,
89,Rubus,S,1,
89,Mapleleaf Viburnum,S,0,
900,Buckthorn,N,1,
900,Multiflora rose,N,6,
900,Honeysuckle,N,0,
900,Privot,N,0,
900,Spicebush,N,0,
900,Rubus,N,0,
900,Mapleleaf Viburnum,N,0,
900,Buckthorn,S,1,
900,Multiflora rose,S,6,
900,Honeysuckle,S,0,
900,Privot,S,0,
900,Spicebush,S,0,
900,Rubus,S,0,
900,Mapleleaf Viburnum,S,0,
97,Buckthorn,N,1,
97,Honeysuckle,N,0,
97,Privot,N,0,
97,Spicebush,N,0,
97,Rubus,N,1,
97,Mapleleaf Viburnum,N,0,
97,Buckthorn,S,1,
97,Multiflora rose,S,2,
97,Honeysuckle,S,0,
97,Privot,S,0,
97,Spicebush,S,0,
97,Rubus,S,1,
97,Mapleleaf Viburnum,S,0,
859,Buckthorn,N,1,
859,Multiflora rose,N,0,
859,Honeysuckle,N,0,
859,Privot,N,0,
859,Spicebush,N,0,
859,Rubus,N,0,
859,Mapleleaf Viburnum,N,0,
859,Buckthorn,S,1,
859,Multiflora rose,S,0,
859,Honeysuckle,S,0,
859,Privot,S,0,
859,Spicebush,S,0,
859,Rubus,S,0,
859,Mapleleaf Viburnum,S,0,
93,Buckthorn,N,1,
93,Multiflora rose,N,1,
93,Honeysuckle,N,0,
93,Privot,N,0,
93,Spicebush,N,0,
93,Rubus,N,0,
93,Mapleleaf Viburnum,N,0,
93,Buckthorn,S,1,
93,Multiflora rose,S,1,
93,Honeysuckle,S,0,
93,Privot,S,0,
93,Spicebush,S,0,
93,Rubus,S,1,
93,Mapleleaf Viburnum,S,0,
88,Buckthorn,N,1,
88,Multiflora rose,N,2,
88,Honeysuckle,N,0,
88,Privot,N,0,
88,Spicebush,N,0,
88,Rubus,N,0,
88,Mapleleaf Viburnum,N,0,
88,Buckthorn,S,1,
88,Multiflora rose,S,4,
88,Honeysuckle,S,0,
88,Privot,S,0,
88,Spicebush,S,0,
88,Rubus,S,0,
88,Mapleleaf Viburnum,S,0,
295,Buckthorn,N,0,
295,Multiflora rose,N,6,
295,Honeysuckle,N,0,
295,Privot,N,0,
295,Spicebush,N,0,
295,Rubus,N,0,
295,Mapleleaf Viburnum,N,0,
295,Buckthorn,S,0,
295,Multiflora rose,S,6,
295,Honeysuckle,S,0,
295,Privot,S,0,
295,Spicebush,S,0,
295,Rubus,S,0,
295,Mapleleaf Viburnum,S,0,
244,Buckthorn,N,1,
244,Multiflora rose,N,5,
244,Honeysuckle,N,0,
244,Privot,N,0,
244,Spicebush,N,0,
244,Rubus,N,1,
244,Mapleleaf Viburnum,N,0,
244,Buckthorn,S,1,
244,Multiflora rose,S,3,
244,Honeysuckle,S,0,
244,Privot,S,0,
244,Spicebush,S,0,
244,Rubus,S,1,
244,Mapleleaf Viburnum,S,0,
95,Buckthorn,N,1,
95,Multiflora rose,N,2,
95,Honeysuckle,N,0,
95,Privot,N,0,
95,Spicebush,N,0,
95,Rubus,N,1,
95,Mapleleaf Viburnum,N,0,
95,Buckthorn,S,1,
95,Multiflora rose,S,2,
95,Honeysuckle,S,0,
95,Privot,S,0,
95,Spicebush,S,0,
95,Rubus,S,0,
95,Mapleleaf Viburnum,S,0,
94,Buckthorn,N,0,
94,Multiflora rose,N,4,
94,Honeysuckle,N,0,
94,Privot,N,0,
94,Spicebush,N,0,
94,Rubus,N,0,
94,Mapleleaf Viburnum,N,0,
94,Buckthorn,S,1,
94,Multiflora rose,S,4,
94,Honeysuckle,S,0,
94,Privot,S,0,
94,Spicebush,S,0,
94,Rubus,S,0,
94,Mapleleaf Viburnum,S,0,
96,Buckthorn,N,0,
96,Multiflora rose,N,2,
96,Honeysuckle,N,0,
96,Privot,N,0,
96,Spicebush,N,0,
96,Rubus,N,1,
96,Mapleleaf Viburnum,N,0,
96,Buckthorn,S,0,
96,Multiflora rose,S,6,
96,Honeysuckle,S,0,
96,Privot,S,0,
96,Spicebush,S,0,
96,Rubus,S,0,
96,Mapleleaf Viburnum,S,0,
881,Buckthorn,N,0,
881,Multiflora rose,N,2,
881,Honeysuckle,N,0,
881,Privot,N,0,
881,Spicebush,N,0,
881,Rubus,N,1,
881,Mapleleaf Viburnum,N,0,
881,Buckthorn,S,1,
881,Multiflora rose,S,3,
881,Honeysuckle,S,0,
881,Privot,S,0,
881,Spicebush,S,0,
881,Rubus,S,1,
881,Mapleleaf Viburnum,S,0,
101,Buckthorn,N,0,
101,Multiflora rose,N,6,
101,Honeysuckle,N,0,
101,Privot,N,0,
101,Spicebush,N,0,
101,Rubus,N,0,
101,Mapleleaf Viburnum,N,0,
101,Buckthorn,S,0,
101,Multiflora rose,S,5,
101,Honeysuckle,S,0,
101,Privot,S,0,
101,Spicebush,S,0,
101,Rubus,S,1,
101,Mapleleaf Viburnum,S,0,
110,Buckthorn,N,0,
110,Multiflora rose,N,4,
110,Honeysuckle,N,0,
110,Privot,N,0,
110,Spicebush,N,0,
110,Rubus,N,1,
110,Mapleleaf Viburnum,N,0,
110,Buckthorn,S,1,
110,Multiflora rose,S,3,
110,Honeysuckle,S,0,
110,Privot,S,0,
110,Spicebush,S,0,
110,Rubus,S,1,
110,Mapleleaf Viburnum,S,0,
227,Buckthorn,N,0,
227,Multiflora rose,N,2,
227,Honeysuckle,N,0,
227,Privot,N,0,
227,Spicebush,N,0,
227,Rubus,N,1,
227,Mapleleaf Viburnum,N,0,
227,Buckthorn,S,0,
227,Multiflora rose,S,1,
227,Honeysuckle,S,0,
227,Privot,S,0,
227,Spicebush,S,0,
227,Rubus,S,0,
227,Mapleleaf Viburnum,S,0,
888,Buckthorn,N,0,
888,Multiflora rose,N,4,
888,Honeysuckle,N,0,
888,Privot,N,0,
888,Spicebush,N,0,
888,Rubus,N,1,
888,Mapleleaf Viburnum,N,0,
888,Buckthorn,S,0,
888,Multiflora rose,S,2,
888,Honeysuckle,S,0,
888,Privot,S,0,
888,Spicebush,S,0,
888,Rubus,S,1,
888,Mapleleaf Viburnum,S,0,
303,Buckthorn,N,1,
303,Multiflora rose,N,1,
303,Honeysuckle,N,0,
303,Privot,N,0,
303,Spicebush,N,0,
303,Rubus,N,1,
303,Mapleleaf Viburnum,N,0,
303,Buckthorn,S,1,
303,Multiflora rose,S,1,
303,Honeysuckle,S,0,
303,Privot,S,0,
303,Spicebush,S,0,
303,Rubus,S,1,
303,Mapleleaf Viburnum,S,0,
339,Buckthorn,N,0,
339,Multiflora rose,N,1,
339,Honeysuckle,N,0,
339,Privot,N,0,
339,Spicebush,N,0,
339,Rubus,N,1,
339,Mapleleaf Viburnum,N,0,
339,Buckthorn,S,0,
339,Multiflora rose,S,1,
339,Honeysuckle,S,0,
339,Privot,S,0,
339,Spicebush,S,0,
339,Rubus,S,1,
339,Mapleleaf Viburnum,S,0,
302,Buckthorn,N,0,
302,Multiflora rose,N,1,
302,Honeysuckle,N,0,
302,Privot,N,0,
302,Spicebush,N,0,
302,Rubus,N,0,
302,Mapleleaf Viburnum,N,1,
302,Buckthorn,S,1,
302,Multiflora rose,S,1,
302,Honeysuckle,S,0,
302,Privot,S,0,
302,Spicebush,S,0,
302,Rubus,S,0,
302,Mapleleaf Viburnum,S,0,
379,Buckthorn,N,0,
379,Multiflora rose,N,1,
379,Honeysuckle,N,1,
379,Privot,N,0,
379,Spicebush,N,0,
379,Rubus,N,1,
379,Mapleleaf Viburnum,N,1,
379,Buckthorn,S,0,
379,Multiflora rose,S,1,
379,Honeysuckle,S,0,
379,Privot,S,0,
379,Spicebush,S,0,
379,Rubus,S,1,
379,Mapleleaf Viburnum,S,0,
280,Buckthorn,N,1,
280,Multiflora rose,N,5,
280,Honeysuckle,N,1,
280,Privot,N,0,
280,Spicebush,N,0,
280,Rubus,N,1,
280,Mapleleaf Viburnum,N,0,
280,Buckthorn,S,1,
280,Multiflora rose,S,2,
280,Honeysuckle,S,0,
280,Privot,S,0,
280,Spicebush,S,0,
280,Rubus,S,0,
280,Mapleleaf Viburnum,S,0,
342,Buckthorn,N,0,
342,Multiflora rose,N,0,
342,Honeysuckle,N,0,
342,Privot,N,0,
342,Spicebush,N,0,
342,Rubus,N,1,
342,Mapleleaf Viburnum,N,0,
342,Buckthorn,S,0,
342,Multiflora rose,S,1,
342,Honeysuckle,S,0,
342,Privot,S,0,
342,Spicebush,S,0,
342,Rubus,S,1,
342,Mapleleaf Viburnum,S,0,
277,Buckthorn,N,0,
277,Multiflora rose,N,0,
277,Honeysuckle,N,0,
277,Privot,N,0,
277,Spicebush,N,0,
277,Rubus,N,0,
277,Mapleleaf Viburnum,N,0,
277,Buckthorn,S,1,
277,Multiflora rose,S,0,
277,Honeysuckle,S,0,
277,Privot,S,0,
277,Spicebush,S,0,
277,Rubus,S,0,
277,Mapleleaf Viburnum,S,0,
310,Buckthorn,N,0,
310,Multiflora rose,N,0,
310,Honeysuckle,N,0,
310,Privot,N,0,
310,Spicebush,N,0,
310,Rubus,N,0,
310,Mapleleaf Viburnum,N,0,
310,Buckthorn,S,0,
310,Multiflora rose,S,0,
310,Honeysuckle,S,0,
310,Privot,S,0,
310,Spicebush,S,0,
310,Rubus,S,0,
310,Mapleleaf Viburnum,S,0,
22,Buckthorn,N,1,
22,Multiflora rose,N,2,
22,Honeysuckle,N,0,
22,Privot,N,0,
22,Spicebush,N,0,
22,Rubus,N,1,
22,Mapleleaf Viburnum,N,0,
22,Buckthorn,S,0,
22,Multiflora rose,S,1,
22,Honeysuckle,S,1,
22,Privot,S,0,
22,Spicebush,S,0,
22,Rubus,S,1,
22,Mapleleaf Viburnum,S,0,
26,Buckthorn,N,0,
26,Multiflora rose,N,1,
26,Honeysuckle,N,1,
26,Privot,N,0,
26,Spicebush,N,0,
26,Rubus,N,1,
26,Mapleleaf Viburnum,N,0,
26,Buckthorn,S,0,
26,Multiflora rose,S,1,
26,Honeysuckle,S,0,
26,Privot,S,0,
26,Spicebush,S,1,
26,Rubus,S,0,
26,Mapleleaf Viburnum,S,0,
341,Buckthorn,N,0,
341,Multiflora rose,N,1,
341,Honeysuckle,N,0,
341,Privot,N,0,
341,Spicebush,N,0,
341,Rubus,N,1,
341,Mapleleaf Viburnum,N,0,
341,Buckthorn,S,0,
341,Multiflora rose,S,1,
341,Honeysuckle,S,0,
341,Privot,S,0,
341,Spicebush,S,0,
341,Rubus,S,0,
341,Mapleleaf Viburnum,S,0,
178,Buckthorn,N,0,
178,Multiflora rose,N,1,
178,Honeysuckle,N,0,
178,Privot,N,0,
178,Spicebush,N,0,
178,Rubus,N,0,
178,Mapleleaf Viburnum,N,1,
178,Buckthorn,S,0,
178,Multiflora rose,S,0,
178,Honeysuckle,S,1,
178,Privot,S,0,
178,Spicebush,S,0,
178,Rubus,S,0,
178,Mapleleaf Viburnum,S,0,
377,Buckthorn,N,0,
377,Multiflora rose,N,0,
377,Honeysuckle,N,0,
377,Privot,N,0,
377,Spicebush,N,0,
377,Rubus,N,0,
377,Mapleleaf Viburnum,N,1,
377,Buckthorn,S,0,
377,Multiflora rose,S,2,
377,Honeysuckle,S,0,
377,Privot,S,1,
377,Spicebush,S,0,
377,Rubus,S,1,
377,Mapleleaf Viburnum,S,0,
981,Buckthorn,N,1,
981,Multiflora rose,N,0,
981,Honeysuckle,N,0,
981,Privot,N,0,
981,Spicebush,N,0,
981,Rubus,N,0,
981,Mapleleaf Viburnum,N,0,
981,Buckthorn,S,0,
981,Multiflora rose,S,0,
981,Honeysuckle,S,0,
981,Privot,S,0,
981,Spicebush,S,0,
981,Rubus,S,0,
981,Mapleleaf Viburnum,S,1,
275,Buckthorn,N,1,
275,Multiflora rose,N,2,
275,Honeysuckle,N,1,
275,Privot,N,0,
275,Spicebush,N,0,
275,Rubus,N,1,
275,Mapleleaf Viburnum,N,0,
275,Buckthorn,S,0,
275,Multiflora rose,S,2,
275,Honeysuckle,S,0,
275,Privot,S,0,
275,Spicebush,S,0,
275,Rubus,S,0,
275,Mapleleaf Viburnum,S,0,
936,Buckthorn,N,1,
936,Multiflora rose,N,0,
936,Honeysuckle,N,0,
936,Privot,N,0,
936,Spicebush,N,0,
936,Rubus,N,0,
936,Mapleleaf Viburnum,N,0,
936,Buckthorn,S,0,
936,Multiflora rose,S,1,
936,Honeysuckle,S,0,
936,Privot,S,0,
936,Spicebush,S,0,
936,Rubus,S,0,
936,Mapleleaf Viburnum,S,0,
961,Buckthorn,N,1,
961,Multiflora rose,N,1,
961,Honeysuckle,N,0,
961,Privot,N,0,
961,Spicebush,N,0,
961,Rubus,N,1,
961,Mapleleaf Viburnum,N,0,
961,Buckthorn,S,1,
961,Multiflora rose,S,1,
961,Honeysuckle,S,1,
961,Privot,S,0,
961,Spicebush,S,0,
961,Rubus,S,0,
961,Mapleleaf Viburnum,S,0,
286,Buckthorn,N,1,
286,Multiflora rose,N,1,
286,Honeysuckle,N,0,
286,Privot,N,0,
286,Spicebush,N,0,
286,Rubus,N,1,
286,Mapleleaf Viburnum,N,0,
286,Buckthorn,S,0,
286,Multiflora rose,S,4,
286,Honeysuckle,S,0,
286,Privot,S,0,
286,Spicebush,S,0,
286,Rubus,S,0,
286,Mapleleaf Viburnum,S,0,
282,Buckthorn,N,0,
282,Multiflora rose,N,0,
282,Honeysuckle,N,0,
282,Privot,N,0,
282,Spicebush,N,0,
282,Rubus,N,0,
282,Mapleleaf Viburnum,N,0,
282,Buckthorn,S,0,
282,Multiflora rose,S,0,
282,Honeysuckle,S,0,
282,Privot,S,0,
282,Spicebush,S,0,
282,Rubus,S,0,
282,Mapleleaf Viburnum,S,1,
283,Buckthorn,N,0,
283,Multiflora rose,N,0,
283,Honeysuckle,N,0,
283,Privot,N,0,
283,Spicebush,N,0,
283,Rubus,N,0,
283,Mapleleaf Viburnum,N,0,
283,Buckthorn,S,0,
283,Multiflora rose,S,0,
283,Honeysuckle,S,0,
283,Privot,S,0,
283,Spicebush,S,0,
283,Rubus,S,0,
283,Mapleleaf Viburnum,S,0,
309,Buckthorn,N,1,
309,Multiflora rose,N,0,
309,Honeysuckle,N,0,
309,Privot,N,0,
309,Spicebush,N,0,
309,Rubus,N,0,
309,Mapleleaf Viburnum,N,0,
309,Buckthorn,S,0,
309,Multiflora rose,S,0,
309,Honeysuckle,S,0,
309,Privot,S,0,
309,Spicebush,S,0,
309,Rubus,S,0,
309,Mapleleaf Viburnum,S,0,
969,Buckthorn,N,0,
969,Multiflora rose,N,0,
969,Honeysuckle,N,0,
969,Privot,N,0,
969,Spicebush,N,0,
969,Rubus,N,0,
969,Mapleleaf Viburnum,N,0,
969,Buckthorn,S,1,
969,Multiflora rose,S,0,
969,Honeysuckle,S,0,
969,Privot,S,0,
969,Spicebush,S,0,
969,Rubus,S,0,
969,Mapleleaf Viburnum,S,0,
394,Buckthorn,N,0,
394,Multiflora rose,N,0,
394,Honeysuckle,N,0,
394,Privot,N,0,
394,Spicebush,N,0,
394,Rubus,N,0,
394,Mapleleaf Viburnum,N,0,
394,Buckthorn,S,0,
394,Multiflora rose,S,0,
394,Honeysuckle,S,0,
394,Privot,S,0,
394,Spicebush,S,0,
394,Rubus,S,0,
394,Mapleleaf Viburnum,S,0,
279,Buckthorn,N,1,
279,Multiflora rose,N,0,
279,Honeysuckle,N,0,
279,Privot,N,0,
279,Spicebush,N,0,
279,Rubus,N,0,
279,Mapleleaf Viburnum,N,0,
279,Buckthorn,S,0,
279,Multiflora rose,S,0,
279,Honeysuckle,S,0,
279,Privot,S,0,
279,Spicebush,S,0,
279,Rubus,S,0,
279,Mapleleaf Viburnum,S,0,
251,Buckthorn,N,0,
251,Multiflora rose,N,4,
251,Honeysuckle,N,1,
251,Privot,N,0,
251,Spicebush,N,0,
251,Rubus,N,0,
251,Mapleleaf Viburnum,N,0,
251,Buckthorn,S,1,
251,Multiflora rose,S,2,
251,Honeysuckle,S,0,
251,Privot,S,0,
251,Spicebush,S,0,
251,Rubus,S,0,
251,Mapleleaf Viburnum,S,0,
395,Buckthorn,N,0,
395,Multiflora rose,N,2,
395,Honeysuckle,N,0,
395,Privot,N,0,
395,Spicebush,N,0,
395,Rubus,N,0,
395,Mapleleaf Viburnum,N,0,
395,Buckthorn,S,0,
395,Multiflora rose,S,1,
395,Honeysuckle,S,0,
395,Privot,S,1,
395,Spicebush,S,0,
395,Rubus,S,0,
395,Mapleleaf Viburnum,S,0,
273,Buckthorn,N,1,
273,Multiflora rose,N,2,
273,Honeysuckle,N,0,
273,Privot,N,0,
273,Spicebush,N,0,
273,Rubus,N,1,
273,Mapleleaf Viburnum,N,0,
273,Buckthorn,S,0,
273,Multiflora rose,S,2,
273,Honeysuckle,S,0,
273,Privot,S,1,
273,Spicebush,S,0,
273,Rubus,S,1,
273,Mapleleaf Viburnum,S,0,
308,Buckthorn,N,1,
308,Multiflora rose,N,4,
308,Honeysuckle,N,0,
308,Privot,N,0,
308,Spicebush,N,0,
308,Rubus,N,1,
308,Mapleleaf Viburnum,N,0,
308,Buckthorn,S,1,
308,Multiflora rose,S,2,
308,Honeysuckle,S,0,
308,Privot,S,0,
308,Spicebush,S,0,
308,Rubus,S,1,
308,Mapleleaf Viburnum,S,0,
274,Buckthorn,N,1,
274,Multiflora rose,N,1,
274,Honeysuckle,N,0,
274,Privot,N,0,
274,Spicebush,N,0,
274,Rubus,N,1,
274,Mapleleaf Viburnum,N,0,
274,Buckthorn,S,1,
274,Multiflora rose,S,1,
274,Honeysuckle,S,0,
274,Privot,S,0,
274,Spicebush,S,0,
274,Rubus,S,0,
274,Mapleleaf Viburnum,S,0,
999,Buckthorn,N,1,
999,Multiflora rose,N,1,
999,Honeysuckle,N,1,
999,Privot,N,0,
999,Spicebush,N,0,
999,Rubus,N,0,
999,Mapleleaf Viburnum,N,1,
999,Buckthorn,S,1,
999,Multiflora rose,S,0,
999,Honeysuckle,S,0,
999,Privot,S,1,
999,Spicebush,S,0,
999,Rubus,S,0,
999,Mapleleaf Viburnum,S,1,
307,Buckthorn,N,0,
307,Multiflora rose,N,0,
307,Honeysuckle,N,0,
307,Privot,N,0,
307,Spicebush,N,0,
307,Rubus,N,0,
307,Mapleleaf Viburnum,N,0,
307,Buckthorn,S,0,
307,Multiflora rose,S,0,
307,Honeysuckle,S,0,
307,Privot,S,0,
307,Spicebush,S,0,
307,Rubus,S,0,
307,Mapleleaf Viburnum,S,0,
287,Buckthorn,N,0,
287,Multiflora rose,N,0,
287,Honeysuckle,N,0,
287,Privot,N,0,
287,Spicebush,N,0,
287,Rubus,N,0,
287,Mapleleaf Viburnum,N,0,
287,Buckthorn,S,1,
287,Multiflora rose,S,1,
287,Honeysuckle,S,0,
287,Privot,S,0,
287,Spicebush,S,0,
287,Rubus,S,0,
287,Mapleleaf Viburnum,S,0,
245,Buckthorn,N,1,
245,Multiflora rose,N,4,
245,Honeysuckle,N,0,
245,Privot,N,0,
245,Spicebush,N,0,
245,Rubus,N,1,
245,Mapleleaf Viburnum,N,0,
245,Buckthorn,S,1,
245,Multiflora rose,S,3,
245,Honeysuckle,S,0,
245,Privot,S,0,
245,Spicebush,S,0,
245,Rubus,S,1,
245,Mapleleaf Viburnum,S,0,
243,Buckthorn,N,1,
243,Multiflora rose,N,4,
243,Honeysuckle,N,0,
243,Privot,N,0,
243,Spicebush,N,0,
243,Rubus,N,1,
243,Mapleleaf Viburnum,N,0,
243,Buckthorn,S,1,
243,Multiflora rose,S,3,
243,Honeysuckle,S,0,
243,Privot,S,0,
243,Spicebush,S,0,
243,Rubus,S,1,
243,Mapleleaf Viburnum,S,0,
86,Buckthorn,N,0,
86,Multiflora rose,N,0,
86,Honeysuckle,N,0,
86,Privot,N,0,
86,Spicebush,N,0,
86,Rubus,N,0,
86,Mapleleaf Viburnum,N,1,
86,Buckthorn,S,0,
86,Multiflora rose,S,0,
86,Honeysuckle,S,0,
86,Privot,S,0,
86,Spicebush,S,0,
86,Rubus,S,0,
86,Mapleleaf Viburnum,S,1,
87,Buckthorn,N,1,
87,Multiflora rose,N,0,
87,Honeysuckle,N,0,
87,Privot,N,0,
87,Spicebush,N,0,
87,Rubus,N,0,
87,Mapleleaf Viburnum,N,1,
87,Buckthorn,S,0,
87,Multiflora rose,S,0,
87,Honeysuckle,S,0,
87,Privot,S,0,
87,Spicebush,S,0,
87,Rubus,S,0,
87,Mapleleaf Viburnum,S,0,
83,Buckthorn,N,1,
83,Multiflora rose,N,0,
83,Honeysuckle,N,0,
83,Privot,N,0,
83,Spicebush,N,0,
83,Rubus,N,1,
83,Mapleleaf Viburnum,N,0,
83,Buckthorn,S,1,
83,Multiflora rose,S,0,
83,Honeysuckle,S,0,
83,Privot,S,0,
83,Spicebush,S,0,
83,Rubus,S,1,
83,Mapleleaf Viburnum,S,0,
82,Buckthorn,N,1,
82,Multiflora rose,N,0,
82,Honeysuckle,N,0,
82,Privot,N,0,
82,Spicebush,N,0,
82,Rubus,N,0,
82,Mapleleaf Viburnum,N,0,
82,Buckthorn,S,0,
82,Multiflora rose,S,0,
82,Honeysuckle,S,0,
82,Privot,S,0,
82,Spicebush,S,0,
82,Rubus,S,0,
82,Mapleleaf Viburnum,S,0,
84,Buckthorn,N,1,
84,Multiflora rose,N,2,
84,Honeysuckle,N,0,
84,Privot,N,0,
84,Spicebush,N,0,
84,Rubus,N,1,
84,Mapleleaf Viburnum,N,0,
84,Buckthorn,S,1,
84,Multiflora rose,S,1,
84,Honeysuckle,S,1,
84,Privot,S,0,
84,Spicebush,S,0,
84,Rubus,S,0,
84,Mapleleaf Viburnum,S,0,
80,Buckthorn,N,1,
80,Multiflora rose,N,0,
80,Honeysuckle,N,0,
80,Privot,N,0,
80,Spicebush,N,0,
80,Rubus,N,0,
80,Mapleleaf Viburnum,N,1,
80,Buckthorn,S,1,
80,Multiflora rose,S,0,
80,Honeysuckle,S,0,
80,Privot,S,0,
80,Spicebush,S,0,
80,Rubus,S,0,
80,Mapleleaf Viburnum,S,1,
17,Buckthorn,N,1,
17,Multiflora rose,N,1,
17,Honeysuckle,N,0,
17,Privot,N,0,
17,Spicebush,N,0,
17,Rubus,N,1,
17,Mapleleaf Viburnum,N,0,
17,Buckthorn,S,1,
17,Multiflora rose,S,1,
17,Honeysuckle,S,0,
17,Privot,S,0,
17,Spicebush,S,0,
17,Rubus,S,0,
17,Mapleleaf Viburnum,S,0,
154,Buckthorn,N,1,
154,Multiflora rose,N,1,
154,Honeysuckle,N,0,
154,Privot,N,0,
154,Spicebush,N,0,
154,Rubus,N,1,
154,Mapleleaf Viburnum,N,0,
154,Buckthorn,S,1,
154,Multiflora rose,S,1,
154,Honeysuckle,S,0,
154,Privot,S,0,
154,Spicebush,S,0,
154,Rubus,S,0,
154,Mapleleaf Viburnum,S,0,
124,Buckthorn,N,0,
124,Multiflora rose,N,1,
124,Honeysuckle,N,0,
124,Privot,N,0,
124,Spicebush,N,0,
124,Rubus,N,1,
124,Mapleleaf Viburnum,N,0,
124,Buckthorn,S,1,
124,Multiflora rose,S,3,
124,Honeysuckle,S,1,
124,Privot,S,1,
124,Spicebush,S,0,
124,Rubus,S,1,
124,Mapleleaf Viburnum,S,0,
363,Buckthorn,N,0,
363,Multiflora rose,N,1,
363,Honeysuckle,N,0,
363,Privot,N,0,
363,Spicebush,N,0,
363,Rubus,N,0,
363,Mapleleaf Viburnum,N,0,
363,Buckthorn,S,0,
363,Multiflora rose,S,0,
363,Honeysuckle,S,0,
363,Privot,S,0,
363,Spicebush,S,0,
363,Rubus,S,0,
363,Mapleleaf Viburnum,S,0,
284,Buckthorn,N,0,
284,Multiflora rose,N,0,
284,Honeysuckle,N,0,
284,Privot,N,0,
284,Spicebush,N,0,
284,Rubus,N,0,
284,Mapleleaf Viburnum,N,0,
284,Buckthorn,S,1,
284,Multiflora rose,S,0,
284,Honeysuckle,S,0,
284,Privot,S,0,
284,Spicebush,S,0,
284,Rubus,S,0,
284,Mapleleaf Viburnum,S,0,
372,Buckthorn,N,1,
372,Multiflora rose,N,0,
372,Honeysuckle,N,0,
372,Privot,N,0,
372,Spicebush,N,0,
372,Rubus,N,1,
372,Mapleleaf Viburnum,N,0,
372,Buckthorn,S,1,
372,Multiflora rose,S,0,
372,Honeysuckle,S,0,
372,Privot,S,0,
372,Spicebush,S,0,
372,Rubus,S,1,
372,Mapleleaf Viburnum,S,0,
368,Buckthorn,N,0,
368,Multiflora rose,N,0,
368,Honeysuckle,N,0,
368,Privot,N,0,
368,Spicebush,N,0,
368,Rubus,N,0,
368,Mapleleaf Viburnum,N,0,
368,Buckthorn,S,0,
368,Multiflora rose,S,0,
368,Honeysuckle,S,0,
368,Privot,S,0,
368,Spicebush,S,0,
368,Rubus,S,0,
368,Mapleleaf Viburnum,S,0,
191,Buckthorn,N,0,
191,Multiflora rose,N,0,
191,Honeysuckle,N,0,
191,Privot,N,0,
191,Spicebush,N,0,
191,Rubus,N,0,
191,Mapleleaf Viburnum,N,0,
191,Buckthorn,S,0,
191,Multiflora rose,S,0,
191,Honeysuckle,S,0,
191,Privot,S,0,
191,Spicebush,S,0,
191,Rubus,S,0,
191,Mapleleaf Viburnum,S,0,
349,Buckthorn,N,0,
349,Multiflora rose,N,1,
349,Honeysuckle,N,0,
349,Privot,N,0,
349,Spicebush,N,0,
349,Rubus,N,0,
349,Mapleleaf Viburnum,N,0,
349,Buckthorn,S,0,
349,Multiflora rose,S,0,
349,Honeysuckle,S,0,
349,Privot,S,0,
349,Spicebush,S,0,
349,Rubus,S,0,
349,Mapleleaf Viburnum,S,1,
365,Buckthorn,N,0,
365,Multiflora rose,N,0,
365,Honeysuckle,N,0,
365,Privot,N,0,
365,Spicebush,N,0,
365,Rubus,N,0,
365,Mapleleaf Viburnum,N,0,
365,Buckthorn,S,0,
365,Multiflora rose,S,0,
365,Honeysuckle,S,0,
365,Privot,S,0,
365,Spicebush,S,0,
365,Rubus,S,0,
365,Mapleleaf Viburnum,S,0,
196,Buckthorn,N,0,
196,Multiflora rose,N,0,
196,Honeysuckle,N,0,
196,Privot,N,0,
196,Spicebush,N,0,
196,Rubus,N,0,
196,Mapleleaf Viburnum,N,0,
196,Buckthorn,S,0,
196,Multiflora rose,S,0,
196,Honeysuckle,S,0,
196,Privot,S,0,
196,Spicebush,S,0,
196,Rubus,S,0,
196,Mapleleaf Viburnum,S,0,
188,Buckthorn,N,1,
188,Multiflora rose,N,1,
188,Honeysuckle,N,0,
188,Privot,N,0,
188,Spicebush,N,0,
188,Rubus,N,0,
188,Mapleleaf Viburnum,N,0,
188,Buckthorn,S,0,
188,Multiflora rose,S,1,
188,Honeysuckle,S,0,
188,Privot,S,0,
188,Spicebush,S,0,
188,Rubus,S,0,
188,Mapleleaf Viburnum,S,0,
364,Buckthorn,N,0,
364,Multiflora rose,N,0,
364,Honeysuckle,N,0,
364,Privot,N,0,
364,Spicebush,N,0,
364,Rubus,N,0,
364,Mapleleaf Viburnum,N,0,
364,Buckthorn,S,0,
364,Multiflora rose,S,0,
364,Honeysuckle,S,0,
364,Privot,S,0,
364,Spicebush,S,0,
364,Rubus,S,0,
364,Mapleleaf Viburnum,S,1,
882,Buckthorn,N,1,
882,Multiflora rose,N,0,
882,Honeysuckle,N,0,
882,Privot,N,0,
882,Spicebush,N,0,
882,Rubus,N,1,
882,Mapleleaf Viburnum,N,0,
882,Buckthorn,S,1,
882,Multiflora rose,S,0,
882,Honeysuckle,S,0,
882,Privot,S,0,
882,Spicebush,S,0,
882,Rubus,S,1,
882,Mapleleaf Viburnum,S,0,
256,Buckthorn,N,0,
256,Multiflora rose,N,0,
256,Honeysuckle,N,0,
256,Privot,N,0,
256,Spicebush,N,0,
256,Rubus,N,0,
256,Mapleleaf Viburnum,N,0,
256,Buckthorn,S,0,
256,Multiflora rose,S,0,
256,Honeysuckle,S,0,
256,Privot,S,0,
256,Spicebush,S,0,
256,Rubus,S,0,
256,Mapleleaf Viburnum,S,0,
889,Buckthorn,N,1,
889,Multiflora rose,N,0,
889,Honeysuckle,N,0,
889,Privot,N,0,
889,Spicebush,N,0,
889,Rubus,N,0,
889,Mapleleaf Viburnum,N,0,
889,Buckthorn,S,1,
889,Multiflora rose,S,0,
889,Honeysuckle,S,0,
889,Privot,S,0,
889,Spicebush,S,0,
889,Rubus,S,0,
889,Mapleleaf Viburnum,S,0,
369,Buckthorn,N,0,
369,Multiflora rose,N,0,
369,Honeysuckle,N,0,
369,Privot,N,0,
369,Spicebush,N,0,
369,Rubus,N,0,
369,Mapleleaf Viburnum,N,0,
369,Buckthorn,S,0,
369,Multiflora rose,S,0,
369,Honeysuckle,S,0,
369,Privot,S,0,
369,Spicebush,S,0,
369,Rubus,S,0,
369,Mapleleaf Viburnum,S,0,
886,Buckthorn,N,0,
886,Multiflora rose,N,0,
886,Honeysuckle,N,0,
886,Privot,N,0,
886,Spicebush,N,0,
886,Rubus,N,0,
886,Mapleleaf Viburnum,N,1,
886,Buckthorn,S,0,
886,Multiflora rose,S,0,
886,Honeysuckle,S,0,
886,Privot,S,0,
886,Spicebush,S,0,
886,Rubus,S,0,
886,Mapleleaf Viburnum,S,0,
396,Buckthorn,N,0,
396,Multiflora rose,N,0,
396,Honeysuckle,N,0,
396,Privot,N,0,
396,Spicebush,N,0,
396,Rubus,N,0,
396,Mapleleaf Viburnum,N,0,
396,Buckthorn,S,0,
396,Multiflora rose,S,1,
396,Honeysuckle,S,0,
396,Privot,S,0,
396,Spicebush,S,0,
396,Rubus,S,0,
396,Mapleleaf Viburnum,S,0,
366,Buckthorn,N,0,
366,Multiflora rose,N,0,
366,Honeysuckle,N,0,
366,Privot,N,0,
366,Spicebush,N,0,
366,Rubus,N,0,
366,Mapleleaf Viburnum,N,0,
366,Buckthorn,S,0,
366,Multiflora rose,S,0,
366,Honeysuckle,S,0,
366,Privot,S,0,
366,Spicebush,S,0,
366,Rubus,S,1,
366,Mapleleaf Viburnum,S,0,
891,Buckthorn,N,1,
891,Multiflora rose,N,0,
891,Honeysuckle,N,0,
891,Privot,N,0,
891,Spicebush,N,1,
891,Rubus,N,0,
891,Mapleleaf Viburnum,N,0,
891,Buckthorn,S,1,
891,Multiflora rose,S,0,
891,Honeysuckle,S,0,
891,Privot,S,0,
891,Spicebush,S,0,
891,Rubus,S,1,
891,Mapleleaf Viburnum,S,0,
890,Buckthorn,N,1,
890,Multiflora rose,N,0,
890,Honeysuckle,N,0,
890,Privot,N,0,
890,Spicebush,N,0,
890,Rubus,N,0,
890,Mapleleaf Viburnum,N,0,
890,Buckthorn,S,1,
890,Multiflora rose,S,0,
890,Honeysuckle,S,0,
890,Privot,S,0,
890,Spicebush,S,0,
890,Rubus,S,1,
890,Mapleleaf Viburnum,S,0,
367,Buckthorn,N,0,
367,Multiflora rose,N,0,
367,Honeysuckle,N,0,
367,Privot,N,0,
367,Spicebush,N,0,
367,Rubus,N,0,
367,Mapleleaf Viburnum,N,0,
367,Buckthorn,S,0,
367,Multiflora rose,S,0,
367,Honeysuckle,S,0,
367,Privot,S,0,
367,Spicebush,S,0,
367,Rubus,S,0,
367,Mapleleaf Viburnum,S,0,
397,Buckthorn,N,0,
397,Multiflora rose,N,0,
397,Honeysuckle,N,0,
397,Privot,N,0,
397,Spicebush,N,0,
397,Rubus,N,1,
397,Mapleleaf Viburnum,N,0,
397,Buckthorn,S,0,
397,Multiflora rose,S,0,
397,Honeysuckle,S,0,
397,Privot,S,0,
397,Spicebush,S,0,
397,Rubus,S,0,
397,Mapleleaf Viburnum,S,0,
190,Buckthorn,N,0,
190,Multiflora rose,N,0,
190,Honeysuckle,N,0,
190,Privot,N,0,
190,Spicebush,N,0,
190,Rubus,N,0,
190,Mapleleaf Viburnum,N,0,
190,Buckthorn,S,0,
190,Multiflora rose,S,0,
190,Honeysuckle,S,0,
190,Privot,S,0,
190,Spicebush,S,0,
190,Rubus,S,0,
190,Mapleleaf Viburnum,S,1,
331,Buckthorn,N,0,
331,Multiflora rose,N,1,
331,Honeysuckle,N,0,
331,Privot,N,0,
331,Spicebush,N,0,
331,Rubus,N,0,
331,Mapleleaf Viburnum,N,0,
331,Buckthorn,S,1,
331,Multiflora rose,S,1,
331,Honeysuckle,S,0,
331,Privot,S,0,
331,Spicebush,S,0,
331,Rubus,S,0,
331,Mapleleaf Viburnum,S,0,
897,Buckthorn,N,1,
897,Multiflora rose,N,0,
897,Honeysuckle,N,0,
897,Privot,N,0,
897,Spicebush,N,0,
897,Rubus,N,0,
897,Mapleleaf Viburnum,N,0,
897,Buckthorn,S,1,
897,Multiflora rose,S,1,
897,Honeysuckle,S,0,
897,Privot,S,0,
897,Spicebush,S,0,
897,Rubus,S,0,
897,Mapleleaf Viburnum,S,0,
333,Buckthorn,N,1,
333,Multiflora rose,N,0,
333,Honeysuckle,N,0,
333,Privot,N,0,
333,Spicebush,N,0,
333,Rubus,N,0,
333,Mapleleaf Viburnum,N,0,
333,Buckthorn,S,1,
333,Multiflora rose,S,0,
333,Honeysuckle,S,0,
333,Privot,S,0,
333,Spicebush,S,0,
333,Rubus,S,0,
333,Mapleleaf Viburnum,S,0,
340,Buckthorn,N,0,
340,Multiflora rose,N,1,
340,Honeysuckle,N,0,
340,Privot,N,0,
340,Spicebush,N,0,
340,Rubus,N,0,
340,Mapleleaf Viburnum,N,0,
340,Buckthorn,S,0,
340,Multiflora rose,S,0,
340,Honeysuckle,S,0,
340,Privot,S,0,
340,Spicebush,S,0,
340,Rubus,S,0,
340,Mapleleaf Viburnum,S,0,
996,Buckthorn,N,0,
996,Multiflora rose,N,0,
996,Honeysuckle,N,0,
996,Privot,N,0,
996,Spicebush,N,0,
996,Rubus,N,0,
996,Mapleleaf Viburnum,N,0,
996,Buckthorn,S,0,
996,Multiflora rose,S,0,
996,Honeysuckle,S,0,
996,Privot,S,0,
996,Spicebush,S,0,
996,Rubus,S,0,
996,Mapleleaf Viburnum,S,0,
380,Buckthorn,N,1,
380,Multiflora rose,N,1,
380,Honeysuckle,N,0,
380,Privot,N,0,
380,Spicebush,N,0,
380,Rubus,N,0,
380,Mapleleaf Viburnum,N,0,
380,Buckthorn,S,0,
380,Multiflora rose,S,0,
380,Honeysuckle,S,0,
380,Privot,S,0,
380,Spicebush,S,0,
380,Rubus,S,0,
380,Mapleleaf Viburnum,S,0,
381,Buckthorn,N,1,
381,Multiflora rose,N,2,
381,Honeysuckle,N,0,
381,Privot,N,0,
381,Spicebush,N,0,
381,Rubus,N,0,
381,Mapleleaf Viburnum,N,0,
381,Buckthorn,S,1,
381,Multiflora rose,S,1,
381,Honeysuckle,S,1,
381,Privot,S,0,
381,Spicebush,S,0,
381,Rubus,S,1,
381,Mapleleaf Viburnum,S,0,
185,Buckthorn,N,0,
185,Multiflora rose,N,0,
185,Honeysuckle,N,0,
185,Privot,N,0,
185,Spicebush,N,0,
185,Rubus,N,0,
185,Mapleleaf Viburnum,N,0,
185,Buckthorn,S,0,
185,Multiflora rose,S,0,
185,Honeysuckle,S,0,
185,Privot,S,0,
185,Spicebush,S,0,
185,Rubus,S,0,
185,Mapleleaf Viburnum,S,0,
338,Buckthorn,N,0,
338,Multiflora rose,N,0,
338,Honeysuckle,N,0,
338,Privot,N,0,
338,Spicebush,N,0,
338,Rubus,N,1,
338,Mapleleaf Viburnum,N,0,
338,Buckthorn,S,0,
338,Multiflora rose,S,0,
338,Honeysuckle,S,0,
338,Privot,S,0,
338,Spicebush,S,0,
338,Rubus,S,0,
338,Mapleleaf Viburnum,S,0,
291,Buckthorn,N,0,
291,Multiflora rose,N,0,
291,Honeysuckle,N,0,
291,Privot,N,0,
291,Spicebush,N,0,
291,Rubus,N,0,
291,Mapleleaf Viburnum,N,0,
291,Buckthorn,S,0,
291,Multiflora rose,S,0,
291,Honeysuckle,S,0,
291,Privot,S,0,
291,Spicebush,S,0,
291,Rubus,S,0,
291,Mapleleaf Viburnum,S,0,
326,Buckthorn,N,0,
326,Multiflora rose,N,1,
326,Honeysuckle,N,0,
326,Privot,N,0,
326,Spicebush,N,0,
326,Rubus,N,0,
326,Mapleleaf Viburnum,N,0,
326,Buckthorn,S,0,
326,Multiflora rose,S,0,
326,Honeysuckle,S,0,
326,Privot,S,0,
326,Spicebush,S,0,
326,Rubus,S,0,
326,Mapleleaf Viburnum,S,0,
195,Buckthorn,N,0,
195,Multiflora rose,N,1,
195,Honeysuckle,N,0,
195,Privot,N,0,
195,Spicebush,N,0,
195,Rubus,N,1,
195,Mapleleaf Viburnum,N,0,
195,Buckthorn,S,0,
195,Multiflora rose,S,1,
195,Honeysuckle,S,0,
195,Privot,S,0,
195,Spicebush,S,0,
195,Rubus,S,0,
195,Mapleleaf Viburnum,S,0,
192,Buckthorn,N,0,
192,Multiflora rose,N,0,
192,Honeysuckle,N,0,
192,Privot,N,0,
192,Spicebush,N,0,
192,Rubus,N,0,
192,Mapleleaf Viburnum,N,0,
192,Buckthorn,S,0,
192,Multiflora rose,S,0,
192,Honeysuckle,S,0,
192,Privot,S,0,
192,Spicebush,S,0,
192,Rubus,S,0,
192,Mapleleaf Viburnum,S,0,
337,Buckthorn,N,0,
337,Multiflora rose,N,1,
337,Honeysuckle,N,0,
337,Privot,N,0,
337,Spicebush,N,0,
337,Rubus,N,1,
337,Mapleleaf Viburnum,N,1,
337,Buckthorn,S,0,
337,Multiflora rose,S,1,
337,Honeysuckle,S,0,
337,Privot,S,0,
337,Spicebush,S,0,
337,Rubus,S,1,
337,Mapleleaf Viburnum,S,0,
378,Buckthorn,N,0,
378,Multiflora rose,N,1,
378,Honeysuckle,N,1,
378,Privot,N,0,
378,Spicebush,N,0,
378,Rubus,N,1,
378,Mapleleaf Viburnum,N,0,
378,Buckthorn,S,0,
378,Multiflora rose,S,1,
378,Honeysuckle,S,0,
378,Privot,S,0,
378,Spicebush,S,0,
378,Rubus,S,1,
378,Mapleleaf Viburnum,S,0,
335,Buckthorn,N,0,
335,Multiflora rose,N,1,
335,Honeysuckle,N,0,
335,Privot,N,0,
335,Spicebush,N,0,
335,Rubus,N,0,
335,Mapleleaf Viburnum,N,0,
335,Buckthorn,S,0,
335,Multiflora rose,S,1,
335,Honeysuckle,S,0,
335,Privot,S,0,
335,Spicebush,S,0,
335,Rubus,S,1,
335,Mapleleaf Viburnum,S,0,
325,Buckthorn,N,0,
325,Multiflora rose,N,1,
325,Honeysuckle,N,0,
325,Privot,N,0,
325,Spicebush,N,0,
325,Rubus,N,1,
325,Mapleleaf Viburnum,N,0,
325,Buckthorn,S,0,
325,Multiflora rose,S,1,
325,Honeysuckle,S,0,
325,Privot,S,1,
325,Spicebush,S,0,
325,Rubus,S,0,
343,Buckthorn,N,1,
343,Multiflora rose,N,1,
343,Honeysuckle,N,0,
343,Privot,N,0,
343,Spicebush,N,0,
343,Rubus,N,1,
343,Mapleleaf Viburnum,N,0,
343,Buckthorn,S,0,
343,Multiflora rose,S,0,
343,Honeysuckle,S,0,
343,Privot,S,0,
343,Spicebush,S,0,
343,Rubus,S,1,
343,Mapleleaf Viburnum,S,0,
252,Buckthorn,N,1,
252,Multiflora rose,N,1,
252,Honeysuckle,N,0,
252,Privot,N,0,
252,Spicebush,N,0,
252,Rubus,N,1,
252,Mapleleaf Viburnum,N,0,
252,Buckthorn,S,1,
252,Multiflora rose,S,0,
252,Honeysuckle,S,1,
252,Privot,S,0,
252,Spicebush,S,0,
252,Rubus,S,0,
252,Mapleleaf Viburnum,S,1,
289,Buckthorn,N,0,
289,Multiflora rose,N,0,
289,Honeysuckle,N,0,
289,Privot,N,0,
289,Spicebush,N,0,
289,Rubus,N,1,
289,Mapleleaf Viburnum,N,0,
289,Buckthorn,S,0,
289,Multiflora rose,S,0,
289,Honeysuckle,S,0,
289,Privot,S,0,
289,Spicebush,S,0,
289,Rubus,S,0,
289,Mapleleaf Viburnum,S,0,
353,Buckthorn,N,1,
353,Multiflora rose,N,1,
353,Honeysuckle,N,0,
353,Privot,N,0,
353,Spicebush,N,0,
353,Rubus,N,1,
353,Mapleleaf Viburnum,N,0,
353,Buckthorn,S,1,
353,Multiflora rose,S,0,
353,Honeysuckle,S,0,
353,Privot,S,0,
353,Spicebush,S,0,
353,Rubus,S,1,
353,Mapleleaf Viburnum,S,1,
272,Buckthorn,N,1,
272,Multiflora rose,N,1,
272,Honeysuckle,N,1,
272,Privot,N,0,
272,Spicebush,N,0,
272,Rubus,N,1,
272,Mapleleaf Viburnum,N,1,
272,Buckthorn,S,2,
272,Multiflora rose,S,2,
272,Honeysuckle,S,0,
272,Privot,S,0,
272,Spicebush,S,0,
272,Rubus,S,1,
272,Mapleleaf Viburnum,S,0,
352,Buckthorn,N,1,
352,Multiflora rose,N,1,
352,Honeysuckle,N,0,
352,Privot,N,0,
352,Spicebush,N,0,
352,Rubus,N,0,
352,Mapleleaf Viburnum,N,0,
352,Buckthorn,S,1,
352,Multiflora rose,S,1,
352,Honeysuckle,S,0,
352,Privot,S,0,
352,Spicebush,S,0,
352,Rubus,S,0,
352,Mapleleaf Viburnum,S,0,
361,Buckthorn,N,1,
361,Multiflora rose,N,3,
361,Honeysuckle,N,0,
361,Privot,N,0,
361,Spicebush,N,0,
361,Rubus,N,0,
361,Mapleleaf Viburnum,N,0,
361,Buckthorn,S,1,
361,Multiflora rose,S,3,
361,Honeysuckle,S,1,
361,Privot,S,0,
361,Spicebush,S,0,
361,Rubus,S,0,
361,Mapleleaf Viburnum,S,0,
347,Buckthorn,N,1,
347,Multiflora rose,N,0,
347,Honeysuckle,N,0,
347,Privot,N,1,
347,Spicebush,N,0,
347,Rubus,N,0,
347,Mapleleaf Viburnum,N,0,
347,Buckthorn,S,1,
347,Multiflora rose,S,0,
347,Honeysuckle,S,0,
347,Privot,S,0,
347,Spicebush,S,0,
347,Rubus,S,0,
347,Mapleleaf Viburnum,S,0,
400,Buckthorn,N,1,
400,Multiflora rose,N,0,
400,Honeysuckle,N,0,
400,Privot,N,1,
400,Spicebush,N,0,
400,Rubus,N,0,
400,Mapleleaf Viburnum,N,0,
400,Buckthorn,S,1,
400,Multiflora rose,S,1,
400,Honeysuckle,S,0,
400,Privot,S,0,
400,Spicebush,S,0,
400,Rubus,S,0,
400,Mapleleaf Viburnum,S,0,
351,Buckthorn,N,1,
351,Multiflora rose,N,1,
351,Honeysuckle,N,0,
351,Privot,N,0,
351,Spicebush,N,0,
351,Rubus,N,0,
351,Mapleleaf Viburnum,N,0,
351,Buckthorn,S,1,
351,Multiflora rose,S,1,
351,Honeysuckle,S,1,
351,Privot,S,0,
351,Spicebush,S,0,
351,Rubus,S,0,
351,Mapleleaf Viburnum,S,0,
399,Buckthorn,N,2,
399,Multiflora rose,N,0,
399,Honeysuckle,N,0,
399,Privot,N,0,
399,Spicebush,N,0,
399,Rubus,N,0,
399,Mapleleaf Viburnum,N,0,
399,Buckthorn,S,1,
399,Multiflora rose,S,0,
399,Honeysuckle,S,0,
399,Privot,S,0,
399,Spicebush,S,0,
399,Rubus,S,0,
399,Mapleleaf Viburnum,S,0,
348,Buckthorn,N,1,
348,Multiflora rose,N,0,
348,Honeysuckle,N,1,
348,Privot,N,0,
348,Spicebush,N,0,
348,Rubus,N,0,
348,Mapleleaf Viburnum,N,0,
348,Buckthorn,S,1,
348,Multiflora rose,S,1,
348,Honeysuckle,S,0,
348,Privot,S,1,
348,Spicebush,S,0,
348,Rubus,S,0,
348,Mapleleaf Viburnum,S,0,
253,Buckthorn,N,1,
253,Multiflora rose,N,3,
253,Honeysuckle,N,0,
253,Privot,N,1,
253,Spicebush,N,0,
253,Rubus,N,0,
253,Mapleleaf Viburnum,N,0,
253,Buckthorn,S,1,
253,Multiflora rose,S,1,
253,Honeysuckle,S,1,
253,Privot,S,1,
253,Spicebush,S,0,
253,Rubus,S,0,
253,Mapleleaf Viburnum,S,0,
899,Buckthorn,N,1,tree ID does not exist
899,Multiflora rose,N,0,tree ID does not exist
899,Honeysuckle,N,0,tree ID does not exist
899,Privot,N,0,tree ID does not exist
899,Spicebush,N,0,tree ID does not exist
899,Rubus,N,0,tree ID does not exist
899,Mapleleaf Viburnum,N,1,tree ID does not exist
899,Buckthorn,S,2,tree ID does not exist
899,Multiflora rose,S,0,tree ID does not exist
899,Honeysuckle,S,0,tree ID does not exist
899,Privot,S,1,tree ID does not exist
899,Spicebush,S,0,tree ID does not exist
899,Rubus,S,0,tree ID does not exist
899,Mapleleaf Viburnum,S,0,tree ID does not exist
371,Buckthorn,N,2,
371,Multiflora rose,N,0,
371,Honeysuckle,N,1,
371,Privot,N,0,
371,Spicebush,N,0,
371,Rubus,N,0,
371,Mapleleaf Viburnum,N,0,
371,Buckthorn,S,1,
371,Multiflora rose,S,1,
371,Honeysuckle,S,1,
371,Privot,S,0,
371,Spicebush,S,0,
371,Rubus,S,0,
371,Mapleleaf Viburnum,S,1,
893,Buckthorn,N,1,
893,Multiflora rose,N,2,
893,Honeysuckle,N,9,
893,Privot,N,0,
893,Spicebush,N,0,
893,Rubus,N,0,
893,Mapleleaf Viburnum,N,0,
893,Buckthorn,S,1,
893,Multiflora rose,S,2,
893,Honeysuckle,S,0,
893,Privot,S,0,
893,Spicebush,S,0,
893,Rubus,S,0,
893,Mapleleaf Viburnum,S,1,
892,Buckthorn,N,1,
892,Multiflora rose,N,1,
892,Honeysuckle,N,0,
892,Privot,N,1,
892,Spicebush,N,0,
892,Rubus,N,0,
892,Mapleleaf Viburnum,N,1,
892,Buckthorn,S,1,
892,Multiflora rose,S,2,
892,Honeysuckle,S,0,
892,Privot,S,1,
892,Spicebush,S,0,
892,Rubus,S,0,
892,Mapleleaf Viburnum,S,0,
293,Buckthorn,N,1,
293,Multiflora rose,N,0,
293,Honeysuckle,N,0,
293,Privot,N,0,
293,Spicebush,N,0,
293,Rubus,N,1,
293,Mapleleaf Viburnum,N,0,
293,Buckthorn,S,0,
293,Multiflora rose,S,0,
293,Honeysuckle,S,0,
293,Privot,S,0,
293,Spicebush,S,0,
293,Rubus,S,0,
293,Mapleleaf Viburnum,S,0,
299,Buckthorn,N,1,
299,Multiflora rose,N,3,
299,Honeysuckle,N,0,
299,Privot,N,1,
299,Spicebush,N,0,
299,Rubus,N,1,
299,Mapleleaf Viburnum,N,0,
299,Buckthorn,S,1,
299,Multiflora rose,S,1,
299,Honeysuckle,S,0,
299,Privot,S,0,
299,Spicebush,S,0,
299,Rubus,S,1,
299,Mapleleaf Viburnum,S,0,
346,Buckthorn,N,1,
346,Multiflora rose,N,0,
346,Honeysuckle,N,0,
346,Privot,N,1,
346,Spicebush,N,0,
346,Rubus,N,0,
346,Mapleleaf Viburnum,N,0,
346,Buckthorn,S,1,
346,Multiflora rose,S,1,
346,Honeysuckle,S,0,
346,Privot,S,1,
346,Spicebush,S,0,
346,Rubus,S,0,
346,Mapleleaf Viburnum,S,0,
350,Buckthorn,N,1,
350,Multiflora rose,N,0,
350,Honeysuckle,N,0,
350,Privot,N,0,
350,Spicebush,N,0,
350,Rubus,N,1,
350,Mapleleaf Viburnum,N,0,
350,Buckthorn,S,1,
350,Multiflora rose,S,1,
350,Honeysuckle,S,1,
350,Privot,S,0,
350,Spicebush,S,0,
350,Rubus,S,0,
350,Mapleleaf Viburnum,S,0,
259,Buckthorn,N,1,
259,Multiflora rose,N,5,
259,Honeysuckle,N,2,
259,Privot,N,0,
259,Spicebush,N,0,
259,Rubus,N,0,
259,Mapleleaf Viburnum,N,0,
259,Buckthorn,S,1,
259,Multiflora rose,S,4,
259,Honeysuckle,S,2,
259,Privot,S,0,
259,Spicebush,S,0,
259,Rubus,S,0,
259,Mapleleaf Viburnum,S,0,
354,Buckthorn,N,1,
354,Multiflora rose,N,1,
354,Honeysuckle,N,0,
354,Privot,N,1,
354,Spicebush,N,0,
354,Rubus,N,0,
354,Mapleleaf Viburnum,N,1,
354,Buckthorn,S,1,
354,Multiflora rose,S,2,
354,Honeysuckle,S,1,
354,Privot,S,1,
354,Spicebush,S,0,
354,Rubus,S,0,
354,Mapleleaf Viburnum,S,1,
257,Buckthorn,N,0,
257,Multiflora rose,N,1,
257,Honeysuckle,N,0,
257,Privot,N,0,
257,Spicebush,N,0,
257,Rubus,N,0,
257,Mapleleaf Viburnum,N,0,
257,Buckthorn,S,1,
257,Multiflora rose,S,1,
257,Honeysuckle,S,0,
257,Privot,S,0,
257,Spicebush,S,0,
257,Rubus,S,0,
257,Mapleleaf Viburnum,S,0,
198,Buckthorn,N,1,
198,Multiflora rose,N,0,
198,Honeysuckle,N,1,
198,Privot,N,1,
198,Spicebush,N,0,
198,Rubus,N,0,
198,Mapleleaf Viburnum,N,0,
198,Buckthorn,S,1,
198,Multiflora rose,S,2,
198,Honeysuckle,S,0,
198,Privot,S,0,
198,Spicebush,S,0,
198,Rubus,S,0,
198,Mapleleaf Viburnum,S,0,
292,Buckthorn,N,0,
292,Multiflora rose,N,0,
292,Honeysuckle,N,0,
292,Privot,N,0,
292,Spicebush,N,0,
292,Rubus,N,0,
292,Mapleleaf Viburnum,N,0,
292,Buckthorn,S,0,
292,Multiflora rose,S,0,
292,Honeysuckle,S,0,
292,Privot,S,0,
292,Spicebush,S,0,
292,Rubus,S,0,
292,Mapleleaf Viburnum,S,0,
560,Buckthorn,N,0,tree ID does not exist
560,Multiflora rose,N,0,tree ID does not exist
560,Honeysuckle,N,0,tree ID does not exist
560,Privot,N,0,tree ID does not exist
560,Spicebush,N,0,tree ID does not exist
560,Rubus,N,0,tree ID does not exist
560,Mapleleaf Viburnum,N,1,tree ID does not exist
560,Buckthorn,S,1,tree ID does not exist
560,Multiflora rose,S,0,tree ID does not exist
560,Honeysuckle,S,0,tree ID does not exist
560,Privot,S,0,tree ID does not exist
560,Spicebush,S,0,tree ID does not exist
560,Rubus,S,0,tree ID does not exist
560,Mapleleaf Viburnum,S,0,tree ID does not exist
376,Buckthorn,N,1,
376,Multiflora rose,N,2,
376,Honeysuckle,N,0,
376,Privot,N,0,
376,Spicebush,N,0,
376,Rubus,N,1,
376,Mapleleaf Viburnum,N,0,
376,Buckthorn,S,1,
376,Multiflora rose,S,2,
376,Honeysuckle,S,0,
376,Privot,S,0,
376,Spicebush,S,0,
376,Rubus,S,0,
376,Mapleleaf Viburnum,S,0,
290,Buckthorn,N,0,
290,Multiflora rose,N,0,
290,Honeysuckle,N,0,
290,Privot,N,0,
290,Spicebush,N,0,
290,Rubus,N,0,
290,Mapleleaf Viburnum,N,0,
290,Buckthorn,S,0,
290,Multiflora rose,S,0,
290,Honeysuckle,S,0,
290,Privot,S,0,
290,Spicebush,S,0,
290,Rubus,S,0,
290,Mapleleaf Viburnum,S,0,
883,Buckthorn,N,1,
883,Multiflora rose,N,0,
883,Honeysuckle,N,0,
883,Privot,N,0,
883,Spicebush,N,0,
883,Rubus,N,0,
883,Mapleleaf Viburnum,N,0,
883,Buckthorn,S,0,
883,Multiflora rose,S,1,
883,Honeysuckle,S,0,
883,Privot,S,0,
883,Spicebush,S,0,
883,Rubus,S,0,
883,Mapleleaf Viburnum,S,0,
358,Buckthorn,N,1,
358,Multiflora rose,N,3,
358,Honeysuckle,N,1,
358,Privot,N,0,
358,Spicebush,N,0,
358,Rubus,N,1,
358,Mapleleaf Viburnum,N,0,
358,Buckthorn,S,1,
358,Multiflora rose,S,3,
358,Honeysuckle,S,0,
358,Privot,S,0,
358,Spicebush,S,0,
358,Rubus,S,1,
358,Mapleleaf Viburnum,S,1,
300,Buckthorn,N,1,
300,Multiflora rose,N,2,
300,Honeysuckle,N,0,
300,Privot,N,1,
300,Spicebush,N,0,
300,Rubus,N,1,
300,Mapleleaf Viburnum,N,0,
300,Buckthorn,S,1,
300,Multiflora rose,S,3,
300,Honeysuckle,S,0,
300,Privot,S,1,
300,Spicebush,S,0,
300,Rubus,S,1,
300,Mapleleaf Viburnum,S,0,
197,Buckthorn,N,1,
197,Multiflora rose,N,0,
197,Honeysuckle,N,0,
197,Privot,N,1,
197,Spicebush,N,0,
197,Rubus,N,0,
197,Mapleleaf Viburnum,N,0,
197,Buckthorn,S,1,
197,Multiflora rose,S,0,
197,Honeysuckle,S,0,
197,Privot,S,0,
197,Spicebush,S,0,
197,Rubus,S,0,
197,Mapleleaf Viburnum,S,0,
297,Buckthorn,N,1,
297,Multiflora rose,N,0,
297,Honeysuckle,N,0,
297,Privot,N,0,
297,Spicebush,N,0,
297,Rubus,N,0,
297,Mapleleaf Viburnum,N,0,
297,Buckthorn,S,1,
297,Multiflora rose,S,0,
297,Honeysuckle,S,0,
297,Privot,S,0,
297,Spicebush,S,0,
297,Rubus,S,0,
297,Mapleleaf Viburnum,S,0,
864,Buckthorn,N,1,
864,Multiflora rose,N,1,
864,Honeysuckle,N,0,
864,Privot,N,0,
864,Spicebush,N,0,
864,Rubus,N,0,
864,Mapleleaf Viburnum,N,0,
864,Buckthorn,S,1,
864,Multiflora rose,S,0,
864,Honeysuckle,S,0,
864,Privot,S,0,
864,Spicebush,S,0,
864,Rubus,S,0,
864,Mapleleaf Viburnum,S,0,
885,Buckthorn,N,0,
885,Multiflora rose,N,0,
885,Honeysuckle,N,0,
885,Privot,N,0,
885,Spicebush,N,0,
885,Rubus,N,0,
885,Mapleleaf Viburnum,N,0,
885,Buckthorn,S,0,
885,Multiflora rose,S,0,
885,Honeysuckle,S,0,
885,Privot,S,0,
885,Spicebush,S,0,
885,Rubus,S,0,
885,Mapleleaf Viburnum,S,0,
898,Buckthorn,N,0,
898,Multiflora rose,N,1,
898,Honeysuckle,N,0,
898,Privot,N,0,
898,Spicebush,N,0,
898,Rubus,N,0,
898,Mapleleaf Viburnum,N,0,
898,Buckthorn,S,1,
898,Multiflora rose,S,0,
898,Honeysuckle,S,0,
898,Privot,S,1,
898,Spicebush,S,0,
898,Rubus,S,0,
898,Mapleleaf Viburnum,S,0,
187,Buckthorn,N,1,
187,Multiflora rose,N,1,
187,Honeysuckle,N,0,
187,Privot,N,0,
187,Spicebush,N,0,
187,Rubus,N,0,
187,Mapleleaf Viburnum,N,0,
187,Buckthorn,S,0,
187,Multiflora rose,S,1,
187,Honeysuckle,S,0,
187,Privot,S,0,
187,Spicebush,S,0,
187,Rubus,S,0,
187,Mapleleaf Viburnum,S,0,
409,Buckthorn,N,0,
409,Multiflora rose,N,0,
409,Honeysuckle,N,0,
409,Privot,N,0,
409,Spicebush,N,0,
409,Rubus,N,0,
409,Mapleleaf Viburnum,N,0,
409,Buckthorn,S,0,
409,Multiflora rose,S,0,
409,Honeysuckle,S,0,
409,Privot,S,0,
409,Spicebush,S,0,
409,Rubus,S,0,
409,Mapleleaf Viburnum,S,0,
266,Buckthorn,N,0,
266,Multiflora rose,N,0,
266,Honeysuckle,N,0,
266,Privot,N,0,
266,Spicebush,N,0,
266,Rubus,N,0,
266,Mapleleaf Viburnum,N,0,
266,Buckthorn,S,0,
266,Multiflora rose,S,0,
266,Honeysuckle,S,0,
266,Privot,S,0,
266,Spicebush,S,0,
266,Rubus,S,0,
266,Mapleleaf Viburnum,S,0,
401,Buckthorn,N,0,
401,Multiflora rose,N,0,
401,Honeysuckle,N,0,
401,Privot,N,0,
401,Spicebush,N,0,
401,Rubus,N,0,
401,Mapleleaf Viburnum,N,0,
401,Buckthorn,S,0,
401,Multiflora rose,S,0,
401,Honeysuckle,S,0,
401,Privot,S,0,
401,Spicebush,S,0,
401,Rubus,S,0,
401,Mapleleaf Viburnum,S,0,
100,Buckthorn,N,0,
100,Multiflora rose,N,0,
100,Honeysuckle,N,0,
100,Privot,N,0,
100,Spicebush,N,0,
100,Rubus,N,0,
100,Mapleleaf Viburnum,N,0,
100,Buckthorn,S,0,
100,Multiflora rose,S,0,
100,Honeysuckle,S,0,
100,Privot,S,0,
100,Spicebush,S,0,
100,Rubus,S,0,
100,Mapleleaf Viburnum,S,0,
262,Buckthorn,N,0,
262,Multiflora rose,N,0,
262,Honeysuckle,N,0,
262,Privot,N,0,
262,Spicebush,N,0,
262,Rubus,N,0,
262,Mapleleaf Viburnum,N,0,
262,Buckthorn,S,0,
262,Multiflora rose,S,0,
262,Honeysuckle,S,0,
262,Privot,S,0,
262,Spicebush,S,0,
262,Rubus,S,0,
262,Mapleleaf Viburnum,S,0,
135,Buckthorn,N,0,
135,Multiflora rose,N,0,
135,Honeysuckle,N,0,
135,Privot,N,0,
135,Spicebush,N,0,
135,Rubus,N,0,
135,Mapleleaf Viburnum,N,0,
135,Buckthorn,S,0,
135,Multiflora rose,S,0,
135,Honeysuckle,S,0,
135,Privot,S,0,
135,Spicebush,S,0,
135,Rubus,S,0,
135,Mapleleaf Viburnum,S,0,
111,Buckthorn,N,0,
111,Multiflora rose,N,0,
111,Honeysuckle,N,0,
111,Privot,N,0,
111,Spicebush,N,0,
111,Rubus,N,0,
111,Mapleleaf Viburnum,N,0,
111,Buckthorn,S,0,
111,Multiflora rose,S,1,
111,Honeysuckle,S,0,
111,Privot,S,1,
111,Spicebush,S,0,
111,Rubus,S,1,
111,Mapleleaf Viburnum,S,0,
238,Buckthorn,N,1,
238,Multiflora rose,N,4,
238,Honeysuckle,N,0,
238,Privot,N,0,
238,Spicebush,N,0,
238,Rubus,N,1,
238,Mapleleaf Viburnum,N,0,
238,Buckthorn,S,1,
238,Multiflora rose,S,4,
238,Honeysuckle,S,0,
238,Privot,S,0,
238,Spicebush,S,0,
238,Rubus,S,1,
238,Mapleleaf Viburnum,S,0,
237,Buckthorn,N,1,
237,Multiflora rose,N,3,
237,Honeysuckle,N,0,
237,Privot,N,0,
237,Spicebush,N,0,
237,Rubus,N,0,
237,Mapleleaf Viburnum,N,1,
237,Buckthorn,S,1,
237,Multiflora rose,S,5,
237,Honeysuckle,S,0,
237,Privot,S,0,
237,Spicebush,S,0,
237,Rubus,S,1,
237,Mapleleaf Viburnum,S,0,
242,Buckthorn,N,1,
242,Multiflora rose,N,4,
242,Honeysuckle,N,0,
242,Privot,N,0,
242,Spicebush,N,0,
242,Rubus,N,1,
242,Mapleleaf Viburnum,N,0,
242,Buckthorn,S,1,
242,Multiflora rose,S,4,
242,Honeysuckle,S,0,
242,Privot,S,0,
242,Spicebush,S,0,
242,Rubus,S,0,
242,Mapleleaf Viburnum,S,0,
239,Buckthorn,N,1,
239,Multiflora rose,N,5,
239,Honeysuckle,N,0,
239,Privot,N,0,
239,Spicebush,N,0,
239,Rubus,N,1,
239,Mapleleaf Viburnum,N,0,
239,Buckthorn,S,1,
239,Multiflora rose,S,4,
239,Honeysuckle,S,0,
239,Privot,S,0,
239,Spicebush,S,0,
239,Rubus,S,1,
239,Mapleleaf Viburnum,S,0,
240,Buckthorn,N,1,
240,Multiflora rose,N,5,
240,Honeysuckle,N,0,
240,Privot,N,0,
240,Spicebush,N,0,
240,Rubus,N,1,
240,Mapleleaf Viburnum,N,0,
240,Buckthorn,S,1,
240,Multiflora rose,S,4,
240,Honeysuckle,S,0,
240,Privot,S,0,
240,Spicebush,S,0,
240,Rubus,S,1,
240,Mapleleaf Viburnum,S,0,
247,Buckthorn,N,0,
247,Multiflora rose,N,5,
247,Honeysuckle,N,1,
247,Privot,N,1,
247,Spicebush,N,0,
247,Rubus,N,1,
247,Mapleleaf Viburnum,N,0,
247,Buckthorn,S,1,
247,Multiflora rose,S,5,
247,Honeysuckle,S,0,
247,Privot,S,1,
247,Spicebush,S,0,
247,Rubus,S,1,
247,Mapleleaf Viburnum,S,0,
91,Buckthorn,N,1,
91,Multiflora rose,N,0,
91,Honeysuckle,N,0,
91,Privot,N,0,
91,Spicebush,N,0,
91,Rubus,N,0,
91,Mapleleaf Viburnum,N,0,
91,Buckthorn,S,1,
91,Multiflora rose,S,1,
91,Honeysuckle,S,0,
91,Privot,S,0,
91,Spicebush,S,0,
91,Rubus,S,0,
91,Mapleleaf Viburnum,S,0,
234,Buckthorn,N,1,
234,Multiflora rose,N,5,
234,Honeysuckle,N,0,
234,Privot,N,0,
234,Spicebush,N,0,
234,Rubus,N,1,
234,Mapleleaf Viburnum,N,0,
234,Buckthorn,S,1,
234,Multiflora rose,S,3,
234,Honeysuckle,S,0,
234,Privot,S,0,
234,Spicebush,S,0,
234,Rubus,S,1,
234,Mapleleaf Viburnum,S,0,
109,Buckthorn,N,1,
109,Multiflora rose,N,3,
109,Honeysuckle,N,0,
109,Privot,N,2,
109,Spicebush,N,0,
109,Rubus,N,1,
109,Mapleleaf Viburnum,N,0,
109,Buckthorn,S,1,
109,Multiflora rose,S,4,
109,Honeysuckle,S,0,
109,Privot,S,1,
109,Spicebush,S,0,
109,Rubus,S,1,
109,Mapleleaf Viburnum,S,0,
90,Buckthorn,N,0,
90,Multiflora rose,N,1,
90,Honeysuckle,N,0,
90,Privot,N,0,
90,Spicebush,N,0,
90,Rubus,N,0,
90,Mapleleaf Viburnum,N,0,
90,Buckthorn,S,0,
90,Multiflora rose,S,0,
90,Honeysuckle,S,0,
90,Privot,S,0,
90,Spicebush,S,0,
90,Rubus,S,0,
90,Mapleleaf Viburnum,S,0,
133,Buckthorn,N,1,
133,Multiflora rose,N,4,
133,Honeysuckle,N,1,
133,Privot,N,0,
133,Spicebush,N,0,
133,Rubus,N,1,
133,Mapleleaf Viburnum,N,0,
133,Buckthorn,S,1,
133,Multiflora rose,S,4,
133,Honeysuckle,S,0,
133,Privot,S,0,
133,Spicebush,S,0,
133,Rubus,S,1,
133,Mapleleaf Viburnum,S,0,
117,Buckthorn,N,1,
117,Multiflora rose,N,4,
117,Honeysuckle,N,0,
117,Privot,N,0,
117,Spicebush,N,0,
117,Rubus,N,1,
117,Mapleleaf Viburnum,N,0,
117,Buckthorn,S,1,
117,Multiflora rose,S,3,
117,Honeysuckle,S,0,
117,Privot,S,0,
117,Spicebush,S,0,
117,Rubus,S,1,
117,Mapleleaf Viburnum,S,0,
102,Buckthorn,N,1,
102,Multiflora rose,N,5,
102,Honeysuckle,N,0,
102,Privot,N,0,
102,Spicebush,N,0,
102,Rubus,N,1,
102,Mapleleaf Viburnum,N,0,
102,Buckthorn,S,0,
102,Multiflora rose,S,3,
102,Honeysuckle,S,1,
102,Privot,S,0,
102,Spicebush,S,0,
102,Rubus,S,0,
102,Mapleleaf Viburnum,S,0,
143,Buckthorn,N,1,
143,Multiflora rose,N,3,
143,Honeysuckle,N,1,
143,Privot,N,0,
143,Spicebush,N,0,
143,Rubus,N,1,
143,Mapleleaf Viburnum,N,0,
143,Buckthorn,S,1,
143,Multiflora rose,S,4,
143,Honeysuckle,S,0,
143,Privot,S,0,
143,Spicebush,S,0,
143,Rubus,S,1,
143,Mapleleaf Viburnum,S,0,
246,Buckthorn,N,1,
246,Multiflora rose,N,5,
246,Honeysuckle,N,0,
246,Privot,N,0,
246,Spicebush,N,0,
246,Rubus,N,1,
246,Mapleleaf Viburnum,N,0,
246,Buckthorn,S,1,
246,Multiflora rose,S,5,
246,Honeysuckle,S,1,
246,Privot,S,0,
246,Spicebush,S,0,
246,Rubus,S,1,
246,Mapleleaf Viburnum,S,0,
105,Buckthorn,N,1,
105,Multiflora rose,N,4,
105,Honeysuckle,N,0,
105,Privot,N,0,
105,Spicebush,N,0,
105,Rubus,N,1,
105,Mapleleaf Viburnum,N,0,
105,Buckthorn,S,1,
105,Multiflora rose,S,5,
105,Honeysuckle,S,0,
105,Privot,S,0,
105,Spicebush,S,0,
105,Rubus,S,1,
105,Mapleleaf Viburnum,S,0,
108,Buckthorn,N,0,
108,Multiflora rose,N,5,
108,Honeysuckle,N,0,
108,Privot,N,0,
108,Spicebush,N,0,
108,Rubus,N,1,
108,Mapleleaf Viburnum,N,1,
108,Buckthorn,S,0,
108,Multiflora rose,S,6,
108,Honeysuckle,S,1,
108,Privot,S,0,
108,Spicebush,S,0,
108,Rubus,S,1,
108,Mapleleaf Viburnum,S,0,
249,Buckthorn,N,1,
249,Multiflora rose,N,4,
249,Honeysuckle,N,1,
249,Privot,N,0,
249,Spicebush,N,0,
249,Rubus,N,1,
249,Mapleleaf Viburnum,N,0,
249,Buckthorn,S,1,
249,Multiflora rose,S,4,
249,Honeysuckle,S,2,
249,Privot,S,0,
249,Spicebush,S,0,
249,Rubus,S,1,
249,Mapleleaf Viburnum,S,0,
231,Buckthorn,N,1,
231,Multiflora rose,N,4,
231,Honeysuckle,N,3,
231,Privot,N,0,
231,Spicebush,N,0,
231,Rubus,N,0,
231,Mapleleaf Viburnum,N,0,
231,Buckthorn,S,1,
231,Multiflora rose,S,5,
231,Honeysuckle,S,2,
231,Privot,S,0,
231,Spicebush,S,0,
231,Rubus,S,0,
231,Mapleleaf Viburnum,S,0,
107,Buckthorn,N,1,
107,Multiflora rose,N,4,
107,Honeysuckle,N,2,
107,Privot,N,0,
107,Spicebush,N,0,
107,Rubus,N,1,
107,Mapleleaf Viburnum,N,0,
107,Buckthorn,S,1,
107,Multiflora rose,S,3,
107,Honeysuckle,S,0,
107,Privot,S,0,
107,Spicebush,S,0,
107,Rubus,S,1,
107,Mapleleaf Viburnum,S,0,
233,Buckthorn,N,1,
233,Multiflora rose,N,4,
233,Honeysuckle,N,1,
233,Privot,N,0,
233,Spicebush,N,0,
233,Rubus,N,1,
233,Mapleleaf Viburnum,N,0,
233,Buckthorn,S,1,
233,Multiflora rose,S,3,
233,Honeysuckle,S,0,
233,Privot,S,0,
233,Spicebush,S,0,
233,Rubus,S,1,
233,Mapleleaf Viburnum,S,0,
106,Buckthorn,N,1,
106,Multiflora rose,N,5,
106,Honeysuckle,N,0,
106,Privot,N,0,
106,Spicebush,N,0,
106,Rubus,N,1,
106,Mapleleaf Viburnum,N,0,
106,Buckthorn,S,1,
106,Multiflora rose,S,6,
106,Honeysuckle,S,0,
106,Privot,S,0,
106,Spicebush,S,0,
106,Rubus,S,1,
106,Mapleleaf Viburnum,S,0,
165,Buckthorn,N,1,
165,Multiflora rose,N,3,
165,Honeysuckle,N,0,
165,Privot,N,0,
165,Spicebush,N,0,
165,Rubus,N,1,
165,Mapleleaf Viburnum,N,0,
165,Buckthorn,S,1,
165,Multiflora rose,S,4,
165,Honeysuckle,S,0,
165,Privot,S,0,
165,Spicebush,S,0,
165,Rubus,S,1,
165,Mapleleaf Viburnum,S,0,
104,Buckthorn,N,1,
104,Multiflora rose,N,2,
104,Honeysuckle,N,0,
104,Privot,N,0,
104,Spicebush,N,0,
104,Rubus,N,1,
104,Mapleleaf Viburnum,N,0,
104,Buckthorn,S,1,
104,Multiflora rose,S,3,
104,Honeysuckle,S,0,
104,Privot,S,0,
104,Spicebush,S,0,
104,Rubus,S,1,
104,Mapleleaf Viburnum,S,0,
229,Buckthorn,N,1,
229,Multiflora rose,N,3,
229,Honeysuckle,N,0,
229,Privot,N,0,
229,Spicebush,N,0,
229,Rubus,N,1,
229,Mapleleaf Viburnum,N,0,
229,Buckthorn,S,1,
229,Multiflora rose,S,3,
229,Honeysuckle,S,0,
229,Privot,S,0,
229,Spicebush,S,0,
229,Rubus,S,1,
229,Mapleleaf Viburnum,S,0,
103,Buckthorn,N,1,
103,Multiflora rose,N,4,
103,Honeysuckle,N,0,
103,Privot,N,0,
103,Spicebush,N,0,
103,Rubus,N,1,
103,Mapleleaf Viburnum,N,0,
103,Buckthorn,S,1,
103,Multiflora rose,S,3,
103,Honeysuckle,S,0,
103,Privot,S,0,
103,Spicebush,S,0,
103,Rubus,S,1,
103,Mapleleaf Viburnum,S,0,
112,Buckthorn,N,1,
112,Multiflora rose,N,4,
112,Honeysuckle,N,0,
112,Privot,N,0,
112,Spicebush,N,0,
112,Rubus,N,1,
112,Mapleleaf Viburnum,N,0,
112,Buckthorn,S,1,
112,Multiflora rose,S,3,
112,Honeysuckle,S,0,
112,Privot,S,0,
112,Spicebush,S,0,
112,Rubus,S,1,
112,Mapleleaf Viburnum,S,0,
125,Buckthorn,N,1,
125,Multiflora rose,N,4,
125,Honeysuckle,N,0,
125,Privot,N,0,
125,Spicebush,N,0,
125,Rubus,N,1,
125,Mapleleaf Viburnum,N,0,
125,Buckthorn,S,1,
125,Multiflora rose,S,3,
125,Honeysuckle,S,0,
125,Privot,S,0,
125,Spicebush,S,0,
125,Rubus,S,1,
125,Mapleleaf Viburnum,S,0,
115,Buckthorn,N,1,
115,Multiflora rose,N,0,
115,Honeysuckle,N,0,
115,Privot,N,0,
115,Spicebush,N,0,
115,Rubus,N,0,
115,Mapleleaf Viburnum,N,1,
115,Buckthorn,S,1,
115,Multiflora rose,S,0,
115,Honeysuckle,S,0,
115,Privot,S,0,
115,Spicebush,S,0,
115,Rubus,S,0,
115,Mapleleaf Viburnum,S,1,
120,Buckthorn,N,1,
120,Multiflora rose,N,2,
120,Honeysuckle,N,0,
120,Privot,N,0,
120,Spicebush,N,0,
120,Rubus,N,1,
120,Mapleleaf Viburnum,N,0,
120,Buckthorn,S,1,
120,Multiflora rose,S,4,
120,Honeysuckle,S,1,
120,Privot,S,0,
120,Spicebush,S,0,
120,Rubus,S,1,
120,Mapleleaf Viburnum,S,0,
114,Buckthorn,N,1,
114,Multiflora rose,N,2,
114,Honeysuckle,N,0,
114,Privot,N,0,
114,Spicebush,N,0,
114,Rubus,N,1,
114,Mapleleaf Viburnum,N,1,
114,Buckthorn,S,1,
114,Multiflora rose,S,2,
114,Honeysuckle,S,0,
114,Privot,S,0,
114,Spicebush,S,0,
114,Rubus,S,1,
114,Mapleleaf Viburnum,S,0,
236,Buckthorn,N,1,
236,Multiflora rose,N,5,
236,Honeysuckle,N,0,
236,Privot,N,1,
236,Spicebush,N,0,
236,Rubus,N,1,
236,Mapleleaf Viburnum,N,0,
236,Buckthorn,S,1,
236,Multiflora rose,S,3,
236,Honeysuckle,S,0,
236,Privot,S,1,
236,Spicebush,S,0,
236,Rubus,S,1,
236,Mapleleaf Viburnum,S,0,
119,Buckthorn,N,1,
119,Multiflora rose,N,2,
119,Honeysuckle,N,1,
119,Privot,N,0,
119,Spicebush,N,0,
119,Rubus,N,1,
119,Mapleleaf Viburnum,N,0,
119,Buckthorn,S,1,
119,Multiflora rose,S,2,
119,Honeysuckle,S,1,
119,Privot,S,0,
119,Spicebush,S,0,
119,Rubus,S,1,
119,Mapleleaf Viburnum,S,0,
118,Buckthorn,N,0,
118,Multiflora rose,N,3,
118,Honeysuckle,N,0,
118,Privot,N,0,
118,Spicebush,N,0,
118,Rubus,N,1,
118,Mapleleaf Viburnum,N,0,
118,Buckthorn,S,0,
118,Multiflora rose,S,1,
118,Honeysuckle,S,0,
118,Privot,S,0,
118,Spicebush,S,0,
118,Rubus,S,1,
118,Mapleleaf Viburnum,S,0,
232,Buckthorn,N,1,
232,Multiflora rose,N,1,
232,Honeysuckle,N,0,
232,Privot,N,0,
232,Spicebush,N,0,
232,Rubus,N,1,
232,Mapleleaf Viburnum,N,0,
232,Buckthorn,S,1,
232,Multiflora rose,S,1,
232,Honeysuckle,S,0,
232,Privot,S,1,
232,Spicebush,S,0,
232,Rubus,S,1,
232,Mapleleaf Viburnum,S,0,
405,Buckthorn,N,0,
405,Multiflora rose,N,0,
405,Honeysuckle,N,0,
405,Privot,N,0,
405,Spicebush,N,0,
405,Rubus,N,0,
405,Mapleleaf Viburnum,N,0,
405,Buckthorn,S,0,
405,Multiflora rose,S,0,
405,Honeysuckle,S,0,
405,Privot,S,0,
405,Spicebush,S,0,
405,Rubus,S,0,
405,Mapleleaf Viburnum,S,0,
406,Buckthorn,N,0,
406,Multiflora rose,N,0,
406,Honeysuckle,N,0,
406,Privot,N,0,
406,Spicebush,N,0,
406,Rubus,N,0,
406,Mapleleaf Viburnum,N,0,
406,Buckthorn,S,0,
406,Multiflora rose,S,0,
406,Honeysuckle,S,0,
406,Privot,S,0,
406,Spicebush,S,0,
406,Rubus,S,0,
406,Mapleleaf Viburnum,S,0,
228,Buckthorn,N,1,
228,Multiflora rose,N,3,
228,Honeysuckle,N,0,
228,Privot,N,0,
228,Spicebush,N,0,
228,Rubus,N,0,
228,Mapleleaf Viburnum,N,0,
228,Buckthorn,S,1,
228,Multiflora rose,S,1,
228,Honeysuckle,S,0,
228,Privot,S,0,
228,Spicebush,S,0,
228,Rubus,S,1,
228,Mapleleaf Viburnum,S,1,
81,Buckthorn,N,1,
81,Multiflora rose,N,0,
81,Honeysuckle,N,0,
81,Privot,N,0,
81,Spicebush,N,0,
81,Rubus,N,0,
81,Mapleleaf Viburnum,N,1,
81,Buckthorn,S,0,
81,Multiflora rose,S,0,
81,Honeysuckle,S,0,
81,Privot,S,0,
81,Spicebush,S,0,
81,Rubus,S,0,
81,Mapleleaf Viburnum,S,1,
98,Buckthorn,N,1,
98,Multiflora rose,N,1,
98,Honeysuckle,N,0,
98,Privot,N,0,
98,Spicebush,N,0,
98,Rubus,N,1,
98,Mapleleaf Viburnum,N,0,
98,Buckthorn,S,1,
98,Multiflora rose,S,1,
98,Honeysuckle,S,0,
98,Privot,S,0,
98,Spicebush,S,0,
98,Rubus,S,1,
98,Mapleleaf Viburnum,S,0,
97,Multiflora rose,N,2,
122,Buckthorn,N,0,
122,Multiflora rose,N,2,
122,Honeysuckle,N,1,
122,Privot,N,0,
122,Spicebush,N,0,
122,Rubus,N,1,
122,Mapleleaf Viburnum,N,0,
122,Buckthorn,S,0,
122,Multiflora rose,S,0,
122,Honeysuckle,S,0,
122,Privot,S,1,
122,Spicebush,S,0,
122,Rubus,S,1,
122,Mapleleaf Viburnum,S,0,
99,Buckthorn,N,1,
99,Multiflora rose,N,3,
99,Honeysuckle,N,0,
99,Privot,N,0,
99,Spicebush,N,0,
99,Rubus,N,1,
99,Mapleleaf Viburnum,N,0,
99,Buckthorn,S,1,
99,Multiflora rose,S,2,
99,Honeysuckle,S,0,
99,Privot,S,0,
99,Spicebush,S,0,
99,Rubus,S,0,
99,Mapleleaf Viburnum,S,0,
76,Buckthorn,N,1,
76,Multiflora rose,N,3,
76,Honeysuckle,N,0,
76,Privot,N,0,
76,Spicebush,N,0,
76,Rubus,N,1,
76,Mapleleaf Viburnum,N,0,
76,Buckthorn,S,1,
76,Multiflora rose,S,4,
76,Honeysuckle,S,0,
76,Privot,S,0,
76,Spicebush,S,0,
76,Rubus,S,0,
76,Mapleleaf Viburnum,S,0,
230,Buckthorn,N,1,
230,Multiflora rose,N,5,
230,Honeysuckle,N,0,
230,Privot,N,0,
230,Spicebush,N,0,
230,Rubus,N,1,
230,Mapleleaf Viburnum,N,0,
230,Buckthorn,S,0,
230,Multiflora rose,S,3,
230,Honeysuckle,S,0,
230,Privot,S,0,
230,Spicebush,S,0,
230,Rubus,S,0,
230,Mapleleaf Viburnum,S,0,
113,Buckthorn,N,0,
113,Multiflora rose,N,3,
113,Honeysuckle,N,1,
113,Privot,N,0,
113,Spicebush,N,0,
113,Rubus,N,1,
113,Mapleleaf Viburnum,N,0,
113,Buckthorn,S,1,
113,Multiflora rose,S,2,
113,Honeysuckle,S,0,
113,Privot,S,0,
113,Spicebush,S,0,
113,Rubus,S,1,
113,Mapleleaf Viburnum,S,0,
116,Buckthorn,N,1,
116,Multiflora rose,N,5,
116,Honeysuckle,N,0,
116,Privot,N,0,
116,Spicebush,N,0,
116,Rubus,N,1,
116,Mapleleaf Viburnum,N,0,
116,Buckthorn,S,1,
116,Multiflora rose,S,2,
116,Honeysuckle,S,0,
116,Privot,S,0,
116,Spicebush,S,0,
116,Rubus,S,1,
116,Mapleleaf Viburnum,S,0,
73,Buckthorn,N,1,
73,Multiflora rose,N,2,
73,Honeysuckle,N,0,
73,Privot,N,0,
73,Spicebush,N,0,
73,Rubus,N,0,
73,Mapleleaf Viburnum,N,0,
73,Buckthorn,S,1,
73,Multiflora rose,S,2,
73,Honeysuckle,S,0,
73,Privot,S,0,
73,Spicebush,S,0,
73,Rubus,S,0,
73,Mapleleaf Viburnum,S,0,
79,Buckthorn,N,1,
79,Multiflora rose,N,3,
79,Honeysuckle,N,0,
79,Privot,N,0,
79,Spicebush,N,0,
79,Rubus,N,0,
79,Mapleleaf Viburnum,N,0,
79,Buckthorn,S,1,
79,Multiflora rose,S,2,
79,Honeysuckle,S,0,
79,Privot,S,0,
79,Spicebush,S,0,
79,Rubus,S,0,
79,Mapleleaf Viburnum,S,0,
301,Buckthorn,N,0,
301,Multiflora rose,N,1,
301,Honeysuckle,N,0,
301,Privot,N,0,
301,Spicebush,N,0,
301,Rubus,N,1,
301,Mapleleaf Viburnum,N,1,
301,Buckthorn,S,1,
301,Multiflora rose,S,1,
301,Honeysuckle,S,0,
301,Privot,S,0,
301,Spicebush,S,0,
301,Rubus,S,1,
301,Mapleleaf Viburnum,S,0,
362,Buckthorn,N,1,
362,Multiflora rose,N,0,
362,Honeysuckle,N,0,
362,Privot,N,0,
362,Spicebush,N,0,
362,Rubus,N,0,
362,Mapleleaf Viburnum,N,0,
362,Buckthorn,S,1,
362,Multiflora rose,S,0,
362,Honeysuckle,S,1,
362,Privot,S,0,
362,Spicebush,S,0,
362,Rubus,S,0,
362,Mapleleaf Viburnum,S,0,
359,Buckthorn,N,0,
359,Multiflora rose,N,0,
359,Honeysuckle,N,0,
359,Privot,N,0,
359,Spicebush,N,0,
359,Rubus,N,0,
359,Mapleleaf Viburnum,N,0,
359,Buckthorn,S,1,
359,Multiflora rose,S,0,
359,Honeysuckle,S,0,
359,Privot,S,0,
359,Spicebush,S,0,
359,Rubus,S,0,
359,Mapleleaf Viburnum,S,1,
375,Buckthorn,N,1,
375,Multiflora rose,N,1,
375,Honeysuckle,N,0,
375,Privot,N,0,
375,Spicebush,N,0,
375,Rubus,N,0,
375,Mapleleaf Viburnum,N,0,
375,Buckthorn,S,0,
375,Multiflora rose,S,0,
375,Honeysuckle,S,0,
375,Privot,S,0,
375,Spicebush,S,0,
375,Rubus,S,0,
375,Mapleleaf Viburnum,S,0,
373,Buckthorn,N,0,
373,Multiflora rose,N,1,
373,Honeysuckle,N,0,
373,Privot,N,0,
373,Spicebush,N,0,
373,Rubus,N,0,
373,Mapleleaf Viburnum,N,0,
373,Buckthorn,S,1,
373,Multiflora rose,S,1,
373,Honeysuckle,S,0,
373,Privot,S,0,
373,Spicebush,S,0,
373,Rubus,S,0,
373,Mapleleaf Viburnum,S,0,
258,Buckthorn,N,0,
258,Multiflora rose,N,0,
258,Honeysuckle,N,1,
258,Privot,N,0,
258,Spicebush,N,0,
258,Rubus,N,0,
258,Mapleleaf Viburnum,N,0,
258,Buckthorn,S,0,
258,Multiflora rose,S,0,
258,Honeysuckle,S,0,
258,Privot,S,0,
258,Spicebush,S,0,
258,Rubus,S,0,
258,Mapleleaf Viburnum,S,0,
398,Buckthorn,N,0,
398,Multiflora rose,N,0,
398,Honeysuckle,N,0,
398,Privot,N,0,
398,Spicebush,N,0,
398,Rubus,N,0,
398,Mapleleaf Viburnum,N,0,
398,Buckthorn,S,0,
398,Multiflora rose,S,0,
398,Honeysuckle,S,0,
398,Privot,S,0,
398,Spicebush,S,0,
398,Rubus,S,0,
398,Mapleleaf Viburnum,S,0,
355,Buckthorn,N,0,
355,Multiflora rose,N,0,
355,Honeysuckle,N,0,
355,Privot,N,0,
355,Spicebush,N,0,
355,Rubus,N,0,
355,Mapleleaf Viburnum,N,0,
355,Buckthorn,S,0,
355,Multiflora rose,S,1,
355,Honeysuckle,S,0,
355,Privot,S,0,
355,Spicebush,S,0,
355,Rubus,S,0,
355,Mapleleaf Viburnum,S,0,
357,Buckthorn,N,0,
357,Multiflora rose,N,1,
357,Honeysuckle,N,0,
357,Privot,N,0,
357,Spicebush,N,0,
357,Rubus,N,0,
357,Mapleleaf Viburnum,N,0,
357,Buckthorn,S,0,
357,Multiflora rose,S,0,
357,Honeysuckle,S,0,
357,Privot,S,0,
357,Spicebush,S,0,
357,Rubus,S,0,
357,Mapleleaf Viburnum,S,1,
189,Buckthorn,N,0,
189,Multiflora rose,N,0,
189,Honeysuckle,N,1,
189,Privot,N,0,
189,Spicebush,N,1,
189,Rubus,N,0,
189,Mapleleaf Viburnum,N,0,
189,Buckthorn,S,0,
189,Multiflora rose,S,0,
189,Honeysuckle,S,0,
189,Privot,S,0,
189,Spicebush,S,0,
189,Rubus,S,0,
189,Mapleleaf Viburnum,S,0,
199,Buckthorn,N,0,
199,Multiflora rose,N,0,
199,Honeysuckle,N,0,
199,Privot,N,0,
199,Spicebush,N,0,
199,Rubus,N,0,
199,Mapleleaf Viburnum,N,0,
199,Buckthorn,S,0,
199,Multiflora rose,S,0,
199,Honeysuckle,S,0,
199,Privot,S,0,
199,Spicebush,S,0,
199,Rubus,S,0,
199,Mapleleaf Viburnum,S,0,
356,Buckthorn,N,1,
356,Multiflora rose,N,0,
356,Honeysuckle,N,0,
356,Privot,N,0,
356,Spicebush,N,0,
356,Rubus,N,0,
356,Mapleleaf Viburnum,N,0,
356,Buckthorn,S,0,
356,Multiflora rose,S,0,
356,Honeysuckle,S,0,
356,Privot,S,0,
356,Spicebush,S,0,
356,Rubus,S,0,
356,Mapleleaf Viburnum,S,0,
288,Buckthorn,N,0,
288,Multiflora rose,N,0,
288,Honeysuckle,N,0,
288,Privot,N,0,
288,Spicebush,N,0,
288,Rubus,N,0,
288,Mapleleaf Viburnum,N,0,
288,Buckthorn,S,1,
288,Multiflora rose,S,0,
288,Honeysuckle,S,0,
288,Privot,S,0,
288,Spicebush,S,0,
288,Rubus,S,0,
288,Mapleleaf Viburnum,S,0,
254,Buckthorn,N,0,
254,Multiflora rose,N,0,
254,Honeysuckle,N,0,
254,Privot,N,0,
254,Spicebush,N,0,
254,Rubus,N,0,
254,Mapleleaf Viburnum,N,0,
254,Buckthorn,S,1,
254,Multiflora rose,S,1,
254,Honeysuckle,S,0,
254,Privot,S,0,
254,Spicebush,S,0,
254,Rubus,S,0,
254,Mapleleaf Viburnum,S,0,
255,Buckthorn,N,0,
255,Multiflora rose,N,0,
255,Honeysuckle,N,0,
255,Privot,N,0,
255,Spicebush,N,0,
255,Rubus,N,0,
255,Mapleleaf Viburnum,N,0,
255,Buckthorn,S,1,
255,Multiflora rose,S,0,
255,Honeysuckle,S,0,
255,Privot,S,0,
255,Spicebush,S,0,
255,Rubus,S,1,
255,Mapleleaf Viburnum,S,0,
408,Buckthorn,N,0,
408,Multiflora rose,N,0,
408,Honeysuckle,N,0,
408,Privot,N,0,
408,Spicebush,N,0,
408,Rubus,N,0,
408,Mapleleaf Viburnum,N,0,
408,Buckthorn,S,0,
408,Multiflora rose,S,1,
408,Honeysuckle,S,0,
408,Privot,S,0,
408,Spicebush,S,0,
408,Rubus,S,0,
408,Mapleleaf Viburnum,S,1,
260,Buckthorn,N,1,
260,Multiflora rose,N,0,
260,Honeysuckle,N,0,
260,Privot,N,0,
260,Spicebush,N,0,
260,Rubus,N,0,
260,Mapleleaf Viburnum,N,0,
260,Buckthorn,S,0,
260,Multiflora rose,S,1,
260,Honeysuckle,S,0,
260,Privot,S,0,
260,Spicebush,S,0,
260,Rubus,S,0,
260,Mapleleaf Viburnum,S,0,
412,Buckthorn,N,0,
412,Multiflora rose,N,0,
412,Honeysuckle,N,0,
412,Privot,N,0,
412,Spicebush,N,0,
412,Rubus,N,0,
412,Mapleleaf Viburnum,N,0,
412,Buckthorn,S,0,
412,Multiflora rose,S,0,
412,Honeysuckle,S,0,
412,Privot,S,0,
412,Spicebush,S,0,
412,Rubus,S,0,
412,Mapleleaf Viburnum,S,0,
200,Buckthorn,N,,
200,Multiflora rose,N,0,
200,Honeysuckle,N,0,
200,Privot,N,0,
200,Spicebush,N,0,
200,Rubus,N,0,
200,Mapleleaf Viburnum,N,0,
200,Buckthorn,S,0,
200,Multiflora rose,S,0,
200,Honeysuckle,S,0,
200,Privot,S,0,
200,Spicebush,S,0,
200,Rubus,S,0,
200,Mapleleaf Viburnum,S,0,
410,Buckthorn,N,0,
410,Multiflora rose,N,1,
410,Honeysuckle,N,0,
410,Privot,N,0,
410,Spicebush,N,0,
410,Rubus,N,0,
410,Mapleleaf Viburnum,N,0,
410,Buckthorn,S,0,
410,Multiflora rose,S,0,
410,Honeysuckle,S,0,
410,Privot,S,0,
410,Spicebush,S,0,
410,Rubus,S,0,
410,Mapleleaf Viburnum,S,0,
270,Buckthorn,N,0,
270,Multiflora rose,N,0,
270,Honeysuckle,N,0,
270,Privot,N,0,
270,Spicebush,N,0,
270,Rubus,N,0,
270,Mapleleaf Viburnum,N,0,
270,Buckthorn,S,0,
270,Multiflora rose,S,0,
270,Honeysuckle,S,0,
270,Privot,S,0,
270,Spicebush,S,0,
270,Rubus,S,0,
270,Mapleleaf Viburnum,S,0,
269,Buckthorn,N,0,
269,Multiflora rose,N,0,
269,Honeysuckle,N,0,
269,Privot,N,0,
269,Spicebush,N,0,
269,Rubus,N,0,
269,Mapleleaf Viburnum,N,0,
269,Buckthorn,S,0,
269,Multiflora rose,S,0,
269,Honeysuckle,S,0,
269,Privot,S,0,
269,Spicebush,S,0,
269,Rubus,S,0,
269,Mapleleaf Viburnum,S,0,
264,Buckthorn,N,0,
264,Multiflora rose,N,0,
264,Honeysuckle,N,0,
264,Privot,N,0,
264,Spicebush,N,0,
264,Rubus,N,0,
264,Mapleleaf Viburnum,N,0,
264,Buckthorn,S,1,
264,Multiflora rose,S,0,
264,Honeysuckle,S,0,
264,Privot,S,0,
264,Spicebush,S,0,
264,Rubus,S,0,
264,Mapleleaf Viburnum,S,0,
265,Buckthorn,N,0,
265,Multiflora rose,N,0,
265,Honeysuckle,N,0,
265,Privot,N,0,
265,Spicebush,N,0,
265,Rubus,N,0,
265,Mapleleaf Viburnum,N,0,
265,Buckthorn,S,0,
265,Multiflora rose,S,0,
265,Honeysuckle,S,0,
265,Privot,S,0,
265,Spicebush,S,0,
265,Rubus,S,0,
265,Mapleleaf Viburnum,S,0,
404,Buckthorn,N,0,
404,Multiflora rose,N,1,
404,Honeysuckle,N,0,
404,Privot,N,0,
404,Spicebush,N,0,
404,Rubus,N,0,
404,Mapleleaf Viburnum,N,0,
404,Buckthorn,S,0,
404,Multiflora rose,S,1,
404,Honeysuckle,S,0,
404,Privot,S,0,
404,Spicebush,S,0,
404,Rubus,S,0,
404,Mapleleaf Viburnum,S,0,
263,Buckthorn,N,1,
263,Multiflora rose,N,0,
263,Honeysuckle,N,0,
263,Privot,N,0,
263,Spicebush,N,0,
263,Rubus,N,0,
263,Mapleleaf Viburnum,N,0,
263,Buckthorn,S,1,
263,Multiflora rose,S,0,
263,Honeysuckle,S,0,
263,Privot,S,0,
263,Spicebush,S,0,
263,Rubus,S,0,
263,Mapleleaf Viburnum,S,0,
345,Mapleleaf Viburnum,S,0,
345,Buckthorn,N,0,
345,Multiflora rose,N,1,
345,Honeysuckle,N,0,
345,Privot,N,0,
345,Spicebush,N,0,
345,Rubus,N,0,
345,Mapleleaf Viburnum,N,0,
345,Buckthorn,S,0,
345,Multiflora rose,S,1,
345,Honeysuckle,S,0,
345,Privot,S,0,
345,Spicebush,S,0,
345,Rubus,S,0,
325,Mapleleaf Viburnum,S,0,
894,Buckthorn,N,1,
894,Multiflora rose,N,0,
894,Honeysuckle,N,0,
894,Privot,N,0,
894,Spicebush,N,0,
894,Rubus,N,0,
894,Mapleleaf Viburnum,N,1,
894,Buckthorn,S,2,
894,Multiflora rose,S,0,
894,Honeysuckle,S,0,
894,Privot,S,1,
894,Spicebush,S,0,
894,Rubus,S,0,
894,Mapleleaf Viburnum,S,0,
360,Buckthorn,N,0,
360,Multiflora rose,N,0,
360,Honeysuckle,N,0,
360,Privot,N,0,
360,Spicebush,N,0,
360,Rubus,N,0,
360,Mapleleaf Viburnum,N,1,
360,Buckthorn,S,1,
360,Multiflora rose,S,0,
360,Honeysuckle,S,0,
360,Privot,S,0,
360,Spicebush,S,0,
360,Rubus,S,0,
360,Mapleleaf Viburnum,S,0,
219,Buckthorn,N,0,tag missing
219,Multiflora rose,N,0,
219,Honeysuckle,N,0,
219,Privot,N,0,
219,Spicebush,N,0,
219,Rubus,N,0,
219,Mapleleaf Viburnum,N,0,
219,Buckthorn,S,0,
219,Multiflora rose,S,0,
219,Honeysuckle,S,0,
219,Privot,S,0,
219,Spicebush,S,0,
219,Rubus,S,1,
219,Mapleleaf Viburnum,S,0,
123,Buckthorn,N,1,
123,Multiflora rose,N,0,
123,Honeysuckle,N,0,
123,Privot,N,0,
123,Spicebush,N,0,
123,Rubus,N,0,
123,Mapleleaf Viburnum,N,0,
123,Buckthorn,S,1,
123,Multiflora rose,S,0,
123,Honeysuckle,S,0,
123,Privot,S,1,
123,Spicebush,S,0,
123,Rubus,S,0,
123,Mapleleaf Viburnum,S,0,
201,Buckthorn,N,0,
201,Multiflora rose,N,0,
201,Honeysuckle,N,1,
201,Privot,N,0,
201,Spicebush,N,0,
201,Rubus,N,0,
201,Mapleleaf Viburnum,N,1,
201,Buckthorn,S,1,
201,Multiflora rose,S,1,
201,Honeysuckle,S,0,
201,Privot,S,0,
201,Spicebush,S,0,
201,Rubus,S,0,
201,Mapleleaf Viburnum,S,0,
222,Buckthorn,N,0,
222,Multiflora rose,N,0,
222,Honeysuckle,N,0,
222,Privot,N,0,
222,Spicebush,N,0,
222,Rubus,N,0,
222,Mapleleaf Viburnum,N,0,
222,Buckthorn,S,0,
222,Multiflora rose,S,0,
222,Honeysuckle,S,0,
222,Privot,S,0,
222,Spicebush,S,0,
222,Rubus,S,0,
222,Mapleleaf Viburnum,S,0,
216,Buckthorn,N,0,
216,Multiflora rose,N,0,
216,Honeysuckle,N,0,
216,Privot,N,0,
216,Spicebush,N,0,
216,Rubus,N,0,
216,Mapleleaf Viburnum,N,0,
216,Buckthorn,S,1,
216,Multiflora rose,S,1,
216,Honeysuckle,S,0,
216,Privot,S,0,
216,Spicebush,S,0,
216,Rubus,S,1,
216,Mapleleaf Viburnum,S,0,
215,Buckthorn,N,0,
215,Multiflora rose,N,1,
215,Honeysuckle,N,0,
215,Privot,N,0,
215,Spicebush,N,0,
215,Rubus,N,1,
215,Mapleleaf Viburnum,N,0,
215,Buckthorn,S,0,
215,Multiflora rose,S,1,
215,Honeysuckle,S,0,
215,Privot,S,0,
215,Spicebush,S,0,
215,Rubus,S,0,
215,Mapleleaf Viburnum,S,0,
217,Buckthorn,N,0,
217,Multiflora rose,N,1,
217,Honeysuckle,N,0,
217,Privot,N,0,
217,Spicebush,N,0,
217,Rubus,N,0,
217,Mapleleaf Viburnum,N,0,
217,Buckthorn,S,1,
217,Multiflora rose,S,1,
217,Honeysuckle,S,0,
217,Privot,S,0,
217,Spicebush,S,0,
217,Rubus,S,0,
217,Mapleleaf Viburnum,S,0,
212,Buckthorn,N,0,
212,Multiflora rose,N,1,
212,Honeysuckle,N,0,
212,Privot,N,0,
212,Spicebush,N,0,
212,Rubus,N,0,
212,Mapleleaf Viburnum,N,0,
212,Buckthorn,S,1,
212,Multiflora rose,S,1,
212,Honeysuckle,S,0,
212,Privot,S,0,
212,Spicebush,S,0,
212,Rubus,S,0,
212,Mapleleaf Viburnum,S,0,
140,Buckthorn,N,0,
140,Multiflora rose,N,0,
140,Honeysuckle,N,0,
140,Privot,N,0,
140,Spicebush,N,0,
140,Rubus,N,0,
140,Mapleleaf Viburnum,N,0,
140,Buckthorn,S,0,
140,Multiflora rose,S,0,
140,Honeysuckle,S,0,
140,Privot,S,0,
140,Spicebush,S,0,
140,Rubus,S,0,
140,Mapleleaf Viburnum,S,0,
202,Buckthorn,N,0,
202,Multiflora rose,N,1,
202,Honeysuckle,N,0,
202,Privot,N,0,
202,Spicebush,N,0,
202,Rubus,N,0,
202,Mapleleaf Viburnum,N,0,
202,Buckthorn,S,1,
202,Multiflora rose,S,1,
202,Honeysuckle,S,0,
202,Privot,S,0,
202,Spicebush,S,0,
202,Rubus,S,0,
202,Mapleleaf Viburnum,S,0,
218,Buckthorn,N,0,
218,Multiflora rose,N,0,
218,Honeysuckle,N,0,
218,Privot,N,0,
218,Spicebush,N,0,
218,Rubus,N,0,
218,Mapleleaf Viburnum,N,0,
218,Buckthorn,S,0,
218,Multiflora rose,S,0,
218,Honeysuckle,S,0,
218,Privot,S,0,
218,Spicebush,S,0,
218,Rubus,S,0,
218,Mapleleaf Viburnum,S,0,
139,Buckthorn,N,0,
139,Multiflora rose,N,0,
139,Honeysuckle,N,0,
139,Privot,N,0,
139,Spicebush,N,0,
139,Rubus,N,0,
139,Mapleleaf Viburnum,N,0,
139,Buckthorn,S,0,
139,Multiflora rose,S,0,
139,Honeysuckle,S,0,
139,Privot,S,0,
139,Spicebush,S,0,
139,Rubus,S,0,
139,Mapleleaf Viburnum,S,0,
136,Buckthorn,N,0,
136,Multiflora rose,N,0,
136,Honeysuckle,N,0,
136,Privot,N,0,
136,Spicebush,N,0,
136,Rubus,N,0,
136,Mapleleaf Viburnum,N,0,
136,Buckthorn,S,0,
136,Multiflora rose,S,0,
136,Honeysuckle,S,0,
136,Privot,S,0,
136,Spicebush,S,0,
136,Rubus,S,0,
136,Mapleleaf Viburnum,S,0,
861,Buckthorn,N,0,
861,Multiflora rose,N,0,
861,Honeysuckle,N,0,
861,Privot,N,0,
861,Spicebush,N,0,
861,Rubus,N,0,
861,Mapleleaf Viburnum,N,0,
861,Buckthorn,S,0,
861,Multiflora rose,S,1,
861,Honeysuckle,S,0,
861,Privot,S,0,
861,Spicebush,S,0,
861,Rubus,S,0,
861,Mapleleaf Viburnum,S,0,
137,Buckthorn,N,1,
137,Multiflora rose,N,0,
137,Honeysuckle,N,0,
137,Privot,N,0,
137,Spicebush,N,0,
137,Rubus,N,1,
137,Mapleleaf Viburnum,N,0,
137,Buckthorn,S,0,
137,Multiflora rose,S,0,
137,Honeysuckle,S,0,
137,Privot,S,0,
137,Spicebush,S,0,
137,Rubus,S,0,
137,Mapleleaf Viburnum,S,0,
221,Buckthorn,N,0,
221,Multiflora rose,N,0,
221,Honeysuckle,N,0,
221,Privot,N,0,
221,Spicebush,N,0,
221,Rubus,N,0,
221,Mapleleaf Viburnum,N,0,
221,Buckthorn,S,0,
221,Multiflora rose,S,0,
221,Honeysuckle,S,0,
221,Privot,S,0,
221,Spicebush,S,0,
221,Rubus,S,0,
221,Mapleleaf Viburnum,S,0,
2,Buckthorn,N,1,
2,Multiflora rose,N,1,
2,Honeysuckle,N,0,
2,Privot,N,0,
2,Spicebush,N,0,
2,Rubus,N,0,
2,Mapleleaf Viburnum,N,0,
2,Buckthorn,S,0,
2,Multiflora rose,S,1,
2,Honeysuckle,S,1,
2,Privot,S,0,
2,Spicebush,S,0,
2,Rubus,S,0,
2,Mapleleaf Viburnum,S,0,
134,Buckthorn,N,1,
134,Multiflora rose,N,0,
134,Honeysuckle,N,1,
134,Privot,N,0,
134,Spicebush,N,0,
134,Rubus,N,0,
134,Mapleleaf Viburnum,N,0,
134,Buckthorn,S,0,
134,Multiflora rose,S,0,
134,Honeysuckle,S,0,
134,Privot,S,0,
134,Spicebush,S,0,
134,Rubus,S,0,
134,Mapleleaf Viburnum,S,0,
11,Buckthorn,N,1,
11,Multiflora rose,N,0,
11,Honeysuckle,N,0,
11,Privot,N,0,
11,Spicebush,N,0,
11,Rubus,N,0,
11,Mapleleaf Viburnum,N,0,
11,Buckthorn,S,1,
11,Multiflora rose,S,0,
11,Honeysuckle,S,0,
11,Privot,S,0,
11,Spicebush,S,0,
11,Rubus,S,0,
11,Mapleleaf Viburnum,S,0,
155,Buckthorn,N,1,
155,Multiflora rose,N,1,
155,Honeysuckle,N,0,
155,Privot,N,0,
155,Spicebush,N,0,
155,Rubus,N,0,
155,Mapleleaf Viburnum,N,0,
155,Buckthorn,S,0,
155,Multiflora rose,S,0,
155,Honeysuckle,S,0,
155,Privot,S,0,
155,Spicebush,S,0,
155,Rubus,S,0,
155,Mapleleaf Viburnum,S,0,
12,Buckthorn,N,1,
12,Multiflora rose,N,1,
12,Honeysuckle,N,0,
12,Privot,N,0,
12,Spicebush,N,1,
12,Rubus,N,0,
12,Mapleleaf Viburnum,N,0,
12,Buckthorn,S,1,
12,Multiflora rose,S,0,
12,Honeysuckle,S,1,
12,Privot,S,0,
12,Spicebush,S,0,
12,Rubus,S,0,
12,Mapleleaf Viburnum,S,0,
156,Buckthorn,N,1,
156,Multiflora rose,N,1,
156,Honeysuckle,N,0,
156,Privot,N,0,
156,Spicebush,N,1,
156,Rubus,N,0,
156,Mapleleaf Viburnum,N,0,
156,Buckthorn,S,1,
156,Multiflora rose,S,1,
156,Honeysuckle,S,1,
156,Privot,S,0,
156,Spicebush,S,0,
156,Rubus,S,0,
156,Mapleleaf Viburnum,S,0,
6,Buckthorn,N,1,
6,Multiflora rose,N,1,
6,Honeysuckle,N,0,
6,Privot,N,0,
6,Spicebush,N,0,
6,Rubus,N,0,
6,Mapleleaf Viburnum,N,0,
6,Buckthorn,S,1,
6,Multiflora rose,S,0,
6,Honeysuckle,S,0,
6,Privot,S,0,
6,Spicebush,S,0,
6,Rubus,S,0,
6,Mapleleaf Viburnum,S,0,
220,Buckthorn,N,0,
220,Multiflora rose,N,0,
220,Honeysuckle,N,0,
220,Privot,N,0,
220,Spicebush,N,0,
220,Rubus,N,0,
220,Mapleleaf Viburnum,N,0,
220,Buckthorn,S,1,
220,Multiflora rose,S,0,
220,Honeysuckle,S,0,
220,Privot,S,0,
220,Spicebush,S,0,
220,Rubus,S,1,
220,Mapleleaf Viburnum,S,0,
5,Buckthorn,N,1,
5,Multiflora rose,N,1,
5,Honeysuckle,N,0,
5,Privot,N,0,
5,Spicebush,N,0,
5,Rubus,N,1,
5,Mapleleaf Viburnum,N,0,
5,Buckthorn,S,0,
5,Multiflora rose,S,0,
5,Honeysuckle,S,0,
5,Privot,S,0,
5,Spicebush,S,0,
5,Rubus,S,0,
5,Mapleleaf Viburnum,S,0,
10,Buckthorn,N,1,
10,Multiflora rose,N,1,
10,Honeysuckle,N,0,
10,Privot,N,0,
10,Spicebush,N,0,
10,Rubus,N,0,
10,Mapleleaf Viburnum,N,0,
10,Buckthorn,S,1,
10,Multiflora rose,S,0,
10,Honeysuckle,S,0,
10,Privot,S,0,
10,Spicebush,S,0,
10,Rubus,S,0,
10,Mapleleaf Viburnum,S,0,
157,Buckthorn,N,0,
157,Multiflora rose,N,1,
157,Honeysuckle,N,0,
157,Privot,N,0,
157,Spicebush,N,0,
157,Rubus,N,1,
157,Mapleleaf Viburnum,N,0,
157,Buckthorn,S,1,
157,Multiflora rose,S,1,
157,Honeysuckle,S,0,
157,Privot,S,0,
157,Spicebush,S,0,
157,Rubus,S,1,
157,Mapleleaf Viburnum,S,0,
78,Buckthorn,N,1,
78,Multiflora rose,N,0,
78,Honeysuckle,N,0,
78,Privot,N,0,
78,Spicebush,N,0,
78,Rubus,N,1,
78,Mapleleaf Viburnum,N,0,
78,Buckthorn,S,1,
78,Multiflora rose,S,0,
78,Honeysuckle,S,0,
78,Privot,S,0,
78,Spicebush,S,0,
78,Rubus,S,1,
78,Mapleleaf Viburnum,S,0,
296,Buckthorn,N,0,
296,Multiflora rose,N,0,
296,Honeysuckle,N,0,
296,Privot,N,0,
296,Spicebush,N,0,
296,Rubus,N,0,
296,Mapleleaf Viburnum,N,0,
296,Buckthorn,S,1,
296,Multiflora rose,S,0,
296,Honeysuckle,S,0,
296,Privot,S,0,
296,Spicebush,S,0,
296,Rubus,S,1,
296,Mapleleaf Viburnum,S,0,
332,Buckthorn,N,1,
332,Multiflora rose,N,0,
332,Honeysuckle,N,0,
332,Privot,N,0,
332,Spicebush,N,0,
332,Rubus,N,0,
332,Mapleleaf Viburnum,N,0,
332,Buckthorn,S,1,
332,Multiflora rose,S,0,
332,Honeysuckle,S,0,
332,Privot,S,0,
332,Spicebush,S,0,
332,Rubus,S,0,
332,Mapleleaf Viburnum,S,0,
92,Buckthorn,N,1,
92,Multiflora rose,N,4,
92,Honeysuckle,N,0,
92,Privot,N,0,
92,Spicebush,N,0,
92,Rubus,N,1,
92,Mapleleaf Viburnum,N,0,
92,Buckthorn,S,1,
92,Multiflora rose,S,2,
92,Honeysuckle,S,0,
92,Privot,S,0,
92,Spicebush,S,0,
92,Rubus,S,1,
92,Mapleleaf Viburnum,S,0,
