Block,Plot,TreeID,Tag,Sci_name,Date2010,DBH2010,Flag2010,Comment2010,Date2011,DBH2011,Flag2011,Comment2011,Date2012,DBH2012,Flag2012,Comment2012,Date2013,DBH2013,Flag2013,Comment2013,Date2014,DBH2014,Flag2014,Comment2014,Date2015,DBH2015,Flag2015,Comment2015,Date 2016,DBH 2016,Flag 2016,Comment 2016,Notes,Date 2017,DBH 2017,Flag 2017,Comment 2017,Notes,Date 2018,DBH 2018,Flag 2018,Comment 2018,Date 2019,DBH 2019,Flag 2019,Comment 2019,DBH 2020,DBH 2021,Comment 2021,DBH 2022,Notes 2022,DBH 2023,Notes 2023,DBH 2024,Notes 2024,DBH 2025,Notes 2025
SC,10,454,454,Acer platanoides,4/29/2010,36.9,0,,6/10/2011,37.7,0,,7/5/2012,38.5,0,2012 is this a Norway maple?,6/24/2013,38.8,0,2013 no Norway seeds.,6/19/2014,39.1,,,7/2/2015,39.5,,,5/20/2016,39.7,,,2012 is this a Norway maple?; 2013 no Norway seeds.,5/30/2017,40.1,,,2012 is this a Norway maple?; 2013 no Norway seeds.,5/24/2018,40,,,,40.2,,,40.6,40.8,,40.9,2012 is this a Norway maple?; 2013 no Norway seeds.,41.1,,41.3,,41.3,
SC,10,455,455,Acer platanoides,4/29/2010,42.8,0,,6/10/2011,42.9,0,,7/5/2012,42.8,1,2012 is this a Norway maple?,6/24/2013,42.8,0,2013 no Norway seeds; bark slipping off.,6/19/2014,42.7,,,7/2/2015,0,,2015: dead,5/20/2016,0,,,2012 is this a Norway maple?; 2013 no Norway seeds; bark slipping off.; 2015 dead,5/30/2017,0,,dead,2012 is this a Norway maple?; 2013 no Norway seeds; bark slipping off.; 2015 dead,5/24/2018,0,,,,0,,,0,0,,0,2012 bark slipping off.; 2015 dead,0,dead,0,,0,
PC,2,499,499,Acer rubrum,5/4/2010,7.7,0,,6/15/2011,8,0,,6/25/2012,8.1,0,,6/27/2013,8.2,0,,7/2/2014,8.3,,,6/11/2015,8.4,,,5/19/2016,8.4,,,,6/9/2017,8.6,,,,5/17/2018,8.6,,,,8.9,,,8.7,8.8,,8.8,,8.9,,8.9,,8.9,
PC,2,506,506,Acer rubrum,5/4/2010,49.2,0,,6/15/2011,49.3,0,,6/25/2012,50.3,0,,6/27/2013,50.2,1,2013 real meas. ,7/2/2014,50.5,,,6/11/2015,50.9,,,5/19/2016,51.2,,,2013 real meas. ,6/9/2017,51.8,,,2013 real meas. ,5/17/2018,51.5,,2018 real measure,,54,,,52.2,52.2,,52.7,2013 real meas.; 2018 real measure ,53,,53.4,,53.7,
PC,2,511,511,Acer rubrum,5/4/2010,39.3,0,,6/15/2011,39.8,0,,6/25/2012,40.3,0,,6/27/2013,40.5,0,,7/2/2014,40.7,,,6/11/2015,41.1,,,5/19/2016,41.3,,,,6/9/2017,42,,,,5/17/2018,41.8,,,,43,,,43.1,43,,43.4,,43.6,,44,,44.4,
PC,2,515*,515,Acer rubrum,5/4/2010,22.4,0,,6/15/2011,23.9,0,,6/25/2012,24.1,0,,6/27/2013,24.2,0,,7/2/2014,24.5,,,6/11/2015,24.7,,,5/19/2016,25,,,,6/9/2017,25.7,,,,5/17/2018,25.5,,2018 real measure ,,25.9,,,26.2,26.2,,26.3,2018 real measure ,27.5,,27,measured on bump,27,
PC,2,520,520,Acer rubrum,5/4/2010,21.9,0,,6/15/2011,22.2,0,,6/25/2012,22.4,0,,6/27/2013,22.6,0,,7/2/2014,22.8,,,6/11/2015,22.9,,,5/19/2016,23,,,,6/9/2017,23.2,,,,5/17/2018,23.3,,,,23.9,,,23.7,23.8,,23.8,,24.1,,24.2,,24.2,
PC,2,976*,976,Acer rubrum,,,99,,,,99,,,,99,,6/27/2013,6,7,New 2013 Near 503,7/2/2014,6,,,6/11/2015,6.2,,,5/19/2016,6.3,,,New 2013 Near 503,6/9/2017,6.4,,,New 2013 Near 503,5/17/2018,0,,2018 crushed,,0,,,0,0,,0,New 2013 Near 503; 2018 crushed,0,dead,0,,0,
PC,5,591,591,Acer rubrum,5/5/2010,63.8,0,,6/15/2011,64,0,,5/18/2012,63.9,1,,6/27/2013,64.3,0,,7/2/2014,64.5,,,6/16/2015,64.7,,,5/23/2016,65.1,,,,6/9/2017,65.3,,,,5/23/2018,65.2,,,,65.7,,,65.9,65.7,,65.6,,66,,65.9,,66.2,
PC,6,621*,621,Acer rubrum,5/5/2010,40.5,0,,6/15/2011,41.1,0,,5/18/2012,41.5,0,,6/27/2013,41.9,0,2013 real meas. ,7/2/2014,42.3,,,6/16/2015,42.6,,,5/23/2016,42.8,,,2013 real meas. ,6/9/2017,43.3,,,2013 real meas. ,5/23/2018,43.4,,2018 ridges in bark,,43.8,,,44.4,44.2,,44.2,2013 real meas.; 2018 ridges in bark ,44.4,ridges in bark,44.7,ridges in bark,45.4,
PC,6,633,633,Acer rubrum,5/5/2010,64.4,0,,6/15/2011,64.2,1,,5/18/2012,64.3,0,,6/27/2013,64.9,0,,7/2/2014,65.2,,,6/16/2015,65.2,,,5/23/2016,65.2,,,,6/9/2017,65.4,,,,5/23/2018,65.6,,,,65.5,,,65.8,65.5,,66.1,,66.1,,66.2,flaky bark,67,
PC,7,680*,680,Acer rubrum,5/5/2010,38.9,0,,6/15/2011,39.4,0,,5/18/2012,39.7,0,,6/27/2013,39.7,0,"2013 this an Acer rubrum, not Quercus alba",7/2/2014,39.9,,,6/16/2015,40,,,5/23/2016,40.2,,,"2013 this an Acer rubrum, not Quercus alba",6/9/2017,40.7,,,"2013 this an Acer rubrum, not Quercus alba",5/23/2018,40.6,,,,40.6,,,41.1,41,,41.1,"2013 this an Acer rubrum, not Quercus alba",41.2,,41.6,,41.8,
PC,8,693*,693,Acer rubrum,5/5/2010,43,0,,6/15/2011,43.3,0,,5/18/2012,43.6,0,,6/27/2013,43.7,0,,7/2/2014,43.7,,,6/15/2015,43.7,,,5/23/2016,43.7,,,,6/9/2017,43.4,,,,5/23/2018,43.7,,,,44.4,,,44.4,44.4,,43.9,2022 measure under flaking bark,43.8,,44.1,,44.1,
PC,8,707,707,Acer rubrum,5/5/2010,36.3,0,,6/15/2011,36.7,0,,5/18/2012,36.8,0,,6/27/2013,37.1,0,,7/2/2014,37.3,,,6/15/2015,37.7,,,5/23/2016,37.7,,,,6/9/2017,38,,,,5/23/2018,37.9,,,,38.5,,,38.4,38.4,,38.7,,39,,39.7,,39.8,
PC,8,710,710,Acer rubrum,5/5/2010,48.4,2,,6/15/2011,48.4,0,2011 dbh2010 changed to 48.4 from 40.4,5/18/2012,48.9,0,,6/27/2013,49.5,0,,7/2/2014,49.5,,,6/15/2015,49.7,,,5/23/2016,50,,,2011 dbh2010 changed to 48.4 from 40.4,6/9/2017,50.7,,,2011 dbh2010 changed to 48.4 from 40.4,5/23/2018,50.8,,,,53.1,,,53.1,51.7,,51.9,2011 dbh2010 changed to 48.4 from 40.4,52,,52.5,,52.8,
PC,9,724,724,Acer rubrum,5/5/2010,9.1,0,,6/30/2011,9.6,0,,5/18/2012,9.9,0,,6/27/2013,9.9,0,2013 meas 1 cm below tag,7/2/2014,9.9,,,6/15/2015,10,,,5/23/2016,10,,,2013 meas 1 cm below tag,6/9/2017,10.3,,,2013 meas 1 cm below tag,5/23/2018,10.1,,,,10.2,,,10.9,10.9,,10.8,2013 meas 1 cm below tag,10.6,,11.1,,11.2,
PC,9,734,734,Acer rubrum,5/5/2010,11.5,0,,6/30/2011,12.1,0,,5/18/2012,12.2,0,,6/27/2013,12.3,0,,7/2/2014,12.3,,,6/15/2015,12.5,,,5/23/2016,12.5,,,,6/9/2017,12.7,,,,5/23/2018,12.5,,,,12.6,,,12.7,12.7,,12.6,2022 tag damaged,12.9,,12.9,main stem only,12.9,
PC,9,750,750,Acer rubrum,5/5/2010,8,0,,6/30/2011,8.3,0,,5/18/2012,8.4,0,,6/27/2013,8.5,0,,7/2/2014,8.5,,,6/15/2015,8.7,,,5/23/2016,8.8,,,,6/9/2017,8.9,,,,5/23/2018,8.8,,,,8.8,,,9.1,9.1,,9,,9,,9.2,,0,dead
PC,10,768,768,Acer rubrum,5/5/2010,38.5,0,,6/30/2011,39,0,,5/18/2012,39.2,0,,6/27/2013,39.2,0,,7/2/2014,39.4,,,6/11/2015,39.6,,,5/23/2016,39.6,,,,6/9/2017,39.8,,,,5/23/2018,39.8,,,,40.2,,,40.2,40.3,,40.8,2022 tag tight,41,,41.4,,41.6,
PC,10,771,771,Acer rubrum,5/5/2010,26.2,0,,6/30/2011,26.8,0,,5/18/2012,26.7,1,,6/27/2013,26.9,0,,7/2/2014,27.3,,,6/11/2015,27.5,,,5/23/2016,27.3,,2016 real meas.,2016 real meas.,6/9/2017,27.3,,,2016 real meas.,5/23/2018,27.2,,,,27.5,,,27.5,27.6,,27.8,2016 real meas.,28,,28.2,,28.1,
PC,11,787,787,Acer rubrum,5/5/2010,26.5,0,,6/30/2011,27.1,0,,5/18/2012,27.4,0,,6/27/2013,27.3,1,,7/3/2014,27.4,,,6/11/2015,27.4,,,5/20/2016,27.4,,,,6/9/2017,27.7,,,,5/23/2018,27.5,,,,27.6,,,28.1,27.7,,27.9,,28.1,,28.1,,28.1,
PC,11,790,790,Acer rubrum,5/5/2010,6.6,0,,6/30/2011,7,0,,5/18/2012,7,0,,6/27/2013,7,0,,7/3/2014,7.2,,,6/11/2015,7.2,,,5/20/2016,7.3,,,,6/9/2017,7.3,,,,5/23/2018,7.5,,,,7.5,,,7.5,7.5,,7.6,,8.2,,8,,8,
PC,11,798,798,Acer rubrum,5/5/2010,5.8,5,,6/30/2011,6,0,,5/18/2012,6,0,,6/27/2013,,999,2013 dead,7/3/2014,0,,,6/11/2015,0,,,5/20/2016,0,,,2013 dead,6/9/2017,0,,,2013 dead,5/23/2018,0,,,,0,,,,0,,0,2013 dead,0,dead,0,,0,
PC,11,799,799,Acer rubrum,5/5/2010,10.5,0,,6/30/2011,10.9,0,,5/18/2012,11,0,,6/27/2013,11.2,0,,7/3/2014,11.3,,,6/11/2015,11.3,,,5/20/2016,11.4,,,,6/9/2017,11.6,,,,5/23/2018,11.6,,,,11.7,,,11.8,11.8,,11,,11.9,,12,,12,
PC,11,990*,990,Acer rubrum,,,99,,,,99,,,,99,,6/27/2013,6,7,New 2013 Near 825 and 824,7/3/2014,6.3,,,6/11/2015,6.3,,,5/20/2016,6.4,,,New 2013 Near 825 and 824,6/9/2017,6.4,,,New 2013 Near 825 and 824,5/23/2018,6.5,,,,6.6,,,6.6,6.7,,6.8,New 2013 Near 825 and 824,6.9,,6.9,,7,
PC,12,850*,850,Acer rubrum,5/5/2010,32,0,,6/30/2011,32.3,0,,5/18/2012,32.2,1,,6/27/2013,32.5,0,,7/3/2014,32.5,,,6/11/2015,32.5,,,5/20/2016,32.6,,,,6/9/2017,32.8,,,,5/23/2018,32.7,,2018 tag scratched,,33,,2019 tag damaged,33.4,33,,33.1,"2018 tag scratched, 2022 tag scratched unreadable",33.6,still scratched,33.3,,33.2,
PC,12,860*,860,Acer rubrum,5/5/2010,10.5,0,,6/30/2011,10.7,0,,5/18/2012,10.8,0,,6/27/2013,10.9,0,,7/3/2014,11.2,,,6/11/2015,11.3,,,5/20/2016,11.3,,,,6/9/2017,11.6,,,,5/23/2018,11.6,,,,11.7,,,11.6,12,,12.1,,12.2,,12.7,,12.8,possibly wrong species
PC,12,868,868,Acer rubrum,5/5/2010,7,0,,6/30/2011,7.2,0,,5/18/2012,7.2,0,,6/27/2013,7.2,0,,7/3/2014,7.3,,,6/11/2015,7.3,,,5/20/2016,7.3,,,,6/9/2017,7.3,,,,5/23/2018,7.3,,,,7.3,,,7.3,7.4,,7.3,,7.4,,7.5,,7.5,
SC,1,1,1,Acer rubrum,4/27/2010,44,0,,6/2/2011,44.5,0,,7/3/2012,44.5,0,,7/2/2013,44.7,0,,6/3/2014,44.7,,,6/17/2015,45.3,,,5/19/2016,45.3,,,,5/29/2017,45.4,,,,5/16/2018,45.4,,,,45.7,,,45.9,45.9,,46.1,,46.1,,46.6,,47,
SC,1,4,4,Acer rubrum,4/27/2010,66.7,0,,6/2/2011,66.8,0,,7/3/2012,67,0,,7/2/2013,67.5,0,2013 meas. main trunk only- passed tape through small slit between main + leader,6/3/2014,73.2,,"73.152 with main stem + 2nd stem, 67.564 with only main stem",6/17/2015,67.8,,2015: slipped tape between main and auxiliary trunks to measure,5/19/2016,67.9,,main stem only 2016,"2013 meas. main trunk only- passed tape through small slit between main + leader; 2014 DBH is 73.152 with main stem + 2nd stem, 67.564 with only main stem; slipped tape between main and auxilary trunks to measure",5/29/2017,74.4,,,"2013 meas. main trunk only- passed tape through small slit between main + leader; 2014 DBH is 73.152 with main stem + 2nd stem, 67.564 with only main stem; slipped tape between main and auxilary trunks to measure",5/17/2018,68.2,,2018 main stem only,,68.6,,,68.4,69,,75.2,"2013 meas. main trunk only; 2018 main stem only, 2022 main and off shoot (could not measure main stem only)",74.8,,68.3/74.9,mainstem/both; mainstem dead,75,
SC,1,21,21,Acer rubrum,4/27/2010,10.1,0,,6/2/2011,10.6,0,,7/3/2012,10.7,0,,7/2/2013,10.8,0,,6/3/2014,10.9,,,6/17/2015,11.2,,,5/19/2016,11.2,,,,5/29/2017,11.2,,,,5/17/2018,11.4,,,,11.9,,,12.1,12.3,,12.8,,13.3,"fallen, alive",13.8,still green,14.2,"fallen, still green"
SC,1,28,28,Acer rubrum,4/27/2010,10.8,0,,6/2/2011,11,0,,7/3/2012,11.1,0,,7/2/2013,11.1,0,,6/3/2014,11.2,,,6/17/2015,11.3,,,5/19/2016,11.5,,,,5/29/2017,11.2,,,,5/17/2018,11.3,,,,11.5,,,11.5,11.9,2021 real meas.,12.2,2021 real,12.7,,13.4,,13.9,
SC,1,992*,992,Acer rubrum,,,99,,,,99,,,,99,,7/2/2013,6.6,7,New 2013 Near 19,6/3/2014,6.9,,,6/17/2015,6.9,,,5/19/2016,6.9,,,New 2013 Near 19,5/29/2017,6.9,,,New 2013 Near 19,5/17/2018,7.1,,,,7.1,,,7.4,7.4,,8.1,New 2013 Near 19,8.5,,9.1,,9.9,
SC,1,993*,993,Acer rubrum,,,99,,,,99,,,,99,,7/2/2013,13,8,New 2013 Near 1,6/3/2014,13,,,6/17/2015,13.3,,,5/19/2016,13.4,,,New 2013 Near 1,5/29/2017,13.4,,,New 2013 Near 1,5/17/2018,13.7,,"2018 measured under marker, marker tight",,13.8,,,13.8,14.2,Knot where tag is,14.4,"New 2013 Near 1;2018 measured under marker, marker tight; 2021 knot where tag is",0,"can't find, presumed dead",14.9,very much alive; tag eaten,15.4,
SC,2,104,104,Acer rubrum,4/28/2010,6.7,0,,6/2/2011,6.8,0,,7/3/2012,6.7,1,,7/2/2013,6.7,0,,6/3/2014,6.9,,,6/17/2015,6.9,,,5/19/2016,6.8,,Real meas 2016,2016 real meas.,5/29/2017,6.8,,,2016 real meas.,5/17/2018,6.8,,,,6.8,,,6.4,6.8,,6.9,2016 real meas.,7.2,,7.7,,8.3,
SC,2,111,111,Acer rubrum,4/28/2010,8.8,0,,6/2/2011,9.1,0,,7/3/2012,9.2,0,,7/2/2013,9.4,0,,6/3/2014,9.4,,,6/17/2015,9.5,,,5/19/2016,9.6,,,,5/29/2017,9.7,,,,5/17/2018,9.6,,,,9.1,,,9.8,9.8,,9.8,,10.2,,9.9,top snapped; alive,10,
SC,3,128,128,Acer rubrum,4/28/2010,46.6,0,,6/2/2011,47,0,,7/3/2012,47,0,,7/2/2013,47.2,0,,6/18/2014,47.2,,,6/17/2015,47.7,,,5/20/2016,47.9,,,,5/30/2017,47.9,,,,5/17/2018,48.1,,,,48.6,,,48.8,49.1,,49.1,,49.9,,50,,50.5,
SC,3,139,139,Acer rubrum,4/28/2010,9.5,0,,6/2/2011,9.7,0,,7/3/2012,10,0,,7/2/2013,10,0,,6/18/2014,10.2,,,6/17/2015,10.2,,,5/20/2016,10.2,,,,5/30/2017,10.2,,,,5/17/2018,10.2,,,,10.3,,,10.2,10.3,,10.3,,10.3,,10.4,,10.5,
SC,3,140,140,Acer rubrum,4/28/2010,10,0,,6/2/2011,10.2,0,,7/3/2012,10.2,0,,7/2/2013,10.2,0,,6/18/2014,10.2,,,6/17/2015,10.2,,,5/20/2016,10.3,,,,5/30/2017,10.3,,,,5/17/2018,10.3,,,,10.3,,,10.5,10.3,,10.3,,10.3,,10.3,,10.3,
SC,3,141,141,Acer rubrum,4/28/2010,12.2,0,,6/2/2011,12.2,0,,7/3/2012,12.5,0,,7/2/2013,12.6,0,,6/18/2014,12.7,,,6/17/2015,13,,,5/20/2016,13.3,,,,5/30/2017,13.6,,,,5/17/2018,13.9,,,,14.7,,,14.7,15.1,,15.4,,15.8,,16.2,,16.4,
SC,3,144,144,Acer rubrum,4/28/2010,84.7,0,,6/2/2011,85.3,0,,7/3/2012,86.5,0,,7/2/2013,87,0,,6/18/2014,87.4,,,6/17/2015,88.1,,2015 needs retagging,5/20/2016,88.9,,Tag missing,2016 tag missing,5/30/2017,89.2,,tag missing,2016 tag missing; 2017 tag missing,5/17/2018,90.1,,,,91.1,,,91.7,92.8,,93.3,2016 tag missing; 2017 tag missing,94,retagged,95,,95.9,
SC,3,154,154,Acer rubrum,4/28/2010,9.7,0,,6/2/2011,9.7,0,,7/3/2012,9.8,0,,7/2/2013,9.9,0,,6/18/2014,9.9,,,6/17/2015,9.9,,,5/20/2016,10,,,,5/30/2017,10,,,,5/17/2018,10,,,,10.5,,,10.3,10.5,Fallen but still rooted,10.4,2021 fallen but still rooted,0,dead,0,,0,
SC,3,2946*,2946,Acer rubrum,,,99,,,,99,,,,99,,7/2/2013,7,7,New 2013 Near 159,6/18/2014,6.9,,"meas real, on bump",6/17/2015,7,,,5/20/2016,6.9,,Bump gone 2016,"New 2013 Near 159; 2014 meas real, on bump; 2016 bump gone",5/30/2017,6.8,,,"New 2013 Near 159; 2014 meas real, on bump; 2016 bump gone",5/17/2018,6.8,,,,7.3,,2019 dead,0,0,Dead 2021,0,"New 2013 Near 159; 2014 meas real, on bump; 2016 bump gone; 2021 dead",0,dead,0,,0,
SC,4,176,176,Acer rubrum,4/28/2010,11.1,0,,6/2/2011,11.3,0,,7/5/2012,11.4,0,,6/25/2013,11.4,0,,6/18/2014,11.4,,,6/26/2015,11.6,,,5/20/2016,11.6,,,,5/30/2017,11.7,,,,5/17/2018,11.9,,,,12.1,,,12.1,12.7,,12.9,,13.3,,14,,14.3,"fallen, still green"
SC,4,183,183,Acer rubrum,4/28/2010,63.3,0,,6/2/2011,63.6,0,,7/5/2012,64.6,0,,6/25/2013,64.9,0,,6/18/2014,65,,,6/26/2015,65.7,,,5/20/2016,65.9,,,,5/30/2017,66.1,,,,5/17/2018,66.6,,,,67.6,,,68.5,68,,68.1,,68.6,,69.1,,69.1,
SC,4,190,190,Acer rubrum,4/28/2010,25.1,0,,6/2/2011,25.6,0,,7/5/2012,25.8,0,,6/25/2013,26,0,,6/18/2014,25.9,,,6/26/2015,26.4,,,5/20/2016,26.6,,,,5/30/2017,26.8,,,,5/17/2018,26.9,,,,27.3,,,27.8,27.9,,27.9,,28.4,,28.7,,28.8,
SC,4,192,192,Acer rubrum,4/28/2010,12.7,0,,6/2/2011,13.1,0,,7/5/2012,13.3,0,,6/25/2013,13.5,0,,6/18/2014,13.7,,,6/26/2015,14.1,,,5/20/2016,14.1,,,,5/30/2017,14.4,,,,5/17/2018,14.7,,,,15,,,15.2,15.6,,15.7,,15.9,,16.2,,16.4,
SC,4,196,196,Acer rubrum,4/28/2010,13.5,0,,6/2/2011,13.6,0,,7/5/2012,13.7,0,,6/25/2013,13.7,0,,6/18/2014,13.7,,,6/26/2015,13.8,,,5/20/2016,13.8,,,,5/30/2017,14,,,,5/17/2018,14.2,,,,14.5,,,14.5,14.6,,14.6,,14.6,,14.7,,14.7,"top snapped, still alive"
SC,4,200,200,Acer rubrum,4/28/2010,13.1,0,,6/2/2011,13.4,0,,7/5/2012,13.5,0,,6/25/2013,13.7,0,,6/18/2014,14,,,6/26/2015,14.5,,,5/20/2016,14.7,,,,5/30/2017,15.1,,,,5/17/2018,15.5,,,,16.5,,,16.6,17.2,,17.4,,17.7,,18.5,,18.7,
SC,4,201,201,Acer rubrum,4/28/2010,8.9,0,,6/2/2011,9.3,0,,7/5/2012,9.5,0,,6/25/2013,9.8,0,,6/18/2014,9.9,,,6/26/2015,10.2,,,5/20/2016,10.2,,,,5/30/2017,10.3,,,,5/17/2018,10.7,,,,11.3,,,11.5,11.8,,11.9,,12.1,,12.8,,13.1,
SC,4,204,204,Acer rubrum,4/28/2010,30.7,0,,6/2/2011,31,0,,7/5/2012,31.3,0,,6/25/2013,31.3,0,,6/18/2014,31.5,,,6/26/2015,31.5,,,5/20/2016,31.5,,,,5/30/2017,0,,dead,2017 dead,5/17/2018,0,,2018 dead,,0,,,0,0,,0,2017 dead; 2018 dead,0,dead,0,dead,0,
SC,4,209,209,Acer rubrum,4/28/2010,17.9,0,,6/2/2011,18.4,0,,7/5/2012,18.6,0,,6/25/2013,18.8,0,,6/18/2014,18.8,,,6/26/2015,19.2,,,5/20/2016,19.2,,,,5/30/2017,19.2,,,,5/17/2018,19.5,,,,20.1,,,20.2,20.5,,20.8,,21,,21.7,,21.7,
SC,4,210,210,Acer rubrum,4/28/2010,14.1,0,,6/2/2011,14.4,0,,7/5/2012,14.6,0,,6/25/2013,14.6,0,,6/18/2014,14.7,,,6/26/2015,15.2,,,5/20/2016,15.2,,,,5/30/2017,15.2,,,,5/17/2018,15.6,,,,16,,,16.1,16.6,,16.7,,17,,17.1,,17.1,
SC,4,960*,960,Acer rubrum,,,99,,,,99,,,,99,,6/25/2013,6.1,7,New 2013 Near 197,6/18/2014,6.1,,,6/26/2015,6.2,,,5/20/2016,6.3,,,New 2013 Near 197,5/30/2017,6.3,,,New 2013 Near 197,5/17/2018,6.5,,,,6.8,,,6.8,7,,6.8,New 2013 Near 197,6.9,,7.1,,7,
SC,5,212*,212,Acer rubrum,4/28/2010,9.1,0,,6/2/2011,9.4,0,,7/5/2012,9.4,0,,6/25/2013,9.4,0,,6/18/2014,9.4,,,6/26/2015,9.5,,,5/20/2016,9.5,,,,5/30/2017,9.5,,,,5/24/2018,9.5,,,,9.6,,,9.5,9.6,,9.7,,9.6,,9.6,,10.1,
SC,5,213*,213,Acer rubrum,4/28/2010,63.9,0,,6/2/2011,64.4,0,,7/5/2012,64.8,0,,6/25/2013,65,0,,6/18/2014,65,,,6/26/2015,65.6,,,5/20/2016,65.8,,,,5/30/2017,65.9,,,,5/24/2018,65.9,,,,66.2,,,66.6,66.4,,66.3,,66.6,,66.9,,66.9,
SC,5,220,220,Acer rubrum,4/28/2010,17,0,,6/2/2011,17.2,0,,7/5/2012,17.5,0,,6/25/2013,17.5,0,,6/18/2014,17.5,,,6/26/2015,17.6,,,5/20/2016,17.7,,,,5/30/2017,17.7,,,,5/24/2018,17.5,,,,17.5,,,17.9,17.7,,17.7,,17.6,,17.6,,17.6,
SC,5,224,224,Acer rubrum,4/28/2010,23.6,0,,6/2/2011,24.1,0,,7/5/2012,24.5,0,,6/25/2013,24.7,0,2013 flakey bark,6/18/2014,25.1,,,6/26/2015,25.1,,,5/20/2016,25.2,,,2013 flakey bark,5/30/2017,25.5,,,2013 flakey bark,5/24/2018,25.7,,,,26,,,26.2,26.2,,26.3,2013 flakey bark,26.4,,26.7,,26.7,
SC,5,232,232,Acer rubrum,4/28/2010,36.7,0,,6/2/2011,36.7,0,,7/5/2012,36.9,0,,6/25/2013,37.2,0,,6/18/2014,37.3,,,6/26/2015,37.1,,2015 real meas,5/20/2016,37.1,,,2015 real meas.,5/30/2017,37.2,,,2015 real meas.,5/24/2018,37.2,,,,37.1,,,37.2,37.1,,37.2,2015 real meas.,37.1,,37.2,,37.2,rotting
SC,5,236,236,Acer rubrum,4/28/2010,6.4,0,,6/2/2011,6.7,0,,7/5/2012,6.7,0,,6/25/2013,6.7,0,,6/18/2014,6.9,,,6/26/2015,6.8,,2015 real meas,5/20/2016,6.8,,,2015 real meas.,5/30/2017,6.9,,,2015 real meas.,5/24/2018,6.8,,,,6.8,,,6.8,7.1,,6.9,2015 real meas.,6.9,,6.9,,7,
SC,5,244,244,Acer rubrum,4/28/2010,8,0,,6/2/2011,8.3,0,,7/5/2012,8.5,0,,6/25/2013,8.6,0,,6/18/2014,8.6,,,6/26/2015,8.8,,,5/20/2016,8.7,,Real meas 2016,2016 real meas.,5/30/2017,8.8,,,2016 real meas.,5/24/2018,8.8,,,,8.8,,,9,8.9,,8.9,2016 real meas.,9,,9.1,,9.1,
SC,5,245,245,Acer rubrum,4/28/2010,6.6,0,,6/2/2011,6.9,0,,7/5/2012,7,0,,6/25/2013,7,0,,6/18/2014,7.1,,,6/26/2015,7.1,,,5/20/2016,7.1,,,,5/30/2017,7.2,,,,5/24/2018,7.1,,,,7,,,7,7.2,,7.2,,7.3,,7.3,,7.3,
SC,5,246,246,Acer rubrum,4/28/2010,7.6,0,,6/2/2011,7.7,0,,7/5/2012,7.8,0,,6/25/2013,7.6,1,2013 measurement real,6/18/2014,7.6,,,6/26/2015,7.7,,,5/20/2016,7.9,,,2013 measurement real,5/30/2017,7.9,,,2013 measurement real,5/24/2018,7.7,,,,7.6,,,7.6,7.6,,0,2013 measurement real,0,dead,0,,0,
SC,5,247,247,Acer rubrum,4/28/2010,9.5,0,,6/2/2011,9.7,0,,7/5/2012,9.6,1,,6/25/2013,9.5,1,2013 measurement real,6/18/2014,9.7,,,6/26/2015,9.8,,,5/20/2016,9.8,,,2013 measurement real,5/30/2017,9.9,,,2013 measurement real,5/24/2018,9.9,,,,10.2,,,9.9,10.2,,10.2,2013 measurement real,10.1,,10.3,,10.2,
SC,5,248,248,Acer rubrum,4/28/2010,17,0,,6/2/2011,17.3,0,,7/5/2012,17.5,0,,6/25/2013,17.6,0,2013 measure perpendicular to trunk,6/18/2014,17.5,,,6/26/2015,17.7,,,5/20/2016,17.7,,,2013 measure perpendicular to trunk,5/30/2017,17.8,,,2013 measure perpendicular to trunk,5/24/2018,17.8,,,,18,,,18.3,18,Leaning,18.3,2013 measure perpendicular to trunk; 2021 leaning,18,,18.2,meas. on bump,18.3,
SC,5,249,249,Acer rubrum,4/28/2010,8.8,0,,6/2/2011,8.8,0,,7/5/2012,8.8,0,,6/25/2013,8.8,0,,6/18/2014,8.9,,,6/26/2015,8.8,,2015 real meas,5/20/2016,8.8,,,2015 real meas.,5/30/2017,8.7,,,2015 real meas.,5/24/2018,0,,2018 dead,,0,,,0,0,,0,2015 real meas.; 2018 dead,0,dead,0,,0,
SC,5,250,250,Acer rubrum,4/28/2010,11.5,0,,6/2/2011,11.7,0,,7/5/2012,11.9,0,,6/25/2013,11.9,0,,6/18/2014,11.9,,,6/26/2015,12.1,,,5/20/2016,12.2,,,,5/30/2017,12.1,,,,5/24/2018,12.2,,,,12.3,,,12.3,12.4,,12.5,,12.5,,12.6,,12.8,
SC,5,252,252,Acer rubrum,4/28/2010,17.3,0,,6/2/2011,17.4,0,,7/5/2012,17.7,0,,6/25/2013,17.8,0,,6/18/2014,17.8,,,6/26/2015,17.8,,,5/20/2016,17.8,,,,5/30/2017,17.8,,,,5/24/2018,17.8,,,,17.7,,,17.9,17.7,,17.7,,17.7,on bump,17.8,,17.7,
SC,5,958*,958,Acer rubrum,,,99,,,,99,,,,99,,6/25/2013,11.5,8,"New 2013 Near 225 and 256, branch bent",6/18/2014,11.4,,bent over,6/26/2015,11.5,,,5/20/2016,11.6,,,"New 2013 Near 225 and 256, branch bent; 2014 bent over",5/30/2017,11.7,,almost dead,"New 2013 Near 225 and 256, branch bent; 2014 bent over; 2017 almost dead",5/24/2018,11.6,,,,11.9,,,11.9,11.9,,11.8,"New 2013 Near 255 and 256, branch bent; 2014 bent over; 2017 almost dead",11.8,,12,still alive,12.2,
SC,6,258,258,Acer rubrum,4/28/2010,51.7,0,,6/2/2011,52.6,0,,7/5/2012,53.4,0,,6/25/2013,53.8,0,,6/18/2014,54.4,,,6/26/2015,55.6,,,5/20/2016,56.4,,,,5/30/2017,56.9,,,,5/24/2018,57.4,,,,58.6,,,59.5,60.3,,60.8,,61.2,peeling bark,62.3,,62.8,
SC,6,260,260,Acer rubrum,4/28/2010,15.2,0,,6/2/2011,15.8,0,,7/5/2012,16.1,0,,6/25/2013,16.4,0,,6/18/2014,16.8,,,6/26/2015,17.5,,,5/20/2016,17.9,,,,5/30/2017,18,,,,5/24/2018,18.6,,,,19.9,,,19.7,20,,20.9,,20.7,,21.3,,21.6,
SC,6,261,261,Acer rubrum,4/28/2010,13.7,0,,6/2/2011,14.1,0,,7/5/2012,14.2,0,,6/25/2013,14.2,0,2013 knocked down,6/18/2014,0,,uprooted,6/26/2015,0,,,5/20/2016,0,,,2013 knocked down; 2014 uprooted,5/30/2017,0,,dead,2013 knocked down; 2014 uprooted; 2017 dead,5/24/2018,0,,2018 dead,,0,,,0,0,,0,2013 knocked down; 2014 uprooted; 2017 dead; 2018 dead,0,dead,0,,0,
SC,6,264,264,Acer rubrum,4/28/2010,11.5,0,,6/2/2011,11.6,0,,7/5/2012,11.5,1,,6/25/2013,11.5,0,,6/18/2014,11.7,,,6/26/2015,11.8,,,5/20/2016,11.8,,,,5/30/2017,11.9,,,,5/24/2018,11.9,,,,12.5,,,12.2,12.4,2021 real meas.,12.2,2021 real,12.3,,12.6,,12.9,
SC,6,265,265,Acer rubrum,4/28/2010,7.5,0,,6/2/2011,7.6,0,,7/5/2012,7.9,0,,6/25/2013,7.6,1,2013 measure below knot,6/18/2014,7.6,,,6/26/2015,7.6,,,5/20/2016,7.6,,,2013 measure below knot,5/30/2017,7.5,,,2013 measure below knot,5/24/2018,7.6,,,,7.6,,,7.8,7.7,,7.6,2013 measure below knot,7.6,,7.6,,7.6,
SC,6,267,267,Acer rubrum,4/28/2010,12.4,0,,6/2/2011,12.6,0,,7/5/2012,12.5,1,,6/25/2013,12.5,0,,6/18/2014,12.4,,,6/26/2015,12.5,,,5/20/2016,12.6,,,,5/30/2017,12.6,,,,5/24/2018,12.5,,,,12.5,,,12.7,12.5,,0,2022 dead,0,dead,0,,0,
SC,6,268,268,Acer rubrum,4/28/2010,19.9,0,,6/2/2011,20.5,0,,7/5/2012,21,0,,6/25/2013,21.2,0,,6/18/2014,21.6,,,6/26/2015,22.1,,,5/20/2016,22,,,,5/30/2017,22.3,,,,5/24/2018,22.4,,,,23,,,22.9,23.2,,23.2,,23.4,,23.9,meas. under nail bump,24,
SC,6,269,269,Acer rubrum,4/28/2010,17.8,0,,6/2/2011,18.6,0,,7/5/2012,18.9,0,,6/25/2013,19.1,0,,6/18/2014,19.6,,,6/26/2015,19.8,,,5/20/2016,20,,,,5/30/2017,20.1,,,,5/24/2018,20.4,,,,20.9,,,21.1,21.3,,21.2,,21.4,,21.7,,21.9,
SC,6,270,270,Acer rubrum,4/28/2010,24.7,0,,6/2/2011,25.9,0,,7/5/2012,27.3,0,,6/25/2013,27.8,0,,6/18/2014,28.7,,,6/26/2015,30.1,,2015 needs retagging,5/20/2016,30.8,,,,5/30/2017,31.7,,,,5/24/2018,32.8,,,,34,,,35,36.2,,36.9,,37.9,"twisty stem, bulges",39.2,flaky bark,40.3,
SC,6,279,279,Acer rubrum,4/28/2010,13.3,0,,6/2/2011,13.6,0,,7/5/2012,13.5,1,,6/25/2013,13.7,0,,6/18/2014,13.7,,,6/26/2015,13.7,,,5/20/2016,13.7,,,,5/30/2017,13.6,,,,5/24/2018,13.5,,,,13.6,,,13.9,13.7,,13.7,,13.9,,14.1,,14.3,
SC,6,285,285,Acer rubrum,4/28/2010,19.1,0,,6/2/2011,19.3,0,,7/5/2012,19.5,0,,6/25/2013,19.7,0,,6/18/2014,19.8,,meas perp. to tree,6/26/2015,19.8,,,5/20/2016,19.8,,,2014 meas perp. to tree,5/30/2017,20.1,,,2014 meas perp. to tree,5/24/2018,19.7,,,,19.9,,,19.9,20.1,,20.1,2014 meas perp. to tree,20.5,,21,,21.2,
SC,7,304,304,Acer rubrum,4/29/2010,53,0,,6/2/2011,53.6,0,,7/5/2012,54.5,0,,6/25/2013,54.5,0,,6/19/2014,55.1,,,6/26/2015,55.4,,,5/20/2016,55.9,,,,5/30/2017,56.2,,,,5/24/2018,36.5,,,,57.4,,,57.4,58,,58,,58.2,,58.9,flaky; ridged bark,59,
SC,7,320,320,Acer rubrum,4/29/2010,6.2,0,,6/2/2011,,999,2011: dead - split,7/5/2012,,99,,6/25/2013,,99,,6/19/2014,0,,,6/26/2015,0,,,5/20/2016,0,,,2011 dead - split,5/30/2017,0,,dead,2011 dead - split,5/24/2018,0,,2018 dead,,0,,,0,0,,0,2011 dead - split; 2018 dead,0,dead,0,,0,
SC,7,329,329,Acer rubrum,4/29/2010,7.8,0,,6/2/2011,7.9,0,,7/5/2012,8,0,,6/25/2013,8,0,,6/19/2014,7.9,,,6/26/2015,8,,,5/20/2016,8,,,,5/30/2017,8,,,,5/24/2018,8.1,,2018 measured over branch,,8.4,,,8.4,8.3,,8.2,2018 measured over branch,8.2,,8.3,,8.3,
SC,9,372,372,Acer rubrum,4/29/2010,18.3,0,,6/10/2011,18.7,0,,7/5/2012,18.8,0,,6/24/2013,19,0,,6/19/2014,19.3,,,7/2/2015,19.8,,,5/20/2016,19.9,,,,5/30/2017,23.3,,,,5/24/2018,20.8,,,,21.8,,,22.1,22.5,,22.8,,23.2,,24.4,,24.9,
SC,9,378,378,Acer rubrum,4/29/2010,69.5,0,,6/10/2011,69.6,0,,7/5/2012,70.2,0,,6/24/2013,70.3,0,,6/19/2014,70.4,,,7/2/2015,71.1,,,5/20/2016,71.8,,,,5/30/2017,72,,,,5/24/2018,71.8,,,,72.7,,,74,74.4,,75.2,,75.6,,75.2,"tag missing, between 380 and 379",76.8,rotting at middle
SC,9,397,397,Acer rubrum,4/29/2010,7.2,0,,6/10/2011,7.7,0,,7/5/2012,8,0,,6/24/2013,8.3,0,,6/19/2014,8.9,,,7/2/2015,9.8,,2015: real measurement,5/20/2016,10.1,,,2015 real meas.,5/30/2017,10.9,,,2015 real meas.,5/24/2018,11.6,,,,12.9,,2019 tag worn,13.5,14.3,,15.1,"2015 real meas., 2022 tag engulfed",16,competely engulfed,17.1,,18,
SC,9,403,403,Acer rubrum,4/29/2010,94.4,0,,6/10/2011,95.4,0,,7/5/2012,96.7,0,,6/24/2013,97.1,0,2013 is growing at everybodys expense,6/19/2014,97.8,,,7/2/2015,99,,,5/20/2016,99.2,,Tag missing ,2013 is growing at everybodys expense,5/30/2017,100.2,,tag missing,2013 is growing at everybodys expense; 2017 tag missing,5/24/2018,101,,,,101.8,,,102.5,103.7,,103.9,2013 is growing at everybodys expense; 2017 tag missing,104.8,,105.6,,106.3,
SC,10,406,406,Acer rubrum,4/29/2010,58.2,0,,6/10/2011,59.1,0,,7/5/2012,60,0,,6/24/2013,60.2,0,,6/19/2014,61,,,7/2/2015,62.6,,,5/20/2016,63.1,,,,5/30/2017,63.5,,,,5/24/2018,64.2,,,,65.3,,,66.1,66.6,,67,,67.3,,68.2,,68.2,
SC,10,411,411,Acer rubrum,4/29/2010,6.9,0,,6/10/2011,7.3,0,,7/5/2012,7.5,0,,6/24/2013,7.5,0,"2013 misidentified as ACSA, really rubrum",6/19/2014,7.9,,,7/2/2015,8.2,,,5/20/2016,8.3,,,"2013 misidentified as ACSA, really rubrum",5/30/2017,8.2,,,"2013 misidentified as ACSA, really rubrum",5/24/2018,9.5,,,,10.1,,,10.5,11.9,2021 real meas.,12.5,"2013 misidentified as ACSA, really rubrum; 2021 real",13.1,,14.5,meas. on tag bump,15.4,
SC,10,440,440,Acer rubrum,4/29/2010,70,0,,6/10/2011,70.4,0,,7/5/2012,71.5,0,,6/24/2013,71.6,0,,6/19/2014,72.4,,,7/2/2015,73.6,,,5/20/2016,74.1,,,,5/30/2017,74.7,,,,5/24/2018,75.5,,,,76.6,,2019 tag worn,77.7,78.8,,78.8,,79.3,peeling bark,79.9,,80.2,
SC,10,946*,946,Acer rubrum,,,99,,,,99,,,,99,,6/24/2013,7.8,7,New 2013 Near 455,6/19/2014,8.1,,,7/2/2015,8.5,,,5/20/2016,8.8,,,New 2013 Near 455,5/30/2017,0,,dead,New 2013 Near 455; 2017 dead,5/24/2018,0,,,,0,,,0,0,,0,New 2013 Near 455; 2017 dead,0,dead,0,,0,
SC,11,48,48,Acer rubrum,4/27/2010,77,0,,6/2/2011,77.7,0,,7/3/2012,78.5,0,,7/2/2013,79,0,,6/3/2014,79.5,,,6/17/2015,80.5,,,5/19/2016,80.5,,,,5/29/2017,80.6,,,,5/17/2018,81.3,,,,81.6,,,82.6,82.5,,83.2,,83.3,bulges around the tree,84,,84.3,
SC,11,57,57,Acer rubrum,4/27/2010,73.6,0,,6/2/2011,73.6,0,,7/3/2012,74.5,0,,7/2/2013,74.8,0,,6/3/2014,75.9,,,6/17/2015,76,,,5/19/2016,76.7,,,,5/29/2017,77.6,,,,5/17/2018,78.5,,,,80.3,,,80.9,81,,82.1,,82.2,peeling bark,84.2,,84.5,measure perpendicular to ground
SV,1,2410,2410,Acer rubrum,5/19/2010,7.6,0,,6/29/2011,7.8,0,,7/6/2012,7.7,1,,7/1/2013,7.8,0,,,7.7,,,7/7/2015,7.8,,,5/31/2016,7.8,,,,6/7/2017,7.8,,,,5/25/2018,7.8,,,,7.9,,,7.9,7.9,,0,2022 dead,0,dead,0,,0,
SV,1,2411,2411,Acer rubrum,5/19/2010,11.6,0,,6/29/2011,11.9,0,,7/6/2012,12,0,,7/1/2013,12,0,,,12.3,,,7/7/2015,12.3,,,5/31/2016,12.4,,,,6/7/2017,12.5,,,,5/25/2018,12.5,,,,13.1,,,12.5,12.8,,12.6,,12.6,,12.6,,12.7,
SV,1,2413,2413,Acer rubrum,5/19/2010,16.1,0,,6/29/2011,16.5,0,,7/6/2012,16.6,0,,7/1/2013,16.7,0,2013 (fyi tag 2414 on dead),,16.9,,,7/7/2015,16.9,,,5/31/2016,17,,,2013 (fyi tag 2414 on dead),6/7/2017,17.1,,,2013 (fyi tag 2414 on dead),5/25/2018,17,,,,17.1,,,17.3,17.2,,17.2,2013 (fyi tag 2414 on dead),17.2,,17.3,,17.3,
SV,1,2415,2415,Acer rubrum,5/19/2010,34.2,0,,6/29/2011,34.4,0,,7/6/2012,34.5,0,,7/1/2013,34.6,0,2013 on plot edge,,34.8,,,7/7/2015,34.8,,,5/31/2016,34.9,,,2013 on plot edge,6/7/2017,35.1,,,2013 on plot edge,5/25/2018,34.9,,2018 real measure,,35.5,,,35.3,35.2,,35.4,2013 on plot edge; 2018 real measure,35,,35.3,,35.3,
SV,1,2417,2417,Acer rubrum,5/19/2010,13.3,0,,6/29/2011,14,0,,7/6/2012,14.2,0,,7/1/2013,14.5,0,,,14.6,,,7/7/2015,15.2,,,5/31/2016,14.9,,Bark fell off real meas. 2016,"2016 real meas, bark fell off",6/7/2017,15,,,"2016 real meas, bark fell off",5/25/2018,15,,,,15.5,,,15.5,15.5,,15.9,"2016 real meas, bark fell off",15.5,,15.8,,15.9,
SV,1,2433,2433,Acer rubrum,5/19/2010,40.6,0,,6/29/2011,40.8,0,,7/6/2012,41,0,,7/1/2013,41.1,0,"2013 (fyi found tag 2434 dead, not in dataset so maybe was accidentally tagged)",,41.3,,,7/7/2015,41.5,,,5/31/2016,41.6,,,"2013 (fyi found tag 2434 dead, not in dataset so maybe was accidentally tagged)",6/7/2017,42,,,"2013 (fyi found tag 2434 dead, not in dataset so maybe was accidentally tagged)",5/25/2018,41.8,,2018 real measure,,43,,,42.1,42.1,,42.2,2018 real measure,42.4,,42.6,,42.8,
SV,1,2435,2435,Acer rubrum,5/19/2010,19.9,0,,6/29/2011,20.4,0,,7/6/2012,20.7,0,,7/1/2013,21,0,,,21.3,,,7/7/2015,21.5,,,5/31/2016,21.7,,,,6/7/2017,22,,,,5/25/2018,22,,,,22.4,,,22.4,22.3,Fallen but still alive,0,"2021 fallen but still alive, 2022 fallen and unmeasureable",0,dead,0,,0,
SV,2,2447,2447,Acer rubrum,5/19/2010,73.9,0,,6/29/2011,74.4,0,,7/9/2012,75.2,0,,7/1/2013,74.7,1,2013 is 2012 meas an error?,,75.4,,,7/7/2015,75.9,,,5/31/2016,75.9,,,2013 is 2012 meas an error?,6/7/2017,76.7,,,2013 is 2012 meas an error?,5/25/2018,75.9,,,,76.9,,,76.4,76.7,,77.1,2013 is 2012 meas an error?,77.2,,77.7,,78.4,
SV,4,2556,2556,Acer rubrum,5/19/2010,13.7,0,,6/29/2011,14.4,0,,7/9/2012,14.5,0,,7/1/2013,14.7,0,,,15,,,7/7/2015,15.2,,,5/31/2016,15.3,,,,6/7/2017,15.4,,,,5/25/2018,15.6,,,,16.4,,,16.2,10.6,,16.8,,17.2,,18,,18.4,
SV,5,2589,2589,Acer rubrum,5/19/2010,9.2,0,,6/29/2011,9.7,0,,7/9/2012,10,0,,7/1/2013,10.1,0,,,10.6,,,7/7/2015,11.3,,,5/31/2016,11.7,,,,6/7/2017,12.3,,,,5/25/2018,13.1,,,,13.1,,,13.5,14.8,2021,15.5,,16.4,,17.3,,17.9,
SV,5,2594,2594,Acer rubrum,5/19/2010,6.9,0,,6/29/2011,7.5,0,,7/9/2012,7.4,1,,7/1/2013,7.8,0,,,7.7,,,7/7/2015,8.2,,,5/31/2016,8.8,,,,6/7/2017,8.9,,,,5/25/2018,9.1,,,,9.1,,,9.8,10.4,,10.6,,11,,11.5,meas. below bump,12.1,meas. under bump
SV,5,2610,2610,Acer rubrum,5/19/2010,18.2,0,,6/29/2011,18.6,0,,7/9/2012,18.9,0,,7/1/2013,19,0,,,19.2,,,7/7/2015,19.5,,,5/31/2016,19.7,,,,6/7/2017,19.8,,,,5/25/2018,19.9,,,,20.4,,,20.5,20.7,,20.9,,21.3,,21.8,,21.9,
SV,5,2614,2614,Acer rubrum,5/19/2010,5.9,5,,6/29/2011,6,0,,7/9/2012,6,0,,7/1/2013,6,0,,,5.9,,,7/7/2015,5.9,,,5/31/2016,6,,,,6/7/2017,6,,,,5/25/2018,5.9,,,,6,,,5.9,6,Cracked but still alive,0,"2021 cracked but still alive, 2022 dead",0,dead,0,,0,
SV,5,2616,2616,Acer rubrum,5/19/2010,13.1,0,,6/29/2011,13.1,0,,7/9/2012,13.2,0,,7/1/2013,13.3,0,,,13.2,,,7/7/2015,13.2,,,5/31/2016,13.2,,,,6/7/2017,13.1,,,,5/25/2018,13.2,,,,13.2,,,13.3,13.2,,13.2,,13.2,,13.3,,13.3,
SV,6,2635,2635,Acer rubrum,5/19/2010,7,0,,6/29/2011,7,0,,7/9/2012,7.2,0,,7/1/2013,7.2,0,,,7.3,,,7/7/2015,7.3,,,5/31/2016,7.6,,,,6/7/2017,7.6,,,,5/25/2018,7.6,,,,7.7,,,,7.7,"Some foliage, almost dead?",7.8,2021 some foliage almost dead,7.9,,8,,7.9,
SV,6,2638,2638,Acer rubrum,5/19/2010,56.9,0,,6/29/2011,57,0,,7/9/2012,57.2,0,,7/1/2013,57.2,0,,,57.3,,,7/7/2015,57.8,,,5/31/2016,57.6,,"Real meas, bark chipped 2016","2016 real meas, bark chipped off",6/7/2017,57.8,,,"2016 real meas, bark chipped off",5/25/2018,57.7,,,,58.2,,,59.5,58.5,2021 real meas.,58.6,"2016 real meas, bark chipped off; 2021 real",58.3,,58.8,,58.8,
SV,6,2644,2644,Acer rubrum,5/19/2010,80.2,0,,6/29/2011,80.9,0,,7/9/2012,80.9,0,,7/1/2013,81.3,0,,,81.7,,,7/7/2015,82.5,,,5/31/2016,82.7,,,,6/7/2017,82.9,,,,5/25/2018,82.9,,,,83.7,,,83.8,84.2,,84.7,,84.8,,85.2,flaky bark,85,
SV,6,2652,2652,Acer rubrum,5/19/2010,74.1,0,,6/29/2011,73.8,1,,7/9/2012,74,0,,7/1/2013,74.2,0,,,74.1,,,7/7/2015,74.1,,,5/31/2016,74.1,,,,6/7/2017,74.3,,,,5/25/2018,74.3,,,,74.3,,,74.2,74.3,,74.2,,0,dead,0,,0,
SV,6,2678,2678,Acer rubrum,5/19/2010,9.7,0,,6/29/2011,10,0,,7/9/2012,10.4,0,,7/1/2013,10.5,0,,,10.5,,,7/7/2015,10.5,,,5/31/2016,10.5,,,,6/7/2017,10.5,,,,5/25/2018,10.5,,,,10.6,,,10.5,10.6,,10.4,,10.6,,10.6,meas. over bumps,10.6,
SV,6,2928*,2928,Acer rubrum,5/19/2010,9.9,0,,6/29/2011,10.1,0,,7/9/2012,10.3,0,2012 tree split at nail,7/1/2013,10.5,0,"2013 no nail or tag but tree split evident, changed tag from 2680 to 2928",,10.9,,,7/7/2015,11.3,,,5/31/2016,11.5,,,"2012 tree split at nail; 2013 no nail or tag but tree split evident, changed tag from 2680 to 2928",6/7/2017,11.8,,,"2012 tree split at nail; 2013 no nail or tag but tree split evident, changed tag from 2680 to 2928",5/25/2018,12.2,,,,12.8,,,12.9,13.2,,13.6,2012 tree split at nail; 2013 no nail or tag but tree split evident,14.1,,14.6,,14.8,near 2682
SV,7,2725,2725,Acer rubrum,5/19/2010,7.7,0,,6/29/2011,7.9,0,,7/9/2012,7.9,0,,7/1/2013,7.9,0,,,7.9,,,7/7/2015,7.9,,,5/31/2016,8,,,,6/7/2017,7.9,,,,5/25/2018,7.9,,,,8,,,7.9,8,,7.9,,8,,8,,8,
SV,7,2726,2726,Acer rubrum,5/19/2010,18.4,0,,6/29/2011,18.4,0,,7/9/2012,18.5,0,,7/1/2013,18.6,0,,,18.6,,,7/7/2015,18.6,,,5/31/2016,18.6,,,,6/7/2017,18.8,,,,5/25/2018,18.6,,2018 real measure,,18.9,,,19,18.9,,18.8,2018 real measure,18.6,,18.9,,19.1,
SV,7,2728,2728,Acer rubrum,5/19/2010,10.9,0,,6/29/2011,11.1,0,,7/9/2012,11.8,0,,7/1/2013,11.3,1,2013 2012 meas error?,,11.2,,,7/7/2015,11.2,,,5/31/2016,11.2,,,2013 2012 meas error?,6/7/2017,0,,dead,2013 2012 meas error?; 2017 dead,5/25/2018,0,,,,0,,,,0,Dead 2021,0,2013 2012 meas error?; 2017 dead,0,dead,0,,0,
SV,7,2729,2729,Acer rubrum,5/19/2010,12.2,0,,6/29/2011,12.3,0,,7/9/2012,12.4,0,,7/1/2013,12.4,0,,,12.4,,,7/7/2015,12.5,,,5/31/2016,12.6,,,,6/7/2017,12.6,,,,5/25/2018,12.6,,,,12.6,,,12.7,12.6,,12.8,,12.7,,12.8,,12.8,
SV,7,2730,2730,Acer rubrum,5/19/2010,22.3,0,,6/29/2011,22.3,0,,7/9/2012,22.3,0,,7/1/2013,22.4,0,,,22.5,,,7/7/2015,22.6,,,5/31/2016,22.5,,,,6/7/2017,22.7,,,,5/25/2018,22.4,,,,22.4,,,22.5,22.4,,22.5,,22.4,,22.4,,0,dead
SV,7,2732,2732,Acer rubrum,5/19/2010,14.3,0,,6/29/2011,14.7,0,,7/9/2012,14.7,0,,7/1/2013,14.9,0,,,14.9,,,7/7/2015,15.1,,,5/31/2016,15,,,,6/7/2017,15.1,,,,5/25/2018,15,,,,15.2,,,15.2,15.1,,15.2,,15.2,,15.6,,15.7,
SV,7,2733,2733,Acer rubrum,5/19/2010,16.5,0,,6/29/2011,16.6,0,,7/9/2012,16.7,0,,7/1/2013,16.7,0,,,16.8,,,7/7/2015,17,,,5/31/2016,17,,,,6/7/2017,17,,,,5/25/2018,17,,,,17.1,,,16.9,17.1,Tree split at nail,17,2021 tree split at nail,17.1,,17.2,,17.2,
SV,7,2736,2736,Acer rubrum,5/19/2010,9.8,0,2010 farm tag 474,6/29/2011,9.9,0,,7/9/2012,9.9,0,,7/1/2013,9.9,0,,,9.9,,,7/7/2015,9.9,,,5/31/2016,9.9,,,2010 farm tag 474,6/7/2017,9.9,,,2010 farm tag 474,5/25/2018,9.9,,,,9.9,,,9.9,9.9,,10,2010 farm tag 474,9.9,,9.9,,9.9,
SV,7,2737,2737,Acer rubrum,5/19/2010,21.5,0,,6/29/2011,21.5,0,,7/9/2012,21.6,2,2012 dbh2012 sheet says 27.6,7/1/2013,21.7,0,,,21.6,,,7/7/2015,21.6,,,5/31/2016,21.6,,,2012 dbh2012 sheet says 27.6,6/7/2017,21.9,,,2012 dbh2012 sheet says 27.6,5/25/2018,22.2,,,,22.3,,,,0,Dead 2021,0,2012 dbh2012 sheet says 27.6; 2021 dead,0,dead,0,,0,
SV,7,2738*,2738,Acer rubrum,5/19/2010,7.3,0,,6/29/2011,7.5,0,,7/9/2012,7.5,0,,7/1/2013,7.6,0,,,7.5,,,7/7/2015,7.6,,,5/31/2016,7.7,,,,6/7/2017,7.7,,,,5/25/2018,7.7,,,,7.6,,,7.7,7.7,,7.8,,7.7,,7.7,,7.7,
SV,7,2743,2743,Acer rubrum,5/19/2010,6,0,2010 farm tag 248,6/29/2011,6.5,0,,7/9/2012,6.6,0,,7/1/2013,6.5,1,2013 meas perp to trunk,,7,,,7/7/2015,7.1,,,5/31/2016,7.3,,,2010 farm tag 248; 2013 meas perp to trunk,6/7/2017,7.2,,,2010 farm tag 248; 2013 meas perp to trunk,5/25/2018,7.3,,,,na,,,7.2,7.6,,7.6,"2010 farm tag 248; 2013 meas perp to trunk, 2019 not found",7.8,,8.1,farm tag being engulfed,8.3,
SV,7,2746,2746,Acer rubrum,5/19/2010,31.8,0,,6/29/2011,32.2,0,,7/9/2012,32.1,1,,7/1/2013,32.1,0,,,32.5,,,7/7/2015,32.5,,,5/31/2016,32.7,,,,6/7/2017,32.7,,,,5/25/2018,32.7,,,,32.7,,,32.5,32.7,,33,,32.8,,32.9,,33,
SV,7,2748,2748,Acer rubrum,5/19/2010,6.2,0,,6/29/2011,6.5,0,,7/9/2012,6.6,0,,7/1/2013,6.6,0,,,6.6,,,7/7/2015,7,,,5/31/2016,6.9,,,,6/7/2017,6.8,,,,5/25/2018,6.8,,,,6.9,,,6.8,6.9,,6.9,,6.9,,7.1,,7,fallen - nearly dead
SV,7,2923*,2923,Acer rubrum,,,99,,,,99,,,,99,,7/1/2013,6.1,7,New 2013 Near 2722,,6.4,,,7/7/2015,6.5,,,5/31/2016,6.7,,Measured on bump 2016,New 2013 Near 2722; 2016 measure on bump,6/7/2017,6.8,,,New 2013 Near 2722; 2016 measure on bump,5/25/2018,6.7,,,,6.7,,,6.7,6.8,,6.9,New 2013 Near 2722; 2016 measure on bump,6.9,,6.9,,7,
SV,7,2924*,2924,Acer rubrum,,,99,,,,99,,,,99,,7/1/2013,7.7,7,"New 2013 Near 2727, bigger stem tagged",,8,,,7/7/2015,8,,,5/31/2016,8.2,,,"New 2013 Near 2727, bigger stem tagged",6/7/2017,8,,,"New 2013 Near 2727, bigger stem tagged",5/25/2018,8.1,,,,8.2,,,8.1,8.1,,8.3,"New 2013 Near 2727, bigger stem tagged",8.4,,8.3,,8.3,
SV,7,2925*,2925,Acer rubrum,,,99,,,,99,,,,99,,7/1/2013,6.1,7,New 2013 Near 2742 & 2744,,6.2,,,7/7/2015,6.4,,,5/31/2016,6.6,,,New 2013 Near 2742 & 2744,6/7/2017,6.4,,,New 2013 Near 2742 & 2744,5/25/2018,6.5,,,,6.5,,,6.6,6.5,,6.6,New 2013 Near 2742 & 2744,6.5,,6.6,,6.5,
SV,8,2683,2683,Acer rubrum,5/19/2010,6.2,0,,6/29/2011,6.1,1,,7/9/2012,6.3,0,,7/1/2013,6.3,0,,,6.3,,,7/7/2015,6.3,,,5/31/2016,6.3,,,,6/7/2017,6.3,,,,5/25/2018,6.3,,,,6.4,,,6.3,6.6,,no measurement,,6.5,broken at top but alive,7,"fallen, still alive",7,
SV,8,2685,2685,Acer rubrum,5/19/2010,6.8,0,,6/29/2011,7.3,0,,7/9/2012,7.5,0,,7/1/2013,7.8,0,,,8,,,7/7/2015,8.3,,,5/31/2016,8.3,,,,6/7/2017,8.9,,,,5/25/2018,9,,,,0,,,,0,,0,2019 fell over under another tree,0,dead,0,,0,
SV,8,2686,2686,Acer rubrum,5/19/2010,9.5,0,,6/29/2011,9.5,0,,7/9/2012,9.5,0,,7/1/2013,9.6,0,,,9.5,,,7/7/2015,9.5,,,5/31/2016,9.5,,,,6/7/2017,0,,dead,2017 dead,5/25/2018,0,,,,0,,,,0,,0,2017 dead,0,dead,0,,0,
SV,8,2687,2687,Acer rubrum,5/19/2010,10.8,0,,6/29/2011,11.3,0,,7/9/2012,11.6,0,2012 tree split at nail,7/1/2013,11.6,0,,,12,,,7/7/2015,12.3,,,5/31/2016,12.5,,,2012 tree split at nail,6/7/2017,13,,,2012 tree split at nail,5/25/2018,13.3,,,,14.1,,,14,14.7,"2021 real meas., bump",15.4,"2012 tree split at nail; 2021 real, bump",15.7,,16.3,,16.7,
SV,8,2690,2690,Acer rubrum,5/19/2010,12.2,0,,6/29/2011,12.7,0,,7/9/2012,13,0,,7/1/2013,13.1,0,,,13.4,,,7/7/2015,13.7,,,5/31/2016,13.9,,,,6/7/2017,14.1,,,,5/25/2018,14.5,,,,15.2,,,15.2,15.7,,16,2022 tag missing determined to be next to 2689 growing out of it's roots,16.1,tag still missing,16.5,no tag,16.7,
SV,8,2691,2691,Acer rubrum,5/19/2010,6.6,0,,6/29/2011,6.7,0,,7/9/2012,6.7,0,,7/1/2013,6.8,0,,,6.8,,,7/7/2015,7,,,5/31/2016,7.1,,,,6/7/2017,0,,fell over,2017 fell over,5/25/2018,0,,,,0,,,,0,Dead 2021,0,2017 fell over; 2021 dead,0,dead,0,,0,
SV,8,2692,2692,Acer rubrum,5/19/2010,13.2,0,,6/29/2011,13.8,0,,7/9/2012,14,0,,7/1/2013,14.2,0,,,14.5,,,7/7/2015,14.8,,,5/31/2016,14.9,,,,6/7/2017,15.5,,,,5/25/2018,16.1,,,,17.3,,,17.1,17.9,,18,,18,,18,meas. under bump,18.2,
SV,8,2694,2694,Acer rubrum,5/19/2010,8.5,0,,6/29/2011,8.7,0,,7/9/2012,8.7,0,,7/1/2013,8.8,0,,,9,,,7/7/2015,9.2,,,5/31/2016,9.2,,,,6/7/2017,9.5,,,,5/25/2018,9.6,,,,10.1,,,9.8,10.3,,10.8,,11,,11.3,,11.5,
SV,8,2695,2695,Acer rubrum,5/19/2010,18.9,0,,6/29/2011,19.2,0,,7/9/2012,19.4,0,,7/1/2013,19.8,0,,,19.7,,,7/7/2015,20.2,,,5/31/2016,20.5,,,,6/7/2017,20.9,,,,5/25/2018,21.5,,,,22.4,,,,22.9,,23.7,,24.4,,25.1,,25.2,
SV,8,2696,2696,Acer rubrum,5/19/2010,20.4,0,,6/29/2011,20.8,0,,7/9/2012,21.1,0,,7/1/2013,21.1,0,,,21.1,,,7/7/2015,21.4,,,5/31/2016,21.3,,,,6/7/2017,21.8,,,,5/25/2018,21.6,,2018 real measure,,22.1,,,22.4,22.4,,22.6,2018 real measure,22.6,,22.9,,23.1,
SV,8,2697,2697,Acer rubrum,5/19/2010,8,0,,6/29/2011,8.1,0,,7/9/2012,8.1,0,,7/1/2013,,999,"2013 fallen, dead",,0,,,7/7/2015,0,,,5/31/2016,0,,,"2013 fallen, dead",6/7/2017,0,,,"2013 fallen, dead",5/25/2018,0,,,,0,,,,0,Dead 2021,0,"2013 fallen, dead",0,dead,0,,0,
SV,8,2698,2698,Acer rubrum,5/19/2010,14,0,,6/29/2011,14.3,0,,7/9/2012,14.5,0,,7/1/2013,14.5,0,,,14.6,,,7/7/2015,14.8,,,5/31/2016,15,,,,6/7/2017,15.2,,,,5/25/2018,15.3,,,,15.7,,,15.6,15.9,,16.1,,16.5,,16.4,flaky bark,16.6,
SV,8,2701,2701,Acer rubrum,5/19/2010,9.5,0,,6/29/2011,9.8,0,,7/9/2012,9.7,1,,7/1/2013,9.7,0,,,9.7,,,7/7/2015,9.9,,,5/31/2016,10.1,,,,6/7/2017,10,,,,5/25/2018,10,,,,10.1,,,10.3,10.3,,10.1,,10.2,,10.4,,10.5,
SV,8,2703,2703,Acer rubrum,5/19/2010,30.2,0,,6/29/2011,30.6,0,,7/9/2012,31,0,,7/1/2013,31.1,0,,,31.4,,,7/7/2015,31.7,,,5/31/2016,32,,,,6/7/2017,32.8,,,,5/25/2018,32.9,,,,33.9,,,33,34.9,,35.6,,36.1,,36.8,knot under nail,37.3,
SV,8,2704,2704,Acer rubrum,5/19/2010,12.6,0,,6/29/2011,12.9,0,,7/9/2012,12.9,0,,7/1/2013,13.1,0,,,13.2,,,7/7/2015,13.3,,,5/31/2016,13.3,,Changed 2015 from 133 to 13.3,,6/7/2017,13.5,,,,5/25/2018,13.4,,2018 real measure,,13.7,,,13.7,13.9,,13.9,2018 real measure,13.9,,14.1,,14.3,
SV,8,2706,2706,Acer rubrum,5/19/2010,19.7,0,,6/29/2011,20,0,,7/9/2012,20.1,0,,7/1/2013,20.3,0,,,20.5,,,7/7/2015,20.6,,,5/31/2016,20.8,,,,6/7/2017,21.1,,,,5/25/2018,21.2,,,,21.6,,,21.8,22,,22.1,,22.5,,22.9,,23.2,
SV,8,2707,2707,Acer rubrum,5/19/2010,21.9,0,,6/29/2011,22.1,0,,7/9/2012,22.3,0,,7/1/2013,22.2,1,,,22.6,,,7/7/2015,22.7,,,5/31/2016,22.8,,,,6/7/2017,23.1,,,,5/25/2018,23.3,,,,23.6,,,23.5,23.9,Tag tight,24.2,2021 tag is tight,24.5,,24.9,,25.1,
SV,8,2708,2708,Acer rubrum,5/19/2010,14.1,0,,6/29/2011,14.4,0,,7/9/2012,14.7,0,,7/1/2013,14.8,0,,,14.9,,,7/7/2015,15,,,5/31/2016,15.1,,,,6/7/2017,15.2,,,,5/25/2018,15.3,,,,15.5,,,15.6,15.6,,15.7,,0,dead,0,,0,
SV,8,2712,2712,Acer rubrum,5/19/2010,17.6,0,,6/29/2011,18.1,0,,7/9/2012,18.2,0,,7/1/2013,18.5,0,,,18.8,,,7/7/2015,19,,,5/31/2016,19.2,,,,6/7/2017,19.5,,,,5/25/2018,19.8,,,,20.3,,,20.7,20.6,,20.9,,21.2,,21.8,,22,
SV,8,2713,2713,Acer rubrum,5/19/2010,6.5,0,,6/29/2011,6.8,0,,7/9/2012,7,0,,7/1/2013,7,0,,,7.1,,,7/7/2015,7.2,,,5/31/2016,7.2,,,,6/7/2017,7.3,,,,5/25/2018,7.5,,,,7.6,,,7.4,7.8,,8,,8.2,,8.5,,8.6,
SV,8,2714,2714,Acer rubrum,5/19/2010,11.8,0,,6/29/2011,12.3,0,,7/9/2012,12.5,0,,7/1/2013,12.7,0,,,13.1,,,7/7/2015,13.3,,,5/31/2016,13.6,,,,6/7/2017,14,,,,5/25/2018,14.5,,,,15.6,,,15.6,15.9,,16.3,,16.9,,17.7,engulfed tag,18.3,
SV,8,2716,2716,Acer rubrum,5/19/2010,8.6,0,,6/29/2011,8.9,0,,7/9/2012,9,0,,7/1/2013,9.1,0,,,9.4,,,7/7/2015,9.5,,,5/31/2016,9.6,,,,6/7/2017,9.8,,,,5/25/2018,10,,,,10.5,,,10.5,10.7,"Fallen over, living shoots",10.6,"2021 fallen over, but living shoots",10.8,,10.7,"fallen, still alive",10.9,
SV,8,2930*,2930,Acer rubrum,,,99,,,,99,,,,99,,7/1/2013,6.8,7,New 2013 Near 2712,,6.9,,,7/7/2015,6.9,,,5/31/2016,6.9,,,New 2013 Near 2712,6/7/2017,6.9,,top dying,New 2013 Near 2712; 2017 top dying,5/25/2018,6.9,,,,6.9,,,,0,Dead 2021,0,New 2013 Near 2712; 2017 top dying; 2021 dead,0,dead,0,,0,
SV,8,2932*,2932,Acer rubrum,,,99,,,,99,,,,99,,7/1/2013,6.3,7,New 2013 Near 2711,,6.5,,,7/7/2015,6.5,,,5/31/2016,6.4,,,New 2013 Near 2711,6/7/2017,0,,dead,New 2013 Near 2711; 2017 dead,5/25/2018,0,,"2018 new sprout, main stem dead",,0,,,,0,Dead 2021,0,"New 2013 Near 2711; 2017 dead; 2018 new sprout, main stem dead; 2021 dead",0,dead,0,,0,
SV,9,2785,2785,Acer rubrum,5/19/2010,98.3,0,,6/29/2011,99.6,0,,7/6/2012,100.3,0,,7/1/2013,96.3,1,2013 large chunk of bark fell off,,97,,,7/7/2015,97.4,,,5/31/2016,97.7,,,2013 large chunk of bark fell off,6/7/2017,98.4,,,2013 large chunk of bark fell off,5/25/2018,99,,,,0,,,,0,Dead 2021,0,"2013 large chunk of bark fell off, 2019 dead",0,dead,0,,0,
SV,9,2790,2790,Acer rubrum,5/19/2010,28.8,0,,6/29/2011,29.8,0,,7/6/2012,30.2,0,,7/1/2013,30.6,0,,,31.3,,,7/7/2015,31.7,,,5/31/2016,32.1,,,,6/7/2017,32.2,,,,5/25/2018,32.6,,,,33.4,,,33.2,33.6,,34.1,,34.2,,34.7,,34.8,
SV,10,2807,2807,Acer rubrum,5/19/2010,28.2,0,,6/29/2011,28.7,0,,7/6/2012,28.9,0,,7/1/2013,29,0,,,29.4,,,7/7/2015,29.7,,,5/31/2016,29.9,,,,6/7/2017,30.2,,,,5/25/2018,30.6,,,,31.3,,,31.3,31.7,,31.8,,32.3,,32.5,,32.9,
SV,10,2810,2810,Acer rubrum,5/19/2010,22.9,0,,6/29/2011,22.9,0,,7/6/2012,22.9,0,,7/1/2013,22.9,0,,,23,,,7/7/2015,23,,,5/31/2016,23.2,,,,6/7/2017,23.1,,,,5/25/2018,22.9,,2018 real measure,,23.6,,,22.9,0,Dead 2021,0,2018 real measure; 2021 dead,0,dead,0,,0,
SV,10,2811,2811,Acer rubrum,5/19/2010,47.8,6,,6/29/2011,48.1,6,,7/6/2012,48.1,6,2012 outside plot?,7/1/2013,48.1,6,2013 yes outside,,48.2,,,7/7/2015,48.2,,,5/31/2016,48.4,,,2012 outside plot?; 2013 yes outside,6/7/2017,48.3,,,2012 outside plot?; 2013 yes outside,5/25/2018,48.2,,,,48.4,,,48.5,48.4,Outside plot,48.4,2012 outside plot?; 2013 yes outside,48.8,,48.6,flaky bark,48.9,
SV,11,2827,2827,Acer rubrum,5/19/2010,29.2,0,,6/29/2011,29.8,0,,7/6/2012,29.9,0,,7/1/2013,30.1,0,,,30.3,,,7/7/2015,30.6,,,5/31/2016,30.8,,,,6/7/2017,31,,,,5/25/2018,31.1,,,,31.4,,,31.6,31.7,,31.9,,32.1,,32.5,,32.6,
SV,11,2830,2830,Acer rubrum,5/19/2010,5.7,5,,6/29/2011,6,0,,7/6/2012,6.2,0,,7/1/2013,6.2,0,,,6.3,,,7/7/2015,6.4,,,5/31/2016,6.9,,,,6/7/2017,6.6,,real meas.,2017 real meas,5/25/2018,6.6,,,,6.7,,,6.8,6.8,,6.9,2017 real meas,7.1,,7.2,,7.3,
SV,11,2836,2836,Acer rubrum,5/19/2010,40.4,0,,6/29/2011,41.1,0,,7/6/2012,41.5,0,,7/1/2013,41.6,0,,,42.3,,,7/7/2015,42.8,,,5/31/2016,43.1,,,,6/7/2017,43.8,,,,5/25/2018,43.8,,,,44.4,,,44.7,45.1,"Tag fell on ground, empty nail hole marked with carved cross",45.8,"2021Tag fell on ground, empty nail hole marked with carved cross, 2022 tag lost tree indicated by pink flag in front",46.4,"tag+nail missing, next to 2837, red maple",47,"tag still missing, nail present",47.5,tag still missing
SV,11,2865,2865,Acer rubrum,5/19/2010,27.6,0,,6/29/2011,27.8,0,,7/6/2012,27.7,1,,7/1/2013,27.9,0,,,28,,,7/7/2015,28.1,,,5/31/2016,28.3,,,,6/7/2017,28.4,,,,5/25/2018,28.4,,,,28.6,,,28.7,28.8,,28.9,,29,,29.2,,29.3,
SV,11,2875,2875,Acer rubrum,5/19/2010,18.9,0,,6/29/2011,19.2,0,,7/6/2012,19.7,0,,7/1/2013,19.7,0,2013 meas on top of bump,,19.6,,,7/7/2015,19.7,,,5/31/2016,19.8,,,2013 meas on top of bump; 2014 measured under bump,6/7/2017,20.3,,,2013 meas on top of bump; 2014 measured under bump,5/25/2018,20,,2018 real measure,,20.3,,,20.8,20.6,,20.6,"2013 meas on top of bump; 2014 measured under bump; 2018 real measure, 2022 meas. on top of bump",20.4,over bump,20.9,,21,
SV,12,2877,2877,Acer rubrum,5/19/2010,21.5,0,,6/29/2011,21.5,0,,7/6/2012,21.5,0,,7/1/2013,21.4,1,2013 real meas,,21.4,,,7/7/2015,21.4,,,5/31/2016,21.4,,,2013 real meas,6/7/2017,21.4,,,2013 real meas,5/25/2018,21.4,,,,21.6,,,21.5,21.3,2021 real meas.,0,"2013 real meas; 2021 real, 2022 dead",0,dead,0,,0,
SV,12,2878,2878,Acer rubrum,5/19/2010,38.9,1,,6/29/2011,38.6,0,,7/6/2012,39.1,0,,7/1/2013,38.7,1,2013 weird tree,,39.5,,,7/7/2015,39.5,,,5/31/2016,40,,Over bark protrusion,2013 weird tree; 2016 meas over bark protrusion,6/7/2017,40.2,,,2013 weird tree; 2016 meas over bark protrusion,5/25/2018,40.5,,2018 over bark protrusion,,41.2,,,40.3,40.4,,41.4,2013 weird tree; 2016 meas over bark protrusion; 2018 over bark protrusion,41.8,,41.9,hollow,42,
SV,12,2885,2885,Acer rubrum,5/19/2010,57.4,0,,6/29/2011,59.4,0,,7/6/2012,59.5,0,,7/1/2013,59.6,0,,,60.4,,,7/7/2015,61.3,,,5/31/2016,61.9,,,,6/7/2017,62.2,,,,5/25/2018,63,,,,64.1,,,64.1,64.8,,66.1,,66.4,,68.1,flaky,68.8,
SV,12,2886,2886,Acer rubrum,5/19/2010,18,0,,6/29/2011,18.2,0,,7/6/2012,18.3,0,,7/1/2013,18.3,0,,,18.2,,,7/7/2015,18.3,,,5/31/2016,18.4,,,,6/7/2017,18.4,,,,5/25/2018,18.4,,,,19.1,,,18.4,18.5,,18.5,,18.5,,18.5,,18.5,
SV,12,2910,2910,Acer rubrum,5/19/2010,62.8,0,,6/29/2011,63.9,0,,7/6/2012,64.5,0,,7/1/2013,65,0,,,66.2,,,7/7/2015,66.8,,,5/31/2016,67,,,,6/7/2017,67.3,,,,5/25/2018,68.1,,,,69.3,,,68.9,69.2,,69.7,,70.4,,71.4,,71.8,
SV,12,2913,2913,Acer rubrum,5/19/2010,43,0,,6/29/2011,43.8,0,,7/6/2012,44.3,0,,7/1/2013,44.5,0,,,45.2,,,7/7/2015,46,,,5/31/2016,46.4,,,,6/7/2017,46.9,,,,5/25/2018,47.1,,,,47.9,,,47.7,48.2,,48.7,,49.3,,50.1,,50.4,
PC,1,458,458,Acer saccharum,5/4/2010,17.4,0,,6/15/2011,17.9,0,,6/25/2012,18.5,0,,6/27/2013,18.8,0,,7/2/2014,18.8,,,6/11/2015,18.9,,,5/19/2016,19,,,,6/9/2017,19.3,,,,5/16/2018,19.3,,scratched tag,,19.7,,tag worn,20,19.8,2021 real measure,20,"2018 scratched tag; 2021 real, 2022 tag scratched",20,"scratched tag, measured over bump",20.4,,20.3,weird bump
PC,1,459,459,Acer saccharum,5/4/2010,13.9,0,,6/15/2011,14,0,,6/25/2012,14.2,0,,6/27/2013,14.3,0,,7/2/2014,14.3,,,6/11/2015,14.3,,,5/19/2016,14.4,,,,6/9/2017,14.3,,2017 measure over bump,2017 measure over bump,5/16/2018,14.4,,,,14.6,,,14.6,14.4,Bump reduced,14.3,2017 measure over bump; 2021 bump reduced,14.6,,14.3,small bump,14.4,larger bump
PC,1,460,460,Acer saccharum,5/4/2010,15,0,,6/15/2011,15.1,0,,6/25/2012,15.2,0,,6/27/2013,15.3,0,,7/2/2014,15.3,,,6/11/2015,15.3,,,5/19/2016,15.4,,,,6/9/2017,15.2,,2017 real meas.,2017 real meas.,5/16/2018,15.3,,,,15.5,,,15.4,15.4,,15.3,2017 real meas.,15.3,,15.4,,15.4,
PC,1,461,461,Acer saccharum,5/4/2010,36.2,0,,6/15/2011,36.2,0,,6/25/2012,36.6,0,,6/27/2013,36.8,0,,7/2/2014,37.2,,,6/11/2015,37.5,,,5/19/2016,37.5,,,,6/9/2017,37.7,,,,5/16/2018,37.8,,,,38.1,,,38.1,38.4,,38.5,,39.1,,39,,39,
PC,1,462,462,Acer saccharum,5/4/2010,25,0,,6/15/2011,25,0,,6/25/2012,25,0,,6/27/2013,25.1,0,,7/2/2014,25.5,,,6/11/2015,25.5,,,5/19/2016,25.5,,,,6/9/2017,25.4,,,,5/16/2018,25.4,,,,26.1,,,25.9,25.8,,25.5,,25.8,,25.7,,25.9,
PC,1,463,463,Acer saccharum,5/4/2010,11.1,0,,6/15/2011,11.1,0,,6/25/2012,11.2,0,,6/27/2013,11.2,0,,7/2/2014,11.2,,,6/11/2015,11.3,,,5/19/2016,11.3,,,,6/9/2017,11.3,,,,5/16/2018,11.2,,2018 real measure,,11.5,,,11.5,11.4,,11.3,2018 real measure,11.1,,11.4,standing dead,0,dead
PC,1,464,464,Acer saccharum,5/4/2010,28.5,0,,6/15/2011,28.7,0,,6/25/2012,28.8,0,,6/27/2013,29.2,0,,7/2/2014,29,,real measurement,6/11/2015,29,,,5/19/2016,29,,,2014 real meas.,6/9/2017,29.3,,,2014 real meas.,5/16/2018,29.2,,2018 real measure,,29.5,,,29.5,29.5,,29.4,2014 real measure; 2018 real measure,29.6,,29.8,measure over bump,29.8,
PC,1,465,465,Acer saccharum,5/4/2010,6.4,0,,6/15/2011,6.5,0,,6/25/2012,6.5,0,,6/27/2013,6.4,1,2013 real meas.,7/2/2014,6.5,,,6/11/2015,6.6,,,5/19/2016,6.6,,,2013 real meas.,6/9/2017,6.7,,,2013 real meas.,5/16/2018,6.7,,2018 branch by nail,,6.9,,,6.9,7,,6.7,"2013 real measure; 2018 branch by nail, 2022 real meas.",6.6,,6.6,,6.7,meas. w/o bump
PC,1,466,466,Acer saccharum,5/4/2010,19.8,0,2010 trunk has many holes,6/15/2011,20.1,0,,6/25/2012,20.3,0,,6/27/2013,20.4,0,,7/2/2014,20.4,,,6/11/2015,20.4,,,5/19/2016,20.5,,,2010 trunk has many holes,6/9/2017,20.5,,,2010 trunk has many holes,5/16/2018,20.5,,2018 scratched tag,,20.5,,tag worn,20.4,0,Dead 2021,0,2010 trunk has many holes; 2018 scratched tag; 2021 dead,0,dead,0,,0,
PC,1,468,468,Acer saccharum,5/4/2010,24.3,0,,6/15/2011,24.5,0,,6/25/2012,24.8,0,,6/27/2013,24.9,0,,7/2/2014,25.1,,,6/11/2015,25.1,,,5/19/2016,25.2,,,,6/9/2017,25.2,,,,5/16/2018,25.3,,,,25.4,,,25.8,25.7,,25.5,,25.6,,25.8,,25.9,
PC,1,470,470,Acer saccharum,5/4/2010,24.6,0,,6/15/2011,24.8,0,,6/25/2012,25,0,,6/27/2013,25.3,0,,7/2/2014,25.2,,real measurement,6/11/2015,25.2,,,5/19/2016,25.4,,,2014 real meas.,6/9/2017,25.6,,,2014 real meas.,5/16/2018,25.4,,"2018 scratched tag, real measure",,25.9,,,25.9,26.1,,26.2,"2014 real measure; 2018 scratched tag, real measure, 2022 scratched tag",26.7,scratched tag ,26.6,,26.7,
PC,1,471,471,Acer saccharum,5/4/2010,16.4,0,,6/15/2011,16.5,0,,6/25/2012,16.6,0,,6/27/2013,16.6,0,,7/2/2014,16.6,,,6/11/2015,16.6,,,5/19/2016,16.6,,,,6/9/2017,16.7,,,,5/16/2018,16.6,,2018 scratched tag  ,,16.8,,,16.7,16.7,,16.6,2018 scratched tag,16.9,,16.7,,16.7,needs new tag
PC,1,472,472,Acer saccharum,5/4/2010,27.8,0,,6/15/2011,28,0,,6/25/2012,28.3,0,,6/27/2013,28.4,0,,7/2/2014,28.5,,,6/11/2015,28.6,,,5/19/2016,28.7,,,,6/9/2017,28.8,,,,5/16/2018,28.7,,,,29.7,,,29.9,29.3,2021 real measure,29.3,2021 real measure,29.9,,29.6,,29.7,
PC,1,473,473,Acer saccharum,5/4/2010,23.8,0,,6/15/2011,24.1,0,,6/25/2012,24.4,0,,6/27/2013,24.4,0,,7/2/2014,24.6,,,6/11/2015,24.6,,,5/19/2016,24.9,,,,6/9/2017,24.6,,,,5/16/2018,24.6,,,,25,,,24.8,24.8,,24.7,,25.1,,25,,25,
PC,1,474,474,Acer saccharum,5/4/2010,10,0,,6/15/2011,10,0,,6/25/2012,10.1,0,,6/27/2013,10.4,0,,7/2/2014,10.2,,real measurement,6/11/2015,10.2,,,5/19/2016,10.3,,,2014 real meas.,6/9/2017,10.4,,,2014 real meas.,5/16/2018,10.4,,,,10.4,,,10.8,10.6,,10.5,2014 real measure,11.2,,11.5,over knot,11.4,
PC,1,475,475,Acer saccharum,5/4/2010,23.8,0,,6/15/2011,24.4,0,,6/25/2012,24.7,0,,6/27/2013,24.8,0,,7/2/2014,25.2,,,6/11/2015,25.5,,,5/19/2016,25.4,,2016 real meas.,2016 real meas.,6/9/2017,25.7,,,2016 real meas.,5/16/2018,25.7,,,,26.1,,,26.2,26.2,,26.2,"2016 real measure, 2022 tag embedded",26.5,,26.9,on tag scar,27.1,
PC,1,476,476,Acer saccharum,5/4/2010,10.6,0,,6/15/2011,10.8,0,,6/25/2012,11,0,,6/27/2013,10.9,1,2013 real meas. ,7/2/2014,10.9,,,6/11/2015,11,,,5/19/2016,11,,,2013 real meas. ,6/9/2017,11.1,,,2013 real meas. ,5/16/2018,11.1,,,,11.4,,,11.2,11.2,,11.2,"2013 real measure, 2022 scratched tag",11.3,,11.4,,11.4,"meas. on bump, but bump is now above tag"
PC,1,480,480,Acer saccharum,5/4/2010,13,0,,6/15/2011,13.5,0,,6/25/2012,13.9,0,,6/27/2013,14.1,0,,7/2/2014,14.3,,,6/11/2015,14.5,,,5/19/2016,14.7,,,,6/9/2017,14.9,,,,5/16/2018,15.1,,,,15.4,,,15.5,15.8,Fallen but stil rooted,15.8,"2021 fallen but still rooted, 2022 fallen and tagless",15.9,"fallen and tagless, still alive",0,fallen dead,0,
PC,1,482,482,Acer saccharum,5/4/2010,25.3,0,,6/15/2011,25.3,0,,6/25/2012,25.5,0,,6/27/2013,25.7,0,2013 meas. on slant between knots,7/2/2014,26,,,6/11/2015,26.1,,,5/19/2016,26.5,,scratched tag,"2013 meas. on slant between knots, 2016 scratched tag",6/9/2017,26.2,,,"2013 meas. on slant between knots, 2016 scratched tag",5/16/2018,26.3,,,,27.1,,,27.6,0,Dead 2021,0,"2013 meas. on slant between knots, 2016 scratched tag; 2021 dead",0,dead,0,,0,
PC,1,483,483,Acer saccharum,5/4/2010,27.8,0,,6/15/2011,28.2,0,,6/25/2012,28.6,0,,6/27/2013,28.7,0,,7/2/2014,28.7,,,6/11/2015,28.7,,,5/19/2016,28.9,,,,6/9/2017,29.1,,,,5/16/2018,29.3,,,,29.8,,,30.3,29.6,,29.6,,29.6,measured over knot,30,,30,
PC,1,485,485,Acer saccharum,5/4/2010,43.9,0,,6/15/2011,44,0,,6/25/2012,44.6,0,,6/27/2013,44.7,0,2013  main stem only,7/2/2014,45.3,,,6/11/2015,45.3,,,5/19/2016,45.3,,,2013  main stem only,6/9/2017,45.3,,,2013  main stem only,5/16/2018,51,,"2018 both stems measured, grown together no space.",,51.6,,,52.7,45.2,Main stem only ,45.9,"2013 main stem only; 2021 main stem only, 2022 main stem only",45.6,,46.3,other stem dead,46,difficult to measure
PC,1,486*,486,Acer saccharum,5/4/2010,38.9,0,,6/15/2011,39,0,,6/25/2012,39.3,0,,6/27/2013,39.3,0,,7/2/2014,39.6,,,6/11/2015,39.9,,,5/19/2016,40.1,,,,6/9/2017,40.4,,,,5/16/2018,40.1,,2018 real measure,,40.6,,,41.2,40.8,,41,2018 real measure,41.3,,41.7,,41.8,
PC,1,487*,487,Acer saccharum,5/4/2010,25.2,0,,6/15/2011,25.3,0,,6/25/2012,25.5,0,,6/27/2013,25.7,0,,7/2/2014,25.9,,,6/11/2015,25.6,,,5/19/2016,25.8,,,,6/9/2017,26.2,,,,5/16/2018,26,,2018 real measure,,26.4,,,26.7,26.4,,26.5,2018 real measure,26.6,,26.7,,26.8,
PC,2,488,488,Acer saccharum,5/4/2010,63.2,0,,6/15/2011,63.4,0,,6/25/2012,64,0,,6/27/2013,64,0,,7/2/2014,64.3,,,6/11/2015,64.5,,,5/19/2016,64.8,,scratched tag,2016 scratched tag,6/9/2017,65.1,,,2016 scratched tag,5/17/2018,65.2,,,,65.5,,,65.6,65.7,,66,"2016 scratched tag, 2022 scratched tag",66.4,,66.7,,66.7,tag okay
PC,2,490,490,Acer saccharum,5/4/2010,21.1,0,,6/15/2011,21.4,0,,6/25/2012,21.6,0,,6/27/2013,21.6,0,,7/2/2014,21.8,,,6/11/2015,22.1,,,5/19/2016,22.2,,,,6/9/2017,22.5,,,,5/17/2018,22.4,,2018 real measure,,22.5,,,22.9,22.8,,22.8,2018 real measure,22.9,,23.1,,23.1,
PC,2,492,492,Acer saccharum,5/4/2010,8.1,0,,6/15/2011,8.2,0,,6/25/2012,8.3,0,,6/27/2013,8.3,0,,7/2/2014,8.4,,,6/11/2015,8.6,,,5/19/2016,0,,died and top killed,2016 died and top killed,6/9/2017,0,,,2016 died and top killed,5/17/2018,0,,,,0,,,0,0,,0,2016 died and top killed,0,dead,0,dead,0,
PC,2,496,496,Acer saccharum,5/4/2010,5.8,5,,6/15/2011,6,0,,6/25/2012,6.3,0,,6/27/2013,6.3,0,,7/2/2014,6.5,,,6/11/2015,6.6,,,5/19/2016,6.7,,,,6/9/2017,6.8,,,,5/17/2018,6.7,,,,6.9,,,6.9,6.9,,7.1,,7.2,,7.3,,7.5,
PC,2,500,500,Acer saccharum,5/4/2010,8.7,0,,6/15/2011,9.1,0,,6/25/2012,9.3,0,,6/27/2013,9.3,0,,7/2/2014,9.6,,,6/11/2015,9.7,,,5/19/2016,9.7,,,,6/9/2017,10,,,,5/17/2018,9.9,,,,10.2,,,10.1,10.2,,10.3,,10.2,,10.2,,10.2,
PC,2,504,504,Acer saccharum,5/4/2010,8.4,0,,6/15/2011,8.9,0,,6/25/2012,9.1,0,,6/27/2013,9.4,0,,7/2/2014,9.6,,,6/11/2015,9.8,,,5/19/2016,10,,top killed,2016 top killed,6/9/2017,10.3,,,2016 top killed,5/17/2018,10.3,,,,10.7,,,10.9,11,,11.2,"2016 top killed, 2022 tag embedded",11.4,,11.6,tag getting swallowed,11.9,
PC,2,505,505,Acer saccharum,5/4/2010,10.3,0,,6/15/2011,10.3,0,,6/25/2012,10.3,0,,6/27/2013,10.4,0,,7/2/2014,10.4,,,6/11/2015,0,,,5/19/2016,0,,,,6/9/2017,0,,,,5/17/2018,0,,,,0,,,0,0,,0,,0,dead,0,,0,
PC,2,507,507,Acer saccharum,5/4/2010,10.6,0,,6/15/2011,11,0,,6/25/2012,11.2,0,,6/27/2013,11.4,0,,7/2/2014,11.9,,,6/11/2015,12.1,,,5/19/2016,12.3,,,,6/9/2017,12.6,,,,5/17/2018,12.6,,,,12.7,,,12.7,12.9,,12.9,,13.2,,13.1,bump under tag,13.1,
PC,2,508,508,Acer saccharum,5/4/2010,25.1,0,,6/15/2011,25.3,0,,6/25/2012,25.6,0,,6/27/2013,25.8,0,,7/2/2014,26,,,6/11/2015,26.2,,,5/19/2016,26.3,,,,6/9/2017,26.7,,,,5/17/2018,26.6,,,,27,,,27,27.2,,27.2,,27.2,,27.5,,27.6,
PC,2,509,509,Acer saccharum,5/4/2010,7.9,0,,6/15/2011,8.1,0,,6/25/2012,8.1,0,,6/27/2013,8.5,0,,7/2/2014,8.5,,,6/11/2015,8.5,,,5/19/2016,8.5,,,,6/9/2017,8.7,,,,5/17/2018,8.6,,,,8.8,,,8.8,8.9,,8.7,,8.9,,8.8,,0,dead
PC,2,510,510,Acer saccharum,5/4/2010,21,0,,6/15/2011,21.4,0,,6/25/2012,21.7,0,,6/27/2013,21.8,0,,7/2/2014,22,,,6/11/2015,22.2,,,5/19/2016,22.3,,,,6/9/2017,22.9,,,,5/17/2018,22.5,,,,22.9,,,23.2,23.1,,23.2,,23.4,,23.5,,23.5,
PC,2,513,513,Acer saccharum,5/4/2010,11.1,0,,6/15/2011,11.5,0,,6/25/2012,11.3,1,,6/27/2013,11.4,0,,7/2/2014,11.6,,,6/11/2015,11.7,,,5/19/2016,11.9,,,,6/9/2017,12,,,,5/17/2018,12.1,,,,12.4,,,12.1,12.2,,12.5,,12.7,measured above the stump,12.4,,12.6,
PC,2,514*,514,Acer saccharum,5/4/2010,11.5,0,,6/15/2011,11.7,0,,6/25/2012,11.8,0,,6/27/2013,12,0,,7/2/2014,12.2,,,6/11/2015,12.4,,,5/19/2016,12.4,,,,6/9/2017,12.7,,,,5/17/2018,12.7,,,,12.9,,,12.9,13.1,,13.2,,13.2,,13.4,,13.5,
PC,2,516,516,Acer saccharum,5/4/2010,8.3,0,,6/15/2011,8.7,0,,6/25/2012,8.6,0,,6/27/2013,8.7,0,,7/2/2014,8.9,,,6/11/2015,9,,,5/19/2016,9,,,,6/9/2017,9,,,,5/17/2018,9,,,,9.4,,,9.1,9.2,,9.2,,9.2,,9.5,,9.5,
PC,2,518,518,Acer saccharum,5/4/2010,9.9,0,,6/15/2011,9.9,0,,6/25/2012,10,0,,6/27/2013,10,0,,7/2/2014,10,,,6/11/2015,10.1,,,5/19/2016,10.1,,,,6/9/2017,10.1,,,,5/17/2018,10,,2018 real measure,,10.1,,,10.1,10.2,,10.1,2018 real measure,10.1,,10.2,,10.2,
PC,2,522,522,Acer saccharum,5/4/2010,15,0,,6/15/2011,15.6,0,,6/25/2012,16,0,,6/27/2013,16.6,0,2013 main trunk only,7/2/2014,16.8,,,6/11/2015,17.2,,,5/19/2016,17.5,,,2013 main trunk only,6/9/2017,17.7,,,2013 main trunk only,5/17/2018,17.6,,2018 real measure,,18,,,18.1,18.4,Tipped over but rooted,18.1,"2013 main trunk only; 2018 real measure; 2021 tipped over but rooted, 2022 fallen but still alive",18.5,tipped over but still alive,0,dead,0,
PC,2,975*,975,Acer saccharum,,,99,,,,99,,,,99,,6/27/2013,5.9,5,2013 new Near 498,7/2/2014,6,,,6/11/2015,6.1,,,5/19/2016,6.3,,,2013 new Near 498,6/9/2017,6.5,,,2013 new Near 498,5/17/2018,6.5,,,,6.7,,,6.6,6.8,,6.8,2013 new Near 498,6.8,,7,,7.1,
PC,3,558,558,Acer saccharum,5/4/2010,10.2,0,,6/15/2011,10.3,0,,6/25/2012,10.4,0,,6/27/2013,10.5,0,,7/2/2014,10.6,,,6/11/2015,10.7,,,5/19/2016,11.2,,,,6/9/2017,10.4,,2017 real meas.,2017 real meas.,5/17/2018,10.8,,,,11,,,11.1,11.1,,11,2017 real meas.,11.1,,11.1,,11.2,
PC,3,559,559,Acer saccharum,5/4/2010,6.6,0,,6/15/2011,6.9,0,,6/25/2012,7,0,,6/27/2013,7,0,,7/2/2014,7.1,,,6/11/2015,7.2,,,5/19/2016,7.2,,,,6/9/2017,7.3,,,,5/17/2018,7.3,,,,7.3,,,7.3,7.4,,7.4,,7.5,,7.5,,7.5,meas. on bump
PC,3,560,560,Acer saccharum,5/4/2010,25.1,0,,6/15/2011,25.1,0,,6/25/2012,25.1,0,,6/27/2013,25.2,0,,7/2/2014,25.2,,,6/11/2015,25.2,,,5/19/2016,25.2,,,,6/9/2017,25.2,,,,5/17/2018,25,,,,25,,,25.2,0,Dead 2021,0,2021 dead,0,dead,0,fallen dead,0,
PC,3,561,561,Acer saccharum,5/4/2010,6,0,,6/15/2011,6.3,0,,6/25/2012,6.4,0,,6/27/2013,6.2,1,,7/2/2014,6.6,,,6/11/2015,6.6,,,5/19/2016,6.7,,,,6/9/2017,6.9,,,,5/17/2018,6.9,,,,7,,,7,7,,7,,7.1,,7.1,,7.2,
PC,3,564,564,Acer saccharum,5/4/2010,12.6,0,,6/15/2011,12.7,0,,6/25/2012,12.6,1,,6/27/2013,,999,2013 dead,7/2/2014,0,,,6/11/2015,0,,,5/19/2016,0,,,2013 dead,6/9/2017,0,,,2013 dead,5/17/2018,0,,,,0,,,0,0,,0,2013 dead,0,dead,0,,0,
PC,3,566,566,Acer saccharum,5/4/2010,27.8,0,,6/15/2011,28.3,0,,6/25/2012,28.6,0,,6/27/2013,28.8,0,,7/2/2014,29,,,6/11/2015,29.3,,,5/19/2016,29.3,,,,6/9/2017,29.5,,,,5/17/2018,29.6,,,,30.3,,,30,30.1,,30.3,,30.5,,30.7,,30.8,
PC,3,567,567,Acer saccharum,5/4/2010,27,0,,6/15/2011,27.3,0,,6/25/2012,27.4,0,,6/27/2013,27.4,0,,7/2/2014,27.4,,,6/11/2015,27.6,,,5/19/2016,27.6,,,,6/9/2017,27.6,,,,5/17/2018,27.9,,,,27.8,,,28.1,27.9,,27.9,,27.9,,28.1,,28,
PC,3,569,569,Acer saccharum,5/4/2010,22.2,0,,6/15/2011,22.5,0,,6/25/2012,22.6,0,,6/27/2013,23,0,,7/2/2014,23,,,6/11/2015,23.1,,,5/19/2016,23.3,,,,6/9/2017,23.7,,,,5/17/2018,23.8,,,,24.1,,,24.5,24.5,,25,,25.3,,25.7,,25.9,
PC,3,570,570,Acer saccharum,5/4/2010,29.1,0,,6/15/2011,29.6,0,,6/25/2012,29.9,0,,6/27/2013,30.3,0,,7/2/2014,30.4,,,6/11/2015,30.5,,,5/19/2016,30.8,,,,6/9/2017,31.1,,,,5/17/2018,31.2,,,,31.7,,,31.7,31.7,,32.3,,33,,33.6,measured on bump,34,
PC,3,571,571,Acer saccharum,5/4/2010,20.6,0,,6/15/2011,20.8,0,,6/25/2012,20.8,0,,6/27/2013,21.1,0,,7/2/2014,22.5,,,6/11/2015,21.6,,2015: previous year probably should have been 21.5cm instead of 22.5cm,5/19/2016,21.8,,,2015 real meas.,6/9/2017,22,,,2015 real meas.,5/17/2018,22.2,,,,22.5,,,23.1,23.1,,23.8,"2015 real meas., 2022 tag needs fixed",24.1,tag missing,24.8,left of 570; tag missing,25.6,
PC,3,572,572,Acer saccharum,5/4/2010,7.1,0,2010 tree broken off 10-12 ft up,6/15/2011,7.1,0,,6/25/2012,7.1,0,,6/27/2013,,999,2013 dead,7/2/2014,0,,,6/11/2015,0,,,5/19/2016,0,,,2010 tree broken off 10-12 ft up; 2013 dead,6/9/2017,0,,,2010 tree broken off 10-12 ft up; 2013 dead,5/17/2018,0,,,,0,,,0,0,,0,2010 tree broken off 10-12 ft up; 2013 dead,0,dead,0,dead/not found,0,
PC,3,573,573,Acer saccharum,5/4/2010,16.2,0,,6/15/2011,16.5,0,,6/25/2012,16.7,0,,6/27/2013,16.9,0,,7/2/2014,17.3,,,6/11/2015,17.5,,,5/19/2016,17.5,,,,6/9/2017,17.8,,,,5/17/2018,18,,,,18.2,,,18.3,18.4,,19,,19,,19.2,,19.4,
PC,3,574,574,Acer saccharum,5/4/2010,30.8,0,,6/15/2011,31.5,0,,6/25/2012,32,0,,6/27/2013,32.3,0,,7/2/2014,32.4,,,6/11/2015,32.8,,,5/19/2016,32.9,,,,6/9/2017,33.5,,,,5/17/2018,33.3,,,,34,,,33.8,34.2,,34.7,2022 tag missing,34.8,tag still missing,35.2,tag eaten by tree?,35.6,
PC,3,576,576,Acer saccharum,5/4/2010,42.9,0,,6/15/2011,43.8,0,,6/25/2012,44.3,0,,6/27/2013,44.5,0,,7/2/2014,45,,,6/11/2015,45.5,,,5/19/2016,45.9,,,,6/9/2017,46.2,,,,5/17/2018,46.2,,,,46.9,,,47,47.1,,47.5,,47.6,tag needs loosened,47.8,,48,
PC,3,577,577,Acer saccharum,5/4/2010,9.1,0,,6/15/2011,9.5,0,,6/25/2012,10,0,,6/27/2013,10.2,0,,7/2/2014,10.4,,,6/11/2015,10.6,,,5/19/2016,10.7,,,,6/9/2017,10.9,,,,5/17/2018,10.8,,,,11.3,,,11.1,11.1,,11.3,,11,,11.3,,11.4,
PC,3,579,579,Acer saccharum,5/4/2010,32.4,0,,6/15/2011,32.7,0,,6/25/2012,33.5,0,,6/27/2013,33.7,0,,7/2/2014,33.9,,,6/11/2015,34.3,,,5/19/2016,34.5,,,,6/9/2017,34.7,,,,5/17/2018,34.6,,,,35,,,35,35,,35.2,2022 tag scratched,35.6,,35.6,,35.4,real meas.
PC,3,582,582,Acer saccharum,5/4/2010,32.1,0,,6/15/2011,32.6,0,,6/25/2012,32.8,0,,6/27/2013,33.2,0,,7/2/2014,33.3,,,6/11/2015,33.7,,,5/19/2016,33.8,,,,6/9/2017,33.9,,,,5/17/2018,33.9,,,,34.4,,,34.8,34.4,,34.8,,34.8,,34.8,,35,
PC,3,583,583,Acer saccharum,5/4/2010,6,0,,6/15/2011,6.4,0,,6/25/2012,6.4,0,,6/27/2013,6.4,0,,7/2/2014,6.6,,measure on bump,6/11/2015,6.6,,,5/19/2016,6.7,,,2014 measure on bump,6/9/2017,6.7,,,2014 measure on bump,5/17/2018,6.6,,,,6.9,,,6.9,6.8,,6.7,2014 measure on bump,6.6,,6.7,measured on bump,0,not found - missing in tornado mess
PC,3,979*,979,Acer saccharum,,,99,,,,99,,,,99,,6/27/2013,52.7,8,"New 2013 Near 569 & corner edge, 2013 may not be in plot because post was moved",7/2/2014,52.9,,,6/11/2015,53.5,,,5/19/2016,54,,,New 2013 Near 569 & corner edge; 2013 may not be in plot because post was moved,6/9/2017,54.5,,,New 2013 Near 569 & corner edge; 2013 may not be in plot because post was moved,5/17/2018,54.3,,,,55.2,,,55.2,55.9,,56.7,New 2013 Near 569 & corner edge; 2013 may not be in plot because post was moved,57.3,,58,,58.6,
PC,3,980*,980,Acer saccharum,,,99,,,,99,,,,99,,6/27/2013,6.9,7,New 2013 Near 577,7/2/2014,7.1,,,6/11/2015,7.2,,,5/19/2016,7.2,,,New 2013 Near 577,6/9/2017,7.2,,,New 2013 Near 577,5/17/2018,7.4,,,,7.3,,,7.3,7.4,,7.3,New 2013 Near 577,7.5,,7.6,,7.6,
PC,3,982*,982,Acer saccharum,,,99,,,,99,,,,99,,6/27/2013,5.9,5,2013 new Near 582,7/2/2014,6,,,6/11/2015,6.1,,,5/19/2016,6.3,,,2013 new Near 582,6/9/2017,6.4,,,2013 new Near 582,5/17/2018,6.3,,,,2.5,,,6.4,6.5,,6.5,2013 new Near 582,6.6,,6.6,,6.6,
PC,3,983*,983,Acer saccharum,,,99,,,,99,,,,99,,6/27/2013,18.4,8,New 2013 Near 582 & corner,7/2/2014,18.7,,,6/11/2015,19,,,5/19/2016,19.1,,,New 2013 Near 582 & corner,6/9/2017,19.5,,,New 2013 Near 582 & corner,5/17/2018,19.5,,,,20,,,19.8,19.9,,20,New 2013 Near 582 & corner,6.5,,20.4,2023 meas. wrong,0,"split, going to be dead"
PC,4,526,526,Acer saccharum,5/4/2010,6.9,0,,6/15/2011,7.4,0,,6/25/2012,7.7,0,,6/27/2013,8,0,,7/2/2014,8.7,,light gap from branch fall,6/11/2015,8.9,,,5/19/2016,8.9,,,2014 light gap from branch fall,6/9/2017,9.4,,,2014 light gap from branch fall,5/17/2018,9.3,,,,10.1,,,10.1,10.1,,10.3,2014 light gap from branch fall,10.5,,10.7,,10.7,
PC,4,527,527,Acer saccharum,5/4/2010,7.3,0,,6/15/2011,7.7,0,,6/25/2012,7.9,0,,6/27/2013,8,0,,7/2/2014,8.4,,light gap from branch fall,6/11/2015,8.5,,,5/19/2016,8.7,,,2014 light gap from branch fall,6/9/2017,8.7,,,2014 light gap from branch fall,5/17/2018,8.8,,,,9.1,,,9,9,,9,2014 light gap from branch fall,9,dying/dead,9,has leaves (regrowth?),9,
PC,4,528,528,Acer saccharum,5/4/2010,27.9,0,,6/15/2011,28.4,0,,6/25/2012,28.7,0,,6/27/2013,28.9,0,,7/2/2014,29.1,,,6/11/2015,29.9,,,5/19/2016,29.7,,2016 real meas.,2016 real meas.,6/9/2017,29.9,,,2016 real meas.,5/17/2018,29.8,,,,30.1,,,30.3,30.1,,32.1,"2016 real meas., 2022 tag scratched",30.4,,30.8,,30.8,
PC,4,529,529,Acer saccharum,5/4/2010,7.7,0,,6/15/2011,8,0,,6/25/2012,8.1,0,,6/27/2013,8.5,0,2013 real meas. ,7/2/2014,8.7,,,6/11/2015,8.9,,,5/19/2016,8.9,,,2013 real meas. ,6/9/2017,9,,,2013 real meas. ,5/17/2018,9.1,,,,9.5,,,9.4,9.6,,9.7,2013 real meas. ,9.8,,9.9,,10,
PC,4,530,530,Acer saccharum,5/4/2010,22.3,0,,6/15/2011,22.5,0,,6/25/2012,22.4,0,,6/27/2013,22.6,0,2013 meas. above snag that fell,7/2/2014,22.7,,snag no longer in the way,6/11/2015,23.1,,,5/19/2016,22.9,,2016 real meas.,2013 meas. above snag that fell; 2014 snag no longer in the way; 2016 real meas.,6/9/2017,22.9,,,2013 meas. above snag that fell; 2014 snag no longer in the way; 2016 real meas.,5/17/2018,22.9,,2018 tag scratched,,22.9,,tag worn,22.8,22.9,,23,"2016 real meas.; 2018 tag scratched, 2022 tag scratched unreadable",22.8,tag still scratched,23.1,,22.9,real meas.
PC,4,531,531,Acer saccharum,5/4/2010,6.2,0,,6/15/2011,6.4,0,,6/25/2012,6.4,0,,6/27/2013,6.5,0,,7/2/2014,6.7,,,6/11/2015,6.7,,,5/19/2016,6.7,,,,6/9/2017,6.8,,,,5/17/2018,6.6,,,,6.6,,,6.6,6.7,,6.7,,6.6,,6.8,leaning,6.8,meas. perp. to tree
PC,4,534,534,Acer saccharum,5/4/2010,41.3,0,,6/15/2011,42.1,0,,6/25/2012,42.4,0,,6/27/2013,41.7,1,"2013 meas. above tree fall, 4-5 cm above tag. Prob. need to exclude from growth calcs.",7/2/2014,42.1,,,6/11/2015,42.1,,,5/19/2016,43.9,,,"2013 meas. above tree fall, 4-5 cm above tag. Prob. need to exclude from growth calcs.",6/9/2017,44.2,,,"2013 meas. above tree fall, 4-5 cm above tag. Prob. need to exclude from growth calcs.",5/17/2018,44.5,,2018 tag scratched,,44.9,,,45.3,45.7,,46,"2018 tag scratched, 2022 tag scratched unreadable",46.5,,47.4,,47.5,
PC,4,535,535,Acer saccharum,5/4/2010,23.3,0,,6/15/2011,23.7,0,,6/25/2012,23.9,0,,6/27/2013,24.2,0,,7/2/2014,24.5,,,6/11/2015,24.8,,,5/19/2016,24.9,,,,6/9/2017,25.2,,,,5/17/2018,25.2,,,,25.7,,,25.7,25.7,,25.9,,25.7,,25.9,,25.9,
PC,4,536,536,Acer saccharum,5/4/2010,6.5,0,,6/15/2011,6.6,0,,6/25/2012,,999,2012 dead,6/27/2013,,99,,7/2/2014,0,,,6/11/2015,0,,,5/19/2016,0,,,2012 dead,6/9/2017,0,,,2012 dead,5/17/2018,0,,,,0,,,0,0,,0,2012 dead,0,dead,0,,0,
PC,4,537,537,Acer saccharum,5/4/2010,24.3,0,,6/15/2011,24.7,0,,6/25/2012,,999,2012 dead,6/27/2013,,99,2013 - fallen,7/2/2014,0,,,6/11/2015,0,,,5/19/2016,0,,,2012 dead; 2013 - fallen,6/9/2017,0,,,2012 dead; 2013 - fallen,5/17/2018,0,,,,0,,,0,0,,0,2012 dead; 2013 - fallen,0,dead,0,,0,
PC,4,538,538,Acer saccharum,5/4/2010,42,0,,6/15/2011,42.2,0,,6/25/2012,42.3,0,,6/27/2013,42.6,0,,7/2/2014,42.5,,real meas.,6/11/2015,42.8,,,5/19/2016,42.8,,,2014 real meas.,6/9/2017,43,,,2014 real meas.,5/17/2018,42.9,,,,43.6,,,43.5,43.2,2021 real measure,43.4,2014 real meas; 2021 real,43.4,,43.5,,43.5,
PC,4,540,540,Acer saccharum,5/4/2010,13.8,0,,6/15/2011,14.5,1,,6/25/2012,14.3,1,,6/27/2013,14.8,0,,7/2/2014,14.4,,strange knob is getting higher,6/11/2015,14.6,,,5/19/2016,14.8,,,2014 strange knob is getting higher,6/9/2017,14.7,,,2014 strange knob is getting higher,5/17/2018,14.5,,2018 knob moving up,,14.5,,,15.1,14.4,bark falling off,0,2014 strange knob is getting higher; 2018 knob moving up; 2021 bark falling off,0,dead,0,standing dead,0,
PC,4,542,542,Acer saccharum,5/4/2010,36.7,0,,6/15/2011,37.1,0,,6/25/2012,37.4,0,,6/27/2013,37.8,0,,7/2/2014,38.3,,,6/11/2015,38.8,,,5/19/2016,39,,,,6/9/2017,39.5,,,,5/17/2018,39.6,,,,40.1,,,40.3,40.5,,41,,41,,41.5,,41.5,
PC,4,543,543,Acer saccharum,5/4/2010,21.8,0,,6/15/2011,22,0,,6/25/2012,22.1,0,,6/27/2013,22.4,0,,7/2/2014,22.6,,,6/11/2015,22.7,,,5/19/2016,22.7,,,,6/9/2017,22.9,,,,5/17/2018,22.9,,,,23.2,,,23.4,23.4,,23.5,,23.6,,23.7,,23.7,
PC,4,544,544,Acer saccharum,5/4/2010,15.9,0,,6/15/2011,15.9,0,,6/25/2012,16,0,,6/27/2013,16.4,0,2013 meas. under bump,7/2/2014,16.4,,meas. Below bump,6/11/2015,16.5,,,5/19/2016,16.5,,,2013 meas. under bump; 2014 meas. under bump,6/9/2017,16.6,,,2013 meas. under bump; 2014 meas. under bump,5/17/2018,16.9,,,,17.6,,,17.7,17.7,,17.7,2013 meas. under bump; 2014 meas. under bump,17.7,,18.2,,18.2,
PC,4,545,545,Acer saccharum,5/4/2010,44.3,0,,6/15/2011,44.9,0,,6/25/2012,45.1,0,,6/27/2013,45.6,0,,7/2/2014,46,,,6/11/2015,46.6,,,5/19/2016,46.4,,2016 real meas.,2016 real meas.,6/9/2017,46.5,,,2016 real meas.,5/17/2018,46.4,,,,46.8,,,47.2,46.4,2021 real measure,46.4,2016 real meas.; 2021 real,46.5,,46.5,,46.5,
PC,4,546,546,Acer saccharum,5/4/2010,39.8,0,,6/15/2011,39.8,0,,6/25/2012,39.9,0,,6/27/2013,40.5,0,2013 real meas. Flaky bark to right of tag,7/2/2014,41,,,6/11/2015,41.1,,,5/19/2016,41.9,,,2013 real meas. Flaky bark to right of tag,6/9/2017,42.2,,,2013 real meas. Flaky bark to right of tag,5/17/2018,42.4,,,,43,,,42.9,43.1,,43.8,2013 real meas. Flaky bark to right of tag,43.9,bark flaked off,44.2,,44.8,
PC,4,548,548,Acer saccharum,5/4/2010,32.1,0,,6/15/2011,32.7,0,,6/25/2012,32.9,0,,6/27/2013,32.9,0,,7/2/2014,33,,,6/11/2015,33.1,,,5/19/2016,33.1,,,,6/9/2017,33.5,,,,5/17/2018,33.3,,,,33.5,,,33.7,33.7,,33.6,,33.75,,34.1,,34.2,
PC,4,549,549,Acer saccharum,5/4/2010,18.3,0,,6/15/2011,18.6,0,,6/25/2012,18.9,0,,6/27/2013,19.2,0,,7/2/2014,19.6,,,6/11/2015,20,,,5/19/2016,20,,,,6/9/2017,20.3,,,,5/17/2018,20.5,,,,21,,,21,21.3,knob at tag from nail,21.4,2021 knob at tag from nail,21.8,,22.1,,22.1,
PC,4,551,551,Acer saccharum,5/4/2010,22.7,0,,6/15/2011,22.8,0,,6/25/2012,22.8,0,,6/27/2013,22.9,0,,7/2/2014,23.2,,,6/11/2015,23.2,,,5/19/2016,23.1,,2016 real meas.,2016 real meas.,6/9/2017,23.4,,,2016 real meas.,5/17/2018,23.1,,,,23.2,,,23.2,23.2,,0,"2016 real meas., 2022 dead",0,dead,0,,0,
PC,4,553,553,Acer saccharum,5/4/2010,21.2,0,,6/15/2011,21.7,2,,6/25/2012,22.1,0,2012 Changed dbh2011 from 22.7 to 21.7,6/27/2013,22.4,0,,7/2/2014,23.1,,,6/11/2015,23.4,,,5/19/2016,23.5,,,2012 Changed dbh2011 from 22.7 to 21.7,6/9/2017,23.9,,,2012 Changed dbh2011 from 22.7 to 21.7,5/17/2018,24.1,,,,24.9,,,24.9,4.9,,25,2012 Changed dbh2011 from 22.7 to 21.7,25.1,,25.9,,25.8,needs new tag
PC,4,555,555,Acer saccharum,5/4/2010,10.3,0,,6/15/2011,10.4,0,,6/25/2012,10.4,0,,6/27/2013,10.7,0,"2013 bark split, real meas.",7/2/2014,10.8,,,6/11/2015,10.8,,,5/19/2016,10.8,,,"2013 bark split, real meas.",6/9/2017,10.8,,,"2013 bark split, real meas.",5/17/2018,10.9,,,,11,,,10.8,10.8,,0,"2013 bark split, real meas., 2022 dead",0,dead,0,,0,
PC,4,557,557,Acer saccharum,5/4/2010,29.4,0,,6/15/2011,30.1,0,,6/25/2012,30.6,0,,6/27/2013,31.1,0,,7/2/2014,31.8,,light gap,6/11/2015,32,,,5/19/2016,32.8,,scratched tag,2014 light gap; 2016 scratched tag,6/9/2017,32.9,,,2014 light gap; 2016 scratched tag,5/17/2018,32.9,,2018 real measure,,33.7,,,34.8,34.3,,34.8,2014 light gap; 2016 scratched tag; 2018 real measure,35.1,,35.3,,35.5,
PC,4,977*,977,Acer saccharum,,,99,,,,99,,,,99,,6/27/2013,6.4,7,New 2013 Near 528,7/2/2014,6.6,,,6/11/2015,6.6,,,5/19/2016,7.2,,,New 2013 Near 528,6/9/2017,7.2,,,New 2013 Near 528,5/17/2018,7.1,,2018 measure under branch,,7.2,,,7.3,7.4,,7.4,New 2013 Near 528; 2018 measure under branch,7.4,,7.6,,7.7,
PC,5,584,584,Acer saccharum,5/5/2010,14.4,0,,6/15/2011,14.5,0,,5/18/2012,,999,2012 dead,6/27/2013,,99,,7/2/2014,0,,,6/16/2015,0,,,5/23/2016,0,,,2012 dead,6/9/2017,0,,,2012 dead,5/17/2018,0,,2018 dead,,0,,,0,0,,0,2012 dead; 2018 dead,0,,0,,0,
PC,5,586,586,Acer saccharum,5/5/2010,20.1,0,,6/15/2011,19.9,1,,5/18/2012,20.1,0,,6/27/2013,20.1,0,,7/2/2014,20.2,,,6/16/2015,20.3,,,5/23/2016,20.4,,,,6/9/2017,20.6,,,,5/23/2018,20.7,,,,21.1,,,21,21.1,,21.1,,21.2,,21.5,,21.5,
PC,5,588,588,Acer saccharum,5/5/2010,13,0,,6/15/2011,12.8,1,,5/18/2012,12.8,0,,6/27/2013,12.8,0,,7/2/2014,12.8,,,6/16/2015,12.9,,,5/23/2016,12.9,,,,6/9/2017,13.1,,,,5/23/2018,13,,,,13.2,,,13.1,13.1,,13.2,,13.2,,13.2,,13.5,
PC,5,590,590,Acer saccharum,5/5/2010,39.4,0,,6/15/2011,39.7,0,,5/18/2012,39.8,0,,6/27/2013,39.9,0,,7/2/2014,40,,,6/16/2015,40,,,5/23/2016,40.2,,,,6/9/2017,40.6,,,,5/23/2018,40.6,,,,40.8,,,40.7,40.8,,40.8,,41.1,,41.2,,41.2,
PC,5,592,592,Acer saccharum,5/5/2010,14,0,,6/15/2011,14,0,,5/18/2012,14,0,,6/27/2013,14.9,0,"2013 real meas. Knot to right of nail, below nail/knot 13.6",7/2/2014,14.1,,knot has moved up,6/16/2015,14.1,,,5/23/2016,14.1,,,"2013 real meas. Knot to right of nail, below nail/knot 13.6; 2014 knot has moved up",6/9/2017,14,,,"2013 real meas. Knot to right of nail, below nail/knot 13.6; 2014 knot has moved up",5/23/2018,14.1,,2018 knot moving up,,14.3,,,14.5,14.5,,14.5,"2013Knot to right of nail, 2014 knot has moved up; 2018 knot moving up",14,knot too high,14.9,measured over bump,14.4,knot too high
PC,5,593,593,Acer saccharum,5/5/2010,6,0,,6/15/2011,6.1,0,,5/18/2012,6.1,0,,6/27/2013,6.2,0,,7/2/2014,6.2,,,6/16/2015,6.1,,2015: real measurement,5/23/2016,6.1,,,2015 real meas.,6/9/2017,6.4,,,2015 real meas.,5/23/2018,6.2,,2018 real measure,,6.2,,,6.2,6.2,,6.2,2015 real meas.; 2018 real measure,6.4,,6.3,,6.8,
PC,5,594,594,Acer saccharum,5/5/2010,10.5,0,,6/15/2011,10.5,0,,5/18/2012,10.6,0,,6/27/2013,10.7,0,,7/2/2014,10.7,,,6/16/2015,10.7,,,5/23/2016,10.7,,,,6/9/2017,11,,,,5/23/2018,10.7,,2018 real measure,,10.8,,,10.8,10.8,,10.8,2018 real measure,11,,10.8,,11.2,
PC,5,595,595,Acer saccharum,5/5/2010,12,0,,6/15/2011,11.5,1,,5/18/2012,11.3,1,2012 meas problems 2010 and 2011?,6/27/2013,11.5,0,,7/2/2014,11.5,,,6/16/2015,11.5,,,5/23/2016,11.5,,,2012 meas problems 2010 and 2011?,6/9/2017,11.4,,,2012 meas problems 2010 and 2011?,5/23/2018,11.5,,,,11.5,,,11.5,11.5,,11.5,2012 meas problems 2010 and 2011?,11.5,,11.5,,11.6,
PC,5,596,596,Acer saccharum,5/5/2010,42.9,0,,6/15/2011,43,0,,5/18/2012,43.2,0,,6/27/2013,43.6,0,,7/2/2014,43.6,,,6/16/2015,44,,,5/23/2016,44.2,,,,6/9/2017,44.4,,,,5/23/2018,44.3,,,,44.6,,,45.3,44.6,,44.9,,45.4,,45.4,,45.3,
PC,5,597,597,Acer saccharum,5/5/2010,26,0,,6/15/2011,26,0,,5/18/2012,26,0,,6/27/2013,26.4,0,,7/2/2014,26.2,,real meas.,6/16/2015,26.3,,,5/23/2016,26.2,,,2014 real meas.,6/9/2017,26.4,,,2014 real meas.,5/23/2018,26.4,,,,26.7,,,26.4,26.4,,26.4,2014 real meas.,26.4,dying?,26.5,very much alive,26.5,
PC,5,598,598,Acer saccharum,5/5/2010,19.7,0,2010 there is a double leader,6/15/2011,19.8,0,,5/18/2012,19.8,0,,6/27/2013,20,0,,7/2/2014,20,,,6/16/2015,20.2,,,5/23/2016,20.2,,,2010 there is a double leader,6/9/2017,20.3,,,2010 there is a double leader,5/23/2018,20.5,,,,20.7,,,21.4,21,,21.2,2010 there is a double leader,21.2,,21.5,double leader gone,21.5,
PC,5,600,600,Acer saccharum,5/5/2010,14.6,1,,6/15/2011,14.5,0,,5/18/2012,14.6,0,,6/27/2013,14.6,0,,7/2/2014,14.6,,,6/16/2015,14.8,,,5/23/2016,14.7,,,,6/9/2017,14.7,,,,5/23/2018,14.7,,,,15,,,14.9,14.9,,14.9,,14.9,,15,,15.3,
PC,5,601,601,Acer saccharum,5/5/2010,30.9,1,,6/15/2011,30.7,1,,5/18/2012,30.9,0,,6/27/2013,30.6,1,2013 real meas. ,7/2/2014,30.6,,,6/16/2015,30.8,,,5/23/2016,31.3,,,2013 real meas. ,6/9/2017,30.9,,2017 real meas.,2013 real meas.; 2017 real meas.,5/23/2018,30.6,,2018 real measure,,31,,,31.1,30.7,,30.9,2013 real meas.; 2017 real meas.; 2018 real measure,30.9,,30.8,,31.3,
PC,5,602,602,Acer saccharum,5/5/2010,25.5,0,,6/15/2011,25.5,0,,5/18/2012,25.6,0,,6/27/2013,25.7,0,,7/2/2014,26,,,6/16/2015,26.3,,,5/23/2016,26.3,,,,6/9/2017,26.4,,,,5/23/2018,26.5,,,,26.6,,,27.2,26.9,,27.1,,27.1,,27.4,,27.1,
PC,5,604*,604,Acer saccharum,5/5/2010,6.3,0,,6/15/2011,6.2,1,,5/18/2012,6.3,0,,6/27/2013,6.1,1,2013 real meas,7/2/2014,6.2,,,6/16/2015,6.2,,,5/23/2016,6.3,,,2013 real meas,6/9/2017,6.3,,,2013 real meas,5/23/2018,6.3,,,,6.6,,,6.6,6.4,,6.5,2013 real meas,6.3,on bump,0,dead ,0,
PC,5,605*,605,Acer saccharum,5/5/2010,9,0,,6/15/2011,8.7,1,,5/18/2012,9,0,,6/27/2013,9.3,0,,7/2/2014,9.5,,,6/16/2015,9.8,,,5/23/2016,9.9,,,,6/9/2017,10,,,,5/23/2018,10.2,,,,10.4,,,10.6,10.6,,10.7,2022 poles near this tree need reset with tape measure,11,poles still need to be reset,11.2,,11.4,
PC,5,606,606,Acer saccharum,5/5/2010,21,0,,6/15/2011,21.1,0,,5/18/2012,21.3,0,,6/27/2013,21.5,0,,7/2/2014,21.5,,,6/16/2015,21.5,,,5/23/2016,21.6,,,,6/9/2017,21.8,,,,5/23/2018,21.6,,2018 real measure,,21.8,,,21.6,21.8,,21.8,2018 real measure,21.8,,22,,22.1,
PC,5,607*,607,Acer saccharum,5/5/2010,20.3,2,,6/15/2011,20.6,0,,5/18/2012,20.7,0,2012 meas proplem 2010? Changed dbh 2010 from 21.3 to 20.3,6/27/2013,20.9,0,,7/2/2014,21,,,6/16/2015,21,,,5/23/2016,21,,,2012 meas proplem 2010? Changed dbh 2010 from 21.3 to 20.3,6/9/2017,21.2,,,2012 meas proplem 2010? Changed dbh 2010 from 21.3 to 20.3,5/23/2018,21.1,,,,21.4,,,21.5,21.4,,21.5,2012 meas proplem 2010? Changed dbh 2010 from 21.3 to 20.3,21.5,,21.6,measured over bump,21.6,
PC,5,608,608,Acer saccharum,5/5/2010,52.3,0,,6/15/2011,52.8,0,,5/18/2012,53,0,,6/27/2013,53.4,0,,7/2/2014,53.4,,,6/16/2015,53.4,,,5/23/2016,53.8,,,,6/9/2017,54.1,,,,5/23/2018,54.1,,,,54.3,,,54.3,54.6,,54.9,,54.9,,55.2,,55.5,
PC,5,609,609,Acer saccharum,5/5/2010,13.5,0,,6/15/2011,13.2,1,,5/18/2012,13.3,0,,6/27/2013,13.3,0,,7/2/2014,13.5,,,6/16/2015,13.6,,,5/23/2016,13.6,,,,6/9/2017,13.6,,,,5/23/2018,13.6,,,,14,,,13.7,13.7,,14.1,,13.7,,13.9,,14,
PC,6,611,611,Acer saccharum,5/5/2010,7.2,0,,6/15/2011,7.1,1,,5/18/2012,7.2,0,,6/27/2013,7.2,0,,7/2/2014,7.3,,,6/16/2015,7.5,,,5/23/2016,7.5,,,,6/9/2017,7.5,,,,5/23/2018,7.7,,,,7.8,,,7.8,7.8,,7.8,,7.9,,7.8,,8,
PC,6,613,613,Acer saccharum,5/5/2010,20.1,0,,6/15/2011,20.4,0,,5/18/2012,20.4,0,,6/27/2013,20.6,0,,7/2/2014,20.8,,,6/16/2015,21,,,5/23/2016,20.9,,,,6/9/2017,20.9,,,,5/23/2018,21,,,,21.3,,,21.1,21.3,,21.3,,21.9,,21.5,,21.5,
PC,6,615,615,Acer saccharum,5/5/2010,10.2,0,,6/15/2011,10.3,0,,5/18/2012,10.3,0,,6/27/2013,10.4,0,,7/2/2014,10.6,,,6/16/2015,10.6,,,5/23/2016,10.6,,,,6/9/2017,10.6,,,,5/23/2018,10.5,,2018 real measure,,10.5,,,10.5,10.5,,10.5,2018 real measure,10.5,,10.5,,10.5,
PC,6,616,616,Acer saccharum,5/5/2010,11.9,0,,6/15/2011,12,0,,5/18/2012,12.1,0,,6/27/2013,12.3,0,,7/2/2014,12.5,,,6/16/2015,12.5,,,5/23/2016,12.6,,,,6/9/2017,13.3,,,,5/23/2018,13,,2018 bumps that are moving up might explain large leap in 2017,,13.6,,,13.8,15,,13.5,2018 bumps that are moving up might explain large leap in 2017,14.9,"weird bumps, unavoidable with measurement",16.9,weird bumps in measurement,15.7,measured over double knot
PC,6,617*,617,Acer saccharum,5/5/2010,41.1,0,,6/15/2011,41.2,0,,5/18/2012,41.1,1,,6/27/2013,41.3,0,,7/2/2014,41.5,,,6/16/2015,41.5,,,5/23/2016,41.6,,,,6/9/2017,41.7,,2017 bark peeling,2017 bark peeling,5/23/2018,41.8,,,,41.8,,,41.8,41.9,,41.7,2017 bark peeling,41.7,,42,,42.1,
PC,6,618*,618,Acer saccharum,5/5/2010,11.3,0,,6/15/2011,11.6,0,,5/18/2012,11.6,0,,6/27/2013,11.8,0,,7/2/2014,12,,,6/16/2015,12.1,,,5/23/2016,12,,bark fell off,2016 bark fell off,6/9/2017,12.2,,bark healthy,2016 bark fell off; 2017 bark healthy,5/23/2018,12.1,,,,12.2,,,12.1,12.2,,12.1,2016 bark fell off; 2017 bark healthy,12.1,,12.1,,12.1,
PC,6,619*,619,Acer saccharum,5/5/2010,7.9,0,,6/15/2011,8,0,,5/18/2012,8,0,,6/27/2013,8.1,0,2013 meas. with 2 bumps,7/2/2014,8.3,,,6/16/2015,8.4,,,5/23/2016,8.4,,,2013 meas. with 2 bumps,6/9/2017,8.4,,,2013 meas. with 2 bumps,5/23/2018,8.5,,,,8.6,,,8.6,8.6,,8.8,2013 meas. with 2 bumps,8.7,,8.4,dying,0,dead
PC,6,622*,622,Acer saccharum,5/5/2010,16,0,,6/15/2011,16.1,0,,5/18/2012,16.2,0,,6/27/2013,16.2,0,,7/2/2014,16.5,,,6/16/2015,16.3,,,5/23/2016,16.4,,,,6/9/2017,16.3,,,,5/23/2018,16.4,,,,16.5,,,16.5,16.5,,16.3,,16.3,,16.5,,16.4,
PC,6,625*,625,Acer saccharum,5/5/2010,5.4,5,,6/15/2011,5.7,5,,5/18/2012,5.8,5,,6/27/2013,6,0,,7/2/2014,6,,,6/16/2015,6,,,5/23/2016,6,,,,6/9/2017,5.9,,,,5/23/2018,6,,,,6.1,,,6.1,6.2,,6,,6,,5.9,,6,
PC,6,626,626,Acer saccharum,5/5/2010,18.7,0,,6/15/2011,18.9,0,,5/18/2012,19,0,,6/27/2013,19.1,0,,7/2/2014,19.4,,,6/16/2015,19.5,,,5/23/2016,19.5,,,,6/9/2017,19.6,,,,5/23/2018,19.6,,,,19.6,,,19.8,19.8,,19.8,,20,,20,,20,
PC,6,627,627,Acer saccharum,5/5/2010,6.4,0,,6/15/2011,6.6,0,,5/18/2012,6.6,0,,6/27/2013,6.7,0,,7/2/2014,6.8,,,6/16/2015,6.9,,,5/23/2016,7,,,,6/9/2017,7,,,,5/23/2018,7.1,,,,7.1,,,7.1,7.1,,7.1,,7.2,,7.3,,7.2,
PC,6,628,628,Acer saccharum,5/5/2010,34.2,0,,6/15/2011,34.5,0,,5/18/2012,34.6,0,,6/27/2013,35,0,,7/2/2014,35.1,,,6/16/2015,35.4,,,5/23/2016,35.4,,,,6/9/2017,35.5,,,,5/23/2018,35.7,,,,36.4,,,36.3,36.2,,36.2,,36.5,,36.6,,36.6,
PC,6,632,632,Acer saccharum,5/5/2010,7.7,0,,6/15/2011,7.7,0,,5/18/2012,7.8,0,,6/27/2013,8,0,,7/2/2014,0.1,,,6/16/2015,8.2,,,5/23/2016,8.2,,,,6/9/2017,8.4,,,,5/23/2018,8.5,,,,8.8,,,8.8,8.8,,8.8,,8.8,,9,,9,
PC,6,634,634,Acer saccharum,5/5/2010,17.3,0,,6/15/2011,17.4,0,,5/18/2012,17.5,0,,6/27/2013,17.7,0,,7/2/2014,17.7,,,6/16/2015,17.9,,,5/23/2016,17.8,,,,6/9/2017,18,,,,5/23/2018,18.1,,,,18.3,,,18.1,18.3,,18.4,,18.3,,18.4,,18.4,
PC,6,637,637,Acer saccharum,5/5/2010,8.1,0,,6/15/2011,8.1,0,,5/18/2012,8.1,0,,6/27/2013,8.2,0,,7/2/2014,8.2,,,6/16/2015,8.2,,,5/23/2016,8.2,,,,6/9/2017,8.3,,,,5/23/2018,8.4,,,,8.7,,,8.6,8.7,,9,,8.6,,8.6,,8.8,
PC,6,639,639,Acer saccharum,5/5/2010,20.4,0,,6/15/2011,20.8,0,,5/18/2012,20.7,0,,6/27/2013,21,0,,7/2/2014,21.1,,,6/16/2015,21.3,,,5/23/2016,21.2,,,,6/9/2017,21.5,,,,5/23/2018,21.4,,,,21.5,,,21.7,21.6,,21.7,,21.7,,21.8,,21.8,
PC,6,641,641,Acer saccharum,5/5/2010,9.9,0,,6/15/2011,10.2,0,,5/18/2012,10.1,1,,6/27/2013,10.3,0,,7/2/2014,10.3,,,6/16/2015,10.4,,,5/23/2016,10.3,,,,6/9/2017,10.2,,,,5/23/2018,10.3,,,,10.5,,,10.5,10.4,,10.2,,10.3,,10.3,,10.3,
PC,6,643,643,Acer saccharum,5/5/2010,20.6,0,,6/15/2011,20.9,0,,5/18/2012,21,0,,6/27/2013,21,0,,7/2/2014,21.3,,,6/16/2015,21.3,,,5/23/2016,21.4,,,,6/9/2017,21.6,,,,5/23/2018,21.5,,,,21.7,,,21.7,21.7,,21.9,,21.7,,22,,22.1,
PC,6,644,644,Acer saccharum,5/5/2010,21.9,0,,6/15/2011,22.2,0,,5/18/2012,22.3,0,,6/27/2013,22.7,0,,7/2/2014,22.7,,,6/16/2015,22.9,,,5/23/2016,22.9,,,,6/9/2017,22.9,,,,5/23/2018,23.1,,,,23.3,,,23.4,23.5,,23.6,,23.4,,23.7,,23.7,
PC,6,645,645,Acer saccharum,5/5/2010,11.9,0,,6/15/2011,12.1,0,,5/18/2012,12.2,0,,6/27/2013,12.2,0,,7/2/2014,12.4,,,6/16/2015,12.5,,,5/23/2016,12.4,,,,6/9/2017,12.6,,,,5/23/2018,12.4,,2018 real measure,,12.4,,,12.4,12.5,,12.6,2018 real measure,12.5,,12.5,,12.8,
PC,6,646,646,Acer saccharum,5/5/2010,7.5,0,,6/15/2011,7.9,0,,5/18/2012,8,0,,6/27/2013,8.2,0,,7/2/2014,8.6,,,6/16/2015,8.6,,,5/23/2016,8.6,,,,6/9/2017,8.7,,,,5/23/2018,9,,,,9.2,,,9.1,9.3,,9.3,,9.4,,9.5,,9.3,
PC,7,647,647,Acer saccharum,5/5/2010,7.9,0,,6/15/2011,8.1,0,,5/18/2012,8.1,0,,6/27/2013,8.2,0,,7/2/2014,8.2,,,6/16/2015,8.3,,,5/23/2016,8.3,,,,6/9/2017,8.5,,,,5/23/2018,8.5,,,,8.6,,,8.5,8.5,,8.7,,8.6,,8.8,,8.6,
PC,7,648,648,Acer saccharum,5/5/2010,17.7,0,,6/15/2011,18.2,0,,5/18/2012,18.5,0,,6/27/2013,18.9,0,,7/2/2014,19.3,,,6/16/2015,19.6,,,5/23/2016,19.9,,,,6/9/2017,20.2,,,,5/23/2018,20.3,,,,20.7,,,10.8,20.8,,21.2,,21.5,,21.6,,21.9,
PC,7,650,650,Acer saccharum,5/5/2010,19,0,,6/15/2011,19.5,0,,5/18/2012,19.5,0,,6/27/2013,19.8,0,,7/2/2014,20,,,6/16/2015,20.1,,,5/23/2016,20.2,,,,6/9/2017,20,,,,5/23/2018,20.4,,,,20.6,,,20.6,20.7,,20.8,,20.9,,20.9,large scar incl. in meas.,20.8,
PC,7,651,651,Acer saccharum,5/5/2010,13.3,0,,6/15/2011,13.4,0,,5/18/2012,13.4,0,,6/27/2013,13.4,0,,7/2/2014,13.4,,,6/16/2015,13.4,,,5/23/2016,13.4,,,,6/9/2017,13.4,,,,5/23/2018,13.4,,,,13.5,,,13.5,13.4,,13.6,,13.7,,13.6,,13.6,
PC,7,652*,652,Acer saccharum,5/5/2010,33.4,2,,6/15/2011,33.3,1,,5/18/2012,33.3,0,2012 Changed dbh2010 from 35.4 to 33.4,6/27/2013,33.4,0,,7/2/2014,33.4,,,6/16/2015,33.4,,2015: slid tape between trees 652 and 653,5/23/2016,33.4,,,2012 Changed dbh2010 from 35.4 to 33.4; 2015 slid tape between trees 652 and 653,6/9/2017,33.6,,,2012 Changed dbh2010 from 35.4 to 33.4; 2015 slid tape between trees 652 and 653,5/23/2018,33.5,,,,33.5,,,33.5,33.4,,33.4,2015 slid tape between trees 652 and 653,33.4,,33.5,,33.5,
PC,7,655,655,Acer saccharum,5/5/2010,34.1,0,2010 large second leader (not meas?),6/15/2011,34.1,0,,5/18/2012,34.2,0,,6/27/2013,34.3,0,,7/2/2014,34.3,,,6/16/2015,35,,,5/23/2016,34.6,,,2010 large second leader (not meas?),6/9/2017,34.8,,,2010 large second leader (not meas?),5/23/2018,34.8,,,,35,,,35.7,35.2,,35.5,2010 large second leader (not meas?),35.9,,35.9,,36,
PC,7,657,657,Acer saccharum,5/5/2010,21,0,,6/15/2011,21.2,0,,5/18/2012,21.2,0,,6/27/2013,21.5,0,,7/2/2014,21.4,,real meas.,6/16/2015,21.5,,,5/23/2016,21.6,,,2014 real meas.,6/9/2017,21.6,,,2014 real meas.,5/23/2018,21.6,,,,21.8,,,22,21.8,,21.9,2014 real meas.,21.8,,22.1,,22.2,
PC,7,658,658,Acer saccharum,5/5/2010,8.8,0,,6/15/2011,9,0,,5/18/2012,9.1,0,,6/27/2013,9.2,0,,7/2/2014,9.3,,,6/16/2015,9.4,,,5/23/2016,9.4,,,,6/9/2017,9.5,,,,5/23/2018,9.6,,,,9.7,,,9.8,10,,10.1,,10.3,,10.5,,10.6,
PC,7,659,659,Acer saccharum,5/5/2010,9.8,0,,6/15/2011,9.6,1,,5/18/2012,9.8,0,,6/27/2013,9.8,0,,7/2/2014,9.9,,,6/16/2015,9.9,,,5/23/2016,9.9,,,,6/9/2017,10.2,,,,5/23/2018,10,,,,10.3,,,10.4,10.3,,10.8,above branch sprout,11.1,,10.8,,11.2,only a few branches left
PC,7,660,660,Acer saccharum,5/5/2010,8.1,0,,6/15/2011,8.2,0,,5/18/2012,8.3,0,,6/27/2013,8.3,0,,7/2/2014,8.4,,,6/16/2015,8.4,,,5/23/2016,8.4,,,,6/9/2017,8.5,,,,5/23/2018,8.5,,,,8.6,,,8.6,8.5,,0,"2022 snapped and almost dead, spilt at tag",0,dead,0,,0,
PC,7,661,661,Acer saccharum,5/5/2010,9.6,0,,6/15/2011,9.6,0,,5/18/2012,9.7,0,,6/27/2013,9.6,1,2013 confirmed meas.,7/2/2014,9.6,,,6/16/2015,0,,2015: dead,5/23/2016,0,,,2013 confirmed meas.; 2015 dead,6/9/2017,0,,,2013 confirmed meas.; 2015 dead,5/23/2018,0,,,,0,,,,0,,0,2013 confirmed meas.; 2015 dead,0,dead,0,,0,
PC,7,662*,662,Acer saccharum,5/5/2010,31,0,,6/15/2011,31.3,0,,5/18/2012,31.6,0,,6/27/2013,31.8,0,,7/2/2014,32,,,6/16/2015,32.2,,,5/23/2016,32.4,,,,6/9/2017,32.6,,,,5/23/2018,32.6,,,,33,,,33,33,,33.2,,33.5,,33.8,,34.1,
PC,7,664,664,Acer saccharum,5/5/2010,8,0,,6/15/2011,8.1,0,,5/18/2012,8.1,0,,6/27/2013,8.1,0,2013 meas. below branch,7/2/2014,8.2,,,6/16/2015,8.3,,,5/23/2016,8.4,,,2013 meas. below branch,6/9/2017,8.3,,,2013 meas. below branch,5/23/2018,8.4,,,,8.5,,,8.5,8.6,,0,"2013 meas. below branch, 2022 dead",8.9,alive,9.2,,9.4,
PC,7,666,666,Acer saccharum,5/5/2010,11.5,0,,6/15/2011,11.7,0,,5/18/2012,11.7,0,,6/27/2013,11.7,0,,7/2/2014,11.8,,,6/16/2015,11.9,,,5/23/2016,11.8,,,,6/9/2017,12.1,,,,5/23/2018,12.1,,,,12.2,,,12.1,12.2,,0,2022 in massive tree fall presumed dead,12.5,alive,12.8,,13.1,
PC,7,667,667,Acer saccharum,5/5/2010,10.3,0,,6/15/2011,10.6,0,,5/18/2012,10.3,1,,6/27/2013,10.2,1,2013 above both knots,7/2/2014,10.9,,measured on knots,6/16/2015,10.9,,,5/23/2016,11,,,2013 above both knots; 2014 measured on knots,6/9/2017,11,,,2013 above both knots; 2014 measured on knots,5/23/2018,11,,,,11.1,,,11.1,10.9,,0,"2013 above both knots; 2014 measured on knots, 2022 in massive tree fall presumed dead",12,,12,,12.3,
PC,7,668,668,Acer saccharum,5/5/2010,10.8,0,,6/15/2011,11,0,,5/18/2012,10.9,0,,6/27/2013,11.1,0,,7/2/2014,11.2,,,6/16/2015,11.2,,,5/23/2016,11.3,,,,6/9/2017,11.3,,,,5/23/2018,11.4,,,,11.5,,,11.5,11.7,,0,2022 in massive tree fall presumed dead,0,dead,0,,0,
PC,7,669,669,Acer saccharum,5/5/2010,17.5,0,,6/15/2011,17.8,0,,5/18/2012,18,0,,6/27/2013,18,0,,7/2/2014,18.3,,,6/16/2015,18.5,,,5/23/2016,18.6,,,,6/9/2017,18.7,,,,5/23/2018,18.7,,,,18.9,,,18.8,19,,0,2022 fallen dead,0,dead,0,,0,
PC,7,670,670,Acer saccharum,5/5/2010,9.4,0,,6/15/2011,9.5,0,,5/18/2012,9.5,0,,6/27/2013,9.5,0,2013 - down but still alive,7/2/2014,0,,,6/16/2015,0,,,5/23/2016,0,,,2013 - down but still alive,6/9/2017,0,,,2013 - down but still alive,5/23/2018,0,,"2018 missing, Dead!",,0,,,,0,,0,"2013 - down but still alive; 2018 missing, Dead!",0,dead,0,,0,
PC,7,671,671,Acer saccharum,5/5/2010,7,0,,6/15/2011,7.3,0,,5/18/2012,,999,2012 dead,6/27/2013,,99,,7/2/2014,0,,,6/16/2015,0,,,5/23/2016,0,,,2012 dead,6/9/2017,0,,,2012 dead,5/23/2018,0,,,,0,,,,0,,0,2012 dead,0,dead,0,,0,
PC,7,672,672,Acer saccharum,5/5/2010,15.5,0,,6/15/2011,15.5,0,,5/18/2012,15.6,0,,6/27/2013,15.7,0,,7/2/2014,15.9,,,6/16/2015,16.1,,,5/23/2016,16.1,,,,6/9/2017,16.1,,,,5/23/2018,16.2,,,,16.7,,,16.5,16.5,,16.7,,16.8,,17.1,,17.3,
PC,7,673,673,Acer saccharum,5/5/2010,14.2,0,,6/15/2011,14.3,0,,5/18/2012,14.5,0,,6/27/2013,14.5,0,,7/2/2014,14.5,,,6/16/2015,14.6,,,5/23/2016,14.7,,,,6/9/2017,14.7,,,,5/23/2018,14.7,,,,15,,,14.8,15,,15.1,,15.1,,15.3,,13.4,
PC,7,675,675,Acer saccharum,5/5/2010,18.4,0,,6/15/2011,18.6,0,,5/18/2012,18.8,0,,6/27/2013,18.8,0,,7/2/2014,19,,,6/16/2015,19.1,,,5/23/2016,19.1,,,,6/9/2017,19.2,,,,5/23/2018,19.3,,,,19.7,,,19.6,19.6,,19.9,,19.7,,20.1,,20.2,
PC,7,676,676,Acer saccharum,5/5/2010,14,0,,6/15/2011,14,0,,5/18/2012,14,0,,6/27/2013,14,0,,7/2/2014,14.1,,,6/16/2015,14.1,,,5/23/2016,14.1,,,,6/9/2017,14.1,,,,5/23/2018,14.1,,,,14.2,,,14.2,14.2,,14.1,,14.2,,14.2,,14.2,
PC,7,678,678,Acer saccharum,5/5/2010,29,0,,6/15/2011,29.3,0,,5/18/2012,29.6,0,,6/27/2013,29.9,0,,7/2/2014,30,,,6/16/2015,30.3,,,5/23/2016,30.5,,,,6/9/2017,30.8,,,,5/23/2018,30.9,,,,31.2,,,32,31.8,,32.2,,32.3,,32.4,,32.6,
PC,7,679*,679,Acer saccharum,5/5/2010,17.3,0,,6/15/2011,17.4,0,,5/18/2012,17.4,0,,6/27/2013,17.6,0,,7/2/2014,17.6,,,6/16/2015,17.7,,,5/23/2016,17.7,,,,6/9/2017,17.8,,,,5/23/2018,17.7,,,,17.9,,,17.8,17.8,,17.8,,18.2,,17.9,,18,
PC,8,684,684,Acer saccharum,5/5/2010,22.9,0,,6/15/2011,23.2,0,,5/18/2012,23.4,0,,6/27/2013,23.6,0,,7/2/2014,24,,,6/15/2015,38,,,5/23/2016,24.1,,,,6/9/2017,24.2,,,,5/23/2018,24.3,,,,24.7,,,24.4,24.7,,25.1,,25,,25.3,,0,snapped in half
PC,8,685,685,Acer saccharum,5/5/2010,37.7,0,,6/15/2011,37.6,1,,5/18/2012,38,0,,6/27/2013,38,0,,7/2/2014,38,,,6/15/2015,24.1,,,5/23/2016,38.3,,,,6/9/2017,38.2,,,,5/23/2018,38.3,,,,39,,,38.7,38.5,2020 Real,38.8,2021 real,38.8,,38.8,,38.7,
PC,8,687,687,Acer saccharum,5/5/2010,18,0,,6/15/2011,17.8,1,,5/18/2012,17.8,0,,6/27/2013,17.9,0,,7/2/2014,17.9,,,6/15/2015,18,,,5/23/2016,18,,,,6/9/2017,18.1,,,,5/23/2018,18.1,,,,18.2,,,18.2,18.2,,18.2,,18.3,,18.3,,18.3,
PC,8,688,688,Acer saccharum,5/5/2010,39.4,0,,6/15/2011,39.7,0,,5/18/2012,40.2,0,,6/27/2013,40.3,0,,7/2/2014,40.3,,,6/15/2015,40.6,,,5/23/2016,40.7,,,,6/9/2017,41,,,,5/23/2018,40.9,,2018 real measure,,41.5,,,41.7,41.5,,41.5,2018 real measure,41.8,,42,,42,
PC,8,689,689,Acer saccharum,5/5/2010,17.4,0,,6/15/2011,17.4,0,,5/18/2012,17.6,0,,6/27/2013,17.7,0,,7/2/2014,17.9,,,6/15/2015,18.2,,,5/23/2016,18.3,,,,6/9/2017,18.2,,,,5/23/2018,18.2,,,,18.3,,,18.3,18.4,,18.6,,18.7,,18.6,,18.6,
PC,8,690,690,Acer saccharum,5/5/2010,6.2,0,,6/15/2011,6.2,0,,5/18/2012,6.2,0,,6/27/2013,,999,2013 dead,7/2/2014,0,,,6/15/2015,0,,,5/23/2016,0,,,2013 dead,6/9/2017,0,,,2013 dead,5/23/2018,0,,,,0,,,,0,,0,2013 dead,0,dead,0,,0,
PC,8,691*,691,Acer saccharum,5/5/2010,47.1,0,,6/15/2011,47.5,0,,5/18/2012,47.3,1,,6/27/2013,47.8,0,2013 meas. error in 2012?,7/2/2014,47.5,,real meas.,6/15/2015,47.9,,,5/23/2016,47.9,,,2013 meas. error in 2012?; 2014 real meas,6/9/2017,48.1,,,2013 meas. error in 2012?; 2014 real meas,5/23/2018,47.9,,,,49.4,,,48.8,48.4,,49,2013 meas. error in 2012?; 2014 real meas,48.7,bark flake ,49.5,,49.1,flaky bark
PC,8,696,696,Acer saccharum,5/5/2010,6.7,0,,6/15/2011,6.6,1,,5/18/2012,6.7,0,,6/27/2013,6.9,0,,7/2/2014,7,,,6/15/2015,7,,,5/23/2016,7.1,,,,6/9/2017,7.1,,,,5/23/2018,7.2,,,,7.3,,,7.5,7.4,,7.3,,7.4,,7.8,,7.8,
PC,8,700,700,Acer saccharum,5/5/2010,39.4,0,,6/15/2011,39.5,0,,5/18/2012,39.6,0,,6/27/2013,39.6,0,,7/2/2014,39.6,,,6/15/2015,39.7,,,5/23/2016,40.1,,,,6/9/2017,39.9,,real measurment,2017 real meas.,5/23/2018,39.8,,,,40.9,,,40.4,40.1,,40.4,2017 real meas.,40.4,,40.6,,40.7,
PC,8,703,703,Acer saccharum,5/5/2010,15.2,0,,6/15/2011,15.3,0,,5/18/2012,15.3,0,,6/27/2013,15.3,0,,7/2/2014,15.5,,,6/15/2015,15.7,,,5/23/2016,15.8,,,,6/9/2017,16,,,,5/23/2018,16,,,,16.3,,,16.2,16.4,,16.7,,16.7,,16.8,,16.9,
PC,8,704,704,Acer saccharum,5/5/2010,26.3,0,,6/15/2011,26.6,0,,5/18/2012,26.7,0,,6/27/2013,27,0,,7/2/2014,27.1,,,6/15/2015,27.4,,,5/23/2016,27.5,,,,6/9/2017,27.8,,,,5/23/2018,28,,,,28.9,,,28.7,29.1,,29.5,,29.6,,30,,30.3,
PC,8,706,706,Acer saccharum,5/5/2010,26.7,0,,6/15/2011,,999,2011 looks dead,5/18/2012,,99,2012 dead,6/27/2013,,99,,7/2/2014,0,,,6/15/2015,0,,,5/23/2016,0,,,2011 looks dead; 2012 dead,6/9/2017,0,,,2011 looks dead; 2012 dead,5/23/2018,0,,,,0,,,,0,,0,2011 looks dead; 2012 dead,0,dead,0,,0,
PC,8,708,708,Acer saccharum,5/5/2010,7.6,0,,6/15/2011,7.8,0,,5/18/2012,7.7,1,,6/27/2013,8,0,2013 meas. under tag to avoid hole,7/2/2014,8.2,,,6/15/2015,8.6,,,5/23/2016,8.8,,,2013 meas. under tag to avoid hole,6/9/2017,8.9,,,2013 meas. under tag to avoid hole,5/23/2018,8.9,,,,9.1,,,10,9.3,,9.2,2013 meas. under tag to avoid hole,9.2,,9.7,,9.6,
PC,8,712,712,Acer saccharum,5/5/2010,36.7,0,,6/15/2011,37.1,0,,5/18/2012,37.5,0,,6/27/2013,37.9,0,,7/2/2014,38.3,,,6/15/2015,38.9,,,5/23/2016,39.1,,,,6/9/2017,39.4,,,,5/23/2018,39.5,,,,40.1,,,40.1,40,,40.3,,40.6,,40.9,,41,
PC,8,985*,985,Acer saccharum,,,99,,,,99,,,,99,,6/27/2013,6.6,7,New 2013 Near 686,7/2/2014,6.7,,,6/15/2015,6.9,,,5/23/2016,6.9,,,New 2013 Near 686,6/9/2017,6.9,,,New 2013 Near 686,5/23/2018,6.9,,,,7.2,,,7.2,0,Dead 2021,0,New 2013 Near 686; 2021 dead,0,dead,0,,0,
PC,9,715,715,Acer saccharum,5/5/2010,38.8,0,,6/30/2011,39.4,0,,5/18/2012,39.6,0,,6/27/2013,40,0,,7/2/2014,40.1,,,6/15/2015,40.5,,,5/23/2016,40.8,,,,6/9/2017,41.1,,,,5/23/2018,41.1,,,,41.7,,,41.6,41.7,,42,,42.5,,42.5,PC9A basket screen damage,42.6,
PC,9,716,716,Acer saccharum,5/5/2010,14.6,0,,6/30/2011,14.7,0,,5/18/2012,14.7,0,,6/27/2013,14.7,0,,7/2/2014,14.9,,,6/15/2015,15.1,,,5/23/2016,15.1,,,,6/9/2017,15.1,,,,5/23/2018,15.1,,,,15.6,,,15.3,15.2,,15.3,,16,,15.3,,15.3,
PC,9,717,717,Acer saccharum,5/5/2010,19.8,0,,6/30/2011,19.9,0,,5/18/2012,20,0,,6/27/2013,20,0,,7/2/2014,20,,,6/15/2015,20,,,5/23/2016,20,,,,6/9/2017,20,,,,5/23/2018,19.9,,,,20,,,20.6,0,Dead 2021,0,2021 dead,0,dead - 18.7,0,dead,0,
PC,9,725,725,Acer saccharum,5/5/2010,39.6,0,,6/30/2011,39.7,2,,5/18/2012,39.7,0,2012 meas error DBH2011? Changed dbh 2011 from 40.7 to 39.7,6/27/2013,39.9,0,,7/2/2014,40,,,6/15/2015,40.1,,,5/23/2016,40.5,,,2012 meas error DBH2011? Changed dbh 2011 from 40.7 to 39.7,6/9/2017,40.5,,,2012 meas error DBH2011? Changed dbh 2011 from 40.7 to 39.7,5/23/2018,40.7,,,,40.8,,,41.1,40.9,,40.7,2012 meas error DBH2011? Changed dbh 2011 from 40.7 to 39.7,41.1,,41,,40.9,
PC,9,726,726,Acer saccharum,5/5/2010,29.2,0,,6/30/2011,29.8,0,,5/18/2012,30.1,0,,6/27/2013,30.2,0,,7/2/2014,30.2,,,6/15/2015,30.5,,,5/23/2016,30.5,,,,6/9/2017,30.8,,,,5/23/2018,30.8,,,,31,,,31.1,31.2,,31.3,,31.3,,31.6,,31.8,
PC,9,730,730,Acer saccharum,5/5/2010,8.1,0,,6/30/2011,8.8,0,,5/18/2012,8.8,0,,6/27/2013,9.2,0,,7/2/2014,9.5,,,6/15/2015,9.7,,,5/23/2016,9.7,,,,6/9/2017,10,,,,5/23/2018,10,,,,10.5,,,10.2,10.4,,10.4,,10.8,,10.8,,10.8,
PC,9,733,733,Acer saccharum,5/5/2010,12.6,0,,6/30/2011,13.1,0,,5/18/2012,13.2,0,,6/27/2013,13.4,0,,7/2/2014,13.6,,,6/15/2015,13.9,,,5/23/2016,14,,,,6/9/2017,14.2,,,,5/23/2018,14.3,,,,14.5,,,14.6,14.7,,14.9,,15.2,,15.2,,15.2,
PC,9,740,740,Acer saccharum,5/5/2010,6.4,0,,6/30/2011,6.8,0,,5/18/2012,6.8,0,,6/27/2013,7,0,,7/2/2014,7.3,,,6/15/2015,7.5,,,5/23/2016,8,,meas. over bump,2016 measured over bump,6/9/2017,8,,measured over bump,2016 measured over bump; 2017 measured over bump,5/23/2018,7.9,,2018 measured over bump,,8.1,,,7.9,7.9,,7.8,2016 measured over bump; 2017 measured over bump; 2018 measured over bump,8.1,,8.1,measured on bump,8.1,
PC,9,744,744,Acer saccharum,5/5/2010,60.5,0,,6/30/2011,61.4,0,,5/18/2012,61.9,0,,6/27/2013,61.9,0,,7/2/2014,61.9,,,6/15/2015,62.1,,,5/23/2016,62.4,,,,6/9/2017,62.8,,,,5/23/2018,62.4,,,,62.9,,,63,62.9,,63.1,,63.4,,63.6,,63.9,
PC,9,745,745,Acer saccharum,5/5/2010,19.9,0,,6/30/2011,20.3,0,,5/18/2012,20.2,1,,6/27/2013,20.6,0,,7/2/2014,20.6,,,6/15/2015,20.8,,,5/23/2016,20.8,,,,6/9/2017,20.9,,,,5/23/2018,20.9,,,,20.9,,,21.2,21,,21,,21,,21.1,,21.3,
PC,9,747,747,Acer saccharum,5/5/2010,34.4,0,,6/30/2011,34.5,0,,5/18/2012,34.5,0,,6/27/2013,34.6,0,,7/2/2014,34.6,,,6/15/2015,34.7,,,5/23/2016,34.6,,,,6/9/2017,34.6,,,,5/23/2018,34.6,,,,34.7,,,34.9,34.6,,34.6,,34.7,,0,standing dead,0,
PC,9,749,749,Acer saccharum,5/5/2010,6.3,0,,6/30/2011,6.4,0,,5/18/2012,6.4,0,,6/27/2013,6.5,0,"2013 meas below tag, below knot",7/2/2014,6.6,,,6/15/2015,6.9,,,5/23/2016,6.8,,,"2013 meas below tag, below knot",6/9/2017,7.4,,,"2013 meas below tag, below knot",5/23/2018,6.9,,2018 in 2017 we likely measured on bump,,6.9,,,7.4,6.8,,6.8,"2013 meas below tag, below knot; 2018 in 2017 we likely measured on bump",6.7,,6.8,,7.2,
PC,9,751,751,Acer saccharum,5/5/2010,13.8,0,,6/30/2011,13.9,0,,5/18/2012,13.8,1,,6/27/2013,13.9,0,,7/2/2014,13.9,,,6/15/2015,0,,2015 dead,5/23/2016,0,,,2015 dead,6/9/2017,0,,,2015 dead,5/23/2018,0,,,,0,,,,0,,0,2015 deadK311,0,dead,0,fallen dead; removed tag,0,
PC,9,753,753,Acer saccharum,5/5/2010,13.3,0,,6/30/2011,13.4,0,,5/18/2012,13.4,0,,6/27/2013,13.4,0,,7/2/2014,13.5,,,6/15/2015,13.5,,,5/23/2016,13.5,,,,6/9/2017,13.6,,,,5/23/2018,13.5,,,,13.7,,,13.6,13.6,,13.6,,13.7,,13.5,,13.6,
PC,10,755,755,Acer saccharum,5/5/2010,7.7,0,,6/30/2011,8.4,0,,5/18/2012,8.4,0,,6/27/2013,8.9,0,,7/2/2014,9.7,,real meas.,6/11/2015,10,,,5/23/2016,10.5,,,2014 real meas.,6/9/2017,11,,,2014 real meas.,5/23/2018,11.3,,,,12.2,,2019 tag going into tree,,12.7,Missing tag,12.9,"2014 real meas.; 2021 missing tag, 2022 retag (tag retrived)",NA,measurement missing,14,measured on bump; sugar maple; believed to found tree,14.1,"tag missing, unsure if correct tree"
PC,10,756,756,Acer saccharum,5/5/2010,71.2,0,,6/30/2011,71.1,1,,5/18/2012,71,1,,6/27/2013,70.6,1,2013 big chunk of bark fell off,7/2/2014,70.3,,losing bark,6/11/2015,71,,,5/23/2016,70.8,,almost dead,2013 big chunk of bark fell off; 2014 losing bark; 2016 almost dead,6/9/2017,0,,dead 2017; fell over and crushed other trees,"2013 big chunk of bark fell off; 2014 losing bark; 2016 almost dead; 2017 dead, fell over and crushed other trees",5/23/2018,0,,,,0,,,,0,,0,"2014 losing bark; 2016 almost dead; 2017 dead, fell over and crushed other trees",0,dead,0,,0,
PC,10,757,757,Acer saccharum,5/5/2010,9,0,,6/30/2011,9.3,0,,5/18/2012,9.3,0,,6/27/2013,9.7,0,,7/2/2014,9.8,,,6/11/2015,10.1,,,5/23/2016,10.2,,,,6/9/2017,10.9,,,,5/23/2018,11.2,,,,11.8,,,12.1,12.2,,12.5,,12.6,,13,,13.3,
PC,10,760,760,Acer saccharum,5/5/2010,7.1,0,,6/30/2011,7.4,0,,5/18/2012,7.7,0,,6/27/2013,7.7,0,,7/2/2014,8.1,,,6/11/2015,8.4,,,5/23/2016,8.4,,,,6/9/2017,0,,crushed by 756,2017 crushed by 756,5/23/2018,8.4,,2018 crushed but rooted leaves on,,8.7,,,,0,Dead 2021,0,2017 crushed by 756; 2018 crushed but rooted leaves on; 2021 dead,0,dead,0,,0,
PC,10,761,761,Acer saccharum,5/5/2010,6,0,,6/30/2011,5.8,5,,5/18/2012,6,0,,6/27/2013,6,0,,7/2/2014,6,,,6/11/2015,6.1,,,5/23/2016,6.2,,,,6/9/2017,0,,"missing, assumed crushed","2017 missing, assumed crushed",5/23/2018,0,,2018 missing!,,0,,,6.5,6.3,,6.4,"2017 missing, assumed crushed; 2018 missing!",6.5,,6.6,bumpy bark,6.6,
PC,10,762,762,Acer saccharum,5/5/2010,6.2,0,,6/30/2011,6.6,0,,5/18/2012,6.5,1,,6/27/2013,6.7,0,2013 meas under bump,7/2/2014,6.7,,,6/11/2015,6.7,,,5/23/2016,6.8,,,2013 meas under bump,6/9/2017,7,,,2013 meas under bump,5/23/2018,6.9,,,,7.1,,,7.3,7,,7.1,2013 meas under bump,7.3,,7.5,,7.7,
PC,10,764,764,Acer saccharum,5/5/2010,6.3,0,,6/30/2011,6.6,0,,5/18/2012,6.9,0,,6/27/2013,6.9,0,,7/2/2014,7,,,6/11/2015,7.1,,,5/23/2016,7.2,,,,6/9/2017,7.2,,,,5/23/2018,7.3,,,,7.5,,,7.4,7.5,,7.8,,7.9,,8.3,,8.5,
PC,10,765,765,Acer saccharum,5/5/2010,7.2,0,,6/30/2011,7.7,0,,5/18/2012,7.4,1,,6/27/2013,7.8,0,2013 meas below bulge,7/2/2014,7.8,,,6/11/2015,7.8,,,5/23/2016,7.8,,,2013 meas below bulge,6/9/2017,0,,"missing, assumed crushed","2013 meas below bulge; missing, assumed crushed",5/23/2018,8.3,,"2018 crushed, but rooted, leaves ok!",,7.8,,2019 dying,,0,Dead 2021,0,"2013 meas below bulge; 2018 crushed, but rooted, leaves ok!; 2021 dead",0,dead,0,dead,0,
PC,10,767,767,Acer saccharum,5/5/2010,6.1,0,,6/30/2011,6.3,0,,5/18/2012,6.4,0,,6/27/2013,6.5,0,2013 meas below nail,7/2/2014,6.9,,meas. Below nail on large knob,6/11/2015,7.2,,,5/23/2016,7.3,,,2013 meas below nail; 2014 meas. Below nail on large knob,6/9/2017,7.6,,measured over bump,2013 meas below nail; 2014 meas. Below nail on large knob; 2017 measured over bump,5/23/2018,7.5,,,,7.2,,,7.4,7.8,Knot by nail,7.8,2021 knot by nail,7.5,under bump,7.6,measured under bump,7.8,
PC,10,770,770,Acer saccharum,5/5/2010,22.3,0,,6/30/2011,22.3,0,,5/18/2012,22.4,0,,6/27/2013,22.3,1,,7/2/2014,22.3,,,6/11/2015,22.3,,,5/23/2016,22.3,,,,6/9/2017,22.2,,,,5/23/2018,0,,2018 dead,,0,,,,0,Dead 2021,0,2018 dead; 2021 dead,0,dead,0,,0,
PC,10,773,773,Acer saccharum,5/5/2010,37.2,0,,6/30/2011,37.6,0,,5/18/2012,37.6,0,,6/27/2013,37.6,0,,7/2/2014,37.7,,,6/11/2015,37.9,,,5/23/2016,37.9,,,,6/9/2017,38.1,,,,5/23/2018,38.1,,,,38.4,,,,0,Dead 2021,0,2021 dead,0,dead,0,standing dead,0,
PC,10,777,777,Acer saccharum,5/5/2010,8.7,0,,6/30/2011,8.8,0,,5/18/2012,8.8,0,,6/27/2013,8.8,0,,7/2/2014,8.8,,,6/11/2015,8.9,,,5/23/2016,8.9,,,,6/9/2017,8.8,,,,5/23/2018,8.9,,,,8.9,,,8.9,8.9,,9,,9.1,,9.1,,9.2,
PC,10,778,778,Acer saccharum,5/5/2010,28.9,0,,6/30/2011,29.3,0,,5/18/2012,29.2,0,,6/27/2013,29.4,0,,7/2/2014,29.5,,,6/11/2015,29.7,,,5/23/2016,29.7,,,,6/9/2017,30.2,,,,5/23/2018,29.8,,,,30.8,,,30.2,30.2,,30.4,,30.4,,30.8,,30.9,
PC,10,779,779,Acer saccharum,5/5/2010,24.7,0,,6/30/2011,25.1,0,,5/18/2012,25,1,,6/27/2013,25.1,0,,7/2/2014,25.1,,,6/11/2015,25.3,,,5/23/2016,25.2,,2016 real meas.,2016 real meas.,6/9/2017,25.4,,,2016 real meas.,5/23/2018,25.2,,,,25.3,,,25.4,25.4,,25.3,2016 real meas.,25.5,,25.5,,25.5,
PC,10,780,780,Acer saccharum,5/5/2010,17.7,0,,6/30/2011,18.1,0,,5/18/2012,18,0,,6/27/2013,18.2,0,,7/2/2014,18.4,,,6/11/2015,18.6,,,5/23/2016,18.6,,,,6/9/2017,18.9,,,,5/23/2018,19.1,,,,19.5,,,19.8,19.9,,20.2,,20.5,,20.9,,21,
PC,10,782,782,Acer saccharum,5/5/2010,45.7,0,,6/30/2011,45.9,0,,5/18/2012,46.1,0,,6/27/2013,46.1,0,,7/2/2014,46.1,,,6/11/2015,46.4,,,5/23/2016,46.5,,,,6/9/2017,46.5,,,,5/23/2018,46.5,,,,47.1,,,46.9,47,,47.3,,47.4,,47.5,,48,
PC,11,788,788,Acer saccharum,5/5/2010,28.2,0,,6/30/2011,28.4,0,,5/18/2012,28.7,0,,6/27/2013,28.7,0,,7/3/2014,28.8,,,6/11/2015,28.9,,,5/20/2016,29.3,,,,6/9/2017,29.2,,,,5/23/2018,29.2,,,,29.2,,,29.3,29.3,,29.3,,29.3,,29.4,bump ,29.2,
PC,11,791,791,Acer saccharum,5/5/2010,18.7,0,,6/30/2011,19.1,0,,5/18/2012,19.1,0,,6/27/2013,19.1,0,,7/3/2014,19.2,,,6/11/2015,19.3,,,5/20/2016,19.3,,,,6/9/2017,19.5,,,,5/23/2018,19.7,,,,19.7,,,19.8,19.8,,19.7,,20,,20,,20,
PC,11,794*,794,Acer saccharum,5/5/2010,8.9,0,,6/30/2011,9.8,0,,5/18/2012,10,0,,6/27/2013,10.4,0,2013 below nail/bump,7/3/2014,10.9,,,6/11/2015,11.3,,,5/20/2016,11.3,,,2013 below nail/bump,6/9/2017,11.7,,,2013 below nail/bump,5/23/2018,11.9,,,,12.7,,,12.2,12.2,,12.5,2013 below nail/bump,12.5,,12.7,,12.8,meas. below nail
PC,11,796*,796,Acer saccharum,5/5/2010,35.2,0,,6/30/2011,35.3,0,,5/18/2012,35.6,0,,6/27/2013,35.7,0,,7/3/2014,35.7,,,6/11/2015,35.7,,,5/20/2016,35.7,,,,6/9/2017,35.9,,,,5/23/2018,35.8,,,,36,,,36,36,,36.1,2022 tag tight,36.1,,36.3,,36.6,
PC,11,800,800,Acer saccharum,5/5/2010,20.1,0,,6/30/2011,20.6,0,,5/18/2012,20.7,0,,6/27/2013,21,0,,7/3/2014,21.1,,,6/11/2015,21.1,,,5/20/2016,21.1,,,,6/9/2017,21.6,,,,5/23/2018,21.4,,,,21.7,,,21.9,21.7,,21.7,,21.7,,22,,21.9,
PC,11,801,801,Acer saccharum,5/5/2010,6.6,0,,6/30/2011,7,0,,5/18/2012,7.1,0,,6/27/2013,7.3,0,,7/3/2014,7.2,,real meas.,6/11/2015,7.3,,,5/20/2016,7.4,,,2014 real meas.,6/9/2017,7.5,,,2014 real meas.,5/23/2018,7.5,,,,7.5,,,7.7,7.8,,7.8,2014 real meas.,7.9,,8,,8,
PC,11,803,803,Acer saccharum,5/5/2010,9.3,0,,6/30/2011,9.9,0,,5/18/2012,10.1,0,,6/27/2013,10.2,0,,7/3/2014,10.7,,real meas.,6/11/2015,10.9,,,5/20/2016,11.2,,,2014 real meas.,6/9/2017,11.4,,,2014 real meas.,5/23/2018,11.6,,2018 scratched tag,,11.9,,,12,12.2,,12.4,2014 real meas.; 2018 scratched tag,12.7,,12.8,,13,
PC,11,807,807,Acer saccharum,5/5/2010,8.6,0,,6/30/2011,8.9,0,,5/18/2012,8.8,0,,6/27/2013,9.3,0,,7/3/2014,9.5,,,6/11/2015,9.6,,,5/20/2016,9.7,,meas. under branch,2016 measured under branch,6/9/2017,10.3,,branch is gone,2016 measured under branch; 2017 branch is gone,5/23/2018,10.2,,,,10.1,,,10.9,10.6,,10.6,2016 measured under branch; 2017 branch is gone,10.9,,11.3,meas. under bump,11.3,
PC,11,808,808,Acer saccharum,5/5/2010,6.6,0,,6/30/2011,7,0,,5/18/2012,7.1,0,,6/27/2013,7.3,0,,7/3/2014,7.4,,,6/11/2015,7.8,,,5/20/2016,7.8,,,,6/9/2017,8,,,,5/23/2018,8.3,,,,8.3,,,8.6,8.7,,8.9,,9,,9.3,,9.3,
PC,11,820,820,Acer saccharum,5/5/2010,6.2,0,,6/30/2011,6.7,0,,5/18/2012,6.8,0,,6/27/2013,7,0,,7/3/2014,7.3,,,6/11/2015,7.5,,,5/20/2016,7.5,,,,6/9/2017,7.8,,,,5/23/2018,7.8,,,,7.7,,,7.9,8,,8.1,,9.1,,8.5,,8.5,
PC,11,821,821,Acer saccharum,5/5/2010,6.2,0,,6/30/2011,6.6,0,,5/18/2012,6.6,0,,6/27/2013,6.6,0,2013 meas below nail/bump,7/3/2014,7.1,,,6/11/2015,7..3,,,5/20/2016,7.3,,,2013 meas below nail/bump,6/9/2017,7.5,,,2013 meas below nail/bump,5/23/2018,7.6,,,,7.6,,,7.8,7.9,,7.8,2013 meas below nail/bump,7.9,,8.3,,8.4,
PC,12,838,838,Acer saccharum,5/5/2010,15,0,,6/30/2011,16.1,0,,5/18/2012,16.1,0,,6/27/2013,16.4,0,,7/3/2014,16.7,,,6/11/2015,17,,,5/20/2016,17.2,,,,6/9/2017,17.4,,,,5/23/2018,17.4,,,,17.2,,,17.7,17.8,,17.8,,18,,18.4,,18.5,
PC,12,839,839,Acer saccharum,5/5/2010,9.5,0,,6/30/2011,10,0,,5/18/2012,10,0,,6/27/2013,10,0,,7/3/2014,10.2,,,6/11/2015,10.3,,,5/20/2016,10.4,,,,6/9/2017,10.6,,,,5/23/2018,10.5,,,,10.6,,,10.4,10.7,,10.9,,11,,11,,10.9,
PC,12,840,840,Acer saccharum,5/5/2010,5.5,5,,6/30/2011,5.8,5,,5/18/2012,5.8,5,,6/27/2013,6,0,2013 meas below nail,7/3/2014,5.8,,,6/11/2015,5.8,,,5/20/2016,5.8,,,2013 meas below nail,6/9/2017,5.9,,,2013 meas below nail,5/23/2018,5.9,,,,5.7,,,5.7,5.7,,0,2013 meas below nail,0,dead fallen,0,,0,
PC,12,844,844,Acer saccharum,5/5/2010,13.1,0,,6/30/2011,13.4,0,,5/18/2012,13.4,0,,6/27/2013,13.6,0,,7/3/2014,13.7,,,6/11/2015,13.8,,,5/20/2016,13.7,,,,6/9/2017,14.3,,,,5/23/2018,14,,,,14,,,14.4,14.3,,14.3,,14.8,,14.5,,14.7,
PC,12,846,846,Acer saccharum,5/5/2010,20.1,0,,6/30/2011,20.7,0,,5/18/2012,20.7,0,,6/27/2013,21,0,,7/3/2014,21.2,,,6/11/2015,21.5,,,5/20/2016,21.5,,,,6/9/2017,22,,,,5/23/2018,22.2,,,,22.3,,,22.6,22.8,,23,,23.1,,23.4,,23.7,
PC,12,859,859,Acer saccharum,5/5/2010,15.7,0,,6/30/2011,16.3,0,,5/18/2012,16.2,1,,6/27/2013,16.6,0,,7/3/2014,17,,,6/11/2015,17.2,,,5/20/2016,17.3,,,,6/9/2017,17.9,,,,5/23/2018,17.9,,,,18.1,,,18.4,18.5,,18.7,,19.1,,19.5,,19.7,
PC,12,861*,861,Acer saccharum,5/5/2010,9.7,0,,6/30/2011,10,0,,5/18/2012,10.1,0,,6/27/2013,10.1,0,,7/3/2014,10.4,,,6/11/2015,10.5,,,5/20/2016,10.6,,,,6/9/2017,10.7,,,,5/23/2018,10.8,,,,10.9,,,10.9,11.1,,11.2,,11.3,,11.6,,11.7,
PC,12,865,865,Acer saccharum,5/5/2010,12.2,0,,6/30/2011,12.9,0,,5/18/2012,13,0,,6/27/2013,13.2,0,,7/3/2014,13.4,,,6/11/2015,13.8,,,5/20/2016,14.2,,,,6/9/2017,14.5,,,,5/23/2018,14.6,,2018 tag scratched,,14.7,,,14.8,15.1,,15.2,"2018 tag scratched, 2022 tag scratched",15.3,tag still scratched,15.7,,15.8,
PC,12,869,869,Acer saccharum,5/5/2010,6.9,0,,6/30/2011,7.5,0,,5/18/2012,7.5,0,,6/27/2013,7.8,0,,7/3/2014,8.1,,,6/11/2015,8.3,,,5/20/2016,8.6,,,,6/9/2017,8.8,,,,5/23/2018,8.9,,,,9.1,,,9.2,9.3,,9.5,,9.5,,9.9,,10,
PC,12,871,871,Acer saccharum,5/5/2010,12.6,0,,6/30/2011,12.8,0,,5/18/2012,12.7,1,,6/27/2013,12.9,0,,7/3/2014,13.1,,,6/11/2015,13.1,,,5/20/2016,13.2,,,,6/9/2017,13.4,,,,5/23/2018,13.4,,,,13.5,,2019 tag damaged,13.6,13.7,,13.8,2022 tag scratched,13.8,tag still scratched,14.1,,14.2,needs new tag
SC,1,9,9,Acer saccharum,4/27/2010,6.6,0,,6/2/2011,7.1,0,,7/3/2012,7.2,0,,7/2/2013,7.4,0,,6/3/2014,7.6,,,6/17/2015,7.9,,,5/19/2016,7.8,,Real meas 2016-measure over bump in back,2016 real meas. over bump in the back,5/29/2017,7.9,,,2016 real meas. over bump in the back,5/17/2018,8,,,,8,,,8,8,,8,2016 real meas. over bump in the back,8,,8.1,,8.1,
SC,1,10,10,Acer saccharum,4/27/2010,8.2,0,,6/2/2011,8.6,0,,7/3/2012,8.7,0,,7/2/2013,9.1,0,2013 large bump in back,6/3/2014,9.1,,,6/17/2015,9.2,,,5/19/2016,9.2,,,2013 large bump in back,5/29/2017,9.2,,,2013 large bump in back,5/17/2018,9.3,,2018 measured in between bump in back,,9.5,,,9.7,9.5,,9.4,2013 large bump in back; 2018 measured in between bump in back,9.2,,9.5,,9.5,
SC,1,11,11,Acer saccharum,4/27/2010,6,0,,6/2/2011,6.2,1,,7/3/2012,6,0,,7/2/2013,6,0,,6/3/2014,6.1,,,6/17/2015,6.1,,,5/19/2016,6.2,,,,5/29/2017,6.3,,,,5/17/2018,0,,2018 missing,,6.4,,,6.3,6.4,,6.5,2018 missing,0,dead,6.5,not actually dead,6.5,"fallen, still alive"
SC,1,12,12,Acer saccharum,4/27/2010,7.6,0,,6/2/2011,8.1,0,,7/3/2012,8.2,0,,7/2/2013,8.2,0,2013 on top of bumps,6/3/2014,8.1,,,6/17/2015,8.4,,,5/19/2016,8.5,,,2013 on top of bumps,5/29/2017,8.3,,,2013 on top of bumps,5/17/2018,8.5,,,,8.5,,,8.6,8.7,,0,"2013 on top of bumps, 2022 dead",0,dead,0,,0,
SC,1,14,14,Acer saccharum,4/27/2010,42.8,0,,6/2/2011,43,0,,7/3/2012,43.1,0,,7/2/2013,43.4,0,,6/3/2014,43.4,,,6/17/2015,43.8,,,5/19/2016,43.8,,,,5/29/2017,44.2,,,,5/17/2018,44.1,,,,44.3,,,44.5,0,Dead 2021,0,2021 dead,0,dead,0,,0,
SC,1,17,17,Acer saccharum,4/27/2010,31.5,0,,6/2/2011,31.8,0,,7/3/2012,32.2,0,,7/2/2013,32.3,0,,6/3/2014,32.3,,,6/17/2015,32.6,,,5/19/2016,32.6,,,,5/29/2017,32.8,,,,5/17/2018,32.8,,,,33,,,33.7,33.2,,33.3,,33.7,,33.6,,33.4,
SC,1,18,18,Acer saccharum,4/27/2010,32.1,0,,6/2/2011,32.2,0,,7/3/2012,32.3,0,,7/2/2013,32.3,0,,6/3/2014,32.3,,,6/17/2015,32.3,,,5/19/2016,32.3,,,,5/29/2017,32.4,,,,5/17/2018,32.4,,,,32.7,,,33,32.5,2021 real meas.,0,"2021 real, 2022 dead",0,dead,0,,0,
SC,1,19,19,Acer saccharum,4/27/2010,38.2,0,,6/2/2011,38.3,1,,7/3/2012,38.2,0,,7/2/2013,38.3,0,,6/3/2014,38.4,,,6/17/2015,38.4,,,5/19/2016,38.4,,,,5/29/2017,38.5,,,,5/17/2018,38.5,,,,38.6,,,39.8,38.6,,0,2022 dead,0,dead,0,,0,
SC,1,22,22,Acer saccharum,4/27/2010,37.5,0,,6/2/2011,37.7,0,,7/3/2012,37.9,0,,7/2/2013,38,0,,6/3/2014,38.1,,,6/17/2015,38.4,,,5/19/2016,38.5,,,,5/29/2017,38.4,,,,5/17/2018,38.5,,,,38.5,,,38.7,38.5,,38.5,,38.6,,0,dead,0,
SC,1,23,23,Acer saccharum,4/27/2010,6.7,0,,6/2/2011,6.9,0,,7/3/2012,7.3,0,,7/2/2013,7.1,1,2013 real measurement,6/3/2014,7.6,,,6/17/2015,7.6,,,5/19/2016,7.4,,Real meas 2016,2013 real meas.; 2016 real meas.,5/29/2017,7.2,,,2013 real meas.; 2016 real meas.,5/17/2018,7.2,,,,7.8,,,7.7,7.6,,7.5,2013 real meas.; 2016 real meas.,8.5,measured on knot,7.7,meas. on knot,7.6,
SC,1,24,24,Acer saccharum,4/27/2010,11.2,0,,6/2/2011,11.3,0,,7/3/2012,11.4,0,,7/2/2013,11.4,0,,6/3/2014,11.4,,,6/17/2015,11.5,,,5/19/2016,11.5,,,,5/29/2017,11.5,,,,5/17/2018,11.5,,,,11.4,,,11.7,11.7,,11.7,,11.8,,11.9,,11.9,
SC,1,25,25,Acer saccharum,4/27/2010,32.2,0,,6/2/2011,32.4,1,,7/3/2012,32.3,0,,7/2/2013,32.5,0,,6/3/2014,32.5,,,6/17/2015,32.7,,,5/19/2016,32.7,,,,5/29/2017,32.6,,,,5/17/2018,32.7,,,,33,,,33,33.1,,33.3,,33.4,,33.7,,33.8,
SC,1,26,26,Acer saccharum,4/27/2010,52,0,,6/2/2011,52.3,0,,7/3/2012,52.3,0,,7/2/2013,52.3,0,,6/3/2014,52.3,,,6/17/2015,52.5,,2015: needs retagging,5/19/2016,53.5,,,2015 needs retagging,5/29/2017,52.7,,,2015 needs retagging,5/17/2018,52.8,,,,52.7,,,52.8,52.6,2021 real meas.,52.8,2015 needs retagging; 2021 real,53.4,,0,dead,0,
SC,1,27,27,Acer saccharum,4/27/2010,8.8,0,,6/2/2011,8.9,0,,7/3/2012,8.9,0,,7/2/2013,8.9,0,,6/3/2014,8.9,,,6/17/2015,8.9,,,5/19/2016,9,,,,5/29/2017,9,,,,5/17/2018,8.9,,,,9,,,9.1,9,,9,,9.2,,0,dead,0,
SC,1,29,29,Acer saccharum,4/27/2010,38,0,,6/2/2011,38.3,0,,7/3/2012,38.3,0,,7/2/2013,38.5,0,,6/3/2014,38.9,,,6/17/2015,39.2,,,5/19/2016,39.4,,,,5/29/2017,39.7,,,,5/17/2018,39.6,,,,40,,,40.8,40.3,,40.4,,40.8,,41.1,,40.9,
SC,1,30,30,Acer saccharum,4/27/2010,23.8,0,,6/2/2011,24,1,,7/3/2012,23.9,0,,7/2/2013,23.9,0,,6/3/2014,23.9,,,6/17/2015,24,,,5/19/2016,24,,,,5/29/2017,24.1,,,,5/17/2018,24,,,,24,,,24.2,24,,24.1,,24.1,,24,,24.1,
SC,1,991*,991,Acer saccharum,,,99,,,,99,,,,99,,7/2/2013,6,7,"New 2013 Near 21, next to dead tree",6/3/2014,6.1,,ash/hiclory nearby- untagged?,6/17/2015,6.5,,,5/19/2016,6.6,,,"New 2013 Near 21, next to dead tree; 2014 ash/hiclory nearby- untagged?",5/29/2017,6.7,,,"New 2013 Near 21, next to dead tree; 2014 ash/hiclory nearby- untagged?",5/17/2018,6.9,,2018 tagged!,,6.6,,,6.9,6.7,,0,"New 2013 Near 21, next to dead tree; 2014 ash/hiclory nearby- untagged? 2018 tagged!, 2022 dead",0,dead,0,,0,
SC,2,96*,96,Acer saccharum,4/28/2010,18.3,0,,6/2/2011,18.3,0,,7/3/2012,18.3,0,,7/2/2013,18.4,0,,6/3/2014,18.3,,,6/17/2015,18.4,,,5/19/2016,18.4,,,,5/29/2017,18.4,,,,5/17/2018,18.4,,,,18.4,,,18.4,18.5,,18.4,,18.4,,18.5,,18.5,
SC,2,98,98,Acer saccharum,4/28/2010,29.2,0,,6/2/2011,29.3,0,,7/3/2012,29.8,0,,7/2/2013,30,0,,6/3/2014,30.2,,,6/17/2015,30.8,,,5/19/2016,30.9,,,,5/29/2017,31.2,,,,5/17/2018,31.5,,,,32.1,,,32.8,32.4,,32.3,,33.4,,32.4,correct meas.,0,dead
SC,2,99,99,Acer saccharum,4/28/2010,15.1,0,,6/2/2011,15,1,,7/3/2012,14.9,1,,7/2/2013,14.9,0,,6/3/2014,15,,,6/17/2015,0,,2015: dead,5/19/2016,0,,Dead snag 2016,2015 dead,5/29/2017,0,,dead,2015 dead; 2017 dead,5/17/2018,0,,,,0,,,0,0,,0,2015 dead; 2017 dead,0,dead,0,,0,
SC,2,100,100,Acer saccharum,4/28/2010,28.6,0,,6/2/2011,28.6,0,,7/3/2012,28.6,0,,7/2/2013,28.6,0,,6/3/2014,28.4,,,6/17/2015,28.5,,,5/19/2016,28.5,,,,5/29/2017,28.9,,,,5/17/2018,28.4,,,,28.6,,,28.9,28.6,,28.6,,28.8,,28.8,,28.9,
SC,2,101,101,Acer saccharum,4/28/2010,35.2,0,,6/2/2011,35.4,0,,7/3/2012,35.7,0,,7/2/2013,35.7,0,,6/3/2014,35.8,,,6/17/2015,36.1,,,5/19/2016,36.1,,,,5/29/2017,36.2,,,,5/17/2018,36,,,,36.4,,,36.3,36.5,,36.6,,36.7,,36.8,,37.1,
SC,2,102,102,Acer saccharum,4/28/2010,32.1,0,,6/2/2011,32,1,,7/3/2012,32.1,0,,7/2/2013,32.1,0,,6/3/2014,32.3,,,6/17/2015,32.5,,,5/19/2016,32.4,,Real meas 2016,2016 real meas.,5/29/2017,32.5,,,2016 real meas.,5/17/2018,32.5,,,,32.8,,,32.6,32.8,,32.9,2016 real meas.,33.2,,33,,33.1,
SC,2,103,103,Acer saccharum,4/28/2010,61.5,0,,6/2/2011,62.6,0,,7/3/2012,63.1,0,,7/2/2013,63.1,0,,6/3/2014,63,,,6/17/2015,63.7,,,5/19/2016,64.6,,,,5/29/2017,64.6,,,,5/17/2018,64.6,,2018 measured over protruding bark,,65.8,,,65.9,66.2,,66.9,2018 measured over protruding bark,66.6,,66.6,,66.8,
SC,2,105,105,Acer saccharum,4/28/2010,37,0,,6/2/2011,36.8,1,,7/3/2012,36.9,0,,7/2/2013,36.9,0,,6/3/2014,36.8,,,6/17/2015,36.9,,,5/19/2016,37,,,,5/29/2017,37,,,,5/17/2018,37,,,,37.2,,,37.2,37.2,,37.2,,37.3,,37.3,,37.4,
SC,2,106,106,Acer saccharum,4/28/2010,31.6,0,,6/2/2011,31.8,0,,7/3/2012,32.3,0,,7/2/2013,32.6,0,,6/3/2014,32.8,,,6/17/2015,33.4,,,5/19/2016,33.9,,,,5/29/2017,34.2,,,,5/17/2018,34.3,,,,34.9,,,35.6,35.9,,36.2,,36.5,,37,,37.1,
SC,2,107,107,Acer saccharum,4/28/2010,6.2,0,,6/2/2011,6.3,0,,7/3/2012,6.5,0,,7/2/2013,6.7,0,2013 measure on top of bump,6/3/2014,6.9,,,6/17/2015,6.9,,,5/19/2016,6.9,,,2013 measure on top of bump,5/29/2017,6.9,,,2013 measure on top of bump,5/17/2018,,,,,7.1,,,7.2,7.1,,7.2,2013 measure on top of bump,7.3,top broken (snap) - alive,7.3,doing well,7.3,
SC,2,108,108,Acer saccharum,4/28/2010,29.9,0,,6/2/2011,30,0,,7/3/2012,30.5,0,,7/2/2013,30.7,0,,6/3/2014,31,,,6/17/2015,31.4,,,5/19/2016,31.6,,,,5/29/2017,31.9,,,,5/17/2018,31.9,,,,32.3,,,32.3,32.7,,32.9,,33.1,,33.3,,33.4,
SC,2,109,109,Acer saccharum,4/28/2010,20.2,0,,6/2/2011,20.3,0,,7/3/2012,20.3,0,,7/2/2013,20.3,0,,6/3/2014,20.3,,,6/17/2015,20.6,,,5/19/2016,20.5,,Real meas 2016,2016 real meas.,5/29/2017,20.5,,,2016 real meas.,5/17/2018,20.6,,,,20.9,,,20.9,20.6,"Knot, 2021 real meas.",20.5,"2016 real meas.; 2021 real, knot",20.7,,20.8,,20.8,
SC,2,110,110,Acer saccharum,4/28/2010,46.1,0,,6/2/2011,46.8,0,,7/3/2012,46.9,0,,7/2/2013,47,0,,6/3/2014,47.2,,,6/17/2015,48,,,5/19/2016,48.4,,,,5/29/2017,49,,,,5/17/2018,49.1,,,,50.8,,,50.5,50.7,Missing bark,51.3,2021 missing bark,51.5,,51.7,,52,
SC,2,112,112,Acer saccharum,4/28/2010,52,0,,6/2/2011,52.8,0,,7/3/2012,53.7,0,,7/2/2013,53.7,0,,6/3/2014,53.6,,,6/17/2015,53.8,,,5/19/2016,54,,,,5/29/2017,54.3,,,,5/17/2018,54.5,,,,55.6,,,55.6,56.4,,56.2,,56.7,,57.5,,57.5,
SC,2,113,113,Acer saccharum,4/28/2010,30.3,0,,6/2/2011,30.7,0,,7/3/2012,31,0,,7/2/2013,31.3,0,,6/3/2014,31.5,,,6/17/2015,32,,,5/19/2016,32.1,,,,5/29/2017,32.4,,,,5/17/2018,32.4,,,,32.8,,,33.3,33.2,,33.4,,33.6,,33.6,,33.5,
SC,2,115,115,Acer saccharum,4/28/2010,57.8,0,,6/2/2011,58.5,0,,7/3/2012,59.2,0,,7/2/2013,59.6,0,,6/3/2014,59.9,,,6/17/2015,60.4,,,5/19/2016,60.6,,,,5/29/2017,61.1,,,,5/17/2018,61.2,,,,61.7,,,62.4,62.5,,62.9,,62.6,,62.8,,62.8,
SC,2,116,116,Acer saccharum,4/28/2010,10.2,0,,6/2/2011,10.8,0,,7/3/2012,10.6,0,,7/2/2013,10.6,0,,6/3/2014,10.9,,,6/17/2015,10.9,,,5/19/2016,11.2,,,,5/29/2017,11.2,,,,5/17/2018,11.2,,2018 measured over bump,,11,,,11.1,0,Dead 2021,0,2018 measured over bump; 2021 dead,0,dead,0,,0,
SC,2,117,117,Acer saccharum,4/28/2010,8.1,0,,6/2/2011,8.5,0,,7/3/2012,9,0,,7/2/2013,9.2,0,,6/3/2014,9.1,,,6/17/2015,9.1,,,5/19/2016,9.1,,,,5/29/2017,9.1,,,,5/17/2018,9.1,,,,9.5,,,9.6,0,Dead 2021,0,2021 dead,0,dead,0,,0,
SC,2,118,118,Acer saccharum,4/28/2010,12.5,0,,6/2/2011,12.6,0,,7/3/2012,12.7,0,,7/2/2013,13,0,,6/3/2014,13,,,6/17/2015,13.4,,,5/19/2016,13.1,,Real meas 2016-bark broke off,"2016 real meas, bark broke off",5/29/2017,13.1,,,"2016 real meas, bark broke off",5/17/2018,13.1,,,,13.2,,,13.5,13.2,,13.1,"2016 real meas, bark broke off",13.1,still alive,13.1,still alive,13.3,
SC,2,119,119,Acer saccharum,4/28/2010,31.9,0,,6/2/2011,32.5,0,,7/3/2012,33.1,0,,7/2/2013,33.1,0,,6/3/2014,33.3,,,6/17/2015,33.8,,,5/19/2016,33.7,,Real meas 2016,2016 real meas.,5/29/2017,34.1,,,2016 real meas.,5/17/2018,34.1,,,,34.4,,,34.6,0,Dead 2021,0,2016 real meas.; 2021 dead,0,dead,0,,0,
SC,2,120,120,Acer saccharum,4/28/2010,19.1,0,,6/2/2011,19.2,0,,7/3/2012,19.4,0,,7/2/2013,19.7,0,,6/3/2014,19.6,,,6/17/2015,20.1,,,5/19/2016,19.7,,2016-measure under bump near top of nail†,2016 measure under bump near top of nail,5/29/2017,19.7,,,2016 measure under bump near top of nail,5/17/2018,19.7,,,,19.7,,,20,19.8,,19.9,2016 measure under bump near top of nail,0,dead,0,,0,
SC,2,121,121,Acer saccharum,4/28/2010,41.3,0,,6/2/2011,41.8,0,,7/3/2012,42,0,,7/2/2013,42.2,0,,6/3/2014,42.4,,,6/17/2015,42.6,,,5/19/2016,42.7,,,,5/29/2017,43.1,,,,5/17/2018,43.1,,,,43.7,,,44,43.5,2021 real meas.,43.7,2021 real,43.9,,43.8,,43.8,
SC,2,122,122,Acer saccharum,4/28/2010,7.4,0,,6/2/2011,7.6,0,,7/3/2012,7.6,0,,7/2/2013,7.6,0,,6/3/2014,7.6,,,6/17/2015,7.7,,,5/19/2016,7.7,,,,5/29/2017,7.7,,,,5/17/2018,7.7,,,,7.7,,,7.7,7.9,,8.1,,8.5,,9.2,,9.8,
SC,2,124,124,Acer saccharum,4/28/2010,26.6,0,,6/2/2011,26.6,0,,7/3/2012,26.9,0,,7/2/2013,26.9,0,,6/3/2014,26.9,,,6/17/2015,27.1,,,5/19/2016,27.1,,,,5/29/2017,27.3,,,,5/17/2018,27.4,,,,27.5,,,27.5,27.6,,27.6,,27.8,,27.7,,27.8,
SC,2,125,125,Acer saccharum,4/28/2010,24.8,0,,6/2/2011,25,0,,7/3/2012,25.3,0,,7/2/2013,25.5,0,,6/3/2014,25.4,,,6/17/2015,25.8,,,5/19/2016,25.9,,,,5/29/2017,26,,,,5/17/2018,26.1,,,,26.4,,,26.4,26.4,,26.4,,26.4,,26.4,,26.4,
SC,2,126,126,Acer saccharum,4/28/2010,13.4,0,,6/2/2011,13.6,0,,7/3/2012,13.7,0,,7/2/2013,13.7,0,,6/3/2014,13.7,,,6/17/2015,13.9,,,5/19/2016,13.9,,,,5/29/2017,14,,,,5/17/2018,14,,,,14.3,,,14.3,14.1,2021 real meas.,14.1,2021 real,14.2,,14.2,,14.1,
SC,2,127,127,Acer saccharum,4/28/2010,6.9,0,,6/2/2011,7.2,0,,7/3/2012,7.1,0,,7/2/2013,7.2,0,,6/3/2014,7.1,,,6/17/2015,7.3,,,5/19/2016,7.3,,,,5/29/2017,7.3,,,,5/17/2018,7.3,,,,7.1,,,7.4,7.4,,7.4,,7.4,,7.5,over bump,7.5,
SC,2,2949*,2949,Acer saccharum,,,99,,,,99,,,,99,,7/2/2013,6.2,7,New 2013 Near 98,6/3/2014,6.6,,,6/17/2015,6.8,,,5/19/2016,6.9,,,New 2013 Near 98,5/29/2017,7,,,New 2013 Near 98,5/17/2018,7.1,,,,7.2,,,7.3,7.5,Tipped but still alive,7.6,New 2013 Near 98,NA,measurement missing,7.8,,7.8,
SC,2,2951*,2951,Acer saccharum,,,99,,,,99,,,,99,,7/2/2013,6.5,7,New 2013 Near 112,6/3/2014,6.4,,,6/17/2015,7,,,5/19/2016,6.9,,Real meas 2016,New 2013 Near 112; 2016 real meas.,5/29/2017,6.9,,,New 2013 Near 112; 2016 real meas.,5/17/2018,7.1,,,,7.2,,,7.6,7.6,,7.5,New 2013 Near 112; 2016 real meas.,7.7,"top snap, still alive, near 112",7.7,,7.6,
SC,2,2952*,2952,Acer saccharum,,,99,,,,99,,,,99,,7/2/2013,6.3,7,New 2013 Near 110,6/3/2014,6.4,,,6/17/2015,6.7,,,5/19/2016,6.6,,Real meas 2016,New 2013 Near 110; 2016 real meas.,5/29/2017,6.9,,,New 2013 Near 110; 2016 real meas.,5/17/2018,7,,,,7.1,,,7.1,7.3,,7.6,New 2013 Near 110; 2016 real meas.,7.7,near 112,8.2,,8.7,
SC,2,2953*,2953,Acer saccharum,,,99,,,,99,,,,99,,7/2/2013,7.3,7,New 2013 Near 110,6/3/2014,7.4,,,6/17/2015,7.7,,,5/19/2016,7.6,,Real meas 2016,New 2013 Near 110; 2016 real meas.,5/29/2017,7.6,,,New 2013 Near 110; 2016 real meas.,5/17/2018,7.6,,,,7.7,,,7.7,7.7,,7.7,New 2013 Near 110; 2016 real meas.,7.8,near 110,7.8,,8,
SC,2,2954*,2954,Acer saccharum,,,99,,,,99,,,,99,,7/2/2013,6.6,7,New 2013 Next to 98,6/3/2014,6.9,,,6/17/2015,7.1,,,5/19/2016,7.2,,,New 2013 Next to 98,5/29/2017,7.2,,,New 2013 Next to 98,5/17/2018,7.3,,,,7.3,,,7.3,7.7,,7.6,New 2013 Next to 98,7.4,"nearly dead, measured on bump",0,appears dead,0,
SC,3,129,129,Acer saccharum,4/28/2010,6.7,0,,6/2/2011,6.9,0,,7/3/2012,7,0,,7/2/2013,7.1,0,,6/18/2014,7.1,,,6/17/2015,7.2,,,5/20/2016,7.2,,,,5/30/2017,7.2,,,,5/17/2018,7.2,,,,7.1,,,7.1,7.2,,7.2,,7.1,,7.1,,7.2,
SC,3,130,130,Acer saccharum,4/28/2010,11.2,0,,6/2/2011,11.3,0,,7/3/2012,11.5,0,,7/2/2013,11.8,0,,6/18/2014,11.9,,,6/17/2015,11.9,,,5/20/2016,12,,,,5/30/2017,12,,,,5/17/2018,12.2,,,,12.5,,,12.7,12.8,,12.8,,13.3,parallel to ground,13.3,,13.8,
SC,3,131,131,Acer saccharum,4/28/2010,6.4,0,,6/2/2011,6.9,0,,7/3/2012,6.8,0,,7/2/2013,7,0,,6/18/2014,7.1,,,6/17/2015,7.1,,,5/20/2016,7.1,,,,5/30/2017,7.1,,,,5/17/2018,7.2,,,,7.3,,,7.4,7.6,,7.5,,7.9,,7.9,,8.1,
SC,3,132,132,Acer saccharum,4/28/2010,6.9,0,,6/2/2011,7.1,0,,7/3/2012,7.3,0,,7/2/2013,7.3,0,,6/18/2014,7.6,,,6/17/2015,7.6,,,5/20/2016,7.7,,,,5/30/2017,7.8,,,,5/17/2018,7.8,,,,7.9,,,8,8,,8,,8.1,,8.1,,8.1,
SC,3,133,133,Acer saccharum,4/28/2010,7.7,0,,6/2/2011,7.8,0,,7/3/2012,8,0,,7/2/2013,8,0,,6/18/2014,7.9,,,6/17/2015,8,,,5/20/2016,8,,,,5/30/2017,,,cannot find- possible crushed by a tree,"2017 cannot find, possibly crushed by a tree",5/17/2018,0,,,,0,,,0,0,,0,"2017 cannot find, possibly crushed by a tree",0,dead,0,,0,
SC,3,134,134,Acer saccharum,4/28/2010,7.4,0,,6/2/2011,7.6,0,,7/3/2012,7.8,0,,7/2/2013,7.8,0,,6/18/2014,8.1,,,6/17/2015,8.4,,,5/20/2016,8.5,,,,5/30/2017,8.8,,,,5/17/2018,8.8,,,,9.1,,,9.1,9.6,,9.8,,10,,10.5,,10.6,
SC,3,136,136,Acer saccharum,4/28/2010,7.7,0,,6/2/2011,8.1,0,,7/3/2012,8.4,0,,7/2/2013,8.6,0,,6/18/2014,8.9,,,6/17/2015,9.3,,,5/20/2016,9.3,,,,5/30/2017,9.3,,,,5/17/2018,9.7,,,,10.2,,,10.3,10.8,,11,,11.3,,11.7,,11.9,
SC,3,138,138,Acer saccharum,4/28/2010,9.2,0,,6/2/2011,9.8,0,,7/3/2012,10,0,,7/2/2013,10.1,0,,6/18/2014,10.2,,uprooted due to treefall,6/17/2015,0,,2015 Dead,5/20/2016,0,,,2014 uprooted due to treefall; 2015 dead,5/30/2017,0,,dead,2014 uprooted due to treefall; 2015 dead,5/17/2018,0,,,,0,,,0,0,,0,2014 uprooted due to treefall; 2015 dead,0,dead,0,,0,
SC,3,142,142,Acer saccharum,4/28/2010,8.8,0,,6/2/2011,9,0,,7/3/2012,9.2,0,,7/2/2013,9.3,0,,6/18/2014,9.4,,,6/17/2015,9.4,,,5/20/2016,9.5,,,,5/30/2017,9.5,,,,5/17/2018,9.5,,,,9.4,,,9.4,9.7,,9.7,,9.8,,9.8,,10,
SC,3,143,143,Acer saccharum,4/28/2010,27.4,0,,6/2/2011,28,0,,7/3/2012,28,0,,7/2/2013,28.3,0,,6/18/2014,28.4,,,6/17/2015,28.7,,,5/20/2016,28.8,,,,5/30/2017,29.6,,,,5/17/2018,29,,,,29.5,,,30.1,29.5,,29.6,,29.7,,29.9,,29.7,
SC,3,145,145,Acer saccharum,4/28/2010,40.5,0,,6/2/2011,40.6,0,,7/3/2012,40.5,1,,7/2/2013,40.7,0,,6/18/2014,40.9,,,6/17/2015,40.9,,,5/20/2016,40.9,,,,5/30/2017,40.9,,,,5/17/2018,0,,2018 dead,,0,,,0,0,,0,2018 dead,0,dead,0,,0,
SC,3,146,146,Acer saccharum,4/28/2010,15.4,0,,6/2/2011,15.5,0,,7/3/2012,15.6,0,,7/2/2013,15.8,0,,6/18/2014,15.7,,,6/17/2015,15.9,,,5/20/2016,15.9,,,,5/30/2017,15.9,,,,5/17/2018,15.9,,,,15.9,,,15.9,0,Dead 2021,0,2021 dead,0,dead,0,,0,
SC,3,147,147,Acer saccharum,4/28/2010,47.5,0,,6/2/2011,48,0,,7/3/2012,48,0,,7/2/2013,48.4,0,2013 bark flaky,6/18/2014,48.5,,,6/17/2015,48.5,,,5/20/2016,48.5,,,2013 bark flaky,5/30/2017,48.5,,,2013 bark flaky,5/17/2018,48,,2018 over bark,,48.3,,,0,0,Fallen,0,2013 bark flaky; 2018 over bark; 2021 fallen,0,dead,0,,0,
SC,3,148,148,Acer saccharum,4/28/2010,8.2,0,,6/2/2011,8.2,0,,7/3/2012,8.3,0,,7/2/2013,8.4,0,,6/18/2014,8.4,,,6/17/2015,8.4,,,5/20/2016,8.4,,,,5/30/2017,8.4,,,,5/17/2018,8.4,,,,8.7,,,8.9,9,,9,2022 fallen,9.2,fallen but alive,9.3,fallen; still alive,9.5,"fallen, still green"
SC,3,149,149,Acer saccharum,4/28/2010,11,2,,6/2/2011,11,0,,7/3/2012,11.1,0,2012 dbh1 measurement error? Changed from 11.7 to 11,7/2/2013,11.3,0,,6/18/2014,11.4,,,6/17/2015,11.4,,,5/20/2016,11.5,,,2012 dbh1 measurement error? Changed from 11.7 to 11,5/30/2017,11.6,,,2012 dbh1 measurement error? Changed from 11.7 to 11,5/17/2018,11.6,,,,11.9,,,11.8,11.9,Fallen but still rooted,0,"2012 dbh1 measurement error? Changed from 11.7 to 11; 2021 fallen but still rooted, 2022 dead",0,dead,0,,0,
SC,3,150,150,Acer saccharum,4/28/2010,9.5,0,,6/2/2011,9.7,0,,7/3/2012,9.7,0,,7/2/2013,9.7,0,,6/18/2014,9.9,,,6/17/2015,10.1,,,5/20/2016,10.1,,,,5/30/2017,10.6,,,,5/17/2018,10.1,,2018 dead,,9.9,,2019 dead,0,0,Dead 2021,0,2018 dead; 2021 dead,0,dead,0,,0,
SC,3,151,151,Acer saccharum,4/28/2010,6.9,0,,6/2/2011,7,0,,7/3/2012,7,0,,7/2/2013,7,0,,6/18/2014,7.1,,,6/17/2015,7.1,,,5/20/2016,7.1,,,,5/30/2017,7.2,,,,5/17/2018,7.1,,,,7.4,,,7.1,7.6,Knot at nail,7.7,2021 knot at nail,7.6,,8.1,,8.2,
SC,3,152,152,Acer saccharum,4/28/2010,44.4,0,,6/2/2011,45.1,0,,7/3/2012,46.7,0,,7/2/2013,47.1,0,,6/18/2014,47.8,,,6/17/2015,48.8,,,5/20/2016,49.8,,,,5/30/2017,50.6,,,,5/17/2018,50.6,,,,52.6,,,53,53.5,,53.9,,54.7,,55.5,,55.9,
SC,3,153,153,Acer saccharum,4/28/2010,68,0,,6/2/2011,69,0,,7/3/2012,70.5,0,,7/2/2013,71.4,0,,6/18/2014,71.6,,,6/17/2015,72.8,,2015 needs retagging,5/20/2016,73.6,,Tag missing,2016 tag missing,5/30/2017,74,,tag missing,2016 tag missing; 2017 tag missing,5/17/2018,74.7,,,,76.2,,2019 tag worn,77.5,77.1,,78.1,2016 tag missing; 2017 tag missing,78.6,,79.2,,80,
SC,3,155,155,Acer saccharum,4/28/2010,57,0,,6/2/2011,57.8,0,,7/3/2012,59,0,,7/2/2013,59.1,0,,6/18/2014,59.7,,,6/17/2015,60.6,,,5/20/2016,60.8,,,,5/30/2017,61.1,,,,5/17/2018,61.7,,,,62.8,,,63.6,64.3,,65.1,,65.4,,66.2,,67.2,
SC,3,156,156,Acer saccharum,4/28/2010,10,0,,6/2/2011,10.3,0,,7/3/2012,10.4,0,,7/2/2013,10.6,0,,6/18/2014,10.7,,meas on bump,6/17/2015,10.5,,,5/20/2016,10.5,,Bump gone 2016,2014 meas on bump; 2016 bump gone,5/30/2017,11.5,,,2014 meas on bump; 2016 bump gone,5/17/2018,0,,2018 dead,,0,,,0,0,,0,2014 meas on bump; 2016 bump gone; 2018 dead,0,dead,0,,0,
SC,3,157,157,Acer saccharum,4/28/2010,18.3,0,,6/2/2011,18.6,0,,7/3/2012,18.8,0,,7/2/2013,18.9,0,,6/18/2014,19.1,,,6/17/2015,19.1,,,5/20/2016,19,,Real meas 2016,2016 real meas.,5/30/2017,19,,,2016 real meas.,5/17/2018,19,,,,19,,,19.1,19.1,,19.1,2016 real meas.,19.3,,19.3,,19.3,
SC,3,160,160,Acer saccharum,4/28/2010,6.4,0,,6/2/2011,6.6,0,,7/3/2012,6.7,0,,7/2/2013,6.7,0,,6/18/2014,6.6,,,6/17/2015,6.9,,,5/20/2016,6.9,,,,5/30/2017,0,,dead- crushed by fallen tree,"2017 dead, crushed by fallen tree",5/17/2018,0,,,,0,,,0,0,,0,"2017 dead, crushed by fallen tree",0,dead,0,,0,
SC,3,161,161,Acer saccharum,4/28/2010,7.4,0,,6/2/2011,7.5,0,,7/3/2012,7.5,0,,7/2/2013,7.5,0,,6/18/2014,7.6,,,6/17/2015,7.7,,,5/20/2016,8,,,,5/30/2017,8.1,,,,5/17/2018,8.1,,,,7.6,,,8.2,8.2,Leaning,8.3,2021 leaning,8.3,"leaning, green",8.5,,8.5,
SC,3,162,162,Acer saccharum,4/28/2010,8,0,,6/2/2011,8.4,0,,7/3/2012,8.6,0,,7/2/2013,8.6,0,,6/18/2014,8.9,,,6/17/2015,9,,,5/20/2016,9.1,,,,5/30/2017,9.3,,,,5/17/2018,9.4,,,,9.7,,,9.8,10.1,,10.2,,10.7,,10.7,,10.7,
SC,3,164,164,Acer saccharum,4/28/2010,14.9,0,,6/2/2011,15.3,0,,7/3/2012,15.7,0,,7/2/2013,15.9,0,,6/18/2014,16,,,6/17/2015,16.1,,,5/20/2016,16.3,,,,5/30/2017,16.3,,,,5/17/2018,16.4,,,,16.6,,,16.6,16.7,,16.7,,16.9,,17,,17,
SC,3,165,165,Acer saccharum,4/28/2010,10.3,0,,6/2/2011,10.7,0,,7/3/2012,10.9,0,,7/2/2013,11.1,0,,6/18/2014,11.2,,,6/17/2015,11.5,,,5/20/2016,11.5,,,,5/30/2017,11.5,,,,5/17/2018,11.8,,,,12,,,12.1,12.3,,12.3,,12.4,,12.5,,12.6,
SC,3,166,166,Acer saccharum,4/28/2010,7.3,0,,6/2/2011,7.6,0,,7/3/2012,7.8,0,,7/2/2013,8,0,,6/18/2014,7.9,,,6/17/2015,8.1,,,5/20/2016,8.2,,,,5/30/2017,8.3,,,,5/17/2018,8.4,,,,8.5,,,8.7,8.7,,8.6,2022 split top portion dead,8.6,,8.7,,8.8,
SC,3,167,167,Acer saccharum,4/28/2010,21.2,0,,6/2/2011,21.6,0,,7/3/2012,22,0,,7/2/2013,22.1,0,,6/18/2014,22.4,,,6/17/2015,22.5,,,5/20/2016,22.9,,,,5/30/2017,22.9,,,,5/17/2018,22.8,,,,23,,,23,3.2,,23.2,,23.4,,23.4,,23.5,
SC,3,168,168,Acer saccharum,4/28/2010,20.5,0,,6/2/2011,21.2,0,,7/3/2012,21.8,0,,7/2/2013,22.1,0,,6/18/2014,22.4,,,6/17/2015,22.9,,,5/20/2016,23,,,,5/30/2017,23.2,,,,5/17/2018,23.3,,,,123.5,,,23.8,24.2,,24.4,,24.7,,24.8,,24.9,
SC,3,169,169,Acer saccharum,4/28/2010,16.2,0,,6/2/2011,16.7,0,,7/3/2012,17.1,0,,7/2/2013,17.3,0,,6/18/2014,17.5,,,6/17/2015,17.9,,,5/20/2016,18.1,,,,5/30/2017,18.2,,,,5/17/2018,18.2,,,,18.4,,,18.5,18.8,,18.9,,19.1,,19.2,,19.2,
SC,3,170,170,Acer saccharum,4/28/2010,6.6,0,,6/2/2011,6.6,0,,7/3/2012,6.7,0,,7/2/2013,6.7,0,,6/18/2014,6.9,,,6/17/2015,6.7,,,5/20/2016,6.8,,,,5/30/2017,6.8,,,,5/17/2018,6.7,,,,6.7,,,6.7,0,"Fallen 2021, Dead 2021",0,2021 fallen and dead,0,dead,0,,0,
SC,3,171,171,Acer saccharum,4/28/2010,7.4,0,,6/2/2011,7.6,0,,7/3/2012,7.7,0,,7/2/2013,7.8,0,,6/18/2014,7.9,,,6/17/2015,7.9,,,5/20/2016,7.9,,,,5/30/2017,8.1,,,,5/17/2018,7.9,,,,8,,,7.9,8,Fallen 2021,7.9,2021 fallen,0,dead,0,,0,
SC,3,172,172,Acer saccharum,4/28/2010,8.7,0,,6/2/2011,8.9,0,,7/3/2012,9.2,0,,7/2/2013,9.2,0,,6/18/2014,9.1,,,6/17/2015,9.4,,,5/20/2016,9.4,,,,5/30/2017,9.4,,,,5/17/2018,9.5,,,,9.7,,,9.6,9.7,Fallen 2021,9.6,2021 fallen,0,dead,0,,0,
SC,3,173,173,Acer saccharum,4/28/2010,12.1,0,,6/2/2011,12.6,0,,7/3/2012,12.8,0,,7/2/2013,12.9,0,,6/18/2014,13.2,,,6/17/2015,13.3,,,5/20/2016,13.5,,,,5/30/2017,13.6,,,,5/17/2018,13.7,,,,14,,,14,14.1,Fallen 2021,14.1,2021 fallen,0,dead,0,,0,
SC,3,175*,175,Acer saccharum,4/28/2010,7.2,0,,6/2/2011,7.5,0,,7/3/2012,7.6,0,,7/2/2013,7.6,0,,6/18/2014,7.6,,,6/17/2015,7.7,,,5/20/2016,7.7,,,,5/30/2017,7.8,,,,5/17/2018,7.8,,,,7.9,,,7.8,8.1,Fallen 2021,8.2,2021 fallen,8.2,"fallen, green",8.3,fallen; still alive,8.4,
SC,3,2944*,2944,Acer saccharum,,,99,,,,99,,,,99,,7/2/2013,6.1,7,New 2013 Near 133,6/18/2014,6.4,,,6/17/2015,6.7,,,5/20/2016,7,,,New 2013 Near 133,5/30/2017,,,missing- possible crushed,"New 2013 Near 133; 2017 missing, possibly crushed by a tree",5/17/2018,0,,,,0,,,0,0,,0,"New 2013 Near 133; 2017 missing, possibly crushed by a tree",0,dead,0,,0,
SC,3,2945*,2945,Acer saccharum,,,99,,,,99,,,,99,,7/2/2013,6,7,New 2013 Near 157,6/18/2014,6.4,,,6/17/2015,6.3,,,5/20/2016,6.5,,,New 2013 Near 157,5/30/2017,6.5,,,New 2013 Near 157,5/17/2018,6.4,,,,6.5,,,6.4,6.5,,6.5,New 2013 Near 157,6.6,near 157,6.7,,6.6,
SC,3,2947*,2947,Acer saccharum,,,99,,,,99,,,,99,,7/2/2013,6.9,7,New 2013 Near 168 and 169,6/18/2014,6.9,,,6/17/2015,7,,,5/20/2016,7.1,,,New 2013 Near 168 and 169,5/30/2017,7.1,,,New 2013 Near 168 and 169,5/17/2018,7.1,,,,7.2,,,7.1,7.2,,7.1,New 2013 Near 168 and 169,7.1,near 168,7.1,,7.3,
SC,3,2948*,2948,Acer saccharum,,,99,,,,99,,,,99,,7/2/2013,12.4,8,New 2013 Near 175,6/18/2014,12.7,,,6/17/2015,13.1,,,5/20/2016,13.5,,,New 2013 Near 175,5/30/2017,13.6,,,New 2013 Near 175,5/17/2018,13.9,,,,14.1,,,15.1,14.7,Fallen 2021,14.6,New 2013 Near 175; 2021 fallen,0,dead,0,,0,
SC,4,177,177,Acer saccharum,4/28/2010,46,0,,6/2/2011,46.8,0,,7/5/2012,47.8,0,,6/25/2013,47.9,0,,6/18/2014,48.3,,,6/26/2015,48.8,,,5/20/2016,48.8,,,,5/30/2017,49.2,,,,5/17/2018,49.2,,,,49.5,,,49.5,48,Missing bark,0,"2021 missing bark, 2022 dead",0,dead,0,dead,0,
SC,4,179,179,Acer saccharum,4/28/2010,7,0,,6/2/2011,7.1,0,,7/5/2012,7.2,0,,6/25/2013,7.2,0,,6/18/2014,7.1,,,6/26/2015,7.3,,,5/20/2016,7.3,,,,5/30/2017,7.4,,,,5/17/2018,0,,2018 dead,,0,,,0,0,,0,2018 dead,0,dead,0,,0,
SC,4,180,180,Acer saccharum,4/28/2010,11.2,0,,6/2/2011,11.9,0,,7/5/2012,11.9,0,,6/25/2013,12.1,0,,6/18/2014,12.2,,,6/26/2015,12.3,,,5/20/2016,12.1,,Bark broke off 2016,2016 bark broke off,5/30/2017,12.1,,,2016 bark broke off,5/17/2018,0,,2018 dead,,0,,,0,0,,0,2016 bark broke off; 2018 dead,0,dead,0,,0,
SC,4,181,181,Acer saccharum,4/28/2010,14.8,0,,6/2/2011,15,0,,7/5/2012,15.1,0,,6/25/2013,15.2,0,,6/18/2014,15.2,,,6/26/2015,15.5,,,5/20/2016,15.5,,,,5/30/2017,0,,dead,2017 dead,5/17/2018,0,,2018 dead,,0,,,0,0,,0,2018 dead,0,dead,0,,0,
SC,4,182,182,Acer saccharum,4/28/2010,8.7,0,,6/2/2011,9.2,0,,7/5/2012,9.5,0,,6/25/2013,9.5,0,,6/18/2014,9.7,,,6/26/2015,9.9,,,5/20/2016,9.9,,,,5/30/2017,10,,,,5/17/2018,0,,2018 dead,,0,,,0,0,,0,2018 dead,0,dead,0,,0,
SC,4,184,184,Acer saccharum,4/28/2010,6.2,0,,6/2/2011,6.5,0,,7/5/2012,6.7,0,,6/25/2013,6.9,0,,6/18/2014,7.1,,,6/26/2015,7.1,,,5/20/2016,0,,Dead 2016,2016 dead,5/30/2017,0,,dead,2016 dead,5/17/2018,0,,2018 dead,,0,,,0,0,,0,2016 dead; 2018 dead,0,dead,0,,0,
SC,4,185,185,Acer saccharum,4/28/2010,8.2,0,,6/2/2011,8.5,0,,7/5/2012,8.9,0,,6/25/2013,8.9,0,,6/18/2014,9.1,,,6/26/2015,9.1,,,5/20/2016,9.1,,,,5/30/2017,9.2,,,,5/17/2018,0,,2018 dead,,0,,,0,0,,0,2018 dead,0,dead,0,,0,
SC,4,186,186,Acer saccharum,4/28/2010,7.8,0,,6/2/2011,8.2,0,,7/5/2012,8.3,0,,6/25/2013,8.4,0,,6/18/2014,8.6,,,6/26/2015,8.9,,,5/20/2016,8.9,,,,5/30/2017,8.9,,,,5/17/2018,8.9,,,,9,,,9,9,,9,,9,,9,,9,
SC,4,187,187,Acer saccharum,4/28/2010,8,0,,6/2/2011,8.2,0,,7/5/2012,8.5,0,,6/25/2013,8.5,0,,6/18/2014,8.6,,,6/26/2015,8.9,,,5/20/2016,8.9,,,,5/30/2017,8.9,,,,5/17/2018,8.9,,,,9,,,9,9,,9,,9,,9,,9,
SC,4,188,188,Acer saccharum,4/28/2010,59.5,0,,6/2/2011,59.1,1,2011 bark broke off,7/5/2012,60,0,,6/25/2013,60,0,,6/18/2014,60.5,,,6/26/2015,61,,,5/20/2016,61.6,,,2011 bark broke off,5/30/2017,62,,,2011 bark broke off,5/17/2018,62,,,,62.2,,,63.2,63,,63.6,2011 bark broke off,63.5,,63.8,,63.8,
SC,4,189,189,Acer saccharum,4/28/2010,51,0,,6/2/2011,51.4,0,,7/5/2012,51.7,0,,6/25/2013,51.9,0,,6/18/2014,52.6,,,6/26/2015,53.2,,,5/20/2016,53.3,,,,5/30/2017,53.9,,,,5/17/2018,54.1,,,,54.6,,,55.5,56,,56,,56.6,,57.2,,57.3,
SC,4,191,191,Acer saccharum,4/28/2010,6.8,0,,6/2/2011,7,0,,7/5/2012,7.2,0,,6/25/2013,7.2,0,2013 measurement includes sprout knot,6/18/2014,7.9,,3.1 both above and below sprout,6/26/2015,8,,,5/20/2016,8,,Big bump,2013 measurement includes sprout knot; 2014 DBH is 3.1 both above and below sprout; 2016 big bump,5/30/2017,8,,,2013 measurement includes sprout knot; 2014 DBH is 3.1 both above and below sprout; 2016 big bump,5/17/2018,8.4,,,,8,,,8.2,8.4,,8.6,2013 measurement includes sprout knot; 2016 big bump,8.3,,8.6,,8.6,
SC,4,194,194,Acer saccharum,4/28/2010,6.2,0,,6/2/2011,6.4,0,,7/5/2012,6.5,0,,6/25/2013,6.4,1,2013 real measurement,6/18/2014,6.4,,,6/26/2015,6.5,,,5/20/2016,6.6,,,2013 real measurement,5/30/2017,6.6,,,2013 real measurement,5/17/2018,6.6,,,,6.7.,,,6.7,6.8,,6.7,2013 real measurement,6.7,,6.7,,6.7,die off at crown
SC,4,195,195,Acer saccharum,4/28/2010,8.2,0,,6/2/2011,8.2,0,,7/5/2012,8.2,0,,6/25/2013,8.2,0,,6/18/2014,8.1,,,6/26/2015,8.4,,,5/20/2016,8.4,,,,5/30/2017,8.4,,,,5/17/2018,8.3,,,,8.4,,,8.3,8.5,,8.4,,8.4,,8.4,dying; small regrowth,0,dead
SC,4,197,197,Acer saccharum,4/28/2010,12.8,0,,6/2/2011,12.8,0,,7/5/2012,12.8,0,,6/25/2013,12.8,0,,6/18/2014,13,,,6/26/2015,13,,,5/20/2016,13.1,,,,5/30/2017,13.1,,,,5/17/2018,13,,,,13.1,,,13,13.1,,0,2022 dead,0,dead,0,,0,
SC,4,198,198,Acer saccharum,4/28/2010,23.1,0,,6/2/2011,23.6,0,,7/5/2012,23.9,0,,6/25/2013,24,0,,6/18/2014,24.1,,,6/26/2015,24.4,,,5/20/2016,24.4,,,,5/30/2017,0,,dead,2017 dead,,,,,,,,,,0,,0,,0,dead,0,dead,0,
SC,4,199,199,Acer saccharum,4/28/2010,7,0,,6/2/2011,7.3,0,,7/5/2012,7.5,0,,6/25/2013,7.7,0,,6/18/2014,7.6,,,6/26/2015,7.8,,,5/20/2016,7.8,,,,5/30/2017,7.8,,,,5/17/2018,0,,2018 dead,,0,,,0,0,,0,2018 dead,0,dead,0,,0,
SC,4,202,202,Acer saccharum,4/28/2010,7.3,0,,6/2/2011,7.6,0,,7/5/2012,8,0,,6/25/2013,8.1,0,,6/18/2014,8.4,,,6/26/2015,8.5,,,5/20/2016,8.5,,,,5/30/2017,8.5,,,,5/17/2018,8.5,,,,8.7,,,8.5,8.6,2021 real meas.,8.5,2021 real,0,dead,0,dead,0,
SC,4,203,203,Acer saccharum,4/28/2010,49.5,0,,6/2/2011,49.8,0,,7/5/2012,50.3,0,,6/25/2013,50.5,0,,6/18/2014,50.5,,,6/26/2015,51.1,,,5/20/2016,51.3,,,,5/30/2017,51.6,,,,5/17/2018,51.7,,,,52.2,,,52.9,53.1,,53.2,,53.8,,54,,54,
SC,4,207,207,Acer saccharum,4/28/2010,15.2,0,,6/2/2011,15.5,0,,7/5/2012,15.8,0,,6/25/2013,15.8,0,,6/18/2014,15.7,,,6/26/2015,0,,2015 dead,5/20/2016,0,,,2015 dead,5/30/2017,0,,dead,2015 dead,5/17/2018,0,,2018 dead,,0,,,0,0,,0,2015 dead; 2018 dead,0,dead,0,,0,
SC,4,961*,961,Acer saccharum,,,99,,,,99,,,,99,,6/25/2013,6.9,7,New 2013 Near 199 & plot corner by field,6/18/2014,6.6,,real meas.,6/26/2015,6.7,,,5/20/2016,6.8,,,New 2013 Near 199 & plot corner by field; 2014 real meas.,5/30/2017,6.8,,,New 2013 Near 199 & plot corner by field; 2014 real meas.,5/17/2018,6.9,,,,6.9,,,6.9,7,,7,New 2013 Near 199 & plot corner by field; 2014 real meas.,7,,7,,7,
SC,4,962*,962,Acer saccharum,,,99,,,,99,,,,99,,6/25/2013,6.1,7,New 2013 Near 201 (these 3 close together),6/18/2014,6.4,,,6/26/2015,6.4,,,5/20/2016,6.4,,,New 2013 Near 201 (these 3 close together),5/30/2017,6.4,,,New 2013 Near 201 (these 3 close together),5/17/2018,6.5,,,,6.5,,,6.4,6.5,,0,"New 2013 Near 201 (these 3 close together), 2022 dead",0,dead,0,,0,
SC,4,963*,963,Acer saccharum,,,99,,,,99,,,,99,,6/25/2013,6.2,7,New 2013 Near 201,6/18/2014,6.4,,,6/26/2015,6.9,,,5/20/2016,7,,,New 2013 Near 201,5/30/2017,7.2,,,New 2013 Near 201,5/17/2018,7.2,,,,7.2,,,7.2,7.4,,7.3,New 2013 Near 201,7.3,,7.3,,0,dead
SC,4,964*,964,Acer saccharum,,,99,,,,99,,,,99,,6/25/2013,6.2,7,New 2013 Near 201,6/18/2014,6.6,,,6/26/2015,6.8,,,5/20/2016,6.9,,,New 2013 Near 201,5/30/2017,6.9,,,New 2013 Near 201,5/17/2018,7,,,,7,,,7,7,,7,New 2013 Near 201,7,,7,dead? small regrowth,0,dead
SC,4,965*,965,Acer saccharum,,,99,,,,99,,,,99,,6/25/2013,6.7,7,New 2013 Behind 204,6/18/2014,6.6,,,6/26/2015,7,,"2015 bark flaking, needs retagging",5/20/2016,7,,Tag missing,New 2013 Behind 204,5/30/2017,,,"couldn't find- missing tag previous year, no trees wth nails","New 2013 Behind 204; couldn't find- missing tag previous year, no trees wth nails",5/17/2018,0,,,,0,,,0,0,,0,"New 2013 Behind 204; couldn't find- missing tag previous year, no trees wth nails",0,dead,0,,0,
SC,4,967*,967,Acer saccharum,,,99,,,,99,,,,99,,6/25/2013,6.2,7,New 2013 Near 203,6/18/2014,6.9,,meas. On knot,6/26/2015,7,,,5/20/2016,7.1,,,New 2013 Near 203; 2014 meas. Over knot,5/30/2017,0,,dead,New 2013 Near 203; 2014 meas. Over knot; 2017 dead,5/17/2018,0,,2018 dead,,0,,,0,0,,0,New 2013 Near 203; 2014 meas. Over knot; 2017 dead; 2018 dead,0,dead,0,,0,
SC,4,968*,968,Acer saccharum,,,99,,,,99,,,,99,,6/25/2013,6.1,7,New 2013 Near 207,6/18/2014,6.4,,,6/26/2015,6.4,,,5/20/2016,6.4,,,New 2013 Near 207,5/30/2017,6.4,,,New 2013 Near 207,5/17/2018,0,,2018 dead,,0,,,0,0,,0,New 2013 Near 207; 2018 dead,0,dead,0,,0,
SC,5,217,217,Acer saccharum,4/28/2010,34.6,0,,6/2/2011,34.5,1,,7/5/2012,34.8,0,,6/25/2013,34.5,1,2013 flakey bark problem,6/18/2014,34.8,,,6/26/2015,35.1,,,5/20/2016,35,,,2013 flakey bark problem,5/30/2017,35.8,,,2013 flakey bark problem,5/24/2018,35,,,,35.2,,,35.1,35.1,,34.6,"2013 flakey bark problem, 2022 real meas. due to flaky bark",34.6,,34.8,1/2 canopy dead,34.9,
SC,5,219,219,Acer saccharum,4/28/2010,39.8,0,,6/2/2011,39.5,1,2011 bark chipped off,7/5/2012,39.6,0,,6/25/2013,39.7,0,,6/18/2014,39.9,,,6/26/2015,39.8,,,5/20/2016,40.2,,,2011 bark chipped off,5/30/2017,39.8,,,2011 bark chipped off,5/24/2018,39.9,,,,40.2,,,40.7,40.2,,40.2,2011 bark chipped off,40.1,,40.2,,40.3,
SC,5,221,221,Acer saccharum,4/28/2010,11.8,0,,6/2/2011,12,0,,7/5/2012,11.9,0,,6/25/2013,11.7,1,2013 measurement real,6/18/2014,11.9,,meas. On bump,6/26/2015,12.5,,,5/20/2016,12.6,,,2013 measurement real; 2014 meas. On bump,5/30/2017,12.9,,,2013 measurement real; 2014 meas. On bump,5/24/2018,12.5,,,,12.1,,,12.2,12.3,,12.4,2013 measurement real; 2014 meas. On bump,12.1,,12.3,bumpy,0,dead
SC,5,223,223,Acer saccharum,4/28/2010,6.4,0,,6/2/2011,6.5,0,,7/5/2012,6.5,0,,6/25/2013,6.5,0,,6/18/2014,6.6,,,6/26/2015,6.6,,,5/20/2016,6.6,,,,5/30/2017,0,,dead,2017 dead,5/24/2018,0,,,,0,,,0,0,,0,2017 dead,0,dead,0,,0,
SC,5,225,225,Acer saccharum,4/28/2010,10.8,0,,6/2/2011,11.2,0,,7/5/2012,11.4,0,,6/25/2013,11.5,0,,6/18/2014,11.7,,,6/26/2015,11.9,,,5/20/2016,11.9,,,,5/30/2017,11.9,,,,5/24/2018,12,,,,12.2,,,12.1,12.4,,12.4,,12.5,,12.6,,12.5,
SC,5,226,226,Acer saccharum,4/28/2010,16.1,0,,6/2/2011,16.8,0,,7/5/2012,17.2,0,,6/25/2013,17.5,0,,6/18/2014,17.5,,,6/26/2015,17.9,,,5/20/2016,17.9,,,,5/30/2017,18.3,,,,5/24/2018,18.1,,,,18.5,,,18.8,18.7,,18.7,,18.9,,19,,19.1,
SC,5,227,227,Acer saccharum,4/28/2010,18.5,0,,6/2/2011,19.3,0,,7/5/2012,20.6,0,,6/25/2013,20.9,0,2013 include bump with measurement,6/18/2014,21.6,,tag moved higher up,6/26/2015,22.6,,,5/20/2016,22.9,,,2013 include bump with measurement; 2014 tag moved higher up,5/30/2017,23.4,,,2013 include bump with measurement; 2014 tag moved higher up,5/24/2018,24.3,,,,25,,,26.1,26.9,,27.9,2013 include bump with measurement; 2014 tag moved higher up,28.1,,29.1,,29.4,
SC,5,228,228,Acer saccharum,4/28/2010,12.6,0,,6/2/2011,12.8,0,,7/5/2012,12.7,1,,6/25/2013,12.9,0,2013 measure above sprout,6/18/2014,13,,,6/26/2015,0,,2015 dead,5/20/2016,0,,,2013 measure above sprout; 2015 dead,5/30/2017,0,,dead,2013 measure above sprout; 2015 dead,5/24/2018,0,,,,0,,,0,0,,0,2013 measure above sprout; 2015 dead,0,dead,0,,0,
SC,5,229,229,Acer saccharum,4/28/2010,6.9,0,,6/2/2011,6.9,0,,7/5/2012,6.8,1,,6/25/2013,6.8,0,,6/18/2014,6.9,,,6/26/2015,7,,2015 meas anove knob,5/20/2016,7,,Above bump,2015 measure above bump,5/30/2017,0,,dead,2015 measure above bump; 2017 dead,5/24/2018,0,,,,0,,,0,0,,0,2015 measure above bump; 2017 dead,0,dead,0,,0,
SC,5,231,231,Acer saccharum,4/28/2010,11.8,0,,6/2/2011,12.2,0,,7/5/2012,12.3,0,,6/25/2013,12.4,0,,6/18/2014,12.4,,,6/26/2015,12.5,,,5/20/2016,12.6,,,,5/30/2017,12.6,,,,5/24/2018,12.5,,,,12.1,,,12.7,12.7,,12.4,2022 real meas.,12.4,,12.6,,12.7,
SC,5,234,234,Acer saccharum,4/28/2010,8.1,0,,6/2/2011,8.1,0,,7/5/2012,8.2,0,,6/25/2013,8,1,2013 measurement real,6/18/2014,8.1,,,6/26/2015,8.2,,,5/20/2016,8.4,,,2013 measurement real,5/30/2017,8.1,,,2013 measurement real,5/24/2018,8.1,,,,8.3,,,8,8.3,,8.1,2013 measurement real,8.2,,0,dead,0,
SC,5,235,235,Acer saccharum,4/28/2010,6,0,,6/2/2011,6.2,0,,7/5/2012,6.2,0,,6/25/2013,6.4,0,,6/18/2014,6.4,,,6/26/2015,6.6,,,5/20/2016,6.4,,,,5/30/2017,6.4,,,,5/24/2018,6.3,,,,6.3,,,6.3,6.4,,6.4,,6.3,,6.4,,6.3,
SC,5,238,238,Acer saccharum,4/28/2010,9,0,,6/2/2011,9.1,0,,7/5/2012,9.1,0,,6/25/2013,9.2,0,,6/18/2014,9.1,,,6/26/2015,9.2,,,5/20/2016,9.2,,,,5/30/2017,9.3,,,,5/24/2018,9.2,,,,9.1,,,9.3,9.2,,9.2,,9.2,,9.2,,9.2,
SC,5,240,240,Acer saccharum,4/28/2010,7.1,0,,6/2/2011,7.4,0,,7/5/2012,7.6,0,,6/25/2013,7.6,0,,6/18/2014,7.9,,,6/26/2015,8,,,5/20/2016,8,,,,5/30/2017,8,,,,5/24/2018,8.1,,,,8.1,,,8.1,8.2,,8.2,,8.2,,8.3,,8.3,
SC,5,241,241,Acer saccharum,4/28/2010,7.7,0,,6/2/2011,7.8,0,,7/5/2012,8,0,,6/25/2013,8,0,,6/18/2014,8.1,,,6/26/2015,8.5,,,5/20/2016,8.6,,,,5/30/2017,8.7,,,,5/24/2018,8.8,,,,8.8,,,8.8,8.9,,9,,9,,9,,9,
SC,5,242,242,Acer saccharum,4/28/2010,28.6,0,,6/2/2011,29.1,0,,7/5/2012,29.6,0,,6/25/2013,29.6,0,,6/18/2014,30,,,6/26/2015,29.9,,2015 real meas,5/20/2016,30,,,2015 real meas.,5/30/2017,30.5,,,2015 real meas.,5/24/2018,30.4,,,,31,,,31.3,30.4,,30.5,2015 real meas.,30.9,,30.6,dying,0,dead
SC,5,251,251,Acer saccharum,4/28/2010,16.3,0,,6/2/2011,16.7,0,,7/5/2012,17,0,,6/25/2013,17.1,0,,6/18/2014,17.3,,,6/26/2015,17.5,,,5/20/2016,17.5,,,,5/30/2017,17.6,,,,5/24/2018,17.6,,,,17.6,,,17.8,17.7,,17.8,,17.8,,17.9,,18,
SC,5,253,253,Acer saccharum,4/28/2010,6,0,,6/2/2011,6.1,0,,7/5/2012,6.2,0,,6/25/2013,6.2,0,,6/18/2014,6.1,,,6/26/2015,0,,2015 dead,5/20/2016,0,,,2015 dead,5/30/2017,0,,dead,2015 dead; 2017 dead,5/24/2018,0,,,,0,,,0,0,,0,2015 dead; 2017 dead,0,dead,0,,0,
SC,5,255,255,Acer saccharum,4/28/2010,11.6,0,,6/2/2011,12,0,,7/5/2012,12.5,0,,6/25/2013,12.6,0,,6/18/2014,13,,,6/26/2015,13.4,,,5/20/2016,13.5,,,,5/30/2017,13.9,,,,5/24/2018,14.1,,,,14.4,,,14.5,14.9,,15,,15.1,perpendicular to trunk,15.2,,15.2,
SC,5,256,256,Acer saccharum,4/28/2010,8.5,0,,6/2/2011,8.7,0,,7/5/2012,8.7,0,,6/25/2013,9,0,,6/18/2014,8.6,,real meas. ,6/26/2015,8.8,,,5/20/2016,8.8,,,2014 real meas.,5/30/2017,8.7,,,2014 real meas.,5/24/2018,8.7,,,,8.6,,,9,8.8,,8.7,2014 real meas.,8.8,,8.8,,8.9,
SC,5,257,257,Acer saccharum,4/28/2010,7.2,0,,6/2/2011,7.7,0,,7/5/2012,8,0,,6/25/2013,8.2,0,,6/18/2014,8.4,,,6/26/2015,8.9,,,5/20/2016,9,,,,5/30/2017,"9,1",,,,5/24/2018,9.3,,,,9.5,,,9.6,10,,10.1,,10.3,,10.5,,10.5,
SC,5,956*,956,Acer saccharum,,,99,,,,99,,,,99,,6/25/2013,6.9,7,"New 2013 Near 225, main stem only",6/18/2014,6.9,,uprooted/fallen,6/26/2015,0,,2015 dead,5/20/2016,0,,,"New 2013 Near 225, main stem only; 2014 uprooted/fallen; 2015 dead",5/30/2017,0,,dead,"New 2013 Near 225, main stem only; 2014 uprooted/fallen; 2015 dead",5/24/2018,0,,,,0,,,0,0,,0,"New 2013 Near 225, main stem only; 2014 uprooted/fallen; 2015 dead",0,dead,0,,0,
SC,5,959*,959,Acer saccharum,,,9,,,,9,,,,9,,6/25/2013,29.6,8,New 2013 Near 239 front edge near edge,6/18/2014,29.7,,,6/26/2015,29.9,,,5/20/2016,29.9,,,New 2013 Near 239 front edge near edge,5/30/2017,30.1,,,New 2013 Near 239 front edge near edge,5/24/2018,31.2,,,,31.3,,,31.4,31.3,,30.3,"New 2013 Near 239 front edge near edge, 2022 real meas. Maybe incorrect last 2 years",30.3,,30.3,,30.2,
SC,6,259,259,Acer saccharum,4/28/2010,26.9,0,,6/2/2011,27.1,0,,7/5/2012,27.1,0,,6/25/2013,27.1,0,,6/18/2014,27.2,,,6/26/2015,27,,2015 real meas,5/20/2016,27.1,,,2015 real meas.,5/30/2017,27,,almost dead,2015 real meas.; 2017 almost dead,5/24/2018,0,,2018 dead,,0,,,0,0,,0,2015 real meas.; 2017 almost dead; 2018 dead,0,dead,0,,0,
SC,6,262,262,Acer saccharum,4/28/2010,15.8,0,,6/2/2011,16,0,,7/5/2012,16.4,0,,6/25/2013,,9,"2013 knocked down, unable to measure",6/18/2014,0,,,6/26/2015,0,,,5/20/2016,0,,,"2013 knocked down, unable to measure",5/30/2017,0,,dead,"2013 knocked down, unable to measure; 2017 dead",5/24/2018,0,,2018 dead,,0,,,0,0,,0,"2013 knocked down, unable to measure; 2017 dead; 2018 dead",0,dead,0,,0,
SC,6,263,263,Acer saccharum,4/28/2010,44.9,2,,6/2/2011,45.7,0,,7/5/2012,45.9,0,2012 changed dbh2010 to 44.9 from 24.9 Second stem not tagged. Meas 41.0 in 2010; 42 in 2012,6/25/2013,45.9,0,,6/18/2014,46.2,,,6/26/2015,46.7,,,5/20/2016,47.3,,,2012 changed dbh2010 to 44.9 from 24.9 Second stem not tagged. Meas 41.0 in 2010; 42 in 2012,5/30/2017,47.2,,,2012 changed dbh2010 to 44.9 from 24.9 Second stem not tagged. Meas 41.0 in 2010; 42 in 2012,5/24/2018,47.2,,,,47,,,48.3,47.7,,47.8,,47.5,,47.8,,48.2,
SC,6,272,272,Acer saccharum,4/28/2010,8.7,0,,6/2/2011,9.3,0,,7/5/2012,9.8,0,,6/25/2013,9.8,0,,6/18/2014,10.2,,,6/26/2015,10.8,,,5/20/2016,10.9,,,,5/30/2017,11,,,,5/24/2018,11.4,,,,11.9,,,12.2,12.8,,12.9,,13.2,measured under bulge,13.7,,14.2,
SC,6,273,273,Acer saccharum,4/28/2010,7.8,0,,6/2/2011,8.7,0,,7/5/2012,9.2,0,,6/25/2013,9.5,0,,6/18/2014,9.9,,,6/26/2015,10.4,,,5/20/2016,10.7,,,,5/30/2017,11.2,,,,5/24/2018,11.5,,2018 tag is tight,,12.2,,,12.5,13.2,tag missing?,13.5,2018 tag is tight; 2021 tag missing,14.1,,14.9,meas. under bump,15.8,
SC,6,274,274,Acer saccharum,4/28/2010,6.6,0,,6/2/2011,7.2,0,,7/5/2012,7.2,0,,6/25/2013,7.2,0,,6/18/2014,7.4,,,6/26/2015,7.7,,,5/20/2016,7.8,,,,5/30/2017,7.8,,,,5/24/2018,8,,,,8.1,,,8.2,8.6,,8.5,,8.7,measured on bump,8.7,meas. w/ bump,8.7,
SC,6,275,275,Acer saccharum,4/28/2010,27.2,0,,6/2/2011,27.6,0,,7/5/2012,27.8,0,,6/25/2013,28,0,,6/18/2014,28.2,,,6/26/2015,28.6,,,5/20/2016,28.6,,,,5/30/2017,28.6,,,,5/24/2018,28.8,,,,28.9,,,29.3,29.1,,29.1,,29.2,,29.2,,29.2,
SC,6,276,276,Acer saccharum,4/28/2010,22,0,,6/2/2011,22.4,0,,7/5/2012,22.6,0,,6/25/2013,22.8,0,,6/18/2014,22.9,,,6/26/2015,23.4,,,5/20/2016,23.4,,,,5/30/2017,23.6,,,,5/24/2018,23.7,,,,23.9,,,24.1,24.2,,24.2,,24.2,,24.2,,24.2,
SC,6,277,277,Acer saccharum,4/28/2010,11.4,0,,6/2/2011,11.7,0,,7/5/2012,11.5,0,,6/25/2013,11.8,0,2013 below sprout,6/18/2014,11.7,,,6/26/2015,11.5,,2015 real meas,5/20/2016,11.5,,,2013 below sprout; 2015 real meas,5/30/2017,11.5,,,2013 below sprout; 2015 real meas,5/24/2018,11.6,,,,11.6,,,11.8,11.6,,11.5,2013 below sprout; 2015 real meas,11.6,,0,standing dead,0,
SC,6,278,278,Acer saccharum,4/28/2010,7.3,0,,6/2/2011,7.4,0,,7/5/2012,7.5,0,,6/25/2013,7.5,0,,6/18/2014,0,,,6/26/2015,0,,,5/20/2016,0,,,,5/30/2017,0,,dead,2017 dead,5/24/2018,0,,2018 dead,,0,,,0,0,,0,2017 dead; 2018 dead,0,dead,0,,0,
SC,6,280,280,Acer saccharum,4/28/2010,18.2,0,,6/2/2011,18.3,0,,7/5/2012,18.3,0,,6/25/2013,18.3,0,,6/18/2014,18.3,,,6/26/2015,18.5,,,5/20/2016,18.4,,,,5/30/2017,0,,dead,2017 dead,5/24/2018,0,,2018 dead,,0,,,0,0,,0,2017 dead; 2018 dead,0,dead,0,,0,
SC,6,281,281,Acer saccharum,4/28/2010,44.8,0,,6/2/2011,45.8,0,,7/5/2012,47.8,0,,6/25/2013,47.1,1,2013 is 2012 an error?,6/18/2014,47.5,,,6/26/2015,47.6,,,5/20/2016,47.6,,,2013 is 2012 an error?,5/30/2017,47.6,,,2013 is 2012 an error?,5/24/2018,47.7,,,,47.9,,,48.3,48.2,,48.3,2013 is 2012 an error?,48.3,,48.3,,48.5,
SC,6,282,282,Acer saccharum,4/28/2010,10.5,0,,6/2/2011,10.6,0,,7/5/2012,10.6,0,,6/25/2013,10.6,0,,6/18/2014,10.7,,,6/26/2015,10.6,,2015 real meas,5/20/2016,10.6,,,2015 real meas.,5/30/2017,10.6,,,2015 real meas.,5/24/2018,10.6,,,,10.6,,,10.6,10.7,,10.7,2015 real meas.,10.9,,10.9,,10.9,
SC,6,283,283,Acer saccharum,4/28/2010,55,0,,6/2/2011,54.9,1,,7/5/2012,56.5,0,,6/25/2013,57,0,2013 weird bark,6/18/2014,56.9,,,6/26/2015,57.7,,,5/20/2016,58.3,,,2013 weird bark,5/30/2017,59.1,,,2013 weird bark,5/24/2018,59.7,,,,60.8,,,61,62.7,,63,2013 weird bark,63.7,weird bark,65,flaky weird bark,66.1,
SC,6,284,284,Acer saccharum,4/28/2010,12.8,0,,6/2/2011,13.6,0,,7/5/2012,14.2,0,,6/25/2013,14.4,0,,6/18/2014,14.7,,,6/26/2015,14.8,,,5/20/2016,14.8,,,,5/30/2017,14.7,,,,5/24/2018,15,,,,14.9,,,15.1,15.2,,15.1,,15.2,,15.2,,15.2,
SC,6,286,286,Acer saccharum,4/28/2010,8.3,0,,6/2/2011,8.5,0,,7/5/2012,8.6,0,,6/25/2013,8.6,0,,6/18/2014,8.6,,,6/26/2015,8.9,,,5/20/2016,9,,,,5/30/2017,9.1,,,,5/24/2018,9,,,,9.2,,,9.4,9.5,,9.5,,9.6,,9.6,,9.8,
SC,6,289,289,Acer saccharum,4/28/2010,11.9,0,,6/2/2011,12,0,,7/5/2012,12.1,0,,6/25/2013,12.3,0,,6/18/2014,12.2,,,6/26/2015,12.3,,,5/20/2016,12.3,,,,5/30/2017,0,,dead,2017 dead,5/24/2018,0,,2018 dead,,0,,,0,0,,0,2017 dead; 2018 dead,0,"dead, no sprouts",0,,0,
SC,6,290,290,Acer saccharum,4/28/2010,7.6,0,,6/2/2011,7.9,0,,7/5/2012,7.9,0,,6/25/2013,8,0,,6/18/2014,7.9,,,6/26/2015,8.1,,,5/20/2016,8.1,,,,5/30/2017,8.1,,,,5/24/2018,8.2,,,,8.4,,,8.6,8.8,,8.6,,8.5,"uprooted and completely on the ground, but alive",0,fallen dead,0,
SC,6,291,291,Acer saccharum,4/28/2010,22.7,0,,6/2/2011,23.8,0,,7/5/2012,25,0,,6/25/2013,25.4,0,,6/18/2014,25.9,,,6/26/2015,27.3,,,5/20/2016,27.7,,,,5/30/2017,,,"28.5 cm red maple? (no tag, unclear)",,5/24/2018,28.4,,2018 tag missing,,NA,,2019 not found,0,0,,32.8,"2018 tag missing, 2022 tag still missing but think not dead",33.9,alive,35.1,,36.1,
SC,6,295*,295,Acer saccharum,4/28/2010,11.4,0,,6/2/2011,11.7,0,,7/5/2012,11.7,0,,6/25/2013,11.9,0,,6/18/2014,11.9,,,6/26/2015,12.3,,,5/20/2016,12.5,,,,5/30/2017,12.7,,,,5/24/2018,12.8,,,,13.2,,,13.3,13.6,,13.4,,13.5,,13.5,,13.5,
SC,6,970*,970,Acer saccharum,,,99,,,,99,,,,99,,6/25/2013,42.3,8,New 2013 Attached to 263,6/18/2014,42.4,,,6/26/2015,42.4,,,5/20/2016,42.8,,,New 2013 Attached to 263,5/30/2017,43.8,,,New 2013 Attached to 263,5/24/2018,43,,,,43,,,43.5,43.3,,43,New 2013 Attached to 263,44.2,dying,42.7,"peeling bark; mostly dead, some regrowth",0,dead
SC,6,971*,971,Acer saccharum,,,99,,,,99,,,,99,,6/25/2013,6.3,7,New 2013 Near 281 and 282,6/18/2014,6.6,,measure above nail,6/26/2015,6.7,,,5/20/2016,6.7,,,New 2013 Near 281 and 282; 2014 meas. above nail,5/30/2017,7.1,,big bump,New 2013 Near 281 and 282; 2014 meas. above nail; 2017 big bump,5/24/2018,8.5,,2018 measure at top of bump,,8.3,,,8.5,8.6,,8.6,New 2013 Near 281 and 282; 2014 meas. above nail; 2017 big bump; 2018 measure at top of bump,8.7,if measured above bump: 7.0 DBH,8.7,leaning,8.7,
SC,6,972*,972,Acer saccharum,,,99,,,,99,,,,99,,6/25/2013,6,7,New 2013 Near 271 and litter trap,6/18/2014,6.6,,,6/26/2015,6.9,,,5/20/2016,6.9,,,New 2013 Near 271 and litter trap,5/30/2017,6.9,,,New 2013 Near 271 and litter trap,5/24/2018,7,,,,7.1,,,7.2,7.5,,7.7,"New 2013 Near 271 and litter trap, 2022 meas above knot",7.6,,7.9,,8,
SC,6,973*,973,Acer saccharum,,,99,,,,99,,,,99,,6/25/2013,7.9,7,New 2013 Near 271 & back corner,6/18/2014,8.1,,,6/26/2015,8.1,,,5/20/2016,8.1,,,New 2013 Near 271 & back corner,5/30/2017,8.2,,,New 2013 Near 271 & back corner,5/24/2018,8.4,,,,8.5,,,8.9,8.7,,8.8,New 2013 Near 271 & back corner,8.8,,8.9,,9,
SC,6,974*,974,Acer saccharum,,,99,,,,99,,,,99,,6/25/2013,6.6,7,New 2013 Near 258 and front corner,6/18/2014,6.4,,real meas.,6/26/2015,6.4,,,5/20/2016,6.5,,,New 2013 Near 258 and front corner; 2014 real meas,5/30/2017,0,,dead,New 2013 Near 258 and front corner; 2014 real meas; 2017 dead,5/24/2018,0,,2018 dead,,0,,,0,0,,0,New 2013 Near 258 and front corner; 2014 real meas; 2017 dead; 2018 dead,0,dead,0,,0,
SC,7,299,299,Acer saccharum,4/29/2010,9,0,,6/2/2011,9.3,0,,7/5/2012,9.9,0,,6/25/2013,9.5,1,2013 measurement real,6/19/2014,10.2,,,6/26/2015,10.4,,,5/20/2016,10.6,,,2013 measurement real,5/30/2017,10.9,,,2013 measurement real,5/24/2018,11.2,,,,11.8,,,11.7,12.2,,12.6,2013 measurement real,12.6,,12.5,"meas. above tag, leaning (302 fell on top)",13.2,
SC,7,303,303,Acer saccharum,4/29/2010,48.2,0,,6/2/2011,48.9,0,,7/5/2012,49.1,0,,6/25/2013,49.4,0,,6/19/2014,50,,,6/26/2015,50.7,,,5/20/2016,50.7,,,,5/30/2017,50.8,,,,5/24/2018,50.6,,,,50.8,,,51.3,50.7,,50.7,,50.8,,50.9,,50.9,
SC,7,305,305,Acer saccharum,4/29/2010,10.6,0,,6/2/2011,10.9,0,,7/5/2012,11.1,0,,6/25/2013,11.1,0,,6/19/2014,11.2,,,6/26/2015,11.2,,,5/20/2016,11.3,,,,5/30/2017,11.3,,,,5/24/2018,11.2,,,,11.4,,,11.3,11.4,,11.4,,11.4,,11.5,,11.5,
SC,7,306,306,Acer saccharum,4/29/2010,10.1,0,,6/2/2011,10.3,0,,7/5/2012,10.4,0,,6/25/2013,10.7,0,,6/19/2014,10.4,,real meas.,6/26/2015,10.4,,,5/20/2016,10.4,,,2014 real meas.,5/30/2017,10.3,,,2014 real meas.,5/24/2018,10.3,,,,10.2,,,11,10.4,,10.4,2014 real meas.,10.6,,10.5,1 living branch; mostly dead,0,dead
SC,7,307,307,Acer saccharum,4/29/2010,13.7,0,,6/2/2011,14,0,,7/5/2012,14.3,0,,6/25/2013,14.3,0,,6/19/2014,14.7,,,6/26/2015,14.8,,,5/20/2016,14.9,,,,5/30/2017,15,,,,5/24/2018,15.5,,,,16.1,,,16,16.4,,16.5,,16.7,,17.1,,17.2,
SC,7,308,308,Acer saccharum,4/29/2010,6.9,0,,6/2/2011,7.1,0,,7/5/2012,6.9,1,,6/25/2013,6.5,1,"2013 measurement real, above bumps",6/19/2014,6.6,,,6/26/2015,6.8,,,5/20/2016,6.8,,,"2013 measurement real, above bumps",5/30/2017,7.8,,,"2013 measurement real, above bumps",5/24/2018,7.4,,2018 meaure over bump,,6.7,,,6.8,7.3,,7.4,"2013 measurement real, above bumps; 2018 meaure over bump",8,measured on bumps,8,leaning,7.9,
SC,7,309,309,Acer saccharum,4/29/2010,18.9,0,,6/2/2011,19.5,0,,7/5/2012,20,0,,6/25/2013,20.1,0,2013 measure with bump,6/19/2014,22.6,,,6/26/2015,21.1,,2015 real meas,5/20/2016,21.3,,,2013 measure with bump; 2015 real meas.,5/30/2017,21.6,,,2013 measure with bump; 2015 real meas.,5/24/2018,21.9,,,,22.1,,,22.5,22.6,,22.7,2013 measure with bump; 2015 real meas.,22.7,,23,,22.9,
SC,7,310,310,Acer saccharum,4/29/2010,69.7,0,2010 meas includes 2nd adheared stem,6/2/2011,70.8,0,,7/5/2012,71.4,0,,6/25/2013,72,0,,6/19/2014,72.6,,,6/26/2015,73.7,,,5/20/2016,74.4,,,2010 meas includes 2nd adheared stem; 2013 same,5/30/2017,75,,,2010 meas includes 2nd adheared stem; 2013 same,5/24/2018,76.1,,,,76.8,,,77.6,78.6,,79,"2010 meas includes 2nd adheared stem; 2013 same, 2022 same",79.7,,80.6,meas includes 2nd stem,81.5,
SC,7,311,311,Acer saccharum,4/29/2010,25.6,0,,6/2/2011,25.7,0,,7/5/2012,26,0,,6/25/2013,26,0,,6/19/2014,26.2,,,6/26/2015,26.4,,,5/20/2016,26.5,,,,5/30/2017,26.6,,,,5/24/2018,26.9,,,,27.2,,,27.6,27.2,,27.7,,27.9,,28.1,,28.1,
SC,7,312,312,Acer saccharum,4/29/2010,50.2,0,,6/2/2011,50.9,0,,7/5/2012,51.4,0,,6/25/2013,51.9,0,,6/19/2014,51.8,,,6/26/2015,52.6,,,5/20/2016,52.8,,,,5/30/2017,53.5,,,,5/24/2018,53.4,,,,53.8,,,54.8,54.7,,55,,55.3,,55.7,,56,
SC,7,313,313,Acer saccharum,4/29/2010,27.9,0,,6/2/2011,28.2,0,,7/5/2012,28.5,0,,6/25/2013,28.5,0,,6/19/2014,28.7,,,6/26/2015,29.1,,,5/20/2016,29.1,,,,5/30/2017,29.2,,,,5/24/2018,29.3,,,,29.6,,,29.8,30.1,,30.2,,30.4,,30.7,meas. over bump,30.6,
SC,7,314,314,Acer saccharum,4/29/2010,7,0,,6/2/2011,7,0,,7/5/2012,7.1,0,,6/25/2013,7.1,0,,6/19/2014,7.1,,,6/26/2015,7.2,,,5/20/2016,7.4,,,,5/30/2017,7.5,,,,5/24/2018,7.5,,,,7.5,,,7.6,7.5,,7.7,,7.9,,7.9,grape vine leaning over tag; tried to meas. under tag,7.8,
SC,7,317,317,Acer saccharum,4/29/2010,11.2,0,,6/2/2011,12,0,,7/5/2012,12.1,0,,6/25/2013,12.4,0,,6/19/2014,12.4,,,6/26/2015,12.7,,,5/20/2016,12.7,,,,5/30/2017,13.1,,,,5/24/2018,13.3,,,,13.6,,,14.2,14.3,,14.5,,14.6,,15,,15.4,
SC,7,319,319,Acer saccharum,4/29/2010,48.7,0,,6/2/2011,49.5,0,,7/5/2012,49.8,0,,6/25/2013,50,0,,6/19/2014,50.5,,,6/26/2015,51.4,,,5/20/2016,52,,,,5/30/2017,52.5,,,,5/24/2018,52.9,,,,53.7,,,55.3,55.6,,56.3,,56.8,,57.4,,57.8,
SC,7,321,321,Acer saccharum,4/29/2010,8.7,0,2010: meas on diagonal due to knot,6/2/2011,8.8,0,,7/5/2012,8.8,0,,6/25/2013,8.6,1,2013: measurement real,6/19/2014,8.9,,,6/26/2015,8.9,,,5/20/2016,9,,,2010 meas on diagonal due to knot; 2013 - measurement real,5/30/2017,8.9,,,2010 meas on diagonal due to knot; 2013 - measurement real,5/24/2018,9,,,,9.1,,,9,9,,9.1,2010 meas on diagonal due to knot; 2013 - measurement real,9.1,,9.3,leaning,9.2,
SC,7,322,322,Acer saccharum,4/29/2010,6.4,0,,6/2/2011,6.8,0,,7/5/2012,6.9,0,,6/25/2013,6.9,0,,6/19/2014,7.1,,,6/26/2015,7.4,,,5/20/2016,7.4,,,,5/30/2017,7.4,,,,5/24/2018,7.5,,,,7.6,,,7.5,7.8,,7.8,,7.7,,7.8,,7.9,
SC,7,323,323,Acer saccharum,4/29/2010,49.4,0,,6/2/2011,50,0,,7/5/2012,50.8,0,,6/25/2013,51,0,2013 measure perpendicular to ground,6/19/2014,51.6,,,6/26/2015,51.7,,,5/20/2016,51.7,,,2013 measure perpendicular to ground,5/30/2017,52.2,,,2013 measure perpendicular to ground,5/24/2018,52.1,,,,52.6,,,53.4,52.9,,53,2013 measure perpendicular to ground,53.2,,53,flaky bark;leaning,53.3,
SC,7,328,328,Acer saccharum,4/29/2010,8.1,0,,6/2/2011,8.4,0,,7/5/2012,8.7,0,,6/25/2013,8.7,0,,6/19/2014,8.9,,,6/26/2015,9.2,,,5/20/2016,9.4,,,,5/30/2017,9.5,,,,5/24/2018,9.9,,,,10.4,,,10.6,10.8,,10.8,,10.9,,11.2,,11.3,
SC,7,331,331,Acer saccharum,4/29/2010,35.3,0,,6/2/2011,36.3,0,,7/5/2012,37.1,0,,6/25/2013,37.3,0,,6/19/2014,37.6,,,6/26/2015,38.2,,,5/20/2016,38.4,,,,5/30/2017,38.4,,,,5/24/2018,38.6,,,,38.9,,,39.2,39.6,,39.7,,39.3,,40.6,,40.4,
SC,7,333,333,Acer saccharum,4/29/2010,7.3,0,,6/2/2011,7.7,0,,7/5/2012,8.4,0,,6/25/2013,8.1,1,2013 measurement includes knot,6/19/2014,8.1,,,6/26/2015,8.4,,,5/20/2016,8.6,,,2013 measurement includes knot,5/30/2017,8.6,,,2013 measurement includes knot,5/24/2018,8.7,,,,8.9,,,9.5,9.1,,9.1,2013 measurement includes knot,9.1,,9.2,,9.2,
SC,7,337,337,Acer saccharum,4/29/2010,8.1,0,,6/2/2011,8.5,0,,7/5/2012,8.7,0,,6/25/2013,8.4,1,2013 measure above knot by nail,6/19/2014,8.6,,,6/26/2015,9.1,,,5/20/2016,9,,,2013 measure above knot by nail,5/30/2017,9.1,,,2013 measure above knot by nail,5/24/2018,9.6,,,,9.6,,,9.6,10,,10.1,2013 measure above knot by nail,10.3,,10.4,meas. above knot and branch,10.6,
SC,7,953*,953,Acer saccharum,,,99,,,,99,,,,99,,6/25/2013,6.2,7,New 2013 Near 313,6/19/2014,6.4,,,6/26/2015,6.5,,,5/20/2016,6.7,,,New 2013 Near 313,5/30/2017,6.7,,,New 2013 Near 313,5/24/2018,6.7,,2018 not sugar maple?? Mislabeled?,,6.6,,,6.8,6.7,,0,"New 2013 Near 313 ;2018 not sugar maple?? Mislabeled?, 2022 dead",0,dead,0,,0,
SC,7,955*,955,Acer saccharum,,,99,,,,99,,,,99,,6/25/2013,6.6,7,New 2013 Near 299,6/19/2014,7.1,,,6/26/2015,7.5,,,5/20/2016,7.8,,,New 2013 Near 299,5/30/2017,7.9,,,New 2013 Near 299,5/24/2018,8.3,,,,8.7,,,9.1,9.6,,9.5,New 2013 Near 299,9.4,fallen - still green,9.5,,9.5,
SC,8,339,339,Acer saccharum,4/29/2010,17.3,0,,6/2/2011,17.4,0,,7/5/2012,17.4,0,,6/24/2013,,999,2013 dead,6/19/2014,0,,,7/2/2015,0,,,5/20/2016,0,,,2013 dead,5/30/2017,0,,dead,2013 dead,5/24/2018,0,,2018 dead,,0,,,0,0,,0,2013 dead; 2018 dead,0,dead,0,,0,
SC,8,340*,340,Acer saccharum,4/29/2010,5.9,5,,6/2/2011,6,0,,7/5/2012,6.1,0,,6/24/2013,6.1,0,2013 after 341,6/19/2014,6.4,,,7/2/2015,6.4,,,5/20/2016,6.4,,,2013 after 341,5/30/2017,6.4,,,2013 after 341,5/24/2018,6.5,,,,6.6,,,6.6,7,,6.8,2013 after 341,0,dead,0,,0,
SC,8,341,341,Acer saccharum,4/29/2010,8,0,,6/2/2011,8.2,0,,7/5/2012,8.3,0,,6/24/2013,8.3,0,,6/19/2014,8.4,,,7/2/2015,8.5,,,5/20/2016,8.5,,,,5/30/2017,8.5,,,,5/24/2018,8.7,,,,8.8,,,9,9,,8.9,,0,dead,0,,0,
SC,8,342,342,Acer saccharum,4/29/2010,50,0,,6/2/2011,50.2,0,,7/5/2012,50.7,0,,6/24/2013,50.8,0,,6/19/2014,50.8,,,7/2/2015,51.4,,,5/20/2016,51.7,,,,5/30/2017,51.8,,,,5/24/2018,51.9,,,,52.3,,,52.7,52.7,,52.6,,0,dead,0,,0,
SC,8,343,343,Acer saccharum,4/29/2010,20.5,2,,6/2/2011,20.6,0,,7/5/2012,20.6,0,2012 dbh2011 meas error? Changed dbh2010 from 24.5 to 20.5,6/24/2013,20.8,0,,6/19/2014,21.1,,,7/2/2015,21.1,,,5/20/2016,21.2,,,2012 dbh2011 meas error? Changed dbh2010 from 24.5 to 20.5,5/30/2017,21.3,,,2012 dbh2011 meas error? Changed dbh2010 from 24.5 to 20.5,5/24/2018,21.3,,,,21.6,,,22.7,21.6,,21.7,2012 dbh2011 meas error? Changed dbh2010 from 24.5 to 20.5,21.7,looks in poor condition,0,dead,0,
SC,8,344,344,Acer saccharum,4/29/2010,9.8,0,,6/2/2011,9.9,0,,7/5/2012,9.9,0,,6/24/2013,9.9,0,,6/19/2014,9.9,,,7/2/2015,9.9,,,5/20/2016,9.9,,,,5/30/2017,9.8,,,,5/24/2018,0,,2018 dead,,0,,,0,0,,0,2018 dead,0,dead,0,,0,
SC,8,346,346,Acer saccharum,4/29/2010,9.5,0,,6/2/2011,9.6,0,,7/5/2012,9.8,0,,6/24/2013,9.3,1,2013 I think a knobby bit of bark fell off,6/19/2014,9.9,,tag moved higher; large bump,7/2/2015,10.1,,,5/20/2016,10.1,,,2013 I think a knobby bit of bark fell off; 2014 tag moved higher; large bump,5/30/2017,10.1,,,2013 I think a knobby bit of bark fell off; 2014 tag moved higher; large bump,5/24/2018,10.1,,,,10.7,,,10.1,10.9,,10.8,2013 I think a knobby bit of bark fell off; 2014 tag moved higher; large bump,10.8,,10.9,some canopy die off,11,
SC,8,348,348,Acer saccharum,4/29/2010,35.4,0,,6/2/2011,35.5,0,,7/5/2012,35.7,0,,6/24/2013,35.9,0,,6/19/2014,35.6,,real meas.,7/2/2015,35.9,,,5/20/2016,35.5,,,2014 real meas.,5/30/2017,35.5,,,2014 real meas.,5/24/2018,35.5,,,,35.6,,,35.6,35.6,,35.6,2014 real meas.,0,dead,0,,0,
SC,8,349,349,Acer saccharum,4/29/2010,43,0,,6/2/2011,43.5,0,,7/5/2012,44.1,0,,6/24/2013,44.1,0,,6/19/2014,44.5,,,7/2/2015,44.8,,,5/20/2016,44.9,,,,5/30/2017,45.3,,,,5/24/2018,45.4,,,,45.5,,,46.2,45.6,,0,2022 dead,0,dead,0,,0,
SC,8,350,350,Acer saccharum,4/29/2010,38.2,0,,6/2/2011,39.2,0,,7/5/2012,39.8,0,,6/24/2013,39.3,1,2013 trunk slightly angled; make sure to measure perpendicular to trunk,6/19/2014,39.6,,,7/2/2015,39.8,,,5/20/2016,39.9,,,2013 trunk slightly angled; make sure to measure perpendicular to trunk,5/30/2017,40.4,,,2013 trunk slightly angled; make sure to measure perpendicular to trunk,5/24/2018,40.5,,,,41.5,,,41.5,0,Dead 2021,0,2013 trunk slightly angled; make sure to measure perpendicular to trunk; 2021 dead,0,dead,0,,0,
SC,8,353,353,Acer saccharum,4/29/2010,23.9,0,,6/2/2011,24.4,0,,7/5/2012,24.8,0,,6/24/2013,25,0,,6/19/2014,25.4,,,7/2/2015,26.2,,,5/20/2016,26.6,,,,5/30/2017,26.9,,,,5/24/2018,27.1,,,,27.8,,,28.3,28.7,,28.9,,28.8,"dying, some green leaves",0,dead,0,
SC,8,355,355,Acer saccharum,4/29/2010,31.1,0,,6/2/2011,31.2,0,,7/5/2012,31.2,0,,6/24/2013,31.3,0,2013 must have transposed 2012; fixed,6/19/2014,31.5,,,7/2/2015,31.5,,,5/20/2016,31.5,,,2013 must have transposed 2012; fixed,5/30/2017,31.5,,,2013 must have transposed 2012; fixed,5/24/2018,31.6,,,,31.7,,,31.7,32,,31.9,2013 must have transposed 2012; fixed,32.3,,32.6,,32.9,"top dead, still green"
SC,8,359,359,Acer saccharum,4/29/2010,39,0,,6/2/2011,39.5,0,,7/5/2012,39.5,0,,6/24/2013,39.7,0,,6/19/2014,39.9,,,7/2/2015,40.3,,,5/20/2016,40.4,,,,5/30/2017,40.5,,,,5/24/2018,40.8,,,,41.1,,,41.2,41.5,,41.5,,41.7,,41.8,,41.7,
SC,8,360,360,Acer saccharum,4/29/2010,37.8,0,,6/2/2011,38.6,0,,7/5/2012,39.2,0,,6/24/2013,38.8,1,2013 tape read wrong in 2012?,6/19/2014,39.1,,,7/2/2015,39.6,,,5/20/2016,40,,,2013 tape read wrong in 2012?,5/30/2017,40.3,,,2013 tape read wrong in 2012?,5/24/2018,40.2,,,,40.7,,,41.4,41,,41,2013 tape read wrong in 2012?,41.4,dead leaves at top,41.2,not dead; some leaves,41.3,
SC,8,361,361,Acer saccharum,4/29/2010,26.3,0,,6/2/2011,26.8,0,,7/5/2012,26.8,0,,6/24/2013,26.8,0,,6/19/2014,26.9,,,7/2/2015,27,,,5/20/2016,27,,Over bump 2016,2016 meas over bump,5/30/2017,26.9,,,2016 meas over bump,5/24/2018,26.9,,2018 measure on bump,,27,,,27.4,27.2,,27.3,2016 meas over bump; 2018 measure on bump,27.3,,27.5,,27.4,
SC,8,364,364,Acer saccharum,4/29/2010,40.9,0,,6/2/2011,41.3,0,,7/5/2012,41.5,0,,6/24/2013,41.7,0,,6/19/2014,41.9,,,7/2/2015,42.4,,,5/20/2016,42.9,,,,5/30/2017,42.5,,,,5/24/2018,42.8,,,,43.1,,,43.8,43.6,,43.9,,44.1,,44.6,,45,
SC,8,366,366,Acer saccharum,4/29/2010,33.5,0,,6/2/2011,33.9,0,,7/5/2012,34.3,0,,6/24/2013,34.5,0,,6/19/2014,34.5,,,7/2/2015,35.3,,,5/20/2016,35.4,,,,5/30/2017,35.8,,,,5/24/2018,35.9,,,,39.5,,,37,37.2,,37.2,,0,dead,0,,0,
SC,8,367,367,Acer saccharum,4/29/2010,7.1,0,,6/2/2011,7.2,0,,7/5/2012,7.5,0,,6/24/2013,7.5,0,,6/19/2014,7.4,,real meas.,7/2/2015,7.3,,2015; real measurement,5/20/2016,7.3,,,2014 real meas.; 2015 real meas.,5/30/2017,7.3,,,2014 real meas.; 2015 real meas.,5/24/2018,7.3,,,,7.2,,,7.5,7.4,,7.5,2014 real meas.; 2015 real meas.,7.5,,7.5,canopy 1/2 dead,7.5,
SC,8,949*,949,Acer saccharum,,,99,,,,99,,,,99,,6/24/2013,6,7,New 2013 Near 346,6/19/2014,6.1,,,7/2/2015,6.5,,,5/20/2016,6.6,,,New 2013 Near 346,5/30/2017,6.7,,,New 2013 Near 346,5/24/2018,6.9,,,,7,,,7.2,7.6,,7.7,New 2013 Near 346,8,,8.7,,9,
SC,9,371,371,Acer saccharum,4/29/2010,7.4,0,,6/10/2011,7.6,0,,7/5/2012,7.8,0,,6/24/2013,8.2,0,2013 includes bump,6/19/2014,7.9,,,7/2/2015,7.8,,2015: real measurement,5/20/2016,7.8,,Almost dead 2016,2013 includes bump; 2015 real meas; 2016 almost dead,5/30/2017,0,,dead,2013 includes bump; 2015 real meas; 2016 almost dead,5/24/2018,0,,2018 dead,,0,,,0,0,,0,2013 includes bump; 2015 real meas; 2016 almost dead; 2018 dead,0,dead,0,,0,
SC,9,373,373,Acer saccharum,4/29/2010,6.3,0,,6/10/2011,6.4,0,,7/5/2012,6.5,0,,6/24/2013,6.5,0,,6/19/2014,6.6,,,7/2/2015,6.7,,,5/20/2016,6.9,,,,5/30/2017,7.1,,,,,,,,,7.5,,,7.2,7.3,Snapped up top,7.4,"2021 snapped up top, 2022 stil alive",7.5,"still alive, measured on bump",7.4,alive and ok,7.5,
SC,9,374,374,Acer saccharum,4/29/2010,15.6,0,,6/10/2011,15.8,0,,7/5/2012,15.9,0,,6/24/2013,16,0,,6/19/2014,16.3,,,7/2/2015,16.6,,,5/20/2016,16.7,,,,5/30/2017,16.8,,,,5/24/2018,17.1,,,,17.4,,,17.8,18,,18.6,,18.9,,19.6,,19.9,
SC,9,375,375,Acer saccharum,4/29/2010,7.1,0,,6/10/2011,7.4,0,,7/5/2012,7.5,0,,6/24/2013,7.5,0,2013 measure below tag,6/19/2014,7.6,,,7/2/2015,7.8,,,5/20/2016,7.8,,,2013 measure below tag,5/30/2017,7.7,,,2013 measure below tag,,,,,,7.5,,,7.3,0,Dead 2021,0,2013 measure below tag; 2021 dead,0,dead,0,,0,
SC,9,377,377,Acer saccharum,4/29/2010,27.2,0,,6/10/2011,27.1,1,,7/5/2012,27.2,0,,6/24/2013,27.3,0,,6/19/2014,27.4,,,7/2/2015,27.4,,,5/20/2016,27.5,,,,5/30/2017,27.4,,,,5/24/2018,27.4,,,,28.2,,,28.2,0,,0,2022 dead,0,dead,0,,0,
SC,9,380,380,Acer saccharum,4/29/2010,33.6,0,,6/10/2011,34,0,,7/5/2012,34.3,0,,6/24/2013,34.3,0,,6/19/2014,34.3,,,7/2/2015,34.6,,,5/20/2016,34.7,,,,5/30/2017,34.8,,,,5/24/2018,34.9,,,,35.4,,,35.4,35.4,,35.4,,35.4,,35.6,,35.5,
SC,9,382,382,Acer saccharum,4/29/2010,32.9,0,,6/10/2011,33.1,0,,7/5/2012,33.3,0,,6/24/2013,33.4,0,,6/19/2014,33.5,,,7/2/2015,33.5,,,5/20/2016,33.4,,Real meas 2016 - bark came off,"2016 real meas, bark came off",5/30/2017,33.4,,,"2016 real meas, bark came off",5/24/2018,33.4,,,,33.6,,,34.3,0,Dead 2021,0,"2016 real meas, bark came off; 2021 dead",0,dead,0,,0,
SC,9,384,384,Acer saccharum,4/29/2010,26.8,0,,6/10/2011,27.6,0,2011 bump included in meas,7/5/2012,28.4,1,,6/24/2013,28.5,0,,6/19/2014,28.4,,unusual bark,7/2/2015,28.6,,,5/20/2016,28.6,,,2011 bump included in meas; 2014 unusual bark,5/30/2017,28.5,,,2011 bump included in meas; 2014 unusual bark,5/24/2018,28.5,,,,28.7,,,29.2,28.5,,0,"2011 bump included in meas; 2014 unusual bark, 2022 dead",0,dead,0,,0,
SC,9,385,385,Acer saccharum,4/29/2010,26.2,0,,6/10/2011,26.8,0,,7/5/2012,26.5,1,,6/24/2013,26.5,0,2013 meas perp to trunk,6/19/2014,26.7,,,7/2/2015,26.7,,,5/20/2016,26.7,,,2013 meas perp to trunk,5/30/2017,26.7,,,2013 meas perp to trunk,5/24/2018,0,,2018 dead,,0,,,0,0,,0,2013 meas perp to trunk; 2018 dead,0,dead,0,,0,
SC,9,386,386,Acer saccharum,4/29/2010,32.6,0,,6/10/2011,33,0,,7/5/2012,33.3,0,,6/24/2013,33.4,0,,6/19/2014,33.5,,,7/2/2015,33.8,,,5/20/2016,33.8,,,,5/30/2017,34,,,,5/24/2018,33.8,,,,34.3,,,34.1,34.2,,34.2,,34.2,"fallen over, dying",0,dead,0,
SC,9,387,387,Acer saccharum,4/29/2010,45.6,0,,6/10/2011,45.8,0,,7/5/2012,46.2,0,,6/24/2013,,999,"2013 dead, uprooted",6/19/2014,0,,,7/2/2015,0,,,5/20/2016,0,,,"2013 dead, uprooted",5/30/2017,0,,dead,"2013 dead, uprooted",5/24/2018,0,,,,0,,,0,0,,0,"2013 dead, uprooted",0,dead,0,,0,
SC,9,388,388,Acer saccharum,4/29/2010,24,0,,6/10/2011,24,0,,7/5/2012,23.9,1,,6/24/2013,,999,"2013 dead snag, not knocked over",6/19/2014,0,,,7/2/2015,0,,,5/20/2016,0,,,"2013 dead snag, not knocked over",5/30/2017,0,,dead,"2013 dead snag, not knocked over",5/24/2018,0,,,,0,,,0,0,,0,"2013 dead snag, not knocked over",0,dead,0,,0,
SC,9,390,390,Acer saccharum,4/29/2010,18.3,0,,6/10/2011,18.7,0,,7/5/2012,18.8,0,,6/24/2013,18.9,0,,6/19/2014,19.1,,dead,7/2/2015,0,,,5/20/2016,0,,,2014 dead,5/30/2017,0,,dead,2014 dead,5/24/2018,0,,,,0,,,0,0,,0,2014 dead,0,dead,0,,0,
SC,9,392,392,Acer saccharum,4/29/2010,34.1,0,,6/10/2011,34.7,0,,7/5/2012,35,0,,6/24/2013,35.2,0,,6/19/2014,35.3,,,7/2/2015,35.4,,,5/20/2016,35.4,,,,5/30/2017,35.4,,,,5/24/2018,35.4,,,,35.4,,,35.7,0,Dead 2021,0,2021 dead,0,dead,0,,0,
SC,9,393,393,Acer saccharum,4/29/2010,22,0,,6/10/2011,22.2,0,,7/5/2012,22.4,0,,6/24/2013,22.5,0,,6/19/2014,22.6,,,7/2/2015,22.7,,,5/20/2016,22.7,,,,5/30/2017,22.8,,,,5/24/2018,,,,,23,,,23.2,23,,0,2022 dead,0,dead,0,,0,
SC,9,394,394,Acer saccharum,4/29/2010,48,0,,6/10/2011,48.5,0,,7/5/2012,48.6,0,,6/24/2013,48.7,0,,6/19/2014,48.5,,dead,7/2/2015,0,,,5/20/2016,0,,,2014 dead,5/30/2017,0,,dead,2014 dead,5/24/2018,0,,,,0,,,0,0,,0,2014 dead,0,dead,0,,0,
SC,9,395,395,Acer saccharum,4/29/2010,15.6,0,,6/10/2011,15.7,0,,7/5/2012,15.5,1,,6/24/2013,15.5,0,,6/19/2014,15.5,,,7/2/2015,15.6,,,5/20/2016,5.7,,Almost dead 2016,2016 almost dead,5/30/2017,,,"missing, assumed dead","2016 almost dead; 2017 missing, assumed dead",5/24/2018,15.6,,,,NA,,2019 not found,0,0,,0,"2016 almost dead; 2017 missing, assumed dead",0,dead,0,,0,
SC,9,396,396,Acer saccharum,4/29/2010,47.8,0,,6/10/2011,48.3,0,,7/5/2012,48.8,0,,6/24/2013,48.7,1,2013 meas real,6/19/2014,48.8,,,7/2/2015,48.9,,,5/20/2016,49.2,,,2013 meas real,5/30/2017,49.2,,,2013 meas real,5/24/2018,48.8,,,,49.5,,,49.5,49.9,,49.2,2013 meas real,0,dead,0,,0,
SC,9,398,398,Acer saccharum,4/29/2010,8.3,0,,6/10/2011,8.3,0,,7/5/2012,8.4,0,,6/24/2013,8.5,0,2013 meas immediately below tag,6/19/2014,8.4,,,7/2/2015,8.2,,2015: real measurement,5/20/2016,8.4,,,2013 meas immediately below tag; 2015 real meas.,5/30/2017,8.4,,,2013 meas immediately below tag; 2015 real meas.,5/24/2018,8.3,,,,8.2,,,8.4,8.4,,8.4,2013 meas immediately below tag; 2015 real meas.,0,dead,0,,0,
SC,9,399,399,Acer saccharum,4/29/2010,46,0,,6/10/2011,46.2,0,,7/5/2012,46.1,1,,6/24/2013,46.2,0,,6/19/2014,46.2,,,7/2/2015,46.4,,,5/20/2016,46.4,,,,5/30/2017,46.1,,,,5/24/2018,46.1,,,,46.2,,,46.1,45,Missing bark,0,"2021 missing bark, 2022 dead",0,dead,0,,0,
SC,9,400,400,Acer saccharum,4/29/2010,6.6,0,,6/10/2011,7.1,0,,7/5/2012,7.1,0,,6/24/2013,7.1,0,,6/19/2014,0,,dead,7/2/2015,0,,,5/20/2016,0,,,2014 dead,5/30/2017,0,,dead,2014 dead,5/24/2018,0,,,,0,,,0,0,,0,2014 dead,0,dead,0,,0,
SC,9,401,401,Acer saccharum,4/29/2010,43.1,0,,6/10/2011,43.3,0,,7/5/2012,43.3,0,,6/24/2013,43.3,0,,6/19/2014,43.2,,,7/2/2015,43.6,,,5/20/2016,43.4,,Real meas 2016,2016 real meas,5/30/2017,43.5,,,2016 real meas,5/24/2018,43.5,,,,43.4,,,43.5,43.4,,43.6,2016 real meas,43.7,dying but still alive,43.4,,0,dead
SC,9,402,402,Acer saccharum,4/29/2010,46.4,0,,6/10/2011,47.4,0,,7/5/2012,48.4,0,,6/24/2013,48.5,0,,6/19/2014,48.3,,tag missin,7/2/2015,48.7,,2015: needs retagging,5/20/2016,48.7,,Tag missing ,2014 tag missing,5/30/2017,0,,"dead, tag missing","2014 tag missing; 2017 dead, tag missing",5/24/2018,0,,,,0,,,0,0,,0,"2014 tag missing; 2017 dead, tag missing",0,dead,0,,0,
SC,9,936*,936,Acer saccharum,,,99,,,,99,,,,99,,6/24/2013,8.2,8,New 2013 Near 392,6/19/2014,8.1,,,7/2/2015,8.5,,,5/20/2016,8.5,,,New 2013 Near 392,5/30/2017,8.6,,,New 2013 Near 392,5/24/2018,8.9,,,,9.3,,,9.7,10.3,,10.5,"New 2013 Near 392, 2022 bent but still alive",10.7,,11,alive and ok,0,meas. missing
SC,9,948*,948,Acer saccharum,,,99,,,,99,,,,99,,6/24/2013,31.5,8,"New 2013 Near 395, has holes in it but NOT dead (yet) possible that trunk previously tagged as sprout",6/19/2014,31.8,,looks sickly,7/2/2015,0,,2015: dead,5/20/2016,0,,,"New 2013 Near 395, has holes in it but NOT dead (yet) possible that trunk previously tagged as sprout; 2014 looks sickly; 2015 dead",5/30/2017,0,,dead,"New 2013 Near 395, has holes in it but NOT dead (yet) possible that trunk previously tagged as sprout; 2014 looks sickly; 2015 dead",5/24/2018,0,,,,0,,,0,0,,0,"New 2013 Near 395, has holes in it but NOT dead (yet) possible that trunk previously tagged as sprout; 2014 looks sickly; 2015 dead",0,dead,0,dead,0,
SC,10,407,407,Acer saccharum,4/29/2010,32.3,0,,6/10/2011,33.1,0,,7/5/2012,33.5,0,,6/24/2013,33.7,0,,6/19/2014,34,,,7/2/2015,34.5,,,5/20/2016,34.5,,,,5/30/2017,34.5,,,,5/24/2018,34.5,,,,34.7,,,34.7,34.8,,34.9,,34.9,,35.1,,35,
SC,10,408,408,Acer saccharum,4/29/2010,8,0,,6/10/2011,8.5,0,,7/5/2012,9,0,,6/24/2013,9.2,0,,6/19/2014,9.7,,,7/2/2015,10,,,5/20/2016,10.1,,,,5/30/2017,10.1,,,,5/24/2018,10.2,,,,10.4,,,10.4,10.9,,11,,11.1,,11.8,meas. on bump,11.8,
SC,10,409,409,Acer saccharum,4/29/2010,14.1,0,,6/10/2011,14.2,0,,7/5/2012,15.2,0,,6/24/2013,15.6,0,,6/19/2014,16,,,7/2/2015,16.6,,,5/20/2016,16.6,,,,5/30/2017,16.5,,,,5/24/2018,16.5,,2018 tag missing/partially up rooted,,0,,"2019 dead, fallen tree",0,0,,0,2018 tag missing/partially up rooted,0,dead,0,,0,
SC,10,410,410,Acer saccharum,4/29/2010,19.4,0,,6/10/2011,19.8,0,,7/5/2012,20.1,0,,6/24/2013,20.2,0,2013 Meas. just above bump,6/19/2014,20.6,,,7/2/2015,20.8,,,5/20/2016,20.9,,,2013 Meas. just above bump,5/30/2017,21.2,,,2013 Meas. just above bump,5/24/2018,21.3,,,,21.7,,,22.2,22.7,,22.7,2013 Meas. just above bump,22.9,,23.4,,23.6,
SC,10,412,412,Acer saccharum,4/29/2010,8.3,0,,6/10/2011,8.7,0,,7/5/2012,9,0,,6/24/2013,9,0,,6/19/2014,9.1,,,7/2/2015,9.3,,,5/20/2016,0,,Dead 2016,2016 dead,5/30/2017,0,,dead,2016 dead,5/24/2018,0,,,,0,,,0,0,,0,2016 dead,0,dead,0,,0,
SC,10,413,413,Acer saccharum,4/29/2010,10,0,,6/10/2011,10.5,0,,7/5/2012,11.3,0,,6/24/2013,11.4,0,,6/19/2014,11.9,,,7/2/2015,11.9,,,5/20/2016,12,,,,5/30/2017,12,,,,5/24/2018,12,,,,12,,,12.2,12.2,,12.4,,12.3,,12.7,,12.8,
SC,10,414,414,Acer saccharum,4/29/2010,26.3,0,,6/10/2011,26.8,0,,7/5/2012,27.1,0,,6/24/2013,27.1,0,,6/19/2014,27.4,,,7/2/2015,27.3,,2015: real measurement,5/20/2016,27.3,,,2015 real meas.,5/30/2017,0,,dead,2015 real meas.; 2017 dead,5/24/2018,0,,,,0,,,0,0,,0,2015 real meas.; 2017 dead,0,dead,0,,0,
SC,10,416,416,Acer saccharum,4/29/2010,38.3,0,,6/10/2011,38.8,0,,7/5/2012,39.1,0,,6/24/2013,39.3,0,,6/19/2014,39.4,,,7/2/2015,39.1,,2015: real measurement,5/20/2016,39,,Real meas 2016,2015 real meas.;2016 real meas.,5/30/2017,0,,dead,2015 real meas.;2016 real meas.; 2017 dead,5/24/2018,0,,,,0,,,0,0,,0,2015 real meas.;2016 real meas.; 2017 dead,0,dead,0,,0,
SC,10,417,417,Acer saccharum,4/29/2010,7.7,0,,6/10/2011,8.1,0,,7/5/2012,8.2,0,,6/24/2013,8.2,0,,6/19/2014,8.6,,real meas.,7/2/2015,8.6,,,5/20/2016,8.6,,,2014 real meas.,5/30/2017,0,,dead,2014 real meas.; 2017 dead,5/24/2018,0,,,,0,,,0,0,,0,2014 real meas.; 2017 dead,0,dead,0,,0,
SC,10,418,418,Acer saccharum,4/29/2010,21.1,0,,6/10/2011,21.8,0,,7/5/2012,22.3,0,,6/24/2013,,999,2013 dead,6/19/2014,0,,,7/2/2015,0,,,5/20/2016,0,,,2013 dead,5/30/2017,0,,dead,2013 dead,5/24/2018,0,,,,0,,,0,0,,0,2013 dead,0,dead,0,,0,
SC,10,419,419,Acer saccharum,4/29/2010,72.6,0,,6/10/2011,73.3,0,,7/5/2012,73.5,0,,6/24/2013,73.7,0,,6/19/2014,74.4,,,7/2/2015,74.9,,,5/20/2016,75.2,,,,5/30/2017,75.4,,,,5/24/2018,79.7,,,,79.6,,,79.6,76.9,2021 real meas.,77,2021 real,77.6,,77.8,,77.9,
SC,10,420,420,Acer saccharum,4/29/2010,8.3,0,,6/10/2011,8.8,0,,7/5/2012,8.9,0,,6/24/2013,9,0,,6/19/2014,9.4,,,7/2/2015,9.8,,,5/20/2016,9.9,,,,5/30/2017,9.9,,,,5/24/2018,10,,,,11.6,,,10.8,11.3,2021 real meas.,11.5,2021 real,11.7,measured on bump,12.1,tag being eaten,12.5,
SC,10,421,421,Acer saccharum,4/29/2010,10.7,0,,6/10/2011,11.1,0,,7/5/2012,11.6,0,,6/24/2013,11.7,0,,6/19/2014,11.9,,,7/2/2015,12,,,5/20/2016,12,,,,5/30/2017,0,,dead,2017 dead,5/24/2018,11.9,,,,12.1,,,0,0,,0,2017 dead,0,dead,0,,0,
SC,10,422,422,Acer saccharum,4/29/2010,9.1,0,,6/10/2011,9.5,0,,7/5/2012,9.7,0,,6/24/2013,,999,2013 dead,6/19/2014,0,,dead,7/2/2015,0,,,5/20/2016,0,,,2013 dead; 2014 yup still dead,5/30/2017,0,,dead,2013 dead; 2014 yup still dead,5/24/2018,0,,,,0,,,0,0,,0,2013 dead; 2014 yup still dead,0,dead,0,,0,
SC,10,423,423,Acer saccharum,4/29/2010,6.1,0,,6/10/2011,6.6,0,,7/5/2012,6.8,0,,6/24/2013,6.9,0,,6/19/2014,0,,dead,7/2/2015,0,,,5/20/2016,0,,,2014 many dead trees in area of large treefall,5/30/2017,0,,dead,2014 many dead trees in area of large treefall; 2017 dead,5/24/2018,0,,,,0,,,0,0,,0,2014 many dead trees in area of large treefall; 2017 dead,0,dead,0,,0,
SC,10,424,424,Acer saccharum,4/29/2010,7,0,,6/10/2011,7.6,0,,7/5/2012,8.1,0,,6/24/2013,8,1,2013 Trunk sprouts galore 2013; meas. is real,6/19/2014,0,,dead,7/2/2015,0,,,5/20/2016,0,,,2013 Trunk sprouts galore 2013; meas. is real; 2014 dead,5/30/2017,0,,dead,2013 Trunk sprouts galore 2013; meas. is real; 2014 dead,5/24/2018,0,,,,0,,,0,0,,0,2013 Trunk sprouts galore 2013; meas. is real; 2014 dead,0,dead,0,,0,
SC,10,425,425,Acer saccharum,4/29/2010,15.9,0,,6/10/2011,16.4,0,,7/5/2012,16.8,0,,6/24/2013,16.5,1,2013 dbl chkd meas. it is real,6/19/2014,0,,dead,7/2/2015,0,,,5/20/2016,0,,,2013 dbl chkd meas. it is real; 2014 dead,5/30/2017,0,,dead,2013 dbl chkd meas. it is real; 2014 dead,5/24/2018,0,,,,0,,,0,0,,0,2013 dbl chkd meas. it is real; 2014 dead,0,dead,0,,0,
SC,10,426,426,Acer saccharum,4/29/2010,79.9,0,,6/10/2011,81.6,0,,7/5/2012,82.5,0,,6/24/2013,83,0,,6/19/2014,83.6,,,7/2/2015,84.1,,2015: needs retagging,5/20/2016,85,,Tag missing,2016 tag missing,5/30/2017,85.4,,tag missing,2016 tag missing; 2017 tag missing,5/24/2018,85.7,,2018 new tag,,87.1,,,87.7,88.3,,88.5,2016 tag missing; 2017 tag missing; 2018 new tag,89.6,peeling bark,90.3,,90.8,
SC,10,427,427,Acer saccharum,4/29/2010,8.3,0,,6/10/2011,9,0,,7/5/2012,9.4,0,,6/24/2013,9.2,1,2013 Only tagged trunk meas.; dbl ckd meas. 2013; is real,6/19/2014,9.7,,,7/2/2015,9.5,,2015: real measurement,5/20/2016,9.5,,Almost dead 2016,2013 Only tagged trunk meas.; dbl ckd meas. 2013 real meas; 2015 real meas; 2016 almost dead,5/30/2017,9.5,,,2013 Only tagged trunk meas.; dbl ckd meas. 2013 real meas; 2015 real meas; 2016 almost dead,5/24/2018,9.5,,,,9.5,,,9.6,9.9,,10.1,2013 Only tagged trunk meas.; 2013 real meas; 2015 real meas; 2016 almost dead,9.9,,10.2,,10.1,
SC,10,428,428,Acer saccharum,4/29/2010,7,0,,6/10/2011,7.5,0,,7/5/2012,7.8,0,,6/24/2013,7.5,1,2013 dbl chkd meas. it is real,6/19/2014,0,,dead,7/2/2015,0,,,5/20/2016,0,,,2013 dbl chkd meas. it is real; 2014 dead,5/30/2017,0,,dead,2013 dbl chkd meas. it is real; 2014 dead,5/24/2018,0,,,,0,,,0,0,,0,2013 dbl chkd meas. it is real; 2014 dead,0,dead,0,,0,
SC,10,429,429,Acer saccharum,4/29/2010,10,0,,6/10/2011,10.5,0,,7/5/2012,10.9,0,,6/24/2013,10.9,0,,6/19/2014,0,,dead,7/2/2015,0,,,5/20/2016,0,,,2014 SO MUCH DEATH,5/30/2017,0,,dead,2014 SO MUCH DEATH,5/24/2018,0,,,,0,,,0,0,,0,2014 SO MUCH DEATH,0,dead,0,,0,
SC,10,430,430,Acer saccharum,4/29/2010,13,0,,6/10/2011,13.6,0,,7/5/2012,14.1,0,,6/24/2013,14.2,0,,6/19/2014,14.7,,,7/2/2015,14.8,,,5/20/2016,14.8,,,,5/30/2017,14.9,,,,5/24/2018,,,,,15.5,,,0,0,,0,,16.1,on ground but still alive - lots of foliage,16.1,shockingly still growing,16.2,
SC,10,431,431,Acer saccharum,4/29/2010,6.3,0,,6/10/2011,6.6,0,,7/5/2012,6.8,0,,6/24/2013,6.8,0,,6/19/2014,7.1,,,7/2/2015,7.2,,,5/20/2016,7.1,,,,5/30/2017,7.2,,,,5/24/2018,7.5,,,,7.9,,,0,0,,0,,0,dead,0,,0,
SC,10,432,432,Acer saccharum,4/29/2010,6.1,0,,6/10/2011,6.1,0,2011 downish,7/5/2012,,999,2012 Dead,6/24/2013,,99,,6/19/2014,0,,,7/2/2015,0,,,5/20/2016,0,,,2011 downish; 2012 Dead,5/30/2017,0,,dead,2011 downish; 2012 Dead,5/24/2018,0,,,,0,,,0,0,,0,2011 downish; 2012 Dead,0,dead,0,,0,
SC,10,435,435,Acer saccharum,4/29/2010,10.6,0,,6/10/2011,11,0,,7/5/2012,11.5,0,,6/24/2013,11.9,0,,6/19/2014,11.9,,,7/2/2015,11.9,,,5/20/2016,11.9,,,,5/30/2017,12,,,,5/24/2018,11.9,,,,12.1,,,0,0,,0,,0,dead,0,,0,
SC,10,438,438,Acer saccharum,4/29/2010,14,0,,6/10/2011,14.2,0,,7/5/2012,14.6,0,,6/24/2013,14.6,0,,6/19/2014,14.7,,,7/2/2015,15,,,5/20/2016,14.8,,Real meas 2016,2016 real meas.,5/30/2017,15,,,2016 real meas.,5/24/2018,15,,,,15.2,,,15.3,15.3,,15,"2016 real meas., 2022 almost dead",15.3,definitely alive,15.3,still green,15.3,on the ground
SC,10,439,439,Acer saccharum,4/29/2010,6.8,0,,6/10/2011,7.2,0,,7/5/2012,7.3,0,,6/24/2013,7.4,0,2013 Only bigger trunk meas.,6/19/2014,7.6,,,7/2/2015,7.6,,,5/20/2016,7.6,,,2013 Only bigger trunk meas.,5/30/2017,7.6,,,2013 Only bigger trunk meas.,5/24/2018,7.6,,,,7.6,,,0,7.7,,7.7,2013 Only bigger trunk meas.,7.7,still alive,7.8,,7.8,
SC,10,441,441,Acer saccharum,4/29/2010,10.9,0,,6/10/2011,11.5,0,,7/5/2012,11.7,0,,6/24/2013,11.7,0,,6/19/2014,12.4,,meas. real (light gap),7/2/2015,12.4,,,5/20/2016,12.6,,,2014 meas. real (light gap),5/30/2017,12.6,,,2014 meas. real (light gap),5/24/2018,12.5,,,,12.5,,,12.5,12.5,,0,"2014 meas. real (light gap), 2022 dead",0,dead,0,,0,
SC,10,442,442,Acer saccharum,4/29/2010,7.5,0,,6/10/2011,7.9,0,,7/5/2012,8,0,,6/24/2013,8,0,,6/19/2014,8.4,,didn't include bump,7/2/2015,8.4,,,5/20/2016,8.9,,,2014 didn't include bump,5/30/2017,9.1,,over bump,2014 didn't include bump; 2017 over bump,5/24/2018,8.5,,2018 above bumps,,8.9,,,9.2,9.9,,10.5,2014 didn't include bump; 2017 over bump; 2018 above bumps,10.6,,11.1,,11.3,
SC,10,443,443,Acer saccharum,4/29/2010,7,0,,6/10/2011,7.4,0,,7/5/2012,7.8,0,,6/24/2013,8,0,,6/19/2014,8.4,,,7/2/2015,8.6,,,5/20/2016,8.8,,,,5/30/2017,8.9,,,,5/24/2018,9,,,,9.2,,,9.2,10.2,,10.8,,10.7,,11,,11.1,
SC,10,444,444,Acer saccharum,4/29/2010,36.6,0,,6/10/2011,37.7,0,,7/5/2012,38.5,0,,6/24/2013,38.9,0,,6/19/2014,39.4,,,7/2/2015,40.9,,,5/20/2016,41.4,,Tag missing ,2016 tag missing,5/30/2017,41.2,,tag missing,2016 tag missing; 2017 tag missing,5/24/2018,41.4,,,,41.5,,,42.3,42.6,,43,2016 tag missing; 2017 tag missing,43.5,,43.6,retagged,44.2,
SC,10,445,445,Acer saccharum,4/29/2010,8.9,0,,6/10/2011,9.5,0,,7/5/2012,9.9,0,,6/24/2013,10,0,,6/19/2014,10.2,,,7/2/2015,10.4,,,5/20/2016,10.5,,,,5/30/2017,10.7,,,,5/24/2018,10.8,,,,10.8,,,10.9,11.3,,11.3,2022 fallen but still alive,11.4,still alive,11.4,still alive,11.4,leaning a lot
SC,10,446,446,Acer saccharum,4/29/2010,9.2,0,,6/10/2011,9.8,0,,7/5/2012,10.5,0,,6/24/2013,10.5,0,,6/19/2014,10.9,,,7/2/2015,11.2,,,5/20/2016,11.3,,,,5/30/2017,11.5,,,,5/24/2018,11.5,,,,11.9,,,12.3,12.7,,12.7,,12.8,slightly uprooted but still alive,13,still uprooted and alive,13.2,"fallen, still green"
SC,10,447,447,Acer saccharum,4/29/2010,6.6,0,,6/10/2011,7,0,,7/5/2012,7.2,0,,6/24/2013,7.2,0,,6/19/2014,7.4,,,7/2/2015,7.6,,,5/20/2016,7.7,,,,5/30/2017,7.8,,,,5/24/2018,8,,,,8.1,,,8.7,8.5,,8.5,,8.6,,8.8,,8.9,
SC,10,450,450,Acer saccharum,4/29/2010,8,0,,6/10/2011,8.5,0,,7/5/2012,9,0,,6/24/2013,9,0,2013 meas. abv little sprout,6/19/2014,9.7,,meas. real (light gap),7/2/2015,10,,,5/20/2016,10,,,2013 meas. abv little sprout; 2014 meas. real (light gap),5/30/2017,10.6,,,2013 meas. abv little sprout; 2014 meas. real (light gap),5/24/2018,11,,,,11.4,,,12.1,12.6,,12.8,2013 meas. abv little sprout; 2014 meas. real (light gap),12.8,,13.5,,13.8,
SC,10,451,451,Acer saccharum,4/29/2010,12.6,0,,6/10/2011,13.1,0,,7/5/2012,13.5,0,,6/24/2013,13.6,0,,6/19/2014,14.5,,meas. real (light gap),7/2/2015,15.1,,,5/20/2016,15.4,,,2014 meas. real (light gap),5/30/2017,15.7,,,2014 meas. real (light gap),5/24/2018,16,,,,16.9,,,17.2,18.2,,18.2,2014 meas. real (light gap),19.3,,20.2,,20.7,
SC,10,452,452,Acer saccharum,4/29/2010,6.2,0,,6/10/2011,6.6,0,,7/5/2012,7,0,,6/24/2013,6.9,1,2013 meas. real,6/19/2014,7.4,,meas. real (light gap),7/2/2015,7.7,,,5/20/2016,7.8,,,2013 meas. Real; 2014 meas. real (light gap),5/30/2017,8,,,2013 meas. Real; 2014 meas. real (light gap),5/24/2018,8.4,,,,8.9,,,8.9,9.5,,9.9,2013 meas. Real; 2014 meas. real (light gap),10,,10.3,,10.4,
SC,10,453,453,Acer saccharum,4/29/2010,9.8,0,,6/10/2011,10.6,0,,7/5/2012,11.5,0,,6/24/2013,12,0,,6/19/2014,12.7,,meas. real (light gap),7/2/2015,13.7,,,5/20/2016,14.1,,,2014 meas. real (light gap),5/30/2017,14.3,,,2014 meas. real (light gap),5/24/2018,15.5,,,,16.4,,,16.9,17.5,,18.4,2014 meas. real (light gap),18.6,,19.4,,19.8,
SC,10,456,456,Acer saccharum,4/29/2010,8.7,0,,6/10/2011,9.2,0,,7/5/2012,9.6,0,,6/24/2013,9.7,0,,6/19/2014,10.4,,,7/2/2015,10.9,,,5/20/2016,11.1,,,,5/30/2017,11.3,,,,5/24/2018,11.7,,,,12.1,,,12.5,13,,13.3,,13.4,,14,,14.2,
SC,10,937*,937,Acer saccharum,,,99,,,,99,,,,99,,6/24/2013,6.6,7,New 2013 Near 430,6/19/2014,6.6,,,7/2/2015,7,,,5/20/2016,7.1,,,New 2013 Near 430,5/30/2017,7.4,,,New 2013 Near 430,5/24/2018,7.6,,,,7.8,,,8.5,8.7,,9,New 2013 Near 430,8.9,,9.4,,9.6,
SC,10,938*,938,Acer saccharum,,,99,,,,99,,,,99,,6/24/2013,6,7,New 2013 Near 437,6/19/2014,6.4,,,7/2/2015,6.8,,,5/20/2016,6.8,,,New 2013 Near 437,5/30/2017,7.1,,,New 2013 Near 437,5/24/2018,7.3,,,,7.5,,,8,8.4,,8.7,New 2013 Near 437,8.8,,9.2,,9.6,
SC,10,939*,939,Acer saccharum,,,99,,,,99,,,,99,,6/24/2013,6.4,7,New 2013 Near 434,6/19/2014,0,,dead,7/2/2015,0,,,5/20/2016,0,,,New 2013 Near 434; 2014 dead,5/30/2017,0,,dead,New 2013 Near 434; 2014 dead,5/24/2018,0,,,,0,,,0,0,,0,New 2013 Near 434; 2014 dead,0,dead,0,,0,
SC,10,940*,940,Acer saccharum,,,99,,,,99,,,,99,,6/24/2013,6.2,7,New 2013 Near 434,6/19/2014,6.6,,real meas.,7/2/2015,7,,,5/20/2016,7,,,New 2013 Near 434; 2014 real meas,5/30/2017,7.1,,,New 2013 Near 434; 2014 real meas,5/24/2018,7.2,,,,7.4,,,7.3,7.8,Fallen but still alive,7.9,New 2013 Near 434; 2014 real meas; 2021 fallen but still alive,7.8,still alive,8,still alive,7.9,
SC,10,942*,942,Acer saccharum,,,99,,,,99,,,,99,,6/24/2013,6.3,7,New 2013 Near middle post w side,6/19/2014,6.4,,,7/2/2015,6.5,,,5/20/2016,6.4,,,New 2013 Near middle post w side,5/30/2017,0,,dead,New 2013 Near middle post w side; 2017 dead,5/24/2018,0,,,,0,,,0,0,,0,New 2013 Near middle post w side; 2017 dead,0,dead,0,,0,
SC,10,943*,943,Acer saccharum,,,99,,,,99,,,,99,,6/24/2013,6.6,7,New 2013 Near 443,6/19/2014,6.9,,,7/2/2015,6.7,,2015: real measurement,5/20/2016,6.8,,,New 2013 Near 443; 2015 real meas.,5/30/2017,0,,dead,New 2013 Near 443; 2015 real meas.; 2017 dead,5/24/2018,0,,,,0,,,0,0,,0,New 2013 Near 443; 2015 real meas.; 2017 dead,0,dead,0,,0,
SC,10,944*,944,Acer saccharum,,,99,,,,99,,,,99,,6/24/2013,6.2,7,New 2013 Near 448,6/19/2014,6.4,,,7/2/2015,6.5,,,5/20/2016,6.7,,,New 2013 Near 448,5/30/2017,6.7,,,New 2013 Near 448,5/24/2018,6.8,,,,7,,,7.3,7.3,,7.4,New 2013 Near 448,7.4,still alive but leaning,7.5,,7.7,
SC,10,945*,945,Acer saccharum,,,99,,,,99,,,,99,,6/24/2013,6.3,7,New 2013 Near 449,6/19/2014,6.9,,,7/2/2015,7.2,,,5/20/2016,7.3,,,New 2013 Near 449,5/30/2017,7.6,,,New 2013 Near 449,5/24/2018,8.3,,,,8.9,,,9.4,9.7,,9.8,New 2013 Near 449,9.9,leaning but still alive,10.2,,10.3,
SC,10,947*,947,Acer saccharum,,,99,,,,99,,,,99,,6/24/2013,6.3,7,New 2013 Near 456,6/19/2014,6.6,,,7/2/2015,7.1,,,5/20/2016,7.2,,,New 2013 Near 456,5/30/2017,7.4,,,New 2013 Near 456,5/24/2018,7.8,,,,8.1,,,8.3,8.8,,8.9,New 2013 Near 456,9.1,,9.4,,9.5,
SC,11,31,31,Acer saccharum,4/27/2010,8.1,0,,6/2/2011,8.4,0,,7/3/2012,8.4,0,,7/2/2013,8.4,0,,6/3/2014,8.4,,,6/17/2015,8.5,,,5/19/2016,8.5,,,,5/29/2017,8.5,,,,5/17/2018,8.6,,,,8.7,,,8.7,8.7,,8.7,,8.8,leaning over but still alive/healthy,8.9,still alive,9,
SC,11,32,32,Acer saccharum,4/27/2010,6.7,0,,6/2/2011,6.8,0,,7/3/2012,6.9,0,,7/2/2013,6.8,1,,6/3/2014,6.9,,,6/17/2015,6.9,,,5/19/2016,6.8,,Real meas 2016,2016 real meas.,5/29/2017,6.8,,,2016 real meas.,5/17/2018,6.9,,,,6.9,,,6.8,7.1,,6.9,2016 real meas.,7,,6.9,,7.1,
SC,11,34,34,Acer saccharum,4/27/2010,9,0,,6/2/2011,9,0,,7/3/2012,9,0,,7/2/2013,9,0,,6/3/2014,8.9,,,6/17/2015,9.1,,,5/19/2016,9,,Real meas 2016,2016 real meas.,5/29/2017,0,,dead,2016 real meas.; 2017 dead,5/17/2018,0,,2018 dead,,0,,,0,0,,0,2016 real meas.; 2017 dead; 2018 dead,0,dead,0,,0,
SC,11,35,35,Acer saccharum,4/27/2010,7.6,0,,6/2/2011,7.8,0,,7/3/2012,8.9,0,,7/2/2013,7.9,1,2013 is 2012 an error?,6/3/2014,7.9,,,6/17/2015,7.9,,,5/19/2016,8,,,2013 is 2012 an error?,5/29/2017,8,,,2013 is 2012 an error?,5/17/2018,8.1,,,,8.1,,,8.2,8.2,,8.2,2013 is 2012 an error?,8.3,,8.5,,8.5,
SC,11,36,36,Acer saccharum,4/27/2010,6.4,0,,6/2/2011,6.5,0,,7/3/2012,6.7,0,,7/2/2013,6.7,0,2013 measure on top of bump,6/3/2014,6.6,,,6/17/2015,6.6,,,5/19/2016,6.6,,,2013 measure on top of bump,5/29/2017,6.4,,,2013 measure on top of bump,5/17/2018,0,,2018 dead,,0,,,0,0,,0,2013 measure on top of bump; 2018 dead,0,dead,0,,0,
SC,11,37,37,Acer saccharum,4/27/2010,7.4,0,,6/2/2011,7.6,0,,7/3/2012,7.7,0,,7/2/2013,7.8,0,,6/3/2014,7.9,,,6/17/2015,8,,,5/19/2016,8,,,,5/29/2017,8,,,,5/17/2018,8.1,,,,8.4,,,8.4,8.4,,8.4,,8.4,,8.6,,8.7,
SC,11,38,38,Acer saccharum,4/27/2010,6.8,0,,6/2/2011,7.1,0,,7/3/2012,7,1,,7/2/2013,7,0,,6/3/2014,7.4,,,6/17/2015,7.4,,,5/19/2016,7.7,,,,5/29/2017,7.5,,,,5/17/2018,8,,,,7.6,,,7.9,8,,8,,8.1,bulge around tag,8.3,meas. on bulge,8.6,
SC,11,39,39,Acer saccharum,4/27/2010,38.2,0,,6/2/2011,38.4,0,,7/3/2012,38.5,0,,7/2/2013,38.5,0,,6/3/2014,38.6,,,6/17/2015,38.8,,2015 needs retagging,5/19/2016,38.9,,Tag missing,2016 tag missing,5/29/2017,38.8,,,2016 tag missing,5/17/2018,38.8,,,,39.1,,,39.3,39.3,,39.3,2016 tag missing,39.4,,39.6,tag fixed,39.7,
SC,11,40,40,Acer saccharum,4/27/2010,7.9,0,,6/2/2011,8.1,0,,7/3/2012,8.2,0,,7/2/2013,8.3,0,,6/3/2014,8.6,,,6/17/2015,8.9,,,5/19/2016,8.9,,,,5/29/2017,9,,,,5/17/2018,9.1,,,,8.9,,,9.2,9.3,Knot at nail,9.3,Knot at nail,9.2,,9.4,meas. on bump,9.4,
SC,11,41,41,Acer saccharum,4/27/2010,46.7,0,,6/2/2011,47.1,0,,7/3/2012,46.9,1,,7/2/2013,46.9,0,,6/3/2014,47,,,6/17/2015,47,,,5/19/2016,47.3,,,,5/29/2017,46.9,,,,5/17/2018,46.8,,,,47.2,,,48.1,47,"2021 real meas., bark flares out",47.1,"2021 real, bark flares out",47.1,,46.8,,0,dead
SC,11,42,42,Acer saccharum,4/27/2010,29.9,0,,6/2/2011,30.3,0,,7/3/2012,30.6,0,,7/2/2013,30.8,0,,6/3/2014,30.7,,,6/17/2015,30.9,,2015 needs retagging,5/19/2016,31,,,,5/29/2017,31.2,,,,5/17/2018,31.3,,,,31.5,,,32.7,32,,32.1,,32.3,,32.6,,32,
SC,11,43,43,Acer saccharum,4/27/2010,68.4,0,,6/2/2011,69.1,0,,7/3/2012,69.1,0,,7/2/2013,69.3,0,,6/3/2014,69.6,,,6/17/2015,70,,,5/19/2016,70,,,,5/29/2017,69.7,,,,5/17/2018,69.7,,,,69.8,,,69.8,70,,69.6,,69.8,,69.7,,70.1,
SC,11,44,44,Acer saccharum,4/27/2010,30,0,,6/2/2011,30.1,0,,7/3/2012,30.5,0,,7/2/2013,30.7,0,,6/3/2014,30.7,,,6/17/2015,31.1,,,5/19/2016,31.2,,,,5/29/2017,31.4,,,,5/17/2018,31.7,,,,31.9,,,32.3,32.4,,32.7,,32.7,,33.1,,33.3,
SC,11,45,45,Acer saccharum,4/27/2010,6.9,0,,6/2/2011,7,0,,7/3/2012,7,0,,7/2/2013,7,0,,6/3/2014,7.1,,,6/17/2015,7.1,,,5/19/2016,7.1,,,,5/29/2017,7.1,,,,5/17/2018,0,,2018 missing probably dead,,0,,,0,0,,0,2018 missing probably dead,0,dead,0,,0,
SC,11,46,46,Acer saccharum,4/27/2010,18.1,0,,6/2/2011,18.2,0,,7/3/2012,18.2,0,,7/2/2013,18.2,0,,6/3/2014,18.3,,,6/17/2015,18.5,,,5/19/2016,18.4,,Real meas 2016,2016 real meas.,5/29/2017,18.4,,,2016 real meas.,5/17/2018,18.4,,,,18.5,,,18.6,18.7,,18.6,2016 real meas.,18.6,,18.6,by 57,18.7,
SC,11,47,47,Acer saccharum,4/27/2010,9,0,,6/2/2011,9.1,0,,7/3/2012,9,1,,7/2/2013,9,0,,6/3/2014,9.1,,,6/17/2015,9.1,,,5/19/2016,9.1,,,,5/29/2017,9.1,,,,5/17/2018,0,,2018 fallen dead,,0,,,0,0,,0,2018 fallen dead,0,dead,0,,0,
SC,11,49,49,Acer saccharum,4/27/2010,40.3,0,,6/2/2011,40.7,0,,7/3/2012,41.2,0,,7/2/2013,41.2,0,,6/3/2014,41.4,,,6/17/2015,41.7,,,5/19/2016,41.7,,,,5/29/2017,41.8,,,,5/17/2018,81,,,,42,,,42.2,42.3,,42.4,,43.1,,43,,43.2,
SC,11,50,50,Acer saccharum,4/27/2010,6.2,0,,6/2/2011,6.5,0,,7/3/2012,,9,"2012 missing, presumed dead",7/2/2013,6.7,0,2013 not missing,6/3/2014,6.6,,,6/17/2015,6.8,,2015 located 20ft NW of SE corner of plot,5/19/2016,6.9,,,"2012 missing, presumed dead; 2013 not missing; 2015 located 20ft NW of SE corner of plot",5/29/2017,6.9,,,"2012 missing, presumed dead; 2013 not missing; 2015 located 20ft NW of SE corner of plot",5/17/2018,7,,,,7.2,,,7.3,7.5,,7.9,"2012 missing, presumed dead; 2013 not missing; 2015 located 20ft NW of SE corner of plot",7.7,,8,alive,8.1,
SC,11,52,52,Acer saccharum,4/27/2010,14.6,0,,6/2/2011,14.9,0,,7/3/2012,15.1,0,,7/2/2013,15.1,0,,6/3/2014,15.2,,,6/17/2015,15.5,,,5/19/2016,15.5,,,,5/29/2017,15.7,,,,5/17/2018,15.7,,,,15.8,,,16,16.1,,16.2,,16.2,,16.6,,16.7,
SC,11,53,53,Acer saccharum,4/27/2010,10.7,0,,6/2/2011,11.1,0,,7/3/2012,11.1,0,,7/2/2013,11.3,0,,6/3/2014,11.2,,,6/17/2015,11.5,,,5/19/2016,11.5,,,,5/29/2017,11,,,,5/17/2018,11.5,,,,11.2,,,11.7,11.5,,11.8,,12,,12,,12.1,
SC,11,55,55,Acer saccharum,4/27/2010,23.6,0,,6/2/2011,23.7,0,,7/3/2012,23.9,0,,7/2/2013,24,0,,6/3/2014,23.9,,,6/17/2015,24,,,5/19/2016,24.7,,,,5/29/2017,24.2,,,,5/17/2018,24.2,,,,26,,,24.6,24.4,2021 real meas.,24.4,2021 real,24.5,,24.5,,24.5,
SC,11,56,56,Acer saccharum,4/27/2010,34.7,0,,6/2/2011,35.1,0,,7/3/2012,35,1,,7/2/2013,35.1,0,,6/3/2014,35.1,,,6/17/2015,35.5,,,5/19/2016,35.5,,,,5/29/2017,35.5,,,,5/17/2018,35.5,,,,35.7,,,35.9,35.8,,35.8,,35.9,,36.1,,35.1,
SC,11,58,58,Acer saccharum,4/27/2010,9.9,0,,6/2/2011,10.1,0,,7/3/2012,10.4,0,,7/2/2013,10.4,0,,6/3/2014,10.4,,,6/17/2015,10.6,,,5/19/2016,10.6,,,,5/29/2017,10.5,,,,5/17/2018,10.7,,,,10.6,,,11,10.8,,10.8,,11,,10.9,,11.1,
SC,11,60,60,Acer saccharum,4/27/2010,6.2,0,,6/2/2011,6.7,0,,7/3/2012,7.2,0,,7/2/2013,7.5,0,,6/3/2014,7.6,,,6/17/2015,7.6,,,5/19/2016,7.9,,,,5/29/2017,7.9,,,,5/17/2018,8.1,,,,8.3,,,8.7,8.7,,8.7,,8.7,,9.2,,9.3,
SC,11,61,61,Acer saccharum,4/27/2010,38.2,0,,6/2/2011,38.7,0,,7/3/2012,39,0,,7/2/2013,39.3,0,,6/3/2014,39.1,,,6/17/2015,39.7,,,5/19/2016,39.8,,,,5/29/2017,39.8,,,,5/17/2018,39.9,,,,40.5,,,40.9,41.5,,42.1,,42.3,,43,,43.2,
SC,11,994*,994,Acer saccharum,,,99,,,,99,,,,99,,7/2/2013,6.7,7,New 2013 Near 45,6/3/2014,6.6,,,6/17/2015,6.6,,,5/19/2016,6.8,,,New 2013 Near 45,5/29/2017,6.6,,,New 2013 Near 45,5/17/2018,6.8,,,,6.9,,,7.2,7,,6.9,New 2013 Near 45,6.8,,6.9,,7,
SC,11,995*,995,Acer saccharum,,,99,,,,99,,,,99,,7/2/2013,6.4,7,New 2013 Near 59,6/3/2014,6.6,,,6/17/2015,7.2,,2015 large difference due to rough bark and knob,5/19/2016,7.4,,,New 2013 Near 59; 2015 large difference due to rough bark and knob,5/29/2017,7.5,,,New 2013 Near 59; 2015 large difference due to rough bark and knob,5/17/2018,7.7,,,,8,,,8.2,8,,0,"New 2013 Near 59; 2015 large difference due to rough bark and knob, 2022 dead",0,dead,0,,0,
SC,11,996*,996,Acer saccharum,,,99,,,,99,,,,99,,7/2/2013,8,8,New 2013 Near 59,6/3/2014,8.1,,,6/17/2015,9,,2015 additional measurement made above knob was 8.3cm diameter,5/19/2016,9,,,New 2013 Near 59,5/29/2017,9.1,,,New 2013 Near 59,5/17/2018,9.3,,,,9.6,,,9.9,10.1,,9.9,New 2013 Near 59,10,,10.2,,10.6,
SC,11,997*,997,Acer saccharum,,,99,,,,99,,,,99,,7/2/2013,7.6,7,New 2013 Near 47,6/3/2014,7.6,,,6/17/2015,0,,2015 dead :(,5/19/2016,0,,,New 2013 Near 47; 2015 dead,5/29/2017,0,,dead,New 2013 Near 47; 2015 dead,,,,,,0,,,0,0,,0,New 2013 Near 47; 2015 dead,0,dead,0,,0,
SC,12,62,62,Acer saccharum,4/28/2010,35.6,0,,6/2/2011,36.4,0,,7/3/2012,37.2,0,,7/2/2013,37.6,0,,6/3/2014,38.1,,,6/17/2015,39.4,,2015 needs retagging,5/19/2016,40,,,,5/29/2017,40.8,,,,5/17/2018,41.4,,,,42.7,,,43.1,44,,45,,45.7,,46.7,,47.7,
SC,12,63,63,Acer saccharum,4/28/2010,29.1,0,,6/2/2011,29.4,0,,7/3/2012,30,0,,7/2/2013,30.2,0,,6/3/2014,30.2,,,6/17/2015,30.6,,,5/19/2016,30.8,,,,5/29/2017,31,,,,5/17/2018,31.1,,,,31.1,,,31.7,31.5,,31.7,,31.7,,32.1,,32.1,
SC,12,64,64,Acer saccharum,4/28/2010,33,0,,6/2/2011,33,0,,7/3/2012,33.1,0,,7/2/2013,33.2,0,,6/3/2014,33,,,6/17/2015,33.2,,,5/19/2016,33.2,,,,5/29/2017,33.2,,,,5/17/2018,33.4,,,,33.4,,,33.6,33.5,,33.4,,33.4,,33.5,,33.4,
SC,12,65,65,Acer saccharum,4/28/2010,48.8,0,,6/2/2011,49.1,0,,7/3/2012,49.3,0,,7/2/2013,49.6,0,,6/3/2014,49.5,,,6/17/2015,50.1,,,5/19/2016,50.2,,,,5/29/2017,50.4,,,,5/17/2018,50.5,,,,50.7,,,50.6,50.8,,50.8,,51,,51.2,,51.3,
SC,12,68,68,Acer saccharum,4/28/2010,6.1,0,,6/2/2011,6.1,0,,7/3/2012,6.5,0,,7/2/2013,6.7,0,,6/3/2014,6.4,,real meas.,6/17/2015,6.3,,2015 needs retagging,5/19/2016,6.3,,Tag missing,2014 real meas.; 2016 tag missing,5/29/2017,6.3,,tag missing,2014 real meas.; 2016 tag missing; 2017 tag missing,5/17/2018,6.1,,,,6.4,,,6.7,6.4,,6.3,2014 real meas.; 2016 tag missing; 2017 tag missing,0,dead,0,dead,0,
SC,12,69,69,Acer saccharum,4/28/2010,24.1,0,,6/2/2011,24.3,0,,7/3/2012,24.8,0,,7/2/2013,25.1,0,,6/3/2014,25.1,,,6/17/2015,25.9,,,5/19/2016,25.9,,,,5/29/2017,26,,,,5/17/2018,26.3,,,,26.7,,,27.1,27,,27.1,,27.4,,27.4,,27.6,
SC,12,70,70,Acer saccharum,4/28/2010,22.2,0,,6/2/2011,22.4,0,,7/3/2012,22.7,0,,7/2/2013,22.8,0,,6/3/2014,22.6,,,6/17/2015,22.9,,,5/19/2016,23,,,,5/29/2017,23,,,,5/17/2018,23,,,,23,,,23.4,23.4,,23.4,,23.3,,23.6,,23.5,
SC,12,71,71,Acer saccharum,4/28/2010,43.1,0,,6/2/2011,43.6,0,,7/3/2012,43.9,0,,7/2/2013,44,0,,6/3/2014,44.2,,,6/17/2015,44.4,,,5/19/2016,44.7,,,,5/29/2017,45,,,,5/17/2018,45,,,,45.3,,,45.7,45.9,,46.1,,46.4,,46.6,,47.2,
SC,12,72,72,Acer saccharum,4/28/2010,41.5,0,,6/2/2011,41.6,0,,7/3/2012,41.8,0,,7/2/2013,41.8,0,,6/3/2014,41.9,,,6/17/2015,41.9,,2015 needs retagging,5/19/2016,42,,Tag missing,2016 tag missing,5/29/2017,42.1,,,2016 tag missing,5/17/2018,42.2,,,,42.4,,,42.6,42.5,,42.4,2016 tag missing,42.3,,42.5,tag fixed,42.4,
SC,12,73,73,Acer saccharum,4/28/2010,11.1,0,,6/2/2011,11,1,,7/3/2012,11.1,0,,7/2/2013,11.2,0,,6/3/2014,11.2,,,6/17/2015,11.2,,2015 needs retagging,5/19/2016,11.2,,Damaged tag,2016 damaged tag,5/29/2017,11.2,,,2016 damaged tag,5/17/2018,11.3,,,,11.4,,,11.5,11.5,,11.4,2016 damaged tag,11.4,,11.5,tag fixed,11.5,
SC,12,74,74,Acer saccharum,4/28/2010,18.5,0,,6/2/2011,18.4,1,,7/3/2012,18.7,0,,7/2/2013,18.7,0,2013 measure on rise to left of tag,6/3/2014,18.8,,,6/17/2015,18.8,,,5/19/2016,18.9,,,2013 measure on rise to left of tag,5/29/2017,18.9,,,2013 measure on rise to left of tag,5/17/2018,18.9,,,,19.2,,,18.9,19.2,,19.2,2013 measure on rise to left of tag,19.2,,19.3,,19.4,
SC,12,75,75,Acer saccharum,4/28/2010,17.3,0,,6/2/2011,17.5,0,,7/3/2012,17.9,0,,7/2/2013,17.9,0,2013 measure on bump to right of tag,6/3/2014,17.8,,,6/17/2015,18.1,,,5/19/2016,18.1,,,2013 measure on bump to right of tag,5/29/2017,18.2,,,2013 measure on bump to right of tag,5/17/2018,18.2,,,,18.9,,,18.9,18.5,2021 real meas.,18.5,2013 measure on bump to right of tag; 2021 real,18.6,,19,,18.7,
SC,12,76,76,Acer saccharum,4/28/2010,44.5,0,,6/2/2011,45.3,0,,7/3/2012,45.5,0,,7/2/2013,46,0,,6/3/2014,46,,,6/17/2015,46.7,,,5/19/2016,47.3,,,,5/29/2017,47.3,,,,5/17/2018,47.5,,,,48.3,,,48.5,49.1,,49.4,,49.5,,49.9,,50.3,
SC,12,77,77,Acer saccharum,4/28/2010,50,0,,6/2/2011,50.2,0,,7/3/2012,50.3,0,,7/2/2013,50.4,0,,6/3/2014,50.5,,,6/17/2015,50.8,,,5/19/2016,5,,,,5/29/2017,51,,error 2016?,2017 check maybe error 2016,5/17/2018,51.2,,,,52.6,,,52,51.8,2021 real meas.,52.2,2017 check maybe error 2016; 2021 real,51.9,peeling bark,52,,52.2,
SC,12,78,78,Acer saccharum,4/28/2010,8.9,1,,6/2/2011,8.6,0,,7/3/2012,8.8,0,,7/2/2013,8.8,0,2013 measure above all branches,6/3/2014,8.6,,,6/17/2015,8.6,,,5/19/2016,8.6,,9.0 if measured below branches,2013 measure above all branches; 2016 9.0 if measured below branches,5/29/2017,8.6,,,2013 measure above all branches; 2016 9.0 if measured below branches,5/17/2018,8.9,,,,8.9,,,8.9,8.8,,8.7,2013 measure above all branches; 2016 9.0 if measured below branches,8.5,,0,dead,0,
SC,12,79,79,Acer saccharum,4/28/2010,6.2,0,,6/2/2011,6.3,0,,7/3/2012,6.4,0,,7/2/2013,6.7,0,"2013 measurement real, large bump in back",6/3/2014,6.6,,,6/17/2015,6.6,,,5/19/2016,6.2,,Bump moved 2016,"2013 measurement real, large bump in back; 2016 bump moved",5/29/2017,6.5,,,"2013 measurement real, large bump in back; 2016 bump moved",5/17/2018,6.5,,,,6.5,,,6.6,6.6,,6.5,"2013 measurement real, large bump in back; 2016 bump moved",6.5,,6.6,,6.6,
SC,12,81,81,Acer saccharum,4/28/2010,11.5,0,,6/2/2011,11.3,1,,7/3/2012,11.5,0,,7/2/2013,11.6,0,,6/3/2014,11.7,,,6/17/2015,12,,,5/19/2016,11.6,,Bump moved 2016,2016 bump moved,5/29/2017,11.4,,,2016 bump moved,5/17/2018,11.5,,,,12,,,12.7,12,,11.9,2016 bump moved,11.8,measured w/ bump,11.8,meas. on bump,0,dead
SC,12,82,82,Acer saccharum,4/28/2010,12.7,0,,6/2/2011,12.8,0,,7/3/2012,12.8,0,,7/2/2013,12.9,0,,6/3/2014,13,,,6/17/2015,13,,,5/19/2016,13,,,,5/29/2017,13,,,,5/17/2018,12.9,,,,13,,,13,13,,12.9,,12.9,,13,,13,
SC,12,83,83,Acer saccharum,4/28/2010,29.6,0,2010 bark injured,6/2/2011,30,0,,7/3/2012,30,0,,7/2/2013,30,0,,6/3/2014,30,,,6/17/2015,30.5,,,5/19/2016,30.5,,,2010 bark injured,5/29/2017,30.5,,,2010 bark injured,5/17/2018,30.7,,,,30.8,,,31.4,31.3,,31.1,2010 bark injured,31.1,,31.1,,31.1,
SC,12,84,84,Acer saccharum,4/28/2010,16.7,0,,6/2/2011,16.6,1,,7/3/2012,16.5,1,,7/2/2013,16.3,1,2013 measure above branch,6/3/2014,16.5,,"16.51 below branch, 16.256 above nail",6/17/2015,0,,2015 dead,5/19/2016,0,,,"2013 measure above branch; 2014 16.51 below branch, 16.256 above nail; 2015 dead",5/29/2017,0,,"couldn't find, assumed dead","2013 measure above branch; 2014 16.51 below branch, 16.256 above nail; 2015 dead; 2017 couldn't find, assumed dead",5/17/2018,,,,,0,,,0,0,,0,"2013 measure above branch; 2015 dead; 2017 couldn't find, assumed dead",0,dead,0,,0,
SC,12,85,85,Acer saccharum,4/28/2010,8.1,1,,6/2/2011,8.1,1,,7/3/2012,7.9,0,,7/2/2013,7.9,0,,6/3/2014,7.9,,,6/17/2015,8.1,,,5/19/2016,8.1,,,,5/29/2017,8.4,,,,5/17/2018,8.2,,,,8.8,,,8.9,8.6,Measured over knot,8.8,2021 measured over knot,8.8,,8.3,no knot,8.3,no knot
SC,12,86,86,Acer saccharum,4/28/2010,21.6,0,,6/2/2011,21.6,0,,7/3/2012,21.6,0,,7/2/2013,21.7,0,,6/3/2014,21.8,,,6/17/2015,21.8,,,5/19/2016,21.8,,,,5/29/2017,21.8,,,,5/17/2018,21.8,,,,21.9,,,22.1,21.9,,21.8,,21.9,,21.9,,21.9,
SC,12,87,87,Acer saccharum,4/28/2010,10.3,0,,6/2/2011,10.2,1,,7/3/2012,10.3,0,,7/2/2013,10.5,0,,6/3/2014,10.4,,,6/17/2015,10.5,,,5/19/2016,10.6,,,,5/29/2017,10.7,,,,5/17/2018,10.6,,,,10.6,,,11,11,,10.9,,11.1,measured on bump,11.1,meas. on bump,11.1,
SC,12,88,88,Acer saccharum,4/28/2010,17.1,0,,6/2/2011,17.1,0,,7/3/2012,17.4,0,,7/2/2013,17.5,0,,6/3/2014,17.8,,,6/17/2015,18.1,,,5/19/2016,18.2,,,,5/29/2017,18.5,,,,5/17/2018,18.4,,,,18.6,,,19,19,,19,,19.1,,19.2,,19.4,
SC,12,89,89,Acer saccharum,4/28/2010,35.1,0,,6/2/2011,35.6,0,,7/3/2012,36.1,0,,7/2/2013,36.6,0,,6/3/2014,36.6,,,6/17/2015,37.2,,,5/19/2016,37.2,,,,5/29/2017,37.3,,,,5/17/2018,37.7,,,,38.3,,,38.9,39,,39,,39.3,,39.9,,40.5,
SC,12,90,90,Acer saccharum,4/28/2010,10.5,0,,6/2/2011,10.5,0,,7/3/2012,10.6,0,,7/2/2013,10.6,0,,6/3/2014,10.7,,,6/17/2015,11,,,5/19/2016,10.8,,Meas real 2016,2016 real meas.,5/29/2017,10.8,,,2016 real meas.,5/17/2018,10.8,,,,11,,,11.2,10.9,2021 real meas.,10.9,2016 real meas.; 2021 real,10.8,,10.9,,10.9,
SC,12,91,91,Acer saccharum,4/28/2010,8,0,,6/2/2011,8.1,0,,7/3/2012,8.2,0,,7/2/2013,8.2,0,,6/3/2014,8.4,,,6/17/2015,8.5,,,5/19/2016,8.5,,,,5/29/2017,8.6,,,,5/17/2018,8.6,,,,8.7,,,8.8,8.9,Directly under nail,8.7,2021 directly under nail,8.8,,8.8,,8.9,
SC,12,92,92,Acer saccharum,4/28/2010,7,0,,6/2/2011,7.4,0,,7/3/2012,7.7,0,,7/2/2013,7.8,0,,6/3/2014,7.9,,,6/17/2015,8.2,,,5/19/2016,8.2,,,,5/29/2017,8.4,,,,5/17/2018,8.5,,,,8.6,,,8.9,9,,9.2,,9.3,,9.6,,9.8,
SC,12,93,93,Acer saccharum,4/28/2010,40,0,,6/2/2011,40,0,,7/3/2012,40.1,0,,7/2/2013,40.3,0,,6/3/2014,40.4,,,6/17/2015,40.7,,,5/19/2016,40.7,,,,5/29/2017,40.9,,,,5/17/2018,41,,,,41.4,,,41.4,41.5,,41.5,,41.5,,41.6,,41.8,
SC,12,94,94,Acer saccharum,4/28/2010,19.2,0,,6/2/2011,19.3,0,,7/3/2012,19.4,0,,7/2/2013,19.5,0,,6/3/2014,19.6,,,6/17/2015,19.9,,,5/19/2016,19.6,,Meas real 2016,2016 real meas.,5/29/2017,19.7,,,2016 real meas.,5/17/2018,19.7,,,,19.8,,,20.1,19.8,,19.8,2016 real meas.,19.8,,19.9,,20,
SC,12,97*,97,Acer saccharum,4/28/2010,7.4,0,,6/2/2011,7.6,0,,7/3/2012,7.9,0,,7/2/2013,8,0,,6/3/2014,8.1,,,6/17/2015,8.3,,,5/19/2016,8.3,,,,5/29/2017,8.5,,,,5/17/2018,8.6,,,,8.7,,,9,8.9,,8.9,,9,,9.4,,9.4,
SC,12,998*,998,Acer saccharum,,,99,,,,99,,,,99,,7/2/2013,6.3,7,"New 2013 Near 80 and 81, at top of plot",6/3/2014,6.4,,,6/17/2015,6.5,,,5/19/2016,6.6,,,"New 2013 Near 80 and 81, at top of plot",5/29/2017,6.6,,,"New 2013 Near 80 and 81, at top of plot",5/17/2018,6.6,,,,6.4,,,6.4,6.4,,0,"New 2013 Near 80 and 81, at top of plot, 2022 dead",0,dead,0,,0,
SC,12,998*,998,Acer saccharum,,,99,,,,99,,,,99,,7/2/2013,6.3,7,New 2013 Near 80 and 81 at top of plot,6/3/2014,6.4,,,6/17/2015,6.5,,,5/19/2016,0,,Dead 2016,New 2013 Near 80 and 81 at top of plot; 2016 dead,5/29/2017,0,,dead,New 2013 Near 80 and 81 at top of plot; 2016 dead,5/17/2018,0,,,,0,,,0,0,,0,New 2013 Near 80 and 81 at top of plot; 2016 dead,0,dead,0,,0,
SC,12,999*,999,Acer saccharum,,,99,,,,99,,,,99,,7/2/2013,6.3,7,New 2013 Near 93,6/3/2014,6.4,,,6/17/2015,6.4,,,5/19/2016,6.4,,,New 2013 Near 93,5/29/2017,6.2,,,New 2013 Near 93,5/17/2018,6.4,,,,6.4,,,0,0,,0,New 2013 Near 93,0,dead,0,,0,
SC,12,999*,999,Acer saccharum,,,99,,,,99,,,,99,,7/2/2013,6.3,7,New 2013 Near 93,6/3/2014,6.4,,,6/17/2015,6.4,,,5/19/2016,0,,Dead 2016,New 2013 Near 93; 2016 dead,5/29/2017,0,,dead,New 2013 Near 93; 2016 dead,5/17/2018,?,,,,0,,,0,0,,0,New 2013 Near 93; 2016 dead,0,dead,0,,0,
SV,1,2401,2401,Acer saccharum,5/19/2010,43.9,0,,6/29/2011,44.8,0,,7/6/2012,45,0,,7/1/2013,45.2,0,,,45.4,,,7/7/2015,46,,,5/31/2016,46,,,,6/7/2017,46.5,,,,5/25/2018,46.7,,,,48.1,,,47,47.2,2021 real meas.,47.6,2021 real,48.1,,48.5,,49.3,
SV,1,2402,2402,Acer saccharum,5/19/2010,8.7,0,,6/29/2011,8.8,1,,7/6/2012,8.7,0,,7/1/2013,8.7,0,,,8.6,,,7/7/2015,8.9,,,5/31/2016,9.4,,,,6/7/2017,9.3,,,,5/25/2018,9.5,,2018 measure on bumps,,10.2,,,9.8,9.1,Directly under nail,9.1,2018 measure on bumps; 2021 directly under nail,9.3,,9,under nail excludes bumps,9.2,
SV,1,2405,2405,Acer saccharum,5/19/2010,6.2,0,,6/29/2011,6.3,0,,7/6/2012,6.4,0,,7/1/2013,6.4,0,,,6.4,,,7/7/2015,6.5,,,5/31/2016,6.6,,,,6/7/2017,6.6,,,,5/25/2018,6.6,,,,6.7,,,6.6,6.6,,6.6,,6.7,,6.7,,6.9,
SV,1,2407,2407,Acer saccharum,5/19/2010,12.4,0,,6/29/2011,12.7,0,,7/6/2012,12.5,1,,7/1/2013,12.7,0,,,12.8,,,7/7/2015,12.7,,2015: real measurement,5/31/2016,12.7,,,2015 real meas.,6/7/2017,12.8,,,2015 real meas.,5/25/2018,12.8,,,,13.1,,,12.9,13,,13,2015 real meas.,0,dead,0,,0,
SV,1,2408,2408,Acer saccharum,5/19/2010,10.5,0,,6/29/2011,10.7,0,,7/6/2012,10.8,0,,7/1/2013,10.8,0,,,11,,,7/7/2015,11,,,5/31/2016,11.2,,,,6/7/2017,11.1,,,,5/25/2018,11,,2018 real measure,,11.3,,,11.3,11.4,,11.3,2018 real measure,11.4,,11.6,,11.8,
SV,1,2416,2416,Acer saccharum,5/19/2010,9.9,0,,6/29/2011,10,0,,7/6/2012,10,0,,7/1/2013,9.8,1,2013 meas avoiding bump,,9.9,,,7/7/2015,10.3,,,5/31/2016,0,,Dead 2016,2013 meas avoiding bump; 2016 dead,6/7/2017,0,,,2013 meas avoiding bump; 2016 dead,5/25/2018,0,,,,0,,,,0,,0,2013 meas avoiding bump; 2016 dead,0,dead,0,,0,
SV,2,2448,2448,Acer saccharum,5/19/2010,67.6,0,,6/29/2011,68.6,0,,7/9/2012,68.9,0,,7/1/2013,68.8,1,2013 flakey bark; meas real,,70.2,,,7/7/2015,70.3,,,5/31/2016,70.9,,,2013 flakey bark; meas real,6/7/2017,70.7,,,2013 flakey bark; meas real,5/25/2018,71,,,,71.3,,,71.3,72.4,,73.1,2013 flakey bark; meas real,72.9,flaky bark,73.5,flaky bark,73.5,
SV,2,2455,2455,Acer saccharum,5/19/2010,7.2,0,,6/29/2011,6.9,1,,7/9/2012,6.9,0,,7/1/2013,7,0,,,0,,,7/7/2015,0,,,5/31/2016,0,,,,6/7/2017,0,,,,5/25/2018,0,,,,0,,,,0,,0,,0,dead,0,,0,
SV,3,2496,2496,Acer saccharum,5/19/2010,52.9,6,2010 tree outside plot,6/29/2011,53,6,,7/9/2012,53.7,6,,7/1/2013,53.3,6,2013 is 2012 meas error?,,53.3,,,7/7/2015,53.3,,,5/31/2016,53.4,,,2010 tree outside plot; 2013 is 2012 meas error?,6/7/2017,53.3,,,2010 tree outside plot; 2013 is 2012 meas error?,5/25/2018,53.3,,,,56.2,,,53.1,53.8,,53.5,2010 tree outside plot; 2013 is 2012 meas error?,53.4,,53.5,,53.5,
SV,3,2502,2502,Acer saccharum,5/19/2010,53.8,0,,6/29/2011,54.1,0,,7/9/2012,54.3,0,,7/1/2013,54.3,0,,,54.3,,,7/7/2015,55,,,5/31/2016,55.3,,"Slight scratching on tag, readable","2016 tag slightly scratched, still readable",6/7/2017,55.4,,,"2016 tag slightly scratched, still readable",5/25/2018,55.4,,,,56.5,,,56.3,56.9,,57,"2016 tag slightly scratched, still readable",57.2,,57.3,,57.4,
SV,3,2511,2511,Acer saccharum,5/19/2010,76.9,0,,6/29/2011,77.5,0,,7/9/2012,78.3,0,,7/1/2013,78.3,0,,,78.4,,,7/7/2015,78.9,,,5/31/2016,79.5,,,,6/7/2017,79.7,,,,5/25/2018,80.5,,,,81.5,,,81.8,82,Missing tag,82.3,2021 missing tag,83.4,,83.3,no tag; flaky bark,83.7,tag missing
SV,3,2517,2517,Acer saccharum,5/19/2010,11.8,0,,6/29/2011,12,0,,7/9/2012,12.2,0,,7/1/2013,12.3,0,,,12.6,,,7/7/2015,13,,,5/31/2016,13.2,,,,6/7/2017,13.3,,,,5/25/2018,13.6,,,,14.2,,,14.1,14.8,,14.9,2022 fallen but still rooted,14.9,still alive,15,still alive,15.1,
SV,3,2536,2536,Acer saccharum,5/19/2010,10,0,,6/29/2011,10.5,0,,7/9/2012,10.7,0,,7/1/2013,10.9,0,,,11,,,7/7/2015,11.1,,,5/31/2016,11.1,,,,6/7/2017,11.7,,,,5/25/2018,11.3,,2018 real measure,,11.5,,,11.4,11.9,,11.8,2018 real measure,11.9,,12.1,,12.2,
SV,3,2919*,2919,Acer saccharum,,,99,,,,99,,,,99,,7/1/2013,10.2,8,New 2013 Near 2536 and edge,,10.5,,,7/7/2015,10.5,,,5/31/2016,10.6,,,New 2013 Near 2536 and edge,6/7/2017,10.6,,,New 2013 Near 2536 and edge,5/25/2018,10.7,,,,11.1,,,10.9,10.9,,11.9,New 2013 Near 2536 and edge,12.4,,13.1,,13.7,
SV,4,2539,2539,Acer saccharum,5/19/2010,117.4,0,,6/29/2011,117.1,1,,7/9/2012,118.8,0,,7/1/2013,119,0,,,120.5,,,7/7/2015,123.5,,,5/31/2016,125,,,,6/7/2017,127.1,,,,5/25/2018,130.4,,,,0,,,,0,,0,,0,dead,0,,0,
SV,4,2542,2542,Acer saccharum,5/19/2010,23.2,0,,6/29/2011,24.3,0,,7/9/2012,25,0,,7/1/2013,25.2,0,,,25.9,,,7/7/2015,26.6,,,5/31/2016,27.2,,,,6/7/2017,27.8,,,,5/25/2018,28.2,,,,29.4,,,29.9,30.8,,31.9,,33,,33.8,,34.5,
SV,4,2546,2546,Acer saccharum,5/19/2010,6.7,0,,6/29/2011,6.9,0,,7/9/2012,7,0,,7/1/2013,7,0,,,7,,,7/7/2015,7,,,5/31/2016,7,,,,6/7/2017,0,,dead 2017,2017 dead,5/25/2018,0,,,,0,,,,0,,0,2017 dead,0,dead,0,,0,
SV,4,2555,2555,Acer saccharum,5/19/2010,80,0,,6/29/2011,80.3,0,,7/9/2012,80.2,1,,7/1/2013,80.3,0,,,80.3,,,7/7/2015,80.7,,,5/31/2016,80.8,,,,6/7/2017,80.6,,bark peeling off,2017 bark peeling off,5/25/2018,80.6,,,,83.1,,,80.6,81.2,,81.1,2017 bark peeling off,81,,80.8,flaky bark,81.1,
SV,4,2568,2568,Acer saccharum,5/19/2010,12.5,0,,6/29/2011,12.8,0,,7/9/2012,13.1,0,,7/1/2013,13.2,0,,,13.5,,,7/7/2015,13.8,,,5/31/2016,13.9,,,,6/7/2017,14,,,,5/25/2018,14.1,,,,0,,,,0,,0,2019 dead,0,dead,0,,0,
SV,4,2569,2569,Acer saccharum,5/19/2010,6.8,0,,6/29/2011,7.2,0,,7/9/2012,7.4,0,,7/1/2013,7.5,0,2013 meas between knots,,7.9,,,7/7/2015,8,,,5/31/2016,8.1,,,2013 meas between knots,6/7/2017,8.3,,,2013 meas between knots,5/25/2018,8.5,,,,0,,,9.6,10.4,,10.8,"2013 meas between knots, 2019 dead",11.5,,12.2,alive,12.7,
SV,4,2570,2570,Acer saccharum,5/19/2010,8,0,,6/29/2011,8.1,0,,7/9/2012,8.1,0,,7/1/2013,8.2,0,,,8.3,,,7/7/2015,8.6,,,5/31/2016,8.7,,,,6/7/2017,8.8,,,,5/25/2018,8.9,,,,0,,,,0,,0,2019 dead,0,dead,0,,0,
SV,4,2574,2574,Acer saccharum,5/19/2010,60.1,0,,6/29/2011,60.6,0,,7/9/2012,60.3,1,,7/1/2013,60.3,0,,,60.4,,,7/7/2015,60.6,,,5/31/2016,60.5,,,,6/7/2017,60.5,,,,5/25/2018,60.4,,2018 real measure,,0,,,,0,,0,"2018 real measure, 2019 dead",0,dead,0,,0,
SV,4,2575,2575,Acer saccharum,5/19/2010,10.1,0,,6/29/2011,10.1,0,,7/9/2012,10.2,0,,7/1/2013,10.2,0,,,10.2,,,7/7/2015,10.3,,,5/31/2016,10.3,,,,6/7/2017,10.2,,,,5/25/2018,10.2,,,,0,,,,0,,0,2019 dead,0,dead,0,,0,
SV,4,2578,2578,Acer saccharum,5/19/2010,6.3,0,,6/29/2011,7.5,0,,7/9/2012,7.4,1,,7/1/2013,7.5,0,,,7.4,,,7/7/2015,7.5,,,5/31/2016,7.5,,,,6/7/2017,7.5,,,,5/25/2018,7.5,,,,7.6,,,7.7,7.9,,8.1,,8.5,,9,,9.4,
SV,4,2581,2581,Acer saccharum,5/19/2010,14.2,0,,6/29/2011,15.1,0,,7/9/2012,15.8,0,2012 embedded tag,7/1/2013,16.4,0,,,16.8,,,7/7/2015,17.5,,"2015: measured above nail, under pink tape",5/31/2016,17.3,,"Below tag bump, real meas 2016","2012 embedded tag; 2015 measured above nail, under pink tape; 2016 real meas below tag bump",6/7/2017,18,,tag missing,"2012 embedded tag; 2015 measured above nail, under pink tape; 2016 real meas below tag bump; 2017 tag missing",5/25/2018,18.4,,2018 measure under knot,,na,,,20.2,20.6,2021 real meas.,21.8,2016 real meas below tag bump; 2018 measure under knot; 2021 real,22.6,,23.7,tag says 581,24.8,
SV,4,2582,2582,Acer saccharum,5/19/2010,66.3,0,,6/29/2011,67.1,0,,7/9/2012,67.9,0,,7/1/2013,68.2,0,,,68.4,,,7/7/2015,69.2,,,5/31/2016,69.9,,,,6/7/2017,70.1,,,,5/25/2018,69.9,,,,72.1,,,71.3,72.3,,73,,73.8,,73.7,,73.7,
SV,4,2583,2583,Acer saccharum,5/19/2010,10.2,0,,6/29/2011,10.5,0,,7/9/2012,10.8,0,,7/1/2013,10.9,0,,,11.3,,,7/7/2015,11.6,,,5/31/2016,11.8,,,,6/7/2017,12,,,,5/25/2018,12.2,,,,12.9,,,13.3,13.3,,13.6,,13.9,,14.5,,15.1,
SV,4,2585,2585,Acer saccharum,5/19/2010,11.2,0,,6/29/2011,11.5,0,,7/9/2012,11.6,0,,7/1/2013,11.8,0,,,11.9,,,7/7/2015,12.1,,,5/31/2016,12.2,,,,6/7/2017,12.2,,,,5/25/2018,12.2,,,,12.6,,,12.5,12.8,,12.8,,13.1,,13.4,,13.6,
SV,4,2587,2587,Acer saccharum,5/19/2010,6.4,0,,6/29/2011,6.7,0,,7/9/2012,6.6,1,,7/1/2013,6.7,0,,,6.6,,,7/7/2015,6.6,,,5/31/2016,6.7,,,,6/7/2017,6.7,,nail rusted,2017 nail rusted,5/25/2018,6.8,,,,7.1,,,7.4,7.6,,7.9,2017 nail rusted,8.2,,8.5,,8.8,
SV,5,2605,2605,Acer saccharum,5/19/2010,48.8,0,,6/29/2011,49.1,0,,7/9/2012,48.8,1,,7/1/2013,49,0,,,49.1,,,7/7/2015,49.1,,,5/31/2016,49.2,,,,6/7/2017,49.4,,,,5/25/2018,49.2,,2018 real measure,,49.3,,,49.4,49.3,,49.4,2018 real measure,49.5,,49.6,,49.6,
SV,5,2615,2615,Acer saccharum,5/19/2010,14.4,0,,6/29/2011,15,0,,7/9/2012,15.4,0,,7/1/2013,16.1,0,,,16.4,,,7/7/2015,16.5,,,5/31/2016,16.9,,,,6/7/2017,17.3,,,,5/25/2018,17.7,,,,18,,,17.6,18.5,,18.9,,19.6,,20,,20,
SV,5,2618,2618,Acer saccharum,5/19/2010,55.8,0,,6/29/2011,56.6,0,,7/9/2012,57,0,,7/1/2013,57.2,0,,,57.1,,,7/7/2015,57.3,,,5/31/2016,57.5,,Difficult bark 2016,2016 difficult bark,6/7/2017,57.6,,,2016 difficult bark,5/25/2018,57.6,,,,57.3,,,57.5,57.3,,57.7,2016 difficult bark,57.2,peeling bark,57.7,,57.3,
SV,5,2628,2628,Acer saccharum,5/19/2010,61,0,,6/29/2011,,999,2011 dead,7/9/2012,,99,,7/1/2013,,99,,,0,,,7/7/2015,0,,,5/31/2016,0,,,2011 dead,6/7/2017,0,,dead,2011 dead,5/25/2018,0,,,,0,,,,0,,0,2011 dead,0,dead,0,,0,
SV,6,2637,2637,Acer saccharum,5/19/2010,16.6,0,,6/29/2011,17.4,0,,7/9/2012,17.7,0,,7/1/2013,18.1,0,,,18.9,,,7/7/2015,19.3,,,5/31/2016,19.3,,,,6/7/2017,19.7,,,,5/25/2018,19.9,,,,20.5,,,20.5,20.7,,20.7,,20.8,,20.9,meas. over knot,21,
SV,6,2651,2651,Acer saccharum,5/19/2010,52,0,,6/29/2011,52.1,0,,7/9/2012,52,1,,7/1/2013,52,0,,,52.1,,,7/7/2015,52.7,,,5/31/2016,52.7,,,,6/7/2017,52.7,,,,5/25/2018,52.5,,2018 real measure,,52.7,,,53.2,53.1,,53.6,2018 real measure,53.4,,53.8,,53.8,
SV,6,2658,2658,Acer saccharum,5/19/2010,41.7,0,,6/29/2011,41.7,0,,7/9/2012,42,0,,7/1/2013,42,0,,,41.9,,,7/7/2015,41.9,,,5/31/2016,41.9,,,,6/7/2017,41.9,,,,5/25/2018,41.9,,,,41.7,,,41.6,41.8,,42.5,,42.1,,42.1,,42,
SV,6,2666,2666,Acer saccharum,5/19/2010,6.7,0,,6/29/2011,6.9,0,,7/9/2012,7,0,,7/1/2013,7,0,,,7,,,7/7/2015,7.2,,,5/31/2016,7.2,,,,6/7/2017,7.4,,,,5/25/2018,7.5,,,,7.7,,,7.8,8,,8.1,,8.1,,8.3,tag embedded,8.3,
SV,6,2670,2670,Acer saccharum,5/19/2010,6.3,0,,6/29/2011,6.4,0,,7/9/2012,6.4,0,,7/1/2013,6.6,0,2013 meas between bumps,,6.6,,,7/7/2015,7,,,5/31/2016,7.1,,,2013 meas between bumps;2014 measured below kanker,6/7/2017,7,,,2013 meas between bumps;2014 measured below kanker,5/25/2018,6.8,,2018 real measure,,6.8,,,7.1,6.9,,6.7,2013 meas between bumps;2014 measured below kanker; 2018 real measure,6.8,,6.9,,7,
SV,6,2672,2672,Acer saccharum,5/19/2010,16.3,0,,6/29/2011,16.7,0,,7/9/2012,16.8,0,,7/1/2013,17.1,0,,,17.3,,,7/7/2015,17.4,,,5/31/2016,17.6,,,,6/7/2017,17.7,,,,5/25/2018,17.7,,,,17.9,,,17.7,18,,17.9,,18,,18,,18.1,
SV,6,2675,2675,Acer saccharum,5/19/2010,6.5,0,,6/29/2011,6.8,0,,7/9/2012,6.9,0,,7/1/2013,6.9,0,,,6.9,,,7/7/2015,6.9,,,5/31/2016,0,,Dead 2016,2016 dead,6/7/2017,0,,dead,2016 dead,5/25/2018,0,,,,0,,,,0,Dead 2021,0,2016 dead,0,dead,0,,0,
SV,7,2744,2744,Acer saccharum,5/19/2010,9.8,0,,6/29/2011,9.9,0,,7/9/2012,10,0,,7/1/2013,10,0,2013 meas over back bump but not front,,10,,,7/7/2015,10.1,,,5/31/2016,10.4,,,2013 meas over back bump but not front,6/7/2017,10.1,,,2013 meas over back bump but not front,5/25/2018,10,,2018 real-no more bump,,10,,,10.2,10.5,On bump,10.5,2013 meas over back bump but not front; 2018 real-no more bump; 2021 on bump,10,,10,meas. under bump,10.1,
SV,7,2745,2745,Acer saccharum,5/19/2010,8.1,0,,6/29/2011,8.2,0,,7/9/2012,8.1,1,,7/1/2013,8.4,0,2013 meas over nail under knot,,8.3,,,7/7/2015,8.3,,,5/31/2016,0,,Dead 2016,2013 meas over nail under knot; 2016 dead,6/7/2017,0,,,2013 meas over nail under knot; 2016 dead,5/25/2018,0,,,,0,,,,0,Dead 2021,0,2013 meas over nail under knot; 2016 dead,0,dead,0,,0,
SV,8,2702,2702,Acer saccharum,5/19/2010,8.4,0,,6/29/2011,8.5,0,,7/9/2012,8.5,0,,7/1/2013,8.5,0,,,8.5,,,7/7/2015,8.5,,,5/31/2016,0,,Dead 2016,2016 dead,6/7/2017,0,,,2016 dead,5/25/2018,0,,,,0,,,,0,Dead 2021,0,2016 dead,0,dead,0,,0,
SV,8,2715,2715,Acer saccharum,5/19/2010,44.7,0,,6/29/2011,44.8,0,,7/9/2012,44.7,1,,7/1/2013,44.8,0,,,44.8,,,7/7/2015,44.7,,2015: real measurement,5/31/2016,44.8,,,2015 real meas.,6/7/2017,45.1,,,2015 real meas.,5/25/2018,44.8,,,,45.2,,,45,45.4,,45.1,2015 real meas.,45.3,,45.2,flaky bark,45.3,
SV,8,2929*,2929,Acer saccharum,,,99,,,,99,,,,99,,7/1/2013,6.9,7,New 2013 Near 2686,,7.1,,,7/7/2015,7.4,,,5/31/2016,7.5,,,New 2013 Near 2686,6/7/2017,0,,dead,New 2013 Near 2686; 2017 dead,5/25/2018,0,,,,0,,,,0,Dead 2021,0,New 2013 Near 2686; 2017 dead,0,dead,0,,0,
SV,8,2933*,2933,Acer saccharum,,,99,,,,99,,,,99,,7/1/2013,6.3,7,New 2013 Near 2714,,6.3,,,7/7/2015,6.5,,,5/31/2016,6.4,,,New 2013 Near 2714,6/7/2017,6.8,,,New 2013 Near 2714,5/25/2018,6.5,,2018 falling over,,6.5,,,,0,Dead 2021,0,New 2013 Near 2714; 2018 falling over; 2021 dead,0,dead,0,,0,
SV,9,2758,2758,Acer saccharum,5/19/2010,7.9,0,,6/29/2011,8,0,,7/6/2012,8,0,,7/1/2013,8,0,,,8.1,,,7/7/2015,8.1,,,5/31/2016,8.2,,,,6/7/2017,8.2,,,,5/25/2018,8.2,,,,8.4,,,8.3,8.4,,8.4,,8.4,,8.4,,8.5,
SV,9,2763,2763,Acer saccharum,5/19/2010,13.7,0,,6/29/2011,13.7,0,,7/6/2012,13.7,0,,7/1/2013,13.7,0,,,13.7,,,7/7/2015,13.8,,,5/31/2016,13.8,,,,6/7/2017,0,,dead 2017,2017 dead,5/25/2018,0,,,,0,,,,0,,0,2017 dead,0,dead,0,,0,
SV,9,2764,2764,Acer saccharum,5/19/2010,8.2,0,,6/29/2011,8.5,0,,7/6/2012,8.6,0,,7/1/2013,8.6,0,,,8.9,,,7/7/2015,9,,,5/31/2016,9,,,,6/7/2017,9.1,,,,5/25/2018,9.1,,,,9.6,,,9.4,9.7,,9.7,,9.9,,10.3,,10.5,
SV,9,2769,2769,Acer saccharum,5/19/2010,9,0,,6/29/2011,9,0,,7/6/2012,9,0,,7/1/2013,9,0,,,9,,,7/7/2015,9,,,5/31/2016,9,,,,6/7/2017,9,,,,5/25/2018,9,,,,9.1,,,8.9,9.1,,9,,9.1,,9.2,,9.2,
SV,9,2771,2771,Acer saccharum,5/19/2010,15.3,0,,6/29/2011,15.8,0,,7/6/2012,16,0,,7/1/2013,16,0,,,16,,,7/7/2015,16,,,5/31/2016,16.2,,,,6/7/2017,16.2,,,,5/25/2018,16.3,,,,16.6,,,16.8,16.8,,17,,17.1,,17.4,,17.4,
SV,9,2772,2772,Acer saccharum,5/19/2010,22.7,0,,6/29/2011,23.2,0,,7/6/2012,23.2,0,,7/1/2013,23.3,0,,,23.3,,,7/7/2015,23.5,,,5/31/2016,23.6,,,,6/7/2017,23.6,,,,5/25/2018,23.6,,,,23.7,,,23.7,23.8,,24,,24,,24.2,,24.3,
SV,9,2773,2773,Acer saccharum,5/19/2010,20.7,0,,6/29/2011,21,0,,7/6/2012,20.8,1,,7/1/2013,20.8,0,,,20.7,,,7/7/2015,20.9,,,5/31/2016,20.9,,,,6/7/2017,20.8,,,,5/25/2018,20.8,,,,0,,,,0,Dead 2021,0,2021 dead,0,dead,0,,0,
SV,9,2775,2775,Acer saccharum,5/19/2010,28,0,,6/29/2011,28.1,0,,7/6/2012,28.4,0,,7/1/2013,28.4,0,,,28.7,,,7/7/2015,28.7,,,5/31/2016,28.7,,,,6/7/2017,28.8,,,,5/25/2018,29,,,,29.9,,,29.2,29.2,2021 real meas.,29.5,2021 real,29.7,,29.9,,30.1,
SV,9,2777,2777,Acer saccharum,5/19/2010,10.2,0,,6/29/2011,10.3,0,,7/6/2012,10.4,0,,7/1/2013,10.5,0,,,10.7,,,7/7/2015,10.8,,,5/31/2016,10.9,,,,6/7/2017,11.1,,,,5/25/2018,11.2,,,,11.9,,,11.5,11.7,Tipped but still alive,11.7,"2021 tipped but still alive, 2022 fallen but still alive",11.7,still alive,11.9,alive,11.9,
SV,9,2779,2779,Acer saccharum,5/19/2010,7.4,0,,6/29/2011,7.6,0,,7/6/2012,7.9,0,,7/1/2013,7.8,1,,,8.1,,,7/7/2015,8.2,,,5/31/2016,8.5,,,,6/7/2017,0,,"couldn't find, assumed dead","2017 couldn't find, assumed dead",5/25/2018,8.6,,,,8.8,,,8.8,8.9,,9.2,"2017 couldn't find, assumed dead",9.5,,9.8,located towards the middle (SV9C basket),10,
SV,9,2788,2788,Acer saccharum,5/19/2010,7.3,0,,6/29/2011,7.7,0,,7/6/2012,7.8,0,,7/1/2013,7.8,0,,,8,,,7/7/2015,8.3,,,5/31/2016,8.3,,,,6/7/2017,8.5,,,,5/25/2018,8.6,,,,9,,,8.8,9.2,Fallen over still alive,9.4,"2021 fallen over, but still alive",9.4,,9.7,,10,
SV,9,2789,2789,Acer saccharum,5/19/2010,10,0,,6/29/2011,10.4,0,,7/6/2012,10.6,0,,7/1/2013,10.7,0,,,11,,,7/7/2015,11.1,,,5/31/2016,11.3,,,,6/7/2017,11.3,,,,5/25/2018,11.3,,,,11.8,,,11.8,12.6,,0,2022 dead,0,dead,0,,0,
SV,9,2792,2792,Acer saccharum,5/19/2010,13.6,0,,6/29/2011,13.7,0,,7/6/2012,13.9,0,,7/1/2013,13.9,0,,,13.8,,,7/7/2015,13.8,,,5/31/2016,14,,,,6/7/2017,13.9,,weird growth,2017 weird growth,5/25/2018,13.8,,,,13.9,,,13.8,13.9,,14,2017 weird growth,14.1,,14.5,,14.5,
SV,10,2795,2795,Acer saccharum,5/19/2010,10.5,0,,6/29/2011,10.7,0,,7/6/2012,10.7,0,,7/1/2013,10.7,0,,,10.9,,,7/7/2015,10.9,,,5/31/2016,11,,,,6/7/2017,11.1,,,,5/25/2018,11,,,,11.5,,,11.1,11.1,,11.3,2022 meas. over bump,11.1,,11.1,,11.1,
SV,10,2799,2799,Acer saccharum,5/19/2010,16.3,2,,6/29/2011,16.5,0,,7/6/2012,17.2,0,2012 Changed dbh2010 from 19.3 to 16.3,7/1/2013,16.8,1,2013 meas below bump in back,,16.4,,,7/7/2015,16.5,,,5/31/2016,16.4,,,2012 Changed dbh2010 from 19.3 to 16.3; 2013 meas below bump in back; 2014 bump may have moved,6/7/2017,16.4,,,2012 Changed dbh2010 from 19.3 to 16.3; 2013 meas below bump in back; 2014 bump may have moved,5/25/2018,0,,2018 dead,,16.4,,,,0,Dead 2021,0,2013 meas below bump in back; 2014 bump may have moved; 2018 dead,0,dead,0,,0,
SV,10,2801,2801,Acer saccharum,5/19/2010,19.5,0,,6/29/2011,19.8,0,,7/6/2012,20.1,0,,7/1/2013,20.2,0,,,20.5,,,7/7/2015,20.7,,,5/31/2016,20.8,,,,6/7/2017,21.1,,,,5/25/2018,21.2,,,,21.4,,,21.4,21.7,,21.7,,21.6,,22,,22.1,
SV,10,2802,2802,Acer saccharum,5/19/2010,24.3,0,,6/29/2011,24.4,0,,7/6/2012,24.6,0,,7/1/2013,24.6,0,,,24.6,,,7/7/2015,24.6,,,5/31/2016,24.9,,,,6/7/2017,24.7,,,,5/25/2018,24.7,,,,24.8,,,25,24.8,2021 real meas.,24.8,2021 real,24.8,,24.8,,25,
SV,10,2803,2803,Acer saccharum,5/19/2010,27.2,0,,6/29/2011,27.4,0,,7/6/2012,27.5,0,,7/1/2013,27.5,0,,,27.5,,,7/7/2015,27.7,,,5/31/2016,27.9,,,,6/7/2017,28,,,,5/25/2018,28.1,,2018 had to measure on tag because nail is bent,,28.3,,,28.4,28.3,,28.4,"2018 had to measure on tag because nail is bent, 2022 redo nail still bent",28.4,,28.6,,28.8,
SV,10,2804,2804,Acer saccharum,5/19/2010,27.2,0,,6/29/2011,27.3,2,,7/6/2012,27.4,0,2012 changed dbh 2011 from 24.3 to 27.3,7/1/2013,27.6,0,,,27.6,,,7/7/2015,27.6,,,5/31/2016,27.8,,,2012 changed dbh 2011 from 24.3 to 27.3,6/7/2017,28,,,2012 changed dbh 2011 from 24.3 to 27.3,5/25/2018,28,,,,28.3,,,28.2,28.5,,28.6,2012 changed dbh 2011 from 24.3 to 27.3,28.5,,28.6,,28.7,
SV,10,2805,2805,Acer saccharum,5/19/2010,38.8,0,,6/29/2011,39.4,0,,7/6/2012,39.5,0,,7/1/2013,40.1,0,,,40.2,,,7/7/2015,40.7,,,5/31/2016,40.7,,,,6/7/2017,40.6,,,,5/25/2018,40.6,,,,41.5,,,41.5,42.5,2021 real meas.,42.5,2021 real,41.7,if measured over bump: 42.9,42.5,meas. over bump,43.5,
SV,10,2806,2806,Acer saccharum,5/19/2010,20.7,0,,6/29/2011,20.9,0,,7/6/2012,20.9,0,,7/1/2013,21,0,,,21.1,,,7/7/2015,21.2,,,5/31/2016,21.4,,,,6/7/2017,21.8,,,,5/25/2018,21.5,,,,21.69,,,21.5,21.6,,21.5,,21.9,,21.9,,21.8,
SV,10,2812,2812,Acer saccharum,5/19/2010,33.4,0,,6/29/2011,32.9,1,,7/6/2012,32.6,1,"2012 error in 2010, 2011 meas? Or dying?",7/1/2013,32.6,0,2013 leader dying,,32.6,,,7/7/2015,32.7,,,5/31/2016,32.6,,"2016 two leaders with one dead, live trunk only measures 21","2012 error in 2010, 2011 meas? Or dying?; 2013 leader dying; 2016 two leaders with one dead, live trunk only measures 21",6/7/2017,32.7,,,"2012 error in 2010, 2011 meas? Or dying?; 2013 leader dying; 2016 two leaders with one dead, live trunk only measures 21",5/25/2018,32.7,,2018 both trunks measured,,32.8,,,33.1,23,2021 real meas.,22.9,2013 leader dying; 2016 two leaders with one dead; 2018 both trunks measured; 2021 real,22.8,,22.9,second leader missing,23,
SV,10,2814,2814,Acer saccharum,5/19/2010,17.9,0,,6/29/2011,17.8,1,,7/6/2012,18,0,,7/1/2013,18,0,,,18,,,7/7/2015,18,,,5/31/2016,18.1,,,,6/7/2017,18,,,,5/25/2018,17.9,,2018 bump on tree,,17.9,,,18.5,18,2021 real meas.,17.9,2018 bump on tree; 2021 real,18,,18,,18.3,
SV,10,2818,2818,Acer saccharum,5/19/2010,8.2,0,,6/29/2011,8.4,0,,7/6/2012,8.5,0,,7/1/2013,8.5,0,,,8.8,,,7/7/2015,8.9,,,5/31/2016,8.9,,,,6/7/2017,9.1,,,,5/25/2018,8.8,,,,8.9,,,8.7,9,,9,,9.1,leaning but still alive,9.1,also has 2819 tag?? leaning and alive,9.1,"leaning, still green"
SV,10,2821,2821,Acer saccharum,5/19/2010,19,0,,6/29/2011,19.4,0,,7/6/2012,19.6,0,,7/1/2013,19.9,0,,,20.4,,,7/7/2015,20.7,,,5/31/2016,21,,,,6/7/2017,21.4,,,,5/25/2018,21.5,,,,21.7,,,22.3,22.3,Tag being eaten,22.4,2021 tag is tight,22.6,tag becoming engulfed,23.2,,23.2,
SV,10,2822,2822,Acer saccharum,5/19/2010,8.2,0,,6/29/2011,8.3,0,,7/6/2012,8.3,0,,7/1/2013,8.4,0,,,8.4,,,7/7/2015,8.4,,,5/31/2016,8.5,,,,6/7/2017,8.7,,,,5/25/2018,8.6,,,,8.6,,,8.9,8.6,"Top snapped, still alive",8.5,"2021 top snapped, till alive",8.5,,8.5,still alive,8.5,
SV,10,2823,2823,Acer saccharum,5/19/2010,19,0,,6/29/2011,19.1,0,,7/6/2012,19.1,0,,7/1/2013,19.1,0,,,19.3,,,7/7/2015,19.3,,,5/31/2016,19.3,,,,6/7/2017,19.4,,,,5/25/2018,19.3,,,,19.3,,,19.6,19.5,,19.4,,19.3,,19.3,,19.4,
SV,10,2824,2824,Acer saccharum,5/19/2010,12.2,0,,6/29/2011,12.4,0,,7/6/2012,12.6,0,,7/1/2013,12.6,0,,,12.6,,,7/7/2015,12.7,,,5/31/2016,12.8,,Below bumps,2016 meas. below bumps,6/7/2017,12.9,,,2016 meas. below bumps,5/25/2018,12.9,,,,12.9,,,13,13,,12.9,2016 meas. below bumps,12.9,,12.9,,12.9,
SV,11,2825,2825,Acer saccharum,5/19/2010,40.4,0,,6/29/2011,40.4,0,,7/6/2012,40.6,0,,7/1/2013,40.5,1,2013 meas real,,40.5,,,7/7/2015,40.5,,,5/31/2016,40.5,,,2013 meas real,6/7/2017,40.6,,,2013 meas real,5/25/2018,40.5,,2018 real measure,,40.5,,,40.7,40.6,,40.5,"2013 meas real; 2018 real measure, 2021 real meas.",40.4,,40.5,,40.6,
SV,11,2826,2826,Acer saccharum,5/19/2010,40,0,,6/29/2011,40.2,0,,7/6/2012,40.2,0,,7/1/2013,40.2,0,,,40.3,,,7/7/2015,40.4,,,5/31/2016,40.5,,,,6/7/2017,40.7,,,,5/25/2018,40.7,,,,40.7,,,41.1,41.1,,41,,40.9,,41.3,,41.3,
SV,11,2833,2833,Acer saccharum,5/19/2010,19.5,0,,6/29/2011,19.5,0,,7/6/2012,,999,2012 dead,7/1/2013,,99,,,0,,,7/7/2015,0,,,5/31/2016,0,,,2012 dead,6/7/2017,0,,,2012 dead,5/25/2018,0,,,,0,,,,0,,0,2012 dead,0,dead,0,,0,
SV,11,2835,2835,Acer saccharum,5/19/2010,39.1,0,,6/29/2011,39.4,0,,7/6/2012,39.4,0,,7/1/2013,39.4,0,,,39.3,,,7/7/2015,39.5,,,5/31/2016,39.5,,,,6/7/2017,39.7,,,,5/25/2018,39.6,,,,39.6,,,39.6,39.7,,39.9,2019 leaning because of tree falls,39.9,,39.9,,39.9,
SV,11,2841,2841,Acer saccharum,5/19/2010,29.2,0,,6/29/2011,29.2,0,,7/6/2012,29.4,0,,7/1/2013,29.3,1,2013 meas real,,29.2,,,7/7/2015,29.2,,,5/31/2016,29.4,,,2013 meas real,6/7/2017,29.5,,,2013 meas real,5/25/2018,29.3,,2018 loose piece of bark,,29.3,,,29.6,28.4,Missing bark,0,"2013 meas real; 2018 loose piece of bark; 2021 missing bark, 2022 dead",0,dead,0,,0,
SV,11,2851,2851,Acer saccharum,5/19/2010,13.8,0,,6/29/2011,13.9,0,,7/6/2012,13.9,0,,7/1/2013,13.9,0,,,14,,,7/7/2015,14,,,5/31/2016,14,,,,6/7/2017,14,,,,5/25/2018,13.9,,,,13.9,,,14.1,0,Dead 2021,0,2019 heavy leaning; 2021 dead,0,dead,0,,0,
SV,11,2856,2856,Acer saccharum,5/19/2010,20.1,2,,6/29/2011,20.3,0,,7/6/2012,20.4,0,2012 Changed dbh2010 from 12.7 to 20.1,7/1/2013,20.4,0,,,21,,,7/7/2015,0,,2015: dead,5/31/2016,0,,,2012 Changed dbh2010 from 12.7 to 20.1; 2015 dead,6/7/2017,0,,,2012 Changed dbh2010 from 12.7 to 20.1; 2015 dead,5/25/2018,0,,,,0,,,,0,,0,2012 Changed dbh2010 from 12.7 to 20.1; 2015 dead,0,dead,0,,0,
SV,11,2858,2858,Acer saccharum,5/19/2010,16.5,0,,6/29/2011,16.6,0,,7/6/2012,16.5,1,,7/1/2013,16.6,0,,,16.5,,,7/7/2015,16.5,,,5/31/2016,16.6,,,,6/7/2017,16.6,,,,5/25/2018,0,,2018 dead,,0,,,,0,,0,2018 dead,0,dead,0,,0,
SV,11,2864,2864,Acer saccharum,5/19/2010,24.7,0,,6/29/2011,24.7,0,,7/6/2012,24.7,0,,7/1/2013,24.7,0,,,24.9,,,7/7/2015,24.8,,,5/31/2016,24.8,,,,6/7/2017,24.8,,,,5/25/2018,24.7,,,,24.8,,,24.9,25,,0,2022 dead,0,dead,0,,0,
SV,11,2871,2871,Acer saccharum,5/19/2010,22.4,0,,6/29/2011,22.5,0,,7/6/2012,22.8,2,2012 changed dbh2012 from 27.8 to 22.8,7/1/2013,22.6,1,2013 meas on top of bump,,2.6,,,7/7/2015,22.7,,,5/31/2016,22.7,,,2012 changed dbh2012 from 27.8 to 22.8; 2013 meas on top of bump,6/7/2017,22.7,,,2012 changed dbh2012 from 27.8 to 22.8; 2013 meas on top of bump,5/25/2018,22.7,,,,22.7,,,22.8,22.8,,22.7,2012 changed dbh2012 from 27.8 to 22.8; 2013 meas on top of bump,22.7,,22.8,,22.9,
SV,11,2872,2872,Acer saccharum,5/19/2010,26.3,0,,6/29/2011,26.4,0,,7/6/2012,26.3,1,,7/1/2013,26.4,0,,,26.4,,,7/7/2015,26.4,,,5/31/2016,26.5,,,,6/7/2017,26.6,,,,5/25/2018,26.5,,,,26.5,,,26.4,26.4,,0,2022 dead,0,dead,0,,0,
SV,11,2874,2874,Acer saccharum,5/19/2010,34.1,0,,6/29/2011,34.2,0,,7/6/2012,34.1,1,,7/1/2013,34.2,0,,,34.1,,,7/7/2015,34.2,,,5/31/2016,34.3,,,,6/7/2017,34.3,,,,5/25/2018,34.4,,,,34.4,,,34.3,34.2,,34.2,,34.3,,34.3,,34.4,
SV,12,2879,2879,Acer saccharum,5/19/2010,21,0,,6/29/2011,21.1,0,,7/6/2012,21.1,0,,7/1/2013,21.1,0,,,21.3,,,7/7/2015,21.3,,,5/31/2016,21.4,,,,6/7/2017,21.4,,,,5/25/2018,21.4,,,,22.5,,,21.6,21.7,Knob on the nail,21.6,2021 knob on nail,21.7,,21.7,,21.7,
SV,12,2888,2888,Acer saccharum,5/19/2010,17.5,0,,6/29/2011,17.6,0,,7/6/2012,17.6,0,,7/1/2013,17.6,0,,,17.8,,,7/7/2015,17.7,,2015: real measurement,5/31/2016,17.7,,,2015 real meas.,6/7/2017,17.7,,,2015 real meas.,5/25/2018,17.7,,,,17.8,,,17.9,17.7,,0,"2015 real meas., 2022 dead",0,dead,0,,0,
SV,12,2891,2891,Acer saccharum,5/19/2010,16.3,0,,6/29/2011,16.4,0,,7/6/2012,16.4,0,,7/1/2013,16.4,0,,,16.4,,,7/7/2015,16.3,,2015: real measurement,5/31/2016,16.3,,,2015 real meas.,6/7/2017,0,,dead 2017,2015 real meas.; 2017 dead,5/25/2018,0,,,,0,,,,0,,0,2015 real meas.; 2017 dead,0,dead,0,,0,
SV,12,2893,2893,Acer saccharum,5/19/2010,15,0,,6/29/2011,15,0,,7/6/2012,15,0,,7/1/2013,15,0,,,15,,,7/7/2015,15,,,5/31/2016,15.2,,,,6/7/2017,15.1,,,,5/25/2018,15.1,,,,15.1,,,15.2,15.1,,15.1,,15,,15.1,,15.1,
SV,12,2901,2901,Acer saccharum,5/19/2010,24.7,0,,6/29/2011,24.9,0,,7/6/2012,24.9,0,,7/1/2013,25,0,,,24.9,,,7/7/2015,25.1,,,5/31/2016,25,,,,6/7/2017,25,,,,5/25/2018,24.9,,2018 real measure,,25.8,,,25.5,25.6,,25,"2018 real measure, 2022 real meas.",25,,25.1,,25,
SV,12,2906,2906,Acer saccharum,5/19/2010,18.1,0,,6/29/2011,18.4,0,,7/6/2012,18.3,0,,7/1/2013,18.4,0,,,18.3,,,7/7/2015,18.3,,,5/31/2016,18.4,,,,6/7/2017,18.5,,,,5/25/2018,18.4,,,,19,,,18.7,18.7,,18.6,,18.6,,18.7,,18.7,
SV,12,2909,2909,Acer saccharum,5/19/2010,26.9,0,,6/29/2011,27.4,0,,7/6/2012,27.5,0,,7/1/2013,27.7,0,,,27.6,,,7/7/2015,27.8,,,5/31/2016,27.8,,,,6/7/2017,27.9,,,,5/25/2018,28,,,,28.4,,,28.4,28.4,Losing bark,28.4,2021 losing bark,28.4,,28.5,,28.5,
SV,12,2912,2912,Acer saccharum,5/19/2010,25.5,0,,6/29/2011,25.6,0,,7/6/2012,25.6,0,,7/1/2013,25.8,0,,,25.8,,,7/7/2015,25.8,,,5/31/2016,25.9,,,,6/7/2017,26.1,,,,5/25/2018,26,,,,26.2,,,26,26.1,,26.1,,26.1,,26.2,,26.3,
PC,4,552,552,Carpinus caroliniana,5/4/2010,6.1,0,,6/15/2011,6.3,0,,6/25/2012,6.3,0,,6/27/2013,6.3,0,2013 meas. perp. to trunk,7/2/2014,6.4,,,6/11/2015,6.4,,,5/19/2016,6.4,,,2013 meas. perp. to trunk,6/9/2017,6.4,,,2013 meas. perp. to trunk,5/17/2018,6.4,,,,6.4,,,6.4,6.4,,6.3,2013 meas. perp. to trunk,6.4,,6.5,,6.5,
PC,6,635,635,Carpinus caroliniana,5/5/2010,4.9,5,,6/15/2011,4.8,5,,5/18/2012,4.9,5,,6/27/2013,4.9,5,,7/2/2014,4.9,,,6/16/2015,0,,2015: dead,5/23/2016,0,,,2015 dead,6/9/2017,0,,,2015 dead,5/23/2018,0,,2018 dead,,0,,,,0,,0,2015 dead; 2018 dead,0,dead,0,,0,
PC,8,695,695,Carpinus caroliniana,5/5/2010,5.4,5,,6/15/2011,5.5,5,,5/18/2012,5.4,5,,6/27/2013,5.5,5,,7/2/2014,5.5,,,6/15/2015,5.5,,,5/23/2016,5.5,,,,6/9/2017,5.5,,,,5/23/2018,5.7,,,,5.7,,,5.8,5.8,,5.9,,6,,6,meas. perp. to tree,6,
PC,8,698,698,Carpinus caroliniana,5/5/2010,5,5,,6/15/2011,5,5,,5/18/2012,5,5,,6/27/2013,5,5,,7/2/2014,5,,,6/15/2015,5.1,,,5/23/2016,0,,dead 2016,2016 dead,6/9/2017,0,,,2016 dead,5/23/2018,0,,,,0,,,,0,,0,2016 dead,0,dead,0,,0,
PC,9,720,720,Carpinus caroliniana,5/5/2010,7,0,,6/30/2011,7.1,0,,5/18/2012,7,1,,6/27/2013,7.1,0,,7/2/2014,7.1,,,6/15/2015,7.1,,,5/23/2016,7.1,,,,6/9/2017,7.1,,,,5/23/2018,7.1,,,,7.2,,,7.2,7.3,,7.3,,7.3,,7.4,,7.5,
PC,9,729,729,Carpinus caroliniana,5/5/2010,5.3,5,,6/30/2011,5.7,5,,5/18/2012,5.7,5,,6/27/2013,5.9,5,,7/2/2014,5.9,,,6/15/2015,6,,,5/23/2016,6,,,,6/9/2017,6.1,,,,5/23/2018,6.2,,,,6.4,,,6.5,6.5,,6.5,,6.9,,6.6,,6.9,
PC,9,739,739,Carpinus caroliniana,5/5/2010,7.1,0,,6/30/2011,7.3,0,,5/18/2012,7.4,0,,6/27/2013,7.4,0,,7/2/2014,7.4,,,6/15/2015,7.4,,,5/23/2016,7.4,,,,6/9/2017,0,,dead 2017,2017 dead,5/23/2018,0,,,,0,,,,0,,0,2017 dead,0,dead,0,,0,
PC,9,742,742,Carpinus caroliniana,5/5/2010,10.3,0,2010 tree is broken and damaged,6/30/2011,,999,2011 dead w/ grape vine,5/18/2012,,99,,6/27/2013,,99,,7/2/2014,0,,,6/15/2015,0,,,5/23/2016,0,,,2010 tree is broken and damaged; 2011 dead w/ grape vine,6/9/2017,0,,,2010 tree is broken and damaged; 2011 dead w/ grape vine,5/23/2018,0,,,,0,,,,0,,0,2010 tree is broken and damaged; 2011 dead w/ grape vine,0,dead,0,,0,
PC,10,781,781,Carpinus caroliniana,5/5/2010,5.7,5,,6/30/2011,5.7,5,,5/18/2012,5.8,5,,6/27/2013,5.7,5,,7/2/2014,5.8,,,6/11/2015,5.8,,,5/23/2016,5.8,,,,6/9/2017,5.8,,,,5/23/2018,5.8,,,,5.8,,,5.9,5.8,Fallen but still rooted,5.8,"2021 fallen but still rooted, 2022 fallen but still alive",6.5,"maybe wrong tree? Muscle wood, tag out and not fallen",5.8,fallen; branch alive; bark rotting,6.4,"musclewood next to 782, tag missing"
PC,11,814,814,Carpinus caroliniana,5/5/2010,6,0,,6/30/2011,6.4,0,,5/18/2012,6.3,1,,6/27/2013,6.3,0,2013 bent over,7/3/2014,0,,,6/11/2015,0,,,5/20/2016,0,,,2013 bent over,6/9/2017,0,,,2013 bent over,5/23/2018,0,,2018 dead,,0,,,,0,,0,2013 bent over; 2018 dead,0,dead,0,,0,
PC,12,836,836,Carpinus caroliniana,5/5/2010,5.4,5,,6/30/2011,5.8,5,,5/18/2012,5.8,5,,6/27/2013,5.8,5,,7/3/2014,5.8,,,6/11/2015,5.8,,,5/20/2016,5.8,,,,6/9/2017,5.8,,,,5/23/2018,5.7,,,,5.7,,,5.7,5.7,,5.8,,5.8,,5.8,,0,dead
PC,12,852*,852,Carpinus caroliniana,5/5/2010,7,0,,6/30/2011,7.1,0,,5/18/2012,7.1,0,,6/27/2013,7.2,0,2013 meas perpendicular to trunk,7/3/2014,7.2,,,6/11/2015,7.3,,,5/20/2016,7.2,,,2013 meas perpendicular to trunk,6/9/2017,7.2,,,2013 meas perpendicular to trunk,5/23/2018,7.2,,,,7.3,,,7.2,7.2,,7.3,2013 meas perpendicular to trunk,7.3,,7.3,,7.3,
PC,12,862*,862,Carpinus caroliniana,5/5/2010,7,0,,6/30/2011,7.4,0,,5/18/2012,7.2,1,,6/27/2013,7.2,0,,7/3/2014,7.2,,,6/11/2015,7.2,,,5/20/2016,0,,dead 2016,2016 dead,6/9/2017,0,,,2016 dead,5/23/2018,0,,,,0,,,,0,Dead 2021,0,2016 dead; 2021 dead,0,dead,0,dead,0,
PC,12,866,866,Carpinus caroliniana,5/5/2010,6.3,0,,6/30/2011,6.4,0,,5/18/2012,6.4,0,,6/27/2013,6.5,0,,7/3/2014,6.5,,,6/11/2015,6.5,,,5/20/2016,6.4,,,,6/9/2017,6.4,,,,5/23/2018,6.4,,,,6.4,,,6.4,6.4,,6.5,,6.9,,6.5,,0,dead
PC,12,872,872,Carpinus caroliniana,5/5/2010,8.1,0,,6/30/2011,8.3,0,,5/18/2012,8.1,1,,6/27/2013,8.4,0,,7/3/2014,8.1,,smaller meas. Because bump moved up,6/11/2015,8.1,,,5/20/2016,0,,dead 2016,2014 smaller meas. because bump moved up; 2016 dead,6/9/2017,0,,,2014 smaller meas. because bump moved up; 2016 dead,5/23/2018,0,,,,0,,,,0,Dead 2021,0,2014 smaller meas. because bump moved up; 2016 dead,0,dead,0,,0,
PC,12,873,873,Carpinus caroliniana,5/5/2010,9,0,,6/30/2011,9.2,0,,5/18/2012,9.2,0,,6/27/2013,9.3,0,,7/3/2014,9.3,,,6/11/2015,9.3,,,5/20/2016,9.4,,,,6/9/2017,9.4,,,,5/23/2018,9.4,,,,9.4,,,9.5,9.5,,9.5,,9.5,,9.6,,9.5,
SC,5,230,230,Carpinus caroliniana,4/28/2010,6,0,,6/2/2011,6.2,0,,7/5/2012,6.2,0,,6/25/2013,6.2,0,,6/18/2014,6.1,,,6/26/2015,6.1,,,5/20/2016,0,,Dead 2016,2016 dead,5/30/2017,0,,dead,2016 dead,5/24/2018,0,,,,0,,,0,0,,0,2016 dead,0,dead,0,,0,
SC,5,237,237,Carpinus caroliniana,4/28/2010,9,0,,6/2/2011,9.2,0,,7/5/2012,8.5,3,"2012 topkilled, but sprouting",6/25/2013,,999,2013 dead,6/18/2014,0,,,6/26/2015,0,,,5/20/2016,0,,,"2012 topkilled, but sprouting; 2013 dead",5/30/2017,0,,dead,"2012 topkilled, but sprouting; 2013 dead",5/24/2018,0,,,,0,,,0,0,,0,"2012 topkilled, but sprouting; 2013 dead",0,dead,0,,0,
SV,6,2640,2640,Carpinus caroliniana,5/19/2010,6.5,0,,6/29/2011,6.6,0,,7/9/2012,6.5,1,,7/1/2013,6.7,0,,,6.6,,,7/7/2015,6.6,,,5/31/2016,0,,Dead 2016,2016 dead,6/7/2017,0,,dead,2016 dead,5/25/2018,0,,,,0,,,,Not measured,"Offshoot alive, close to edge of plot",,"2016 dead; 2021 offshoot alive, but not measured",0,dead,0,,0,
SV,6,2645,2645,Carpinus caroliniana,5/19/2010,9.5,0,,6/29/2011,9.7,0,,7/9/2012,9.7,0,,7/1/2013,9.6,1,2013 meas real,,9.5,,,7/7/2015,9.5,,,5/31/2016,0,,Dead 2016,2013 meas real; 2016 dead,6/7/2017,0,,dead,2013 meas real; 2016 dead,5/25/2018,0,,,,0,,,,0,Dead 2021,0,2013 meas real; 2016 dead,0,dead,0,,0,
SV,6,2676,2676,Carpinus caroliniana,5/19/2010,6.5,0,,6/29/2011,6.5,0,,7/9/2012,6.9,0,,7/1/2013,6.6,1,"2013 dying, leaves shriveled",,0,,,7/7/2015,0,,,5/31/2016,0,,,"2013 dying, leaves shriveled",6/7/2017,0,,dead,"2013 dying, leaves shriveled",5/25/2018,0,,,,0,,,,0,Dead 2021,0,"2013 dying, leaves shriveled; 2021 dead",0,dead,0,,0,
SV,7,2718,2718,Carpinus caroliniana,5/19/2010,8.5,0,,6/29/2011,8.5,0,,7/9/2012,8.6,0,,7/1/2013,8.6,0,,,8.7,,,7/7/2015,8.7,,,5/31/2016,8.7,,,,6/7/2017,8.7,,,,5/25/2018,8.7,,,,8.8,,,8.7,8.8,,8.8,2022 top killed but still alive,8.8,still alive,8.7,still alive (barely),0,dead
PC,6,630*,630,Carya cordiformis,5/5/2010,35.9,0,,6/15/2011,36.3,0,,5/18/2012,36.5,0,,6/27/2013,36.9,0,,7/2/2014,37.2,,,6/16/2015,37.2,,,5/23/2016,37,,2016 real meas.,2016 real meas.,6/9/2017,37.3,,,2016 real meas.,5/23/2018,37.3,,,,37.4,,,37.8,37.8,,38.1,2016 real meas.,38,,38.3,,38.5,
PC,6,631,631,Carya cordiformis,5/5/2010,23.7,0,,6/15/2011,23.8,0,,5/18/2012,23.9,0,,6/27/2013,24,0,,7/2/2014,23.9,,real meas.,6/16/2015,23.9,,,5/23/2016,24,,,2014 real meas.,6/9/2017,24,,,2014 real meas.,5/23/2018,24,,,,24.1,,,24.1,24.1,,24.2,2014 real meas.,24.4,,24.2,flaky bark,24.2,
PC,6,640,640,Carya cordiformis,5/5/2010,35.8,0,,6/15/2011,36.1,0,,5/18/2012,36.2,0,,6/27/2013,36.5,0,,7/2/2014,36.6,,,6/16/2015,36.9,,,5/23/2016,36.9,,,,6/9/2017,37.1,,,,5/23/2018,37.1,,,,38.4,,,37.7,38,,38.3,,38.4,,38.5,,38.9,
PC,7,665,665,Carya cordiformis,5/5/2010,17,0,,6/15/2011,17.1,0,,5/18/2012,17.4,0,,6/27/2013,,999,2013 dead,7/2/2014,0,,,6/16/2015,0,,,5/23/2016,0,,,2013 dead,6/9/2017,0,,,2013 dead,5/23/2018,0,,,,0,,,,0,,0,"2013 dead, 2022 dead",0,dead,0,,0,
PC,8,711,711,Carya cordiformis,5/5/2010,42.7,6,,6/15/2011,43.2,6,,5/18/2012,43.4,6,,6/27/2013,44,6,2013 actually a hickory (cordiformis?); out of plot (one root in plot),7/2/2014,44.7,,,6/15/2015,44.9,,,5/23/2016,45.2,,tag close to the trunk,"2013 actually a hickory (cordiformis?), out of plot (one root in plot); 2016 tag close to the trunk",6/9/2017,45.6,,,"2013 actually a hickory (cordiformis?), out of plot (one root in plot); 2016 tag close to the trunk",5/23/2018,45.8,,,,46.8,,,47,47.1,,47.9,"2016 tag close to the trunk, 2022 needs retag (tag retrived)",48.4,,48.5,needs tag; located @ corner stake,48.7,still needs tag
PC,8,713,713,Carya cordiformis,5/5/2010,32.5,0,,6/15/2011,32.8,0,,5/18/2012,33,0,,6/27/2013,33.4,0,,7/2/2014,33.7,,,6/15/2015,34.1,,,5/23/2016,34.5,,,,6/9/2017,34.7,,,,5/23/2018,35,,,,35.6,,,35.9,36.3,,37.2,,37.2,,38,,38,missing tag
PC,9,735,735,Carya cordiformis,5/5/2010,44.6,0,,6/30/2011,44.8,2,,5/18/2012,45.2,0,"2012 meas error DBH 2011, changed dbh 2011 from 45.8 to 44.8",6/27/2013,45.8,0,,7/2/2014,46.4,,,6/15/2015,47,,,5/23/2016,47.3,,,"2012 meas error DBH 2011, changed dbh 2011 from 45.8 to 44.8",6/9/2017,47.7,,,"2012 meas error DBH 2011, changed dbh 2011 from 45.8 to 44.8",5/23/2018,47.9,,,,49.8,,,48.7,49.3,,49.5,"2012 meas error DBH 2011, changed dbh 2011 from 45.8 to 44.8",49.5,,50.1,,50.7,
PC,9,736,736,Carya cordiformis,5/5/2010,28,0,2010 large second leader not meas,6/30/2011,28.3,0,,5/18/2012,28.5,0,,6/27/2013,28.6,0,,7/2/2014,28.7,,,6/15/2015,28.7,,,5/23/2016,28.8,,,2010 large second leader not meas,6/9/2017,28.8,,,2010 large second leader not meas,5/23/2018,29,,,,29.4,,,29.1,29.2,,29.3,2010 large second leader not meas,29.3,,29.6,,29.6,
PC,11,789,789,Carya cordiformis,5/5/2010,61.6,0,,6/30/2011,62.3,0,,5/18/2012,62.4,0,,6/27/2013,62.8,0,,7/3/2014,63.7,,real meas.,6/11/2015,64.2,,,5/20/2016,65.2,,,2014 real meas.,6/9/2017,65.4,,,2014 real meas.,5/23/2018,65.6,,,,66.1,,,66.5,67.5,,68.2,2014 real meas.,69.1,,69.4,hollow in middle; alive,70,
PC,11,810,810,Carya cordiformis,5/5/2010,6.7,0,,6/30/2011,7.1,0,,5/18/2012,7.1,0,,6/27/2013,7.1,0,,7/3/2014,7.2,,,6/11/2015,7.4,,,5/20/2016,7.3,,almost dead,2016 almost dead,6/9/2017,7.5,,2017 almost dead,2016 almost dead; 2017 almost dead,5/23/2018,7.3,,,,7.3,,,7.3,7.5,,7.6,2016 almost dead; 2017 almost dead,7.5,,7.4,very much alive,7.4,
PC,12,853,853,Carya cordiformis,5/5/2010,18.3,0,2010 species uncertain,6/30/2011,18.6,0,,5/18/2012,18.5,1,,6/27/2013,18.5,0,2013 cordiformis,7/3/2014,18.7,,,6/11/2015,19.1,,,5/20/2016,19.1,,,2010 species uncertain; 2013 cordiformis,6/9/2017,19.3,,,2010 species uncertain; 2013 cordiformis,5/23/2018,19.6,,,,20,,,19.6,19.8,,20,2010 species uncertain; 2013 cordiformis,20.1,,20.2,,20.3,
SV,5,2603,2603,Carya cordiformis,5/19/2010,11.9,0,,6/29/2011,12,0,,7/9/2012,11.9,1,,7/1/2013,11.9,0,,,12,,,7/7/2015,12.1,,,5/31/2016,12.2,,,,6/7/2017,12.1,,,,5/25/2018,12.1,,,,12.2,,,12.2,12.2,,12.2,,12.3,,12.4,,12.4,
SV,5,2629,2629,Carya cordiformis,5/19/2010,7.7,0,,6/29/2011,7.7,0,,7/9/2012,7.7,0,,7/1/2013,7.7,0,,,7.7,,,7/7/2015,0,,2015: dead,5/31/2016,0,,,2015 dead,6/7/2017,0,,dead,2015 dead,5/25/2018,0,,,,0,,,,0,,0,2015 dead,0,dead,0,,0,
SV,6,2671,2671,Carya cordiformis,5/19/2010,43.5,0,,6/29/2011,43.9,0,,7/9/2012,44,0,,7/1/2013,44.3,0,,,44.6,,,7/7/2015,45.2,,,5/31/2016,45.2,,,,6/7/2017,45.7,,,,5/25/2018,45.7,,,,46.3,,,46.3,46.6,,47.1,,47.1,,47.3,tag embedded,47.6,
SV,9,2762,2762,Carya glabra,5/19/2010,36.6,0,,6/29/2011,37,0,,7/6/2012,37.3,0,,7/1/2013,37.4,0,,,37.6,,,7/7/2015,38,,,5/31/2016,38.1,,,,6/7/2017,38.2,,,,5/25/2018,38.4,,,,39,,,39,39,,39,,39.3,,39.5,,39.6,
SV,10,2796,2796,Carya glabra,5/19/2010,44,0,,6/29/2011,44.6,0,,7/6/2012,44.9,0,,7/1/2013,45.5,0,,,45.7,,,7/7/2015,45.8,,,5/31/2016,47.2,,,,6/7/2017,47,,,,5/25/2018,47,,,,47.4,,,47.6,47.6,,47.9,,48.1,,48.5,,48.5,
SV,10,2798,2798,Carya glabra,5/19/2010,45.1,0,2010 there is a large second leader,6/29/2011,45.8,0,,7/6/2012,45.9,0,,7/1/2013,46,0,,,46.4,,,7/7/2015,46.8,,,5/31/2016,47,,,2010 there is a large second leader,6/7/2017,47.3,,,2010 there is a large second leader,5/25/2018,47.7,,,,48.1,,,49.5,48.9,2021 real meas.,48.9,2010 there is a large second leader; 2021 real,49.2,,49.6,,49.9,
SV,10,2800,2800,Carya glabra,5/19/2010,24.6,0,,6/29/2011,24.7,0,,7/6/2012,24.8,0,,7/1/2013,24.8,0,,,24.8,,,7/7/2015,24.8,,,5/31/2016,25,,,,6/7/2017,25,,,,5/25/2018,25.1,,,,25.4,,,25.1,25.4,2021 real meas.,25.3,,25.3,,25.4,,25.5,
SV,10,2820,2820,Carya glabra,5/19/2010,40.5,0,,6/29/2011,41.1,0,,7/6/2012,41.4,0,,7/1/2013,42,0,,,42.2,,,7/7/2015,42.7,,,5/31/2016,42.8,,Changed 2015 meas from 24.7 to 42.7,,6/7/2017,43.3,,,,5/25/2018,43.4,,,,44.2,,,44.2,44.7,Tag is taught to tree,45.2,2021 tag is tight,45.4,tag missing,45.9,tag still missing,46.2,
PC,9,752,752,Carya ovata,5/5/2010,41.9,0,,6/30/2011,42.7,0,,5/18/2012,42.6,1,,6/27/2013,43.2,0,,7/2/2014,43.5,,,6/15/2015,43.6,,,5/23/2016,43.8,,,,6/9/2017,44.2,,,,5/23/2018,44.4,,,,44.8,,,45.3,45.3,,45.6,,46.1,,46.2,,46.5,
PC,12,830,830,Carya ovata,5/5/2010,10.5,0,,6/30/2011,11.1,0,,5/18/2012,11,1,,6/27/2013,11.2,0,,7/3/2014,11.2,,,6/11/2015,11.6,,,5/20/2016,11.6,,shaggy bark,2016 shaggy bark,6/9/2017,11.6,,shaggy bark,2016 shaggy bark; 2017 shaggy bark,5/23/2018,11.8,,,,13.1,,,11.9,12,,12.1,"2016 shaggy bark; 2017 shaggy bark, 2022 beware giant spider",11.4,under big bark flake,12.1,,12.3,
PC,12,831,831,Carya ovata,5/5/2010,10.2,0,,6/30/2011,10.5,0,,5/18/2012,10.6,0,,6/27/2013,10.7,0,,7/3/2014,10.8,,,6/11/2015,10.9,,,5/20/2016,11,,,,6/9/2017,11,,,,5/23/2018,11.1,,,,11.2,,,11.3,11.5,,11.7,,11.8,,12,,12.1,
PC,12,832,832,Carya ovata,5/5/2010,11.6,0,,6/30/2011,12.1,0,,5/18/2012,12.3,0,,6/27/2013,12.6,0,,7/3/2014,12.7,,,6/11/2015,12.9,,,5/20/2016,13,,,,6/9/2017,13.2,,,,5/23/2018,13.3,,,,13.5,,,13.8,13.9,,14.3,,14.7,,14.5,,14.6,
PC,12,842,842,Carya ovata,5/5/2010,55.5,0,,6/30/2011,56,2,,5/18/2012,56.2,0,2012 meas problems due to bark? Changed dbh 2011 from 57 to 56,6/27/2013,56.5,0,,7/3/2014,56.7,,,6/11/2015,57.1,,,5/20/2016,56.3,,shaggy bark,2012 meas problems due to bark? Changed dbh 2011 from 57 to 56; 2016 shaggy bark,6/9/2017,57.7,,shaggy bark,2012 meas problems due to bark? Changed dbh 2011 from 57 to 56; 2016 shaggy bark; 2017 shaggy bark,5/23/2018,58,,2018 shaggy bark,,59.7,,,59.3,59,,59.1,2012 meas problems due to bark? 2016 shaggy bark; 2017 shaggy bark; 2018 shaggy bark,58.2,,59.3,,59.4,meas. under flakes
PC,12,867,867,Carya ovata,5/5/2010,12.5,0,,6/30/2011,12.8,0,,5/18/2012,12.7,1,,6/27/2013,12.9,0,,7/3/2014,13,,,6/11/2015,13.2,,,5/20/2016,13.2,,,,6/9/2017,13.3,,,,5/23/2018,13.3,,,,13.4,,,13.7,13.7,,13.9,,13.9,,14.3,,14.5,
SC,4,208,208,Carya ovata,4/28/2010,43.8,0,,6/2/2011,44.8,0,,7/5/2012,44.5,1,2012 meas diff due to bark?,6/25/2013,45,0,,6/18/2014,45,,,6/26/2015,45.3,,,5/20/2016,45.9,,,2012 meas diff due to bark?,5/30/2017,45.9,,,2012 meas diff due to bark?,5/17/2018,45.8,,,,45.9,,,46.8,47.2,,47.1,2012 meas diff due to bark?,47.2,,47.6,,47.7,
SV,1,2437,2437,Carya ovata,5/19/2010,40.5,0,,6/29/2011,41.2,0,,7/6/2012,41.3,0,,7/1/2013,41.6,0,,,41.6,,,7/7/2015,42,,,5/31/2016,42,,,,6/7/2017,42.5,,,,5/25/2018,42,,2018 real measure,,43.1,,,43.4,43.2,,43.4,2018 real measure,43.7,,43.9,,44,
SV,2,2466,2466,Carya ovata,5/19/2010,34.3,0,,6/29/2011,34.6,0,,7/9/2012,35.1,0,,7/1/2013,35.2,0,,,35.7,,,7/7/2015,36.3,,,5/31/2016,36.6,,,,6/7/2017,37.1,,,,5/25/2018,37.3,,,,39.5,,,38.2,38.7,,39.5,,39.6,,40.1,,40.5,
SV,5,2592,2592,Carya ovata,5/19/2010,10.5,0,,6/29/2011,10.7,0,,7/9/2012,10.7,0,,7/1/2013,10.8,0,,,11.1,,,7/7/2015,11.4,,,5/31/2016,11.7,,,,6/7/2017,12,,,,5/25/2018,12.3,,,,12.3,,,12.9,13.4,,13.7,,14.2,,14.5,,14.6,
SV,6,2634,2634,Carya ovata,5/19/2010,9.4,0,,6/29/2011,9.5,0,,7/9/2012,9.6,0,,7/1/2013,9.8,0,,,9.8,,,7/7/2015,10,,,5/31/2016,10.2,,,,6/7/2017,10.4,,,,5/25/2018,10.9,,,,11.4,,,11.5,12.4,,12.7,,13.1,,13.6,flaky bark,14.1,
SV,8,2688,2688,Carya ovata,5/19/2010,9.8,0,,6/29/2011,9.9,0,,7/9/2012,10,0,,7/1/2013,10.2,0,,,10.3,,,7/7/2015,10.5,,,5/31/2016,10.6,,,,6/7/2017,10.9,,,,5/25/2018,11.3,,,,11.8,,,12.2,12.7,2021 real,13.2,2021 real,14,,14.1,,15.2,
SV,8,2699,2699,Carya ovata,5/19/2010,19.5,0,,6/29/2011,19.4,1,,7/9/2012,19.5,0,,7/1/2013,19.5,0,,,19.7,,,7/7/2015,19.7,,,5/31/2016,19.7,,,,6/7/2017,19.9,,,,5/25/2018,19.7,,2018 actually cordiformis,,19.9,,,20.2,20,,20.1,2018 actually cordiformis,20.2,,20.2,,20.3,
SV,8,2700,2700,Carya ovata,5/19/2010,29.5,0,,6/29/2011,29.8,0,,7/9/2012,30,0,,7/1/2013,30.2,0,,,30.3,,,7/7/2015,30.7,,,5/31/2016,30.8,,,,6/7/2017,30,,,,5/25/2018,31.1,,,,31.7,,,31.8,32.2,,32.4,,32.8,,33,,33.2,
SV,12,2905,2905,Carya ovata,5/19/2010,33.9,0,,6/29/2011,33.6,1,,7/6/2012,33.9,0,,7/1/2013,33.8,1,2013 real meas,,34.1,,,7/7/2015,34.3,,,5/31/2016,34.7,,,2013 real meas,6/7/2017,34.7,,,2013 real meas,5/25/2018,34.7,,2018 bark flaking off,,35.2,,,34.6,34.8,,34.8,2013 real meas; 2018 bark flaking off,34.8,,35.1,,35,
SC,4,178,178,Carya tomentosa,4/28/2010,33,0,,6/2/2011,33.2,0,,7/5/2012,33.7,0,,6/25/2013,33.6,1,2013 real measurement,6/18/2014,34,,,6/26/2015,34.6,,,5/20/2016,35,,,2013 real measurement,5/30/2017,35,,,2013 real measurement,5/17/2018,35.1,,,,35.7,,,26,36.2,,36.1,2013 real measurement,36.4,,36.7,,37,
PC,10,987*,987,Cornus florida,,,99,,,,99,,,,99,,6/27/2013,7,7,New 2013 Near 782 & 756,7/2/2014,7.1,,,6/11/2015,7.3,,,5/23/2016,7.3,,,New 2013 Near 782 & 756,6/9/2017,7.5,,,New 2013 Near 782 & 756,5/23/2018,7.5,,,,7.7,,,7.8,7.9,,7.9,New 2013 Near 782 & 756,7.9,,7.9,,7.9,
PC,1,481,481,Fagus grandifolia,5/4/2010,6,0,,6/15/2011,6.1,0,,6/25/2012,6.2,0,,6/27/2013,6.2,0,,7/2/2014,6.2,,,6/11/2015,6.3,,,5/19/2016,6.4,,,,6/9/2017,6.3,,,,5/16/2018,6.4,,,,6.6,,,6.5,6.6,,6.6,,6.7,,6.9,,6.9,"turned over, still alive"
PC,2,519,519,Fagus grandifolia,5/4/2010,5.9,5,,6/15/2011,6.1,0,,6/25/2012,6.1,0,,6/27/2013,6.1,0,,7/2/2014,6.2,,,6/11/2015,6.2,,,5/19/2016,6.3,,,,6/9/2017,6.3,,,,5/17/2018,6.2,,,,6.4,,,6.3,6.3,,6.2,,6.3,,6.3,measured on bump,0,dead
PC,2,524,524,Fagus grandifolia,5/4/2010,8.4,0,,6/15/2011,8.9,0,,6/25/2012,8.9,0,,6/27/2013,8.9,0,,7/2/2014,9.2,,,6/11/2015,9.2,,,5/19/2016,9.4,,,,6/9/2017,9.4,,,,5/17/2018,9.5,,,,9.8,,,9.7,9.9,,9.9,2022 bent,9.9,bent,0,dead,0,
PC,2,525,525,Fagus grandifolia,5/4/2010,9.9,0,,6/15/2011,10.5,0,,6/25/2012,10.8,0,,6/27/2013,10.9,0,,7/2/2014,11.2,,,6/11/2015,11.4,,,5/19/2016,11.6,,,,6/9/2017,11.7,,,,5/17/2018,11.9,,,,12.1,,,12.2,12.3,,12.3,,12.8,,12.3,unable to get  larger measure,12.3,
PC,3,981*,981,Fagus grandifolia,,,99,,,,99,,,,99,,6/27/2013,6.1,7,New 2013 Near 563,7/2/2014,6.2,,,6/11/2015,6.4,,,5/19/2016,6.4,,,New 2013 Near 563,6/9/2017,6.7,,,New 2013 Near 563,5/17/2018,6.6,,,,6.9,,,6.9,6.9,,6.9,New 2013 Near 563,6.9,,7.2,,7.3,
PC,4,533,533,Fagus grandifolia,5/4/2010,8.5,0,,6/15/2011,9,0,,6/25/2012,9.4,0,,6/27/2013,9.5,0,,7/2/2014,10,,light gap from branch fall,6/11/2015,10.2,,,5/19/2016,10.5,,,2014 light gap from branch fall,6/9/2017,10.7,,,2014 light gap from branch fall,5/17/2018,11,,,,11.5,,,11.5,11.7,,11.6,2014 light gap from branch fall,11.7,,11.6,,11.7,
PC,4,550,550,Fagus grandifolia,5/4/2010,6.7,0,,6/15/2011,7.2,0,,6/25/2012,7.4,0,,6/27/2013,7.6,0,,7/2/2014,8.2,,,6/11/2015,8.2,,,5/19/2016,8.5,,,,6/9/2017,8.7,,,,5/17/2018,8.6,,,,9.2,,,8.8,9,,9.1,,9,measured above small branch,9.2,,9.2,
PC,4,554,554,Fagus grandifolia,5/4/2010,5.8,5,,6/15/2011,6.2,0,,6/25/2012,6.6,0,,6/27/2013,6.8,0,,7/2/2014,7,,,6/11/2015,7.4,,,5/19/2016,7.4,,,,6/9/2017,7.7,,,,5/17/2018,7.7,,,,8.2,,,8.1,8.3,,8.4,,8.5,,8.7,,8.7,
PC,5,603,603,Fagus grandifolia,5/5/2010,6.5,0,,6/15/2011,6.5,0,,5/18/2012,6.5,0,,6/27/2013,6.5,0,,7/2/2014,6.6,,,6/16/2015,6.7,,,5/23/2016,6.7,,,,6/9/2017,6.9,,,,5/23/2018,6.8,,,,6.9,,,6.8,6.9,,6.8,,6.9,,6.9,,6.8,
PC,6,638,638,Fagus grandifolia,5/5/2010,6.3,0,,6/15/2011,5.9,5,,5/18/2012,6,0,,6/27/2013,6,0,,7/2/2014,6,,,6/16/2015,6,,,5/23/2016,6,,,,6/9/2017,6.1,,,,5/23/2018,6.2,,,,6.1,,,6.2,6.2,,6.2,,6.2,,6.2,BLD,6.6,
PC,8,701,701,Fagus grandifolia,5/5/2010,6.4,0,,6/15/2011,6.7,0,,5/18/2012,6.7,0,,6/27/2013,6.9,0,,7/2/2014,7,,,6/15/2015,7.3,,,5/23/2016,7.3,,,,6/9/2017,7.4,,,,5/23/2018,7.5,,,,7.6,,,7.6,7.6,,7.5,,7.5,,7.5,,0,dead
PC,9,721,721,Fagus grandifolia,5/5/2010,6.5,0,,6/30/2011,6.8,0,,5/18/2012,6.8,0,,6/27/2013,7,0,,7/2/2014,7.2,,,6/15/2015,7.4,,,5/23/2016,7.5,,,,6/9/2017,7.6,,,,5/23/2018,7.7,,,,8,,,7.9,8.2,,8.3,,8.4,,8.5,,8.5,
PC,9,728,728,Fagus grandifolia,5/5/2010,12.3,0,"2010 top of tree broken off, but not topkilled",6/30/2011,12.7,0,,5/18/2012,12.5,1,,6/27/2013,12.7,0,,7/2/2014,12.7,,,6/15/2015,12.7,,,5/23/2016,12.7,,,"2010 top of tree broken off, but not topkilled",6/9/2017,12.8,,,"2010 top of tree broken off, but not topkilled",5/23/2018,12.8,,,,12.9,,,12.8,13,,12.9,"2010 top of tree broken off, but not topkilled",12.9,,13,,13,
PC,9,737,737,Fagus grandifolia,5/5/2010,7.8,0,,6/30/2011,8.4,0,,5/18/2012,8.5,0,,6/27/2013,8.8,0,,7/2/2014,9.1,,,6/15/2015,9.4,,,5/23/2016,9.5,,,,6/9/2017,9.7,,,,5/23/2018,9.8,,,,10,,,10.1,10.3,,10.2,,10.3,,10.5,,10.5,
PC,9,743,743,Fagus grandifolia,5/5/2010,7.6,0,,6/30/2011,8.1,0,,5/18/2012,8.1,0,,6/27/2013,8.5,0,,7/2/2014,8.6,,,6/15/2015,8.8,,,5/23/2016,8.8,,,,6/9/2017,9,,not looking good,2017 not looking good,5/23/2018,9,,,,9.1,,,9.2,9.1,,9,2017 not looking good,9,"BLD bad, slightly alive",9.1,alive and ok; measured over scar,9,missing tag
PC,11,806,806,Fagus grandifolia,5/5/2010,9.8,0,,6/30/2011,10.4,0,,5/18/2012,10.5,0,,6/27/2013,10.8,0,,7/3/2014,10.9,,,6/11/2015,11.2,,,5/20/2016,11.3,,,,6/9/2017,11.7,,,,5/23/2018,11.7,,,,11.9,,,12.3,12.3,,12.5,,12.5,,12.8,meas. below branch,13,
PC,11,824,824,Fagus grandifolia,5/5/2010,9.1,0,,6/30/2011,9.5,0,,5/18/2012,9.5,0,,6/27/2013,9.7,0,,7/3/2014,9.9,,,6/11/2015,10,,,5/20/2016,10.2,,,,6/9/2017,10.3,,almost dead ,2017 almost dead,5/23/2018,10.3,,,,10.3,,,10.3,10.3,,10.3,"2017 almost dead, 2022 bad BLD but alive",10.4,bad BLD,10.3,bad BLD; alive,10.4,
PC,11,825,825,Fagus grandifolia,5/5/2010,6.7,0,,6/30/2011,6.8,0,,5/18/2012,6.9,0,,6/27/2013,7,0,,7/3/2014,7,,,6/11/2015,7.2,,,5/20/2016,7.3,,,,6/9/2017,7.3,,almost dead ,2017 almost dead,5/23/2018,7.2,,,,7.2,,,7.3,7.2,,7.2,"2017 almost dead, 2022 bad BLD but alive",7.3,bad BLD but alive,7.2,bad BLD; alive,7.2,
PC,12,851*,851,Fagus grandifolia,5/5/2010,6.1,0,,6/30/2011,6.7,0,,5/18/2012,6.7,0,,6/27/2013,7,0,,7/3/2014,7.2,,,6/11/2015,7.3,,,5/20/2016,7.5,,,,6/9/2017,7.7,,,,5/23/2018,7.8,,,,8,,,7.9,8.2,,8.4,,8.4,,8.7,,8.6,
PC,12,854,854,Fagus grandifolia,5/5/2010,7.6,0,,6/30/2011,8.1,0,,5/18/2012,8,1,,6/27/2013,8.4,0,,7/3/2014,8.9,,,6/11/2015,8.4,,,5/20/2016,8.6,,,,6/9/2017,8.6,,,,5/23/2018,,,,,8.8,,,9.3,9.1,,9.3,,9.2,,9.6,,9.6,
PC,12,857*,857,Fagus grandifolia,5/5/2010,8.4,0,,6/30/2011,9,0,,5/18/2012,9.1,0,,6/27/2013,9.2,0,,7/3/2014,9.6,,,6/11/2015,9.7,,,5/20/2016,9.8,,,,6/9/2017,10,,,,5/23/2018,10.1,,,,10.3,,,10.4,10.6,,10.8,,10.8,,11.2,,11.3,
PC,12,863,863,Fagus grandifolia,5/5/2010,6.4,0,,6/30/2011,6.9,0,,5/18/2012,7,0,,6/27/2013,7.1,0,,7/3/2014,7.4,,,6/11/2015,7.6,,,5/20/2016,7.7,,,,6/9/2017,7.8,,,,5/23/2018,7.8,,,,8,,,8,8,,8,,8,,8,,8.2,
SC,1,2,2,Fagus grandifolia,4/27/2010,31.5,0,,6/2/2011,31.6,0,,7/3/2012,32,0,,7/2/2013,31.9,1,2013 real measurement,6/3/2014,32.3,,,6/17/2015,32.3,,,5/19/2016,32.4,,,2013 real measurement,5/29/2017,32.5,,,2013 real measurement,5/16/2018,32.7,,,,33,,,33.1,33.2,,33.5,2013 real measurement,33.8,,33.9,,33.9,
SC,1,15,15,Fagus grandifolia,4/27/2010,6.6,0,,6/2/2011,7,0,,7/3/2012,7.2,0,,7/2/2013,7.3,0,,6/3/2014,7.4,,,6/17/2015,7.5,,,5/19/2016,7.5,,,,5/29/2017,7.7,,,,5/17/2018,7.8,,,,8,,,8.1,8.2,,8.2,,8.3,,8.2,,8.2,
SC,1,16,16,Fagus grandifolia,4/27/2010,9.2,0,,6/2/2011,9.3,0,,7/3/2012,9.4,0,,7/2/2013,9.4,0,,6/3/2014,9.4,,,6/17/2015,9.6,,,5/19/2016,9.6,,,,5/29/2017,9.6,,,,5/17/2018,9.7,,,,10,,,10,10.2,,10.5,,10.7,,10.8,,10.7,
SC,5,211*,211,Fagus grandifolia,4/28/2010,22.3,0,,6/2/2011,22.5,0,,7/5/2012,22.6,0,,6/25/2013,22.6,0,,6/18/2014,22.9,,,6/26/2015,23.1,,,5/20/2016,23.1,,,,5/30/2017,23.2,,,,5/24/2018,23.4,,,,23.8,,,23.8,24,,24,,24.1,,24.4,meas. on nail bump,24.5,
SC,5,215,215,Fagus grandifolia,4/28/2010,8.8,0,,6/2/2011,8.9,0,,7/5/2012,9,0,,6/25/2013,9,0,,6/18/2014,8.9,,,6/26/2015,9,,,5/20/2016,9.1,,,,5/30/2017,9.1,,,,5/24/2018,9.1,,,,9.3,,,9.3,9.2,2021 real meas.,9.2,2021 real,9.1,,9.3,"bad BLD, bumpy",9.2,
SC,5,216,216,Fagus grandifolia,4/28/2010,7.5,0,,6/2/2011,7.5,0,,7/5/2012,7.5,0,,6/25/2013,7.5,0,,6/18/2014,7.6,,,6/26/2015,7.6,,,5/20/2016,7.6,,,,5/30/2017,7.5,,,,5/24/2018,7.6,,,,7.5,,,7.5,7.7,,7.6,,7.7,,7.7,,7.6,
SC,5,243,243,Fagus grandifolia,4/28/2010,10.7,0,2010 meas on diagonal due to sprout,6/2/2011,10.8,0,,7/5/2012,10.8,0,,6/25/2013,11.1,0,,6/18/2014,11.2,,main stem only,6/26/2015,11.3,,,5/20/2016,10.9,,Measured diagonally avoiding new branch 2016,2010 and 2013 meas on diagonal due to sprout; 2014 main stem only,5/30/2017,10.8,,,2010 and 2013 meas on diagonal due to sprout; 2014 main stem only,5/24/2018,10.8,,,,11.1,,,11.2,11.1,,11,2010 and 2013 meas on diagonal due to sprout; 2014 main stem only,11,,11,,11.1,under branch bump
SC,7,294*,294,Fagus grandifolia,4/29/2010,64.4,0,,6/2/2011,65.3,0,,7/5/2012,66.2,0,,6/25/2013,66,1,2013 measurement real,6/19/2014,67.1,,,6/26/2015,67.3,,,5/20/2016,67.6,,,2013 measurement real,5/30/2017,67.9,,,2013 measurement real,5/24/2018,68.1,,,,68.4,,,70.3,71,,70.9,2013 measurement real,71.3,,72,ridges in bark,72.7,
SC,7,296*,296,Fagus grandifolia,4/29/2010,36,0,,6/2/2011,36,0,,7/5/2012,36.1,0,,6/25/2013,36.2,0,,6/19/2014,36.3,,,6/26/2015,36.3,,,5/20/2016,36.5,,,,5/30/2017,36.5,,,,5/24/2018,36.5,,,,36.8,,,37,37.2,,37,,37.3,,37.4,,37.3,
SC,7,297*,297,Fagus grandifolia,4/29/2010,15,0,,6/2/2011,15.1,0,,7/5/2012,15.1,0,,6/25/2013,15.3,0,,6/19/2014,15.2,,,6/26/2015,15.2,,,5/20/2016,15.3,,,,5/30/2017,15.4,,,,5/24/2018,15.4,,,,15.5,,,15.6,15.6,,15.6,,15.6,,15.7,,15.7,
SC,7,298,298,Fagus grandifolia,4/29/2010,18,0,,6/2/2011,18.5,0,,7/5/2012,18.7,0,,6/25/2013,18.7,0,,6/19/2014,19.1,,,6/26/2015,19.3,,,5/20/2016,19.4,,,,5/30/2017,19.7,,,,5/24/2018,19.8,,,,20,,,20.3,20.3,,20.3,,20.3,,20.4,,20.4,
SC,7,335,335,Fagus grandifolia,4/29/2010,6.5,0,,6/2/2011,6.7,0,,7/5/2012,6.9,0,,6/25/2013,6.8,1,2013 measure including divot from nail,6/19/2014,6.9,,,6/26/2015,6.9,,,5/20/2016,6.9,,,2013 measure including divot from nail,5/30/2017,6.9,,,2013 measure including divot from nail,5/24/2018,6.8,,,,6.9,,,6.9,7,,7,2013 measure including divot from nail,7,,7.1,BLD,6.9,
SC,8,345,345,Fagus grandifolia,4/29/2010,54.8,0,,6/2/2011,55.2,0,,7/5/2012,55.5,0,,6/24/2013,55.7,0,,6/19/2014,56.1,,,7/2/2015,56.4,,,5/20/2016,56.7,,,,5/30/2017,56.8,,,,5/24/2018,57,,,,57.4,,,58.6,58.3,,58.5,,58.7,,58.8,,59.3,
SC,8,347,347,Fagus grandifolia,4/29/2010,17,0,,6/2/2011,17.2,0,,7/5/2012,17.3,0,,6/24/2013,17.4,0,,6/19/2014,17.5,,,7/2/2015,17.9,,,5/20/2016,17.9,,,,5/30/2017,18,,,,5/24/2018,18,,,,18.4,,,18.6,19,,19.2,,19.5,,19.6,canopy 1/2 dead,19.9,
SC,8,352,352,Fagus grandifolia,4/29/2010,13.4,0,,6/2/2011,13.6,0,,7/5/2012,14,0,,6/24/2013,14,0,,6/19/2014,14.2,,meas. above bump,7/2/2015,14.9,,,5/20/2016,15,,,2014 meas. above bump,5/30/2017,15.2,,,2014 meas. above bump,5/24/2018,15.7,,,,16,,,16.2,17.3,,17.3,2014 meas. above bump,17.5,snapped - still green,17.5,,17.5,"top snapped, green sprouts"
SC,8,354,354,Fagus grandifolia,4/29/2010,8.8,0,,6/2/2011,9.2,0,,7/5/2012,9.7,0,,6/24/2013,9.9,0,,6/19/2014,10.4,,,7/2/2015,11,,,5/20/2016,11.3,,,,5/30/2017,11.5,,,,5/24/2018,11.9,,,,12.5,,,13,13.7,,14.3,,14.7,,15.2,,15.8,
SC,8,357,357,Fagus grandifolia,4/29/2010,46.7,0,,6/2/2011,47.2,0,,7/5/2012,47.8,0,,6/24/2013,47.7,1,,6/19/2014,48,,,7/2/2015,48.1,,,5/20/2016,48.1,,,,5/30/2017,48.4,,,,5/24/2018,48.4,,,,48.8,,,48.3,49.4,,49.5,,49.6,,49.8,,49.8,
SC,8,358,358,Fagus grandifolia,4/29/2010,9.8,0,,6/2/2011,9.9,0,,7/5/2012,10.1,0,,6/24/2013,9.9,1,2013 measure just above bump,6/19/2014,9.9,,,7/2/2015,10.1,,,5/20/2016,10,,,2013 measure just above bump,5/30/2017,10,,,2013 measure just above bump,5/24/2018,10,,2018 measure below bump,,10.1,,,10.5,10.6,Measured over bump 2021,10.5,2013 measure above bump; 2018 measure below bump; 2021 measured over bump,10.5,,10.6,,10.7,
SC,8,362,362,Fagus grandifolia,4/29/2010,46.8,0,,6/2/2011,47.1,0,,7/5/2012,47.3,0,,6/24/2013,47.3,0,,6/19/2014,47.5,,,7/2/2015,47.5,,,5/20/2016,47.5,,,,5/30/2017,47.5,,,,5/24/2018,47.5,,,,47.9,,,48.4,48.1,,48.1,,48.3,,48.3,,48.4,
SC,8,363,363,Fagus grandifolia,4/29/2010,54.3,0,,6/2/2011,55,0,,7/5/2012,55.2,0,,6/24/2013,55.4,0,,6/19/2014,55.4,,,7/2/2015,55.9,,,5/20/2016,56,,,,5/30/2017,56.1,,,,5/24/2018,56.2,,,,56.5,,,56.7,56.8,,57,,57.1,,57.2,,57.2,
SC,8,365,365,Fagus grandifolia,4/29/2010,35.9,0,,6/2/2011,36,0,,7/5/2012,36.2,0,,6/24/2013,36.3,0,,6/19/2014,36.6,,,7/2/2015,36.8,,,5/20/2016,36.9,,,,5/30/2017,37,,,,5/24/2018,37.1,,,,37.6,,,37.7,38,,38.1,,38.4,,38.5,,38.7,
SC,8,368,368,Fagus grandifolia,4/29/2010,14.6,0,,6/2/2011,14.7,0,,7/5/2012,14.9,0,,6/24/2013,15,0,,6/19/2014,15,,,7/2/2015,15.1,,,5/20/2016,15.1,,,,5/30/2017,15.1,,,,5/24/2018,15.1,,,,15.2,,,15.5,15.7,,15.7,,15.9,,16.2,,16.5,
SC,8,951*,951,Fagus grandifolia,,,99,,,,99,,,,99,,6/24/2013,7.8,7,"New 2013 behind 357, meas including bump",6/19/2014,8.1,,,7/2/2015,8.2,,,5/20/2016,8.5,,,"New 2013 behind 357, meas including bump",5/30/2017,,,not measured,"New 2013 behind 357, meas including bump; 2017 oops not measured",5/24/2018,8.8,,,,9,,,9.5,9.7,,9.9,"New 2013 behind 357, meas including bump; 2017 oops not measured",10,,10.5,,10.5,
SC,9,383,383,Fagus grandifolia,4/29/2010,32.6,0,,6/10/2011,33.2,0,,7/5/2012,34,0,,6/24/2013,34.2,0,,6/19/2014,34.5,,,7/2/2015,35.3,,,5/20/2016,35.6,,,,5/30/2017,35.9,,,,5/24/2018,36.6,,,,37.1,,,38,38.6,,39.1,,39.7,,40.3,,41,
SC,9,389,389,Fagus grandifolia,4/29/2010,25.4,0,,6/10/2011,26.1,0,,7/5/2012,26.9,0,,6/24/2013,27.1,0,,6/19/2014,27.4,,,7/2/2015,28.1,,,5/20/2016,28.2,,,,5/30/2017,28.4,,,,5/24/2018,28.9,,,,29.9,,2019 tag worn,30.4,31.8,,32.5,2022 tag engulfed,32.5,tag completely engulfed,33.3,tag engulfed,33.9,
SC,9,391,391,Fagus grandifolia,4/29/2010,10.2,0,,6/10/2011,10.6,0,,7/5/2012,11,0,,6/24/2013,11.2,0,,6/19/2014,11.7,,,7/2/2015,12.5,,,5/20/2016,12.9,,,,5/30/2017,,,not measured,2017 oops not measured,5/24/2018,14.2,,,,15.1,,2019 tag worn,15.8,17.1,,17.6,2017 oops not measured,18,,18.6,,19,
SC,9,935*,935,Fagus grandifolia,,,99,,,,99,,,,99,,6/24/2013,6.5,7,New 2013 Between 397 and 374,6/19/2014,7.1,,,7/2/2015,7.9,,,5/20/2016,8.2,,,New 2013 Between 397 and 374,5/30/2017,8.7,,,New 2013 Between 397 and 374,5/24/2018,9.5,,,,10.4,,,10.7,12.1,,12.2,New 2013 Between 397 and 374,12.1,,12.2,meas. tagged stem,0,meas. missing
SC,10,404,404,Fagus grandifolia,4/29/2010,7.5,0,,6/10/2011,8.1,0,,7/5/2012,8.7,0,,6/24/2013,8.9,0,,6/19/2014,9.4,,,7/2/2015,9.9,,,5/20/2016,10.2,,,,5/30/2017,10.5,,,,5/24/2018,10.9,,,,11.6,,,11.9,12.6,,12.7,,13,,13.6,,14.1,
SC,10,941*,941,Fagus grandifolia,,,99,,,,99,,,,99,,6/24/2013,6.8,7,New 2013 Near middle post w side,6/19/2014,7.1,,,7/2/2015,7.6,,,5/20/2016,7.9,,,New 2013 Near middle post w side,5/30/2017,8.1,,,New 2013 Near middle post w side,5/24/2018,8.6,,,,9.2,,,9.6,10.1,,10.2,New 2013 Near middle post w side,11.1,,10.2,,10.3,
SV,1,2419,2419,Fagus grandifolia,5/19/2010,6,0,,6/29/2011,6.4,0,,7/6/2012,6.9,0,,7/1/2013,6.8,1,,,7.2,,,7/7/2015,7.2,,,5/31/2016,7.4,,,,6/7/2017,7.5,,,,5/25/2018,7.5,,,,7.5,,,7.4,7.5,,7.6,,7.4,"tree fallen, difficult to measure",7.5,tag missing- main stem only,7.5,missing tag
SV,1,2420,2420,Fagus grandifolia,5/19/2010,9.2,0,,6/29/2011,9.5,0,,7/6/2012,9.8,0,,7/1/2013,9.8,0,,,10,,,7/7/2015,10.2,,,5/31/2016,10.2,,,,6/7/2017,10.4,,,,5/25/2018,10.3,,,,10.5,,,10.3,10.3,,10.4,,10.3,,10.4,,10.4,
SV,1,2422,2422,Fagus grandifolia,5/19/2010,6.2,0,,6/29/2011,6.3,0,,7/6/2012,6.6,0,,7/1/2013,6.6,0,,,6.6,,,7/7/2015,6.8,,,5/31/2016,6.8,,,,6/7/2017,6.9,,,,5/25/2018,6.8,,,,6.8,,,6.8,6.8,,6.8,,6.9,,6.9,,6.9,
SV,1,2423,2423,Fagus grandifolia,5/19/2010,6.4,0,,6/29/2011,6.6,0,,7/6/2012,7,0,,7/1/2013,7,0,,,7.1,,,7/7/2015,7.3,,,5/31/2016,7.3,,,,6/7/2017,7.5,,,,5/25/2018,7.3,,2018 real measure,,7.6,,,7.2,7.5,,7.5,2018 real measure,7.3,,7.4,,7.5,dying
SV,1,2424,2424,Fagus grandifolia,5/19/2010,6.9,0,,6/29/2011,7.1,0,,7/6/2012,7.3,0,,7/1/2013,7.3,0,,,7.3,,,7/7/2015,7.5,,,5/31/2016,7.5,,,,6/7/2017,7.6,,,,5/25/2018,7.5,,2018 real measure,,7.7,,,7.5,7.6,,7.6,2018 real measure,7.5,,7.5,,7.6,
SV,1,2425,2425,Fagus grandifolia,5/19/2010,58.1,0,,6/29/2011,58.2,0,,7/6/2012,58.8,0,,7/1/2013,58.8,0,,,58.6,,,7/7/2015,58.8,,,5/31/2016,58.9,,,,6/7/2017,59.1,,,,5/25/2018,58.9,,2018 real measure,,59.3,,,59.1,59.1,,59.1,2018 real measure,59.1,,59.1,,59.2,
SV,1,2426,2426,Fagus grandifolia,5/19/2010,6.2,0,,6/29/2011,6.5,0,,7/6/2012,,4,"2012 could not find, presumed dead",7/1/2013,6.8,0,2013 alive,,7,,,7/7/2015,7,,,5/31/2016,7.2,,,"2012 could not find, presumed dead; 2013 alive",6/7/2017,7.4,,,"2012 could not find, presumed dead; 2013 alive",5/25/2018,7.3,,2018 still living,,7.2,,,7.3,7.3,,7.5,"2012 could not find, presumed dead; 2013 alive; 2018 still living, 2022 bent still tagged",7.6,over bump,7.7,no leaves; presumed dead,0,dead
SV,1,2427,2427,Fagus grandifolia,5/19/2010,6.5,0,,6/29/2011,6.6,0,,7/6/2012,6.9,0,,7/1/2013,6.9,0,,,7,,,7/7/2015,7.2,,,5/31/2016,7.2,,,,6/7/2017,7.2,,,,5/25/2018,7.2,,,,7.2,,,7.1,7.2,,7.1,,7.2,,7.2,,7.1,
SV,1,2428,2428,Fagus grandifolia,5/19/2010,5.8,5,,6/29/2011,5.9,5,,7/6/2012,6,0,,7/1/2013,6.1,0,,,6.2,,,7/7/2015,6.2,,,5/31/2016,6.3,,,,6/7/2017,6.5,,,,5/25/2018,6.4,,,,6.6,,,6.4,6.5,,6.6,,6.5,,6.5,,6.4,
SV,1,2429,2429,Fagus grandifolia,5/19/2010,54.6,0,,6/29/2011,,999,2011 dead,7/6/2012,,99,,7/1/2013,,99,,,0,,,7/7/2015,0,,,5/31/2016,0,,,2011 dead,6/7/2017,0,,,2011 dead,5/25/2018,0,,,,0,,,,0,,0,2011 dead,0,dead,0,,0,
SV,1,2430,2430,Fagus grandifolia,5/19/2010,8.4,0,,6/29/2011,8.7,0,,7/6/2012,8.8,0,,7/1/2013,8.9,0,,,9.1,,,7/7/2015,9.3,,,5/31/2016,9.5,,,,6/7/2017,9.5,,,,5/25/2018,9.4,,2018 real measure,,9.4,,,,9.4,,9.4,2018 real measure,9.4,,9.4,,0,dead
SV,1,2431,2431,Fagus grandifolia,5/19/2010,10.2,0,,6/29/2011,10.5,0,,7/6/2012,10.7,0,,7/1/2013,10.7,0,,,10.9,,,7/7/2015,11,,,5/31/2016,11.2,,,,6/7/2017,11.4,,,,5/25/2018,11.2,,2018 real measure,,11.3,,,11.2,11.2,,11.1,"2018 real measure, 2022 fallen but still rooted",11.3,fallen but still alive,0,dead,0,
SV,1,2432,2432,Fagus grandifolia,5/19/2010,5.5,5,,6/29/2011,5.8,5,,7/6/2012,6,0,,7/1/2013,6,0,,,6.2,,,7/7/2015,6.2,,,5/31/2016,6.3,,,,6/7/2017,6.5,,,,5/25/2018,6.3,,2018 real measure,,6.5,,,6.5,0,Dead 2021,0,2018 real measure; 2021 dead,0,dead,0,,0,
SV,1,2436,2436,Fagus grandifolia,5/19/2010,9.8,0,,6/29/2011,10.2,0,,7/6/2012,10.1,1,,7/1/2013,10.1,0,,,10.4,,,7/7/2015,10.4,,,5/31/2016,10.5,,,,6/7/2017,10.5,,,,5/25/2018,10.5,,,,10.6,,,10.4,10.5,,10.5,,10.5,,10.5,,10.6,"dying, still green"
SV,1,2438,2438,Fagus grandifolia,5/19/2010,9.6,0,,6/29/2011,9.9,0,,7/6/2012,10.1,0,,7/1/2013,10.2,0,,,10.2,,,7/7/2015,10.4,,,5/31/2016,10.6,,Over bump on side 2016,2016 meas over bump on side,6/7/2017,10.6,,,2016 meas over bump on side,5/25/2018,10.6,,,,10.6,,,10.5,10.6,,0,"2016 meas over bump on side, 2022 dead",0,dead,0,,0,
SV,1,2439,2439,Fagus grandifolia,5/19/2010,6.2,0,,6/29/2011,6.4,0,,7/6/2012,6.5,0,,7/1/2013,6.5,0,,,6.5,,,7/7/2015,6.6,,,5/31/2016,6.6,,,,6/7/2017,6.6,,,,5/25/2018,6.6,,,,6.8,,,6.7,0,Dead 2021,0,2021 dead,0,dead,0,,0,
SV,1,2440,2440,Fagus grandifolia,5/19/2010,5.2,5,,6/29/2011,5.3,5,,7/6/2012,5.3,5,,7/1/2013,5.2,5,,,5.3,,,7/7/2015,5.3,,,5/31/2016,5.3,,,,6/7/2017,5.3,,,,5/25/2018,5.3,,,,5.3,,,5.2,5.3,,5.3,,5.3,,5.3,,0,dead
SV,1,2441,2441,Fagus grandifolia,5/19/2010,12.5,0,,6/29/2011,12.9,0,,7/6/2012,13.1,0,,7/1/2013,13.2,0,,,13.4,,,7/7/2015,13.4,,,5/31/2016,13.5,,,,6/7/2017,13.7,,,,5/25/2018,13.7,,,,13.9,,,13.7,15.8,Over the bump,13.6,2021 over the bump,13.6,,13.8,presumed dead,13.7,
SV,1,2442,2442,Fagus grandifolia,5/19/2010,5.1,5,,6/29/2011,5.1,5,,7/6/2012,5.3,5,,7/1/2013,5.2,5,,,5.2,,,7/7/2015,5.2,,,5/31/2016,5.2,,,,6/7/2017,5.2,,,,5/25/2018,5.2,,,,5,,,5.1,5.1,,5.1,,5.2,,5.2,"Bri Shepherd says this is a maple tree, not sure if sugar or red",5.2,
SV,1,2443,2443,Fagus grandifolia,5/19/2010,6.7,0,,6/29/2011,6.9,0,,7/6/2012,6.9,0,,7/1/2013,6.9,0,,,7,,,7/7/2015,7,,,5/31/2016,7,,,,6/7/2017,7.1,,,,5/25/2018,7.1,,,,7.2,,,7,7.1,,7.2,,7.2,,7.3,,7.4,
SV,2,2444,2444,Fagus grandifolia,5/19/2010,10.7,0,,6/29/2011,10.9,0,,7/9/2012,10.9,0,,7/1/2013,11,0,,,11.1,,,7/7/2015,11.2,,,5/31/2016,11.4,,,,6/7/2017,11.3,,,,5/25/2018,11.3,,,,11.5,,,11.2,11.3,,11.3,,11.2,,11.2,,11.3,
SV,2,2445,2445,Fagus grandifolia,5/19/2010,6.3,0,,6/29/2011,6.5,0,,7/9/2012,6.5,0,,7/1/2013,6.6,0,,,6.5,,,7/7/2015,6.6,,,5/31/2016,6.4,,Real meas 2016,2016 real meas.,6/7/2017,6.6,,,2016 real meas.,5/25/2018,6.4,,,,6.5,,,6.5,6.5,,6.4,2016 real meas.,0,dead,0,,0,
SV,2,2446,2446,Fagus grandifolia,5/19/2010,56.8,8,2010 tree on outside edge of plot,6/29/2011,57.1,8,,7/9/2012,57.5,8,,7/1/2013,57.6,0,,,57.7,,,7/7/2015,58.1,,,5/31/2016,58.1,,,2010 tree on outside edge of plot,6/7/2017,58.2,,,2016 real meas.,5/25/2018,58.2,,,,61,,,58.6,0,Dead 2021,0,2016 real meas.; 2021 dead,0,dead,0,,0,
SV,2,2449,2449,Fagus grandifolia,5/19/2010,14.6,0,,6/29/2011,14.9,0,,7/9/2012,15.1,0,,7/1/2013,15.2,0,,,15.5,,,7/7/2015,15.7,,,5/31/2016,15.8,,,,6/7/2017,16.1,,,,5/25/2018,16,,,,16.2,,,16.1,16.1,,16.1,,16.1,,16.1,,16.3,
SV,2,2450,2450,Fagus grandifolia,5/19/2010,12.1,0,,6/29/2011,12.3,0,,7/9/2012,12.3,0,,7/1/2013,12.5,0,,,12.3,,,7/7/2015,12.5,,,5/31/2016,12.8,,,,6/7/2017,12.5,,,,5/25/2018,12.6,,,,12.8,,,12.6,12.9,,12.6,2022 real meas.,0,dead,0,,0,
SV,2,2451,2451,Fagus grandifolia,5/19/2010,9.4,0,,6/29/2011,9.5,0,,7/9/2012,9.6,0,,7/1/2013,9.7,0,,,9.9,,,7/7/2015,9.9,,,5/31/2016,9.9,,,,6/7/2017,10,,,,5/25/2018,9.7,,,,10.1,,,10,10,Tipped but still alive,9.9,2021 tipped but still alive,0,dead,0,,0,
SV,2,2452,2452,Fagus grandifolia,5/19/2010,54.3,0,,6/29/2011,54.6,0,,7/9/2012,54.6,0,,7/1/2013,54.9,0,,,54.9,,,7/7/2015,55.4,,,5/31/2016,55.3,,,,6/7/2017,55.5,,,,5/25/2018,55.3,,2018 real measure,,58.2,,,55.6,55.8,,56.1,2018 real measure,56,,56.1,,56.3,
SV,2,2453,2453,Fagus grandifolia,5/19/2010,5.7,5,,6/29/2011,5.9,5,,7/9/2012,6,0,,7/1/2013,6.3,0,2013 meas on top of bump,,6,,,7/7/2015,6,,,5/31/2016,6,,,2013 meas on top of bump,6/7/2017,6.5,,,2013 meas on top of bump,5/25/2018,5.9,,2018 bump moved up,,0,,,,0,,0,2013 meas on top of bump; 2018 bump moved up,0,dead,0,,0,
SV,2,2454,2454,Fagus grandifolia,5/19/2010,11,0,,6/29/2011,11.3,0,,7/9/2012,11.5,0,,7/1/2013,11.6,0,,,11.7,,,7/7/2015,11.8,,,5/31/2016,12,,,,6/7/2017,12,,,,5/25/2018,12,,,,12.1,,,11.9,12,,12.1,,0,dead,0,,0,
SV,2,2456,2456,Fagus grandifolia,5/19/2010,35.8,0,,6/29/2011,35.7,1,,7/9/2012,35.6,1,,7/1/2013,35.6,0,,,35.9,,,7/7/2015,35.9,,,5/31/2016,36,,,,6/7/2017,36.4,,,,5/25/2018,36.2,,2018 real measure,,36.4,,,36.4,0,Dead 2021,0,2018 real measure; 2021 dead,0,dead,0,,0,
SV,2,2457,2457,Fagus grandifolia,5/19/2010,56.1,0,,6/29/2011,56.7,0,,7/9/2012,57.2,0,,7/1/2013,57.3,0,,,57.9,,,7/7/2015,58.3,,,5/31/2016,58.9,,,,6/7/2017,59.1,,,,5/25/2018,59.3,,,,60.5,,,59.9,60.1,,61.1,,61.3,,61.9,,62.2,
SV,2,2458,2458,Fagus grandifolia,5/19/2010,13.3,0,,6/29/2011,13.6,0,,7/9/2012,14,0,,7/1/2013,14.1,0,,,14.5,,,7/7/2015,14.6,,,5/31/2016,14.8,,,,6/7/2017,14.9,,,,5/25/2018,15,,,,15.2,,,15.2,15.1,,15,,15.1,,15.3,,15.3,
SV,2,2459,2459,Fagus grandifolia,5/19/2010,12.9,0,,6/29/2011,13.3,0,,7/9/2012,13.4,0,,7/1/2013,13.3,1,2013 real meas,,13.7,,,7/7/2015,13.7,,,5/31/2016,13.8,,,2013 real meas,6/7/2017,13.8,,,2013 real meas,5/25/2018,13.8,,,,14.1,,,13.8,13.8,,13.9,2013 real meas,13.8,,13.8,,13.8,
SV,2,2460,2460,Fagus grandifolia,5/19/2010,10.7,0,,6/29/2011,11,0,,7/9/2012,11.1,0,,7/1/2013,11.2,0,,,11.6,,,7/7/2015,11.9,,,5/31/2016,11.9,,Over bump 2016,2016 meas over bump,6/7/2017,12,,,2016 meas over bump,5/25/2018,11.9,,,,12,,,11.9,11.9,,11.9,2016 meas over bump,11.8,measured over bump,0,standing dead,0,
SV,2,2461,2461,Fagus grandifolia,5/19/2010,46.2,0,,6/29/2011,46.5,0,,7/9/2012,46.6,0,,7/1/2013,46.7,0,,,47,,,7/7/2015,47.3,,,5/31/2016,47.6,,,,6/7/2017,47.8,,,,5/25/2018,47.9,,,,49.2,,,48.2,48.3,,48.3,,48.3,,48.4,,48.5,
SV,2,2462,2462,Fagus grandifolia,5/19/2010,17.5,0,,6/29/2011,17.9,0,,7/9/2012,18,0,,7/1/2013,18.1,0,,,18.4,,,7/7/2015,18.5,,,5/31/2016,18.7,,,,6/7/2017,18.8,,,,5/25/2018,18.8,,,,19,,,19.1,19.2,,19.3,,19.3,,19.8,,19.9,
SV,2,2463,2463,Fagus grandifolia,5/19/2010,6.5,0,,6/29/2011,6.7,0,,7/9/2012,6.8,0,,7/1/2013,6.8,0,,,7,,,7/7/2015,7,,,5/31/2016,7,,,,6/7/2017,7,,,,5/25/2018,7.1,,,,7.2,,,7,7.1,,7.1,,7.1,,7.1,,7.1,
SV,2,2464,2464,Fagus grandifolia,5/19/2010,6.4,2,,6/29/2011,6.5,0,,7/9/2012,6.6,0,"2012 no msmt recorded 2010, but filled with 6.4",7/1/2013,6.6,0,2013 meas under bump,,6.6,,,7/7/2015,6.6,,,5/31/2016,6.6,,,"2012 no msmt recorded 2010, but filled with 6.4; 2013 meas under bump",6/7/2017,6.5,,,"2012 no msmt recorded 2010, but filled with 6.4; 2013 meas under bump",5/25/2018,6.5,,,,6.7,,,6.7,6.7,,0,"2012 no msmt recorded 2010, but filled with 6.4; 2013 meas under bump, 2022 dead",0,dead,0,,0,
SV,2,2467,2467,Fagus grandifolia,5/19/2010,6.4,0,,6/29/2011,6.5,0,,7/9/2012,6.5,0,,7/1/2013,6.5,0,,,6.6,,,7/7/2015,6.6,,,5/31/2016,6.6,,,,6/7/2017,6.6,,,,5/25/2018,6.7,,,,68,,,6.6,6.5,,6.7,,6.7,,6.7,BLD,6.7,
SV,2,2468,2468,Fagus grandifolia,5/19/2010,11.1,0,,6/29/2011,11.5,0,,7/9/2012,11.7,0,,7/1/2013,11.7,0,,,12.1,,,7/7/2015,12.3,,,5/31/2016,12.7,,,,6/7/2017,12.6,,,,5/25/2018,12.5,,,,12.6,,,12.4,12.5,,12.5,,12.5,,12.5,,12.5,
SV,2,2469,2469,Fagus grandifolia,5/19/2010,13.1,0,,6/29/2011,13.7,0,,7/9/2012,13.9,0,,7/1/2013,14.1,0,,,14.4,,,7/7/2015,14.7,,,5/31/2016,15,,,,6/7/2017,15.2,,,,5/25/2018,15.3,,,,15.6,,,15.4,15.4,,15.4,,15.3,,15.4,,15.4,
SV,2,2470,2470,Fagus grandifolia,5/19/2010,13.1,0,,6/29/2011,13.8,0,,7/9/2012,14.1,0,,7/1/2013,14.3,0,,,14.7,,,7/7/2015,15,,,5/31/2016,15,,,,6/7/2017,15.3,,,,5/25/2018,15.3,,,,15.6,,,15.4,0,Dead 2021,0,2021 dead,0,dead,0,,0,
SV,2,2471,2471,Fagus grandifolia,5/19/2010,9,0,,6/29/2011,9.5,0,,7/9/2012,9.7,0,,7/1/2013,9.7,0,,,10.2,,,7/7/2015,10.3,,,5/31/2016,10.4,,,,6/7/2017,10.6,,,,5/25/2018,10.4,,,,10.5,,,10.3,10.5,Fallen but still alive,0,"2021 fallen but still alive, 2022 dead",0,dead,0,,0,
SV,2,2472,2472,Fagus grandifolia,5/19/2010,6.2,0,,6/29/2011,6.5,0,,7/9/2012,6.5,0,,7/1/2013,6.6,0,,,6.8,,,7/7/2015,6.8,,,5/31/2016,6.9,,,,6/7/2017,6.9,,,,5/25/2018,6.9,,,,7,,,6.8,6.9,Fallen but still alive,0,"2021 fallen but still alive, 2022 dead",0,dead,0,,0,
SV,2,2473,2473,Fagus grandifolia,5/19/2010,8.4,0,,6/29/2011,8.5,0,,7/9/2012,8.7,0,,7/1/2013,8.7,0,,,9,,,7/7/2015,9,,,5/31/2016,9.2,,,,6/7/2017,9.3,,,,5/25/2018,9.2,,,,9.2,,,9.4,9.2,,9.1,2022 top killed but still alive,9.3,"top dead, branch still alive",9.2,"mostly dead, branch alive",9.3,"almost dead, little green"
SV,2,2474,2474,Fagus grandifolia,5/19/2010,7,0,,6/29/2011,7.3,0,,7/9/2012,7.4,0,,7/1/2013,7.5,0,2013 meas under bump,,7.6,,,7/7/2015,7.6,,,5/31/2016,7.8,,,2013 meas under bump,6/7/2017,7.7,,,2013 meas under bump,5/25/2018,7.7,,,,7.8,,,7.8,0,Dead 2021,0,2013 meas under bump; 2021 dead,0,dead,0,,0,
SV,2,2475,2475,Fagus grandifolia,5/19/2010,74.7,0,,6/29/2011,75.2,0,,7/9/2012,75.7,0,,7/1/2013,75.8,0,,,76.1,,,7/7/2015,76.6,,,5/31/2016,77.2,,,,6/7/2017,77.2,,,,5/25/2018,77.5,,,,78.6,,,78.1,78.7,,78.8,,78.6,,79,,79.1,
SV,2,2476,2476,Fagus grandifolia,5/19/2010,6.1,0,,6/29/2011,6.2,0,,7/9/2012,6.1,1,,7/1/2013,6.2,0,,,6.3,,,7/7/2015,6.3,,,5/31/2016,6.3,,,,6/7/2017,6.3,,,,5/25/2018,6.3,,,,6.3,,,6.2,6.3,,6.5,,6.3,,0,,0,
SV,2,2477,2477,Fagus grandifolia,5/19/2010,11.2,0,,6/29/2011,11.3,0,,7/9/2012,11.5,0,,7/1/2013,11.8,0,,,11.7,,,7/7/2015,11.6,,2015: real measurement,5/31/2016,11.6,,,2015 real meas.,6/7/2017,11.8,,,2015 real meas.,5/25/2018,11.7,,,,11.7,,,11.9,11.8,,11.7,2015 real meas.,11.7,leaning over,11.7,leaning,11.8,
SV,2,2478,2478,Fagus grandifolia,5/19/2010,13.6,0,,6/29/2011,13.9,0,,7/9/2012,14.1,0,,7/1/2013,14.1,0,,,14.3,,,7/7/2015,14.5,,,5/31/2016,14.6,,,,6/7/2017,14.6,,,,5/25/2018,14.7,,,,14.7,,,14.8,14.8,,14.8,,14.7,,14.7,,14.7,
SV,2,2479,2479,Fagus grandifolia,5/19/2010,7.4,0,,6/29/2011,7.6,0,,7/9/2012,7.5,1,,7/1/2013,7.5,0,,,7.6,,,7/7/2015,7.6,,,5/31/2016,7.5,,,,6/7/2017,7.6,,,,5/25/2018,7.5,,,,7.8,,,7.6,7.6,,7.5,,7.5,,7.6,,7.6,
SV,2,2480,2480,Fagus grandifolia,5/19/2010,44.3,6,2010 note just outside of plot,6/29/2011,44.3,6,,7/9/2012,44.6,6,,7/1/2013,44.8,6,,,44.9,,,7/7/2015,45.2,,,5/31/2016,45.6,,,2010 note just outside of plot,6/7/2017,46.1,,,2010 note just outside of plot,5/25/2018,45.6,,2018 real measure,,46.6,,,45.7,46,,46.2,2010 note just outside of plot; 2018 real measure,46.2,measured on bump,46.2,,46,
SV,2,2481,2481,Fagus grandifolia,5/19/2010,6.6,0,,6/29/2011,6.6,0,,7/9/2012,6.7,0,,7/1/2013,6.9,0,,,6.7,,,7/7/2015,6.7,,,5/31/2016,6.7,,,,6/7/2017,6.7,,,,5/25/2018,6.7,,,,6.8,,,7,6.8,,6.7,,6.7,,6.7,,0,dead
SV,2,2482,2482,Fagus grandifolia,5/19/2010,11.2,0,,6/29/2011,11.2,0,,7/9/2012,11.1,1,,7/1/2013,11.1,0,,,11.3,,,7/7/2015,11.2,,,5/31/2016,11.2,,,,6/7/2017,11.5,,,,5/25/2018,11.3,,2018 real measure-bump,,11.3,,,11.1,11.3,,11.2,2018 real measure-bump,11.2,,11.5,,11.3,mostly brown leaves but green at top
SV,2,2483,2483,Fagus grandifolia,5/19/2010,6.7,0,,6/29/2011,6.9,0,,7/9/2012,6.8,1,,7/1/2013,6.8,0,,,6.9,,,7/7/2015,6.9,,,5/31/2016,7,,,,6/7/2017,6.9,,,,5/25/2018,7,,,,7,,,,6.9,,6.9,,7,,7,,7,
SV,2,2484,2484,Fagus grandifolia,5/19/2010,7.5,0,,6/29/2011,7.6,0,,7/9/2012,7.7,0,,7/1/2013,7.7,0,,,7.6,,,7/7/2015,7.8,,,5/31/2016,7.8,,,,6/7/2017,7.8,,,,5/25/2018,7.7,,2018 real measure,,7.8,,,,0,Dead 2021,0,2018 real measure; 2021 dead,0,dead,0,,0,
SV,2,2485,2485,Fagus grandifolia,5/19/2010,56.8,0,,6/29/2011,57,0,,7/9/2012,57.6,0,,7/1/2013,57.9,0,,,58.1,,,7/7/2015,58.8,,,5/31/2016,58.8,,,,6/7/2017,59.3,,,,5/25/2018,59.4,,,,60,,,60.1,59.9,,60.2,,60,,60.1,,60.4,dying
SV,2,2486,2486,Fagus grandifolia,5/19/2010,6.9,0,,6/29/2011,7.1,0,,7/9/2012,7.3,0,,7/1/2013,7.2,1,2013 Meas on top of bump,,7.3,,,7/7/2015,7.3,,,5/31/2016,7.3,,,2013 Meas on top of bump,6/7/2017,7.5,,,2013 Meas on top of bump,5/25/2018,0,,2018 dead,,0,,,,0,,0,2013 Meas on top of bump; 2018 dead,0,dead,0,,0,
SV,2,2487,2487,Fagus grandifolia,5/19/2010,59.1,0,,6/29/2011,,999,2011 dead,7/9/2012,,99,,7/1/2013,,99,,,0,,,7/7/2015,0,,,5/31/2016,0,,,2011 dead,6/7/2017,0,,,2011 dead,5/25/2018,0,,,,0,,,,0,,0,2011 dead,0,dead,0,,0,
SV,2,2488,2488,Fagus grandifolia,5/19/2010,7.5,0,,6/29/2011,7.6,0,,7/9/2012,7.7,0,,7/1/2013,7.9,0,,,8.2,,,7/7/2015,8.5,,,5/31/2016,8.7,,,,6/7/2017,8.9,,,,5/25/2018,8.9,,,,9.1,,,9,9.1,,9,,9,,9,,0,dead
SV,2,2489,2489,Fagus grandifolia,5/19/2010,8,0,,6/29/2011,8.4,0,,7/9/2012,8.3,1,,7/1/2013,8.4,0,,,8.8,,,7/7/2015,8.8,,,5/31/2016,8.8,,,,6/7/2017,8.7,,,,5/25/2018,8.7,,,,8.8,,,8.6,8.7,,8.7,,0,"dead, snapped in half",0,,0,
SV,2,2490,2490,Fagus grandifolia,5/19/2010,16.9,6,,6/29/2011,17,6,,7/9/2012,17.5,6,,7/1/2013,17.6,6,2013 out of plot,,17.8,,,7/7/2015,18.1,,,5/31/2016,18.5,,,2013 out of plot,6/7/2017,18.7,,,2013 out of plot,5/25/2018,18.7,,,,19.3,,,18.6,18.7,,18.7,2013 out of plot,18.9,,18.7,,18.8,
SV,2,2914*,2914,Fagus grandifolia,,,99,,,,99,,,,99,,7/1/2013,6,7,New 2013 Near 2449,,6.4,,,7/7/2015,6.5,,,5/31/2016,6.5,,,New 2013 Near 2449,6/7/2017,6.6,,,New 2013 Near 2449,5/25/2018,6.6,,,,6.7,,,6.6,6.6,,6.7,New 2013 Near 2449,0,dead,0,,0,
SV,2,2915*,2915,Fagus grandifolia,,,99,,,,99,,,,99,,7/1/2013,7.1,7,New 2013 Near 2476,,7,,,7/7/2015,6.9,,2015: measured on bump,5/31/2016,7,,,New 2013 Near 2476; 2015 measured on bump,6/7/2017,7,,,New 2013 Near 2476; 2015 measured on bump,5/25/2018,7,,,,7.3,,,7.3,7.5,,7.1,"New 2013 Near 2476; 2015 measured on bump, 2022 no more bump",7,,7,,7.1,
SV,2,2916*,2916,Fagus grandifolia,,,99,,,,99,,,,99,,7/1/2013,7.3,7,New 2013 Near 2477,,7.2,,,7/7/2015,7.2,,,5/31/2016,7.2,,,New 2013 Near 2477,6/7/2017,7.2,,,New 2013 Near 2477,5/25/2018,7.2,,,,7.3,,,7.3,7.3,,7.2,New 2013 Near 2477,7.2,,7.2,,7.3,
SV,2,2917*,2917,Fagus grandifolia,,,99,,,,99,,,,99,,7/1/2013,5.8,5,2013 new Near 2916,,5.9,,,7/7/2015,5.9,,,5/31/2016,6,,,2013 new Near 2916,6/7/2017,5.9,,,2013 new Near 2916,5/25/2018,5.9,,,,6.4,,,6,6,,6,2013 new Near 2916,5.9,,5.9,,5.9,
SV,2,2918*,2918,Fagus grandifolia,,,99,,,,99,,,,99,,7/1/2013,6.2,7,New 2013 Near 2488,,6.5,,,7/7/2015,6.6,,,5/31/2016,6.7,,,New 2013 Near 2488,6/7/2017,6.9,,,New 2013 Near 2488,5/25/2018,6.8,,,,6.9,,,6.8,6.9,,6.6,New 2013 Near 2488,6.8,,6.8,,6.8,
SV,3,2491,2491,Fagus grandifolia,5/19/2010,10,0,,6/29/2011,10.1,0,,7/9/2012,10.1,0,,7/1/2013,10.1,0,,,10.1,,,7/7/2015,10.1,,,5/31/2016,10.1,,,,6/7/2017,10.1,,,,5/25/2018,10.1,,,,10.2,,,10.2,0,Dead 2021,0,2021 dead,0,dead,0,,0,
SV,3,2492,2492,Fagus grandifolia,5/19/2010,10.6,0,,6/29/2011,10.9,0,,7/9/2012,10.7,1,,7/1/2013,10.6,1,2013 meas real,,10.6,,,7/7/2015,10.6,,,5/31/2016,10.8,,,2013 meas real,6/7/2017,0,,dead 2017,2013 meas real; 2017 dead,5/25/2018,0,,2018 dead,,0,,,,0,Dead 2021,0,2013 meas real; 2017 dead; 2018 dead,0,dead,0,,0,
SV,3,2493,2493,Fagus grandifolia,5/19/2010,20.7,0,,6/29/2011,21.5,0,,7/9/2012,22.1,0,,7/1/2013,22.5,0,,,23.1,,,7/7/2015,23.8,,,5/31/2016,24.1,,,,6/7/2017,24.8,,over bump,2017 over bump,5/25/2018,25.1,,,,26.1,,,26.1,26.6,,26.8,2017 over bump,27.2,,27.7,,28.2,
SV,3,2495,2495,Fagus grandifolia,5/19/2010,12.2,0,,6/29/2011,12.2,0,,7/9/2012,12.3,0,,7/1/2013,12.3,0,,,12.2,,,7/7/2015,12.2,,,5/31/2016,12.3,,,,6/7/2017,12.2,,,,5/25/2018,12.3,,,,0,,,,0,,0,2019 dead,0,dead,0,,0,
SV,3,2497,2497,Fagus grandifolia,5/19/2010,33,0,,6/29/2011,33.3,0,,7/9/2012,33.6,0,,7/1/2013,33.8,0,,,34.1,,,7/7/2015,34.7,,,5/31/2016,34.7,,Over bump 2016,2016 meas over bump,6/7/2017,34.8,,,2016 meas over bump,5/25/2018,35.3,,,,35.9,,,36.1,35.5,,35.9,2016 meas over bump,35.9,,36.1,meas. over bump,36.1,
SV,3,2498,2498,Fagus grandifolia,5/19/2010,14.2,0,,6/29/2011,14.3,0,,7/9/2012,14.5,0,,7/1/2013,14.6,0,,,14.6,,,7/7/2015,14.8,,,5/31/2016,15,,,,6/7/2017,15,,,,5/25/2018,15,,,,15,,,15,15.1,,15.1,,15,,15,,15,
SV,3,2499,2499,Fagus grandifolia,5/19/2010,30,0,,6/29/2011,31.2,0,,7/9/2012,32.1,0,,7/1/2013,32.5,0,,,33.6,,,7/7/2015,34.5,,,5/31/2016,35.1,,,,6/7/2017,35.9,,,,5/25/2018,36.7,,,,38.2,,,38.3,39.1,,39.7,,40.3,,41.2,,41.9,
SV,3,2500,2500,Fagus grandifolia,5/19/2010,12.3,0,,6/29/2011,12.6,0,,7/9/2012,12.6,0,,7/1/2013,12.6,0,,,12.8,,,7/7/2015,12.8,,,5/31/2016,12.9,,,,6/7/2017,12.9,,,,5/25/2018,12.9,,,,12.9,,,12.8,13,,13,,13,,13,,13,"fallen, barely green"
SV,3,2501,2501,Fagus grandifolia,5/19/2010,33.2,0,,6/29/2011,34.2,0,,7/9/2012,34.6,0,,7/1/2013,35,0,,,36,,,7/7/2015,36.3,,,5/31/2016,36.6,,,,6/7/2017,37.1,,,,5/25/2018,37.1,,,,37.7,,,38,38,,38.2,,38.4,,38.4,fallen; still alive,38.4,
SV,3,2503,2503,Fagus grandifolia,5/19/2010,88.4,0,,6/29/2011,88.3,1,,7/9/2012,88.7,0,,7/1/2013,89,0,,,88.9,,,7/7/2015,89.1,,,5/31/2016,89.9,,,,6/7/2017,90,,,,5/25/2018,90.2,,,,92,,,91.3,92.5,,91.5,2022 tag missing,95.5,tag still missing,93,"tag missing, best guess",92.7,tag missing
SV,3,2504,2504,Fagus grandifolia,5/19/2010,7.8,0,,6/29/2011,7.8,0,,7/9/2012,7.9,0,,7/1/2013,8.1,0,,,8,,,7/7/2015,8,,,5/31/2016,8,,,,6/7/2017,8,,,,5/25/2018,7.9,,2018 real measure,,8,,,8.3,0,Dead 2021,0,2018 real measure; 2021 dead,0,dead,0,,0,
SV,3,2505,2505,Fagus grandifolia,5/19/2010,7.1,0,,6/29/2011,7.2,0,,7/9/2012,7.2,0,,7/1/2013,7.2,3,2013 topkilled; has stem sprouts,,7.2,,,7/7/2015,7.2,,,5/31/2016,7.2,,Almost dead 2016,"2013 topkilled, has stem sprouts; 2016 almost dead",6/7/2017,7.2,,,"2013 topkilled, has stem sprouts; 2016 almost dead",5/25/2018,7.2,,,,7.5,,,7.3,7.3,,0,"2013 topkilled, has stem sprouts; 2016 almost dead, 2022 dead",0,dead,0,,0,
SV,3,2506,2506,Fagus grandifolia,5/19/2010,9.3,0,,6/29/2011,9.3,0,,7/9/2012,9.2,1,,7/1/2013,9.5,0,2013 meas under knot,,9.3,,,7/7/2015,9.5,,,5/31/2016,9.5,,,2013 meas under knot,6/7/2017,9.5,,,2013 meas under knot,5/25/2018,9.4,,,,9.8,,,9.7,9.7,,9.4,2013 meas under knot,9.5,,9.6,dying,9.6,"dead, little green"
SV,3,2507,2507,Fagus grandifolia,5/19/2010,7.3,0,,6/29/2011,7.3,0,,7/9/2012,7.4,0,,7/1/2013,7.4,0,,,7.3,,,7/7/2015,7.3,,,5/31/2016,0,,Dead 2016,2016 dead,6/7/2017,0,,dead 2017,2016 dead,5/25/2018,0,,,,0,,,,0,Dead 2021,0,2016 dead,0,dead,0,,0,
SV,3,2508,2508,Fagus grandifolia,5/19/2010,15.9,0,,6/29/2011,16.4,0,,7/9/2012,16.8,0,,7/1/2013,16.9,0,,,17.2,,,7/7/2015,17.5,,,5/31/2016,17.8,,,,6/7/2017,17.8,,,,5/25/2018,17.8,,,,17.9,,,17.8,17.8,,17.8,,17.8,barely alive,0,standing dead,0,
SV,3,2509,2509,Fagus grandifolia,5/19/2010,10.5,0,,6/29/2011,10.6,0,,7/9/2012,10.6,0,,7/1/2013,10.6,0,,,10.9,,,7/7/2015,10.9,,,5/31/2016,10.9,,,,6/7/2017,10.9,,,,5/25/2018,10.9,,,,10.8,,,10.7,10.8,,10.8,,0,dead,0,,0,
SV,3,2510,2510,Fagus grandifolia,5/19/2010,9.1,0,,6/29/2011,9.1,0,,7/9/2012,9.1,0,,7/1/2013,9.1,0,,,9.1,,,7/7/2015,9.1,,,5/31/2016,9.1,,,,6/7/2017,9.1,,,,5/25/2018,9.1,,,,9.2,,,9.2,9.2,,0,2022 dead,0,dead,0,,0,
SV,3,2512,2512,Fagus grandifolia,5/19/2010,7.5,0,,6/29/2011,7.9,0,,7/9/2012,8,0,,7/1/2013,7.9,1,2013 meas real,,8.2,,,7/7/2015,8.4,,,5/31/2016,8.5,,,2013 meas real,6/7/2017,8.5,,,2013 meas real,5/25/2018,8.6,,2018 real measure,,8.8,,,8.4,8.7,,8.8,2013 meas real; 2018 real measure,8.9,,9.2,,9.4,
SV,3,2513,2513,Fagus grandifolia,5/19/2010,81.3,0,,6/29/2011,81.4,0,,7/9/2012,81.9,0,,7/1/2013,82.6,0,,,82.7,,,7/7/2015,83.2,,,5/31/2016,83.7,,,,6/7/2017,83.8,,,,5/25/2018,84,,,,87.5,,,84.5,85.5,Hollow towards base of trunk,86.1,2021 hollow towards base of trunk,86.4,,87,,87.8,hollowing out
SV,3,2514,2514,Fagus grandifolia,5/19/2010,5.8,5,,6/29/2011,6,0,,7/9/2012,6,0,,7/1/2013,6,0,,,6,,,7/7/2015,6,,,5/31/2016,6.1,,,,6/7/2017,6,,,,5/25/2018,6,,,,6.4,,,6,60,,6,,6,,6,,6,
SV,3,2515,2515,Fagus grandifolia,5/19/2010,9.1,0,,6/29/2011,9.3,0,,7/9/2012,9.2,1,,7/1/2013,9.4,0,,,9.6,,,7/7/2015,9.6,,,5/31/2016,9.8,,,,6/7/2017,9.7,,,,5/25/2018,9.8,,,,9.8,,,9.8,9.8,,9.9,,9.9,,9.9,,10.1,
SV,3,2516,2516,Fagus grandifolia,5/19/2010,6.5,0,,6/29/2011,6.7,0,,7/9/2012,6.6,1,,7/1/2013,6.8,0,,,7,,,7/7/2015,7.1,,,5/31/2016,7,,,,6/7/2017,7.2,,,,5/25/2018,7,,2018 real measure,,7,,,7.3,7.2,Over bump,0,"2018 real measure; 2021 over bump, 2022 dead",0,dead,0,,0,
SV,3,2518,2518,Fagus grandifolia,5/19/2010,31.7,0,,6/29/2011,32.8,0,,7/9/2012,33.6,0,,7/1/2013,34,0,,,34.5,,,7/7/2015,35,,,5/31/2016,35.4,,,,6/7/2017,35.9,,,,5/25/2018,36,,,,36.5,,,36.3,36.5,Fallen but still alive,0,"2021 fallen but still alive, 2022 dead",0,dead,0,,0,
SV,3,2519,2519,Fagus grandifolia,5/19/2010,13.1,0,,6/29/2011,13.1,0,,7/9/2012,13.2,0,,7/1/2013,13.2,0,,,13.2,,,7/7/2015,13.2,,,5/31/2016,13.2,,,,6/7/2017,13.2,,,,5/25/2018,13.2,,,,13.5,,,13.2,13.2,,0,2022 dead,0,dead,0,,0,
SV,3,2520,2520,Fagus grandifolia,5/19/2010,21.7,0,,6/29/2011,22.5,0,,7/9/2012,23.1,0,,7/1/2013,23.5,0,,,24.1,,,7/7/2015,24.8,,,5/31/2016,25.2,,,,6/7/2017,25.5,,,,5/25/2018,25.7,,,,26.1,,,25.9,0,Dead 2021,0,2021 dead,0,dead,0,,0,
SV,3,2521,2521,Fagus grandifolia,5/19/2010,21.1,0,,6/29/2011,22.1,0,,7/9/2012,23,0,,7/1/2013,23.7,0,2013 meas under branch,,23.9,,,7/7/2015,24.3,,,5/31/2016,24.6,,,2013 meas under branch,6/7/2017,24.5,,,2013 meas under branch,5/25/2018,24.6,,,,24.9,,,24.9,24.9,,24.8,2013 meas under branch,24.8,,24.9,,25.2,
SV,3,2522,2522,Fagus grandifolia,5/19/2010,13,0,,6/29/2011,13.1,0,,7/9/2012,13,1,,7/1/2013,13.2,0,,,13,,,7/7/2015,13.2,,,5/31/2016,13.1,,,,6/7/2017,13.1,,,,5/25/2018,13.1,,,,0,2019 dead,,,0,,0,,0,dead,0,,0,
SV,3,2523,2523,Fagus grandifolia,5/19/2010,12.6,0,,6/29/2011,12.5,1,,7/9/2012,12.6,0,,7/1/2013,12.7,0,,,12.6,,,7/7/2015,12.6,,,5/31/2016,0,,Dead 2016,2016 dead,6/7/2017,0,,dead 2017,2016 dead,5/25/2018,0,,,,0,,,,0,,0,2016 dead,0,dead,0,,0,
SV,3,2524,2524,Fagus grandifolia,5/19/2010,25.3,0,,6/29/2011,26.4,0,,7/9/2012,27.2,0,,7/1/2013,27.7,0,,,28.5,,,7/7/2015,29.1,,,5/31/2016,29.6,,,,6/7/2017,30.2,,,,5/25/2018,30.6,,,,31.1,,,31.6,31.6,,32.2,,32.2,,32.9,,33.2,
SV,3,2525,2525,Fagus grandifolia,5/19/2010,9.2,0,,6/29/2011,9.3,0,,7/9/2012,9.2,1,,7/1/2013,9.3,0,,,9.3,,,7/7/2015,9.3,,,5/31/2016,0,,Dead 2016,2016 dead,6/7/2017,0,,dead 2017,2016 dead,5/25/2018,0,,,,0,,,,0,,0,2016 dead,0,dead,0,,0,
SV,3,2526,2526,Fagus grandifolia,5/19/2010,7.7,0,,6/29/2011,7.7,0,,7/9/2012,7.7,0,,7/1/2013,7.7,0,2013 meas on top of little bump,,7.6,,,7/7/2015,7.7,,,5/31/2016,7.7,,,2013 meas on top of little bump,6/7/2017,7.7,,,2013 meas on top of little bump,5/25/2018,7.7,,,,7.8,,,7.6,7.7,,0,"2013 meas on top of little bump, 2022 dead",0,dead,0,,0,
SV,3,2527,2527,Fagus grandifolia,5/19/2010,26.4,0,,6/29/2011,26,1,,7/9/2012,26.7,0,,7/1/2013,27.1,0,,,27.9,,,7/7/2015,28.6,,,5/31/2016,28.9,,,,6/7/2017,29.1,,,,5/25/2018,29.5,,,,30.1,,,30.2,30.1,,30.2,,30.2,,30.4,,30.5,
SV,3,2528,2528,Fagus grandifolia,5/19/2010,6.9,0,,6/29/2011,7,0,,7/9/2012,7,0,,7/1/2013,7,0,,,7,,,7/7/2015,7.1,,,5/31/2016,7.2,,,,6/7/2017,7.1,,almost dead,2017 almost dead,5/25/2018,7.1,,,,7.1,,,,0,,0,2017 almost dead,0,dead,0,,0,
SV,3,2529,2529,Fagus grandifolia,5/19/2010,22.2,0,,6/29/2011,22.1,1,,7/9/2012,23.9,0,,7/1/2013,24.4,0,,,25,,,7/7/2015,25.5,,,5/31/2016,25.8,,,,6/7/2017,26.1,,,,5/25/2018,26.5,,,,27.3,,,27.5,27.8,,28.1,,28.4,,29,,29.3,
SV,3,2530,2530,Fagus grandifolia,5/19/2010,7.5,0,,6/29/2011,7.5,0,,7/9/2012,7.5,0,,7/1/2013,7.6,0,,,7.5,,,7/7/2015,7.5,,,5/31/2016,7.6,,,,6/7/2017,7.6,,,,5/25/2018,7.6,,,,7.6,,,,0,Dead 2021,0,2021 dead,0,dead,0,,0,
SV,3,2531,2531,Fagus grandifolia,5/19/2010,11.8,0,,6/29/2011,11.8,0,,7/9/2012,11.8,0,,7/1/2013,11.8,0,2013 meas over branch,,11.8,,,7/7/2015,11.9,,,5/31/2016,11.9,,,2013 meas over branch,6/7/2017,0,,dead 2017,2013 meas over branch; 2017 dead,5/25/2018,0,,,,0,,,,0,,0,2013 meas over branch; 2017 dead,0,dead,0,,0,
SV,3,2532,2532,Fagus grandifolia,5/19/2010,18.6,0,,6/29/2011,19,0,,7/9/2012,19.6,0,,7/1/2013,19.8,0,,,20.3,,,7/7/2015,20.9,,,5/31/2016,21.2,,,,6/7/2017,21.7,,,,5/25/2018,21.9,,,,22.3,,,22.4,22.5,,22.7,,22.9,,23.2,,23.4,
SV,3,2534,2534,Fagus grandifolia,5/19/2010,23.4,0,,6/29/2011,23.9,0,,7/9/2012,24.2,0,,7/1/2013,24.5,0,,,25,,,7/7/2015,25.4,,,5/31/2016,25.4,,,,6/7/2017,25.4,,,,5/25/2018,25.5,,,,25.9,,,25.8,25.9,Fallen but still alive,26,2021 fallen but still alive,0,presumed dead,0,,0,
SV,3,2535,2535,Fagus grandifolia,5/19/2010,13.8,0,,6/29/2011,14.1,0,,7/9/2012,14.2,0,,7/1/2013,14.3,0,,,14.4,,,7/7/2015,14.6,,,5/31/2016,14.6,,,,6/7/2017,14.6,,,,5/25/2018,14.6,,,,14.6,,,14.5,14.7,,14.7,,0,dead,0,,0,
SV,3,2920*,2920,Fagus grandifolia,,,99,,,,99,,,,99,,7/1/2013,10.1,8,"New 2013 Near 2513, root sprout",,10.5,,,7/7/2015,10.6,,,5/31/2016,10.8,,,"New 2013 Near 2513, root sprout",6/7/2017,10.8,,,"New 2013 Near 2513, root sprout",5/25/2018,10.8,,,,10.8,,,10.8,10.8,,0,"New 2013 Near 2513, root sprout, 2022 dead",0,dead,0,standing dead,0,
SV,4,2538,2538,Fagus grandifolia,5/19/2010,10.2,0,,6/29/2011,10.5,0,,7/9/2012,10.3,1,,7/1/2013,10.7,0,2013 real meas,,10.7,,,7/7/2015,10.8,,,5/31/2016,10.9,,,2013 real meas,6/7/2017,10.9,,,2013 real meas,5/25/2018,10.9,,,,11.1,,,11.1,11.1,,11.1,2013 real meas,11.1,,11.2,BLD,11.3,
SV,4,2541,2541,Fagus grandifolia,5/19/2010,13.7,0,,6/29/2011,13.7,0,,7/9/2012,13.7,0,,7/1/2013,13.9,0,,,13.8,,,7/7/2015,13.9,,,5/31/2016,13.9,,,,6/7/2017,13.9,,dying,2017 dying,5/25/2018,13.9,,,,14.5,,,13.9,0,Dead 2021,0,2017 dying; 2021 dead,0,dead,0,,0,
SV,4,2543,2543,Fagus grandifolia,5/19/2010,8.5,0,,6/29/2011,8.6,0,,7/9/2012,8.7,0,,7/1/2013,8.7,0,,,8.8,,,7/7/2015,8.9,,,5/31/2016,8.9,,,,6/7/2017,8.9,,,,5/25/2018,8.9,,,,8.4,,,8.6,8.8,,8.9,,8.9,,8.9,,8.9,
SV,4,2544,2544,Fagus grandifolia,5/19/2010,15.9,0,,6/29/2011,16.7,0,,7/9/2012,17,0,,7/1/2013,17.3,0,,,17.8,,,7/7/2015,18.3,,,5/31/2016,18.5,,Changed 2015 meas from 13.3 to 18.3,,6/7/2017,18.6,,,,5/25/2018,18.8,,,,19.4,,,20.8,19.2,,19.1,,19.2,,19.2,,19.4,top snapped but healing
SV,4,2545,2545,Fagus grandifolia,5/19/2010,17.3,0,,6/29/2011,17.4,0,,7/9/2012,17.5,0,,7/1/2013,17.8,0,,,17.8,,,7/7/2015,17.7,,2015: real measurement,5/31/2016,17.8,,,2015 real meas.,6/7/2017,17.9,,,2015 real meas.,5/25/2018,17.8,,,,18,,,18.1,18,,17.8,2015 real meas.,17.8,,0,fallen dead,0,
SV,4,2547,2547,Fagus grandifolia,5/19/2010,16.4,0,,6/29/2011,17.2,0,,7/9/2012,17.7,0,,7/1/2013,18.1,0,,,18.9,,,7/7/2015,19.4,,,5/31/2016,19.9,,,,6/7/2017,20.2,,,,5/25/2018,20.6,,,,21.4,,,21.3,21.5,,21.7,,21.9,,22.3,,22.7,
SV,4,2548,2548,Fagus grandifolia,5/19/2010,22.7,0,,6/29/2011,23.4,0,,7/9/2012,24.4,0,,7/1/2013,24.5,0,,,25.2,,,7/7/2015,25.7,,,5/31/2016,26.1,,,,6/7/2017,26.2,,,,5/25/2018,26.5,,,,27.3,,,27,27.3,,27.6,,27.8,,28.1,,28.6,
SV,4,2549,2549,Fagus grandifolia,5/19/2010,10.2,0,,6/29/2011,10.3,0,,7/9/2012,10.3,0,,7/1/2013,10.4,0,,,10.6,,,7/7/2015,10.8,,,5/31/2016,10.9,,,,6/7/2017,10.9,,,,5/25/2018,10.9,,,,11.1,,,10.8,11,Peeling bark,0,"2021 peeling bark, 2022 dead",0,dead,0,,0,
SV,4,2550,2550,Fagus grandifolia,5/19/2010,29.1,0,,6/29/2011,29.9,0,,7/9/2012,30.8,0,,7/1/2013,31.1,0,,,32,,,7/7/2015,32.5,,,5/31/2016,32.8,,,,6/7/2017,33.1,,,,5/25/2018,33.5,,,,34.6,,,34.3,34.5,,35,,35.1,,35.6,,36,
SV,4,2551,2551,Fagus grandifolia,5/19/2010,7.2,0,,6/29/2011,7.2,0,,7/9/2012,7.2,0,,7/1/2013,7.2,0,,,7.5,,,7/7/2015,7.9,,,5/31/2016,7.9,,Above nail to avoid branches 2016,2016 meas above nail to avoid branches,6/7/2017,8,,measured under branch,2016 meas above nail to avoid branches; 2017 measured under branch,5/25/2018,8,,,,8.5,,,7.9,7.7,,0,"2016 meas above nail to avoid branches; 2017 measured under branch, 2022 dead",0,dead,0,,0,
SV,4,2552,2552,Fagus grandifolia,5/19/2010,12,0,,6/29/2011,12.1,0,,7/9/2012,12,1,,7/1/2013,12.1,0,,,12.2,,,7/7/2015,12.4,,,5/31/2016,12.4,,,,6/7/2017,12.4,,,,5/25/2018,12.5,,,,12.6,,,12.5,12.7,,12.8,,12.7,,12.7,,12.8,
SV,4,2553,2553,Fagus grandifolia,5/19/2010,31.8,0,,6/29/2011,32.7,0,,7/9/2012,33.5,0,,7/1/2013,33.9,0,,,34.5,,,7/7/2015,35.3,,,5/31/2016,35.6,,,,6/7/2017,36,,,,5/25/2018,36.1,,,,36.8,,,36.3,36.5,,36.3,,36.4,,36.5,,36.5,
SV,4,2554,2554,Fagus grandifolia,5/19/2010,14.1,0,,6/29/2011,14.2,0,,7/9/2012,14.2,0,,7/1/2013,14.3,0,,,14.3,,,7/7/2015,14.4,,,5/31/2016,14.2,,Real meas 2016,2016 real meas.,6/7/2017,14.4,,,2016 real meas.,5/25/2018,14.4,,,,14.5,,,14.5,14.4,,0,"2016 real meas., 2022 dead",0,dead,0,,0,
SV,4,2557,2557,Fagus grandifolia,5/19/2010,6.1,0,,6/29/2011,6.3,0,,7/9/2012,6.3,0,,7/1/2013,6.4,0,,,6.7,,,7/7/2015,6.7,,,5/31/2016,6.8,,,,6/7/2017,6.8,,,,5/25/2018,6.9,,,,7,,,6.9,16.6,,7.1,,7.3,,7.3,,7.5,
SV,4,2559,2559,Fagus grandifolia,5/19/2010,26.3,2,,6/29/2011,26.6,0,,7/9/2012,26.8,0,2012 changed dbh2010 from 29.3 to 26.3,7/1/2013,26.9,0,,,27,,,7/7/2015,27.2,,,5/31/2016,27.2,,,2012 changed dbh2010 from 29.3 to 26.3,6/7/2017,28,,,2012 changed dbh2010 from 29.3 to 26.3,5/25/2018,27.3,,2018 real measure,,27.5,,,27.4,27.5,,27.4,2012 changed dbh2010 from 29.3 to 26.3; 2018 real measure,27.3,,27.3,bark chipping off,27.4,almost dead
SV,4,2560,2560,Fagus grandifolia,5/19/2010,7.1,0,,6/29/2011,7.2,0,,7/9/2012,7.2,0,,7/1/2013,7.2,0,,,7.3,,,7/7/2015,7.3,,,5/31/2016,7.3,,,,6/7/2017,7.3,,,,5/25/2018,0,,2018 dead,,0,,,,0,,0,2018 dead,0,dead,0,,0,
SV,4,2561,2561,Fagus grandifolia,5/19/2010,9,0,,6/29/2011,9.5,0,,7/9/2012,9.7,0,,7/1/2013,10,0,,,10.4,,,7/7/2015,10.8,,,5/31/2016,11,,,,6/7/2017,11.5,,,,5/25/2018,11.5,,,,11.7,,,11.7,0,Dead 2021,0,2021 dead,0,dead,0,,0,
SV,4,2562,2562,Fagus grandifolia,5/19/2010,13,0,,6/29/2011,13.1,0,,7/9/2012,13.2,0,,7/1/2013,13.2,0,,,13.1,,,7/7/2015,13.2,,,5/31/2016,13.1,,,,6/7/2017,13.1,,,,5/25/2018,0,,2018 dead,,0,,,,0,,0,2018 dead,0,dead,0,,0,
SV,4,2563,2563,Fagus grandifolia,5/19/2010,25.4,0,,6/29/2011,26.1,0,,7/9/2012,26.6,0,,7/1/2013,26.8,0,,,27.3,,,7/7/2015,27.7,,,5/31/2016,28.1,,,,6/7/2017,28.2,,,,5/25/2018,28.2,,,,28.9,,,28.6,28.7,,0,2022 dead,0,dead,0,,0,
SV,4,2564,2564,Fagus grandifolia,5/19/2010,11,0,,6/29/2011,11.3,0,,7/9/2012,11.3,0,,7/1/2013,11.5,0,,,11.5,,,7/7/2015,11.7,,,5/31/2016,11.8,,,,6/7/2017,11.7,,,,5/25/2018,11.7,,,,11.8,,,11.8,11.8,,11.6,,0,dead,0,,0,
SV,4,2565,2565,Fagus grandifolia,5/19/2010,12.5,0,,6/29/2011,12.8,0,,7/9/2012,12.9,0,,7/1/2013,13.1,0,2013 meas below knot to R of tag,,13.3,,,7/7/2015,13.5,,,5/31/2016,13.6,,,2013 meas below knot to R of tag,6/7/2017,13.7,,,2013 meas below knot to R of tag,5/25/2018,13.6,,2018 real measure,,13.8,,,13.7,13.7,,13.6,2013 meas below knot to R of tag; 2018 real measure,13.6,,13.6,,13.6,
SV,4,2566,2566,Fagus grandifolia,5/19/2010,71.2,0,,6/29/2011,71.2,0,,7/9/2012,72,0,,7/1/2013,72.7,0,,,73.2,,,7/7/2015,73.3,,,5/31/2016,73.5,,,,6/7/2017,73.5,,,,5/25/2018,73.8,,,,0,,,,0,,0,2019 dead,0,dead,0,,0,
SV,4,2567,2567,Fagus grandifolia,5/19/2010,7.4,0,,6/29/2011,7.6,0,,7/9/2012,7.6,0,,7/1/2013,7.7,0,,,7.6,,,7/7/2015,7.6,,,5/31/2016,7.6,,,,6/7/2017,7.6,,,,5/25/2018,7.6,,,,7.8,,,7.6,7.5,,7.5,,7.5,,7.5,BLD,7.5,almost dead
SV,4,2571,2571,Fagus grandifolia,5/19/2010,13.1,0,,6/29/2011,13.5,0,,7/9/2012,13.6,0,,7/1/2013,13.6,0,,,14,,,7/7/2015,14.3,,,5/31/2016,14.4,,,,6/7/2017,14.4,,,,5/25/2018,14.4,,2018 measure on bump,,14.5,,,14.3,14.3,,14.3,2018 measure on bump,14.4,,14.4,,14.4,
SV,4,2573,2573,Fagus grandifolia,5/19/2010,17.5,0,,6/29/2011,18,0,,7/9/2012,18.1,0,,7/1/2013,18.2,0,,,18.6,,,7/7/2015,19.1,,,5/31/2016,19.5,,,,6/7/2017,19.5,,,,5/25/2018,19.5,,,,20,,,19.9,19.9,,0,2022 dead,0,dead,0,,0,
SV,4,2576,2576,Fagus grandifolia,5/19/2010,18.9,0,,6/29/2011,19.6,0,,7/9/2012,20.1,0,,7/1/2013,20.1,0,,,20.5,,,7/7/2015,20.9,,,5/31/2016,21.1,,,,6/7/2017,21.2,,,,5/25/2018,21.5,,,,22.6,,,21.9,22.3,2021 real meas.,22,2021 real,23.1,,23.7,"Bri Shepherd says this is a maple tree, not sure if sugar or red",24.1,
SV,4,2577,2577,Fagus grandifolia,5/19/2010,8.6,0,,6/29/2011,8.7,0,,7/9/2012,8.7,0,,7/1/2013,8.7,0,,,8.8,,,7/7/2015,8.9,,,5/31/2016,8.8,,,,6/7/2017,8.7,,,,5/25/2018,8.7,,,,9,,,8.9,8.8,,8.6,,0,dead,0,,0,
SV,4,2579,2579,Fagus grandifolia,5/19/2010,26.1,0,,6/29/2011,26.9,0,,7/9/2012,27.5,0,,7/1/2013,27.8,0,,,28.4,,,7/7/2015,29.2,,,5/31/2016,29.7,,,,6/7/2017,30,,,,5/25/2018,30.4,,,,31.6,,,31,31.3,,31.4,,31.6,,32.1,,32.2,
SV,4,2580,2580,Fagus grandifolia,5/19/2010,12.1,0,,6/29/2011,12.2,0,,7/9/2012,12.2,0,,7/1/2013,12.3,0,,,12.3,,,7/7/2015,12.3,,,5/31/2016,12.6,,,,6/7/2017,12.6,,,,5/25/2018,12.4,,2018 real-measure above knot,,12.7,,,12.4,12.6,,12.5,2018 real-measure above knot,12.5,leaning but alive,12.5,"still alive, leaning",12.7,leaning
SV,4,2584,2584,Fagus grandifolia,5/19/2010,6.8,0,,6/29/2011,6.9,0,,7/9/2012,6.9,0,,7/1/2013,7,0,,,6.9,,,7/7/2015,7.1,,,5/31/2016,7.1,,,,6/7/2017,7,,,,5/25/2018,7.1,,,,7.3,,,7.7,7.2,,7.2,,7.2,,7.2,,7.4,
SV,4,2586,2586,Fagus grandifolia,5/19/2010,21.7,0,,6/29/2011,22.5,0,,7/9/2012,23.1,0,,7/1/2013,23.4,0,,,24,,,7/7/2015,24.5,,,5/31/2016,24.6,,,,6/7/2017,24.8,,,,5/25/2018,24.9,,,,25.4,,,24.9,25.1,,25.4,,25.4,,25.6,,25.7,
SV,5,2588,2588,Fagus grandifolia,5/19/2010,8.3,0,,6/29/2011,8.7,0,,7/9/2012,8.8,0,,7/1/2013,8.9,0,,,9.1,,,7/7/2015,9.4,,,5/31/2016,9.5,,,,6/7/2017,9.7,,,,5/25/2018,9.8,,,,9.9,,,9.8,10,,9.9,,9.9,,9.9,,9.9,
SV,5,2590,2590,Fagus grandifolia,5/19/2010,6.2,0,,6/29/2011,6.8,0,,7/9/2012,7.2,0,,7/1/2013,7.3,0,,,7.6,,,7/7/2015,8,,,5/31/2016,8.5,,,,6/7/2017,8.9,,,,5/25/2018,9.2,,,,9.2,,,9.4,9.5,Fallen but still alive,9.4,2021 fallen but still alive,9.4,still alive,9.5,alive still,9.4,
SV,5,2591,2591,Fagus grandifolia,5/19/2010,5.7,5,,6/29/2011,6,0,,7/9/2012,6.2,0,,7/1/2013,6.3,0,,,6.6,,,7/7/2015,6.8,,,5/31/2016,6.9,,,,6/7/2017,7.1,,,,5/25/2018,7.1,,,,7.2,,,7.1,7.1,,7.1,,7.1,,7.2,meas. on bump,7.1,
SV,5,2595,2595,Fagus grandifolia,5/19/2010,52.8,0,,6/29/2011,52.8,0,,7/9/2012,52.9,0,,7/1/2013,53.4,0,,,53.4,,,7/7/2015,53.7,,,5/31/2016,53.9,,,,6/7/2017,53.9,,,,5/25/2018,54.1,,,,54.2,,,54.6,54.8,,55,,55.1,,55.3,,55.4,
SV,5,2596,2596,Fagus grandifolia,5/19/2010,6.1,0,,6/29/2011,6.5,0,,7/9/2012,6.6,0,,7/1/2013,6.7,0,,,7,,,7/7/2015,7.2,,,5/31/2016,7.3,,,,6/7/2017,7.3,,,,5/25/2018,7.3,,,,7.4,,,7.2,7.4,,7.4,,7.4,,7.4,,7.4,dying
SV,5,2597,2597,Fagus grandifolia,5/19/2010,6.7,0,,6/29/2011,6.8,0,,7/9/2012,6.9,0,,7/1/2013,7,0,,,7.3,,,7/7/2015,7.5,,,5/31/2016,7.7,,,,6/7/2017,7.7,,,,5/25/2018,7.7,,,,7.8,,,7.6,7.7,,7.9,,7.8,,7.8,,7.8,dying
SV,5,2598,2598,Fagus grandifolia,5/19/2010,6.7,0,,6/29/2011,7,0,,7/9/2012,7.1,0,,7/1/2013,7.4,0,,,7.5,,,7/7/2015,7.8,,,5/31/2016,7.9,,,,6/7/2017,8,,almost dead,2017 almost dead,5/25/2018,8,,,,8.1,,,,8.1,,8.1,2017 almost dead,8,"still alive, BLD",8,,8.1,dying
SV,5,2600,2600,Fagus grandifolia,5/19/2010,6.5,0,,6/29/2011,6.7,0,,7/9/2012,7.2,0,,7/1/2013,7.3,0,,,7.6,,,7/7/2015,8,,,5/31/2016,8.1,,,,6/7/2017,8,,almost dead,2017 almost dead,5/25/2018,8,,,,8,,,,8.1,,8.1,2017 almost dead,8.1,"still alive, BLD",8.1,"alive, BLD",8.1,dying
SV,5,2601,2601,Fagus grandifolia,5/19/2010,6,0,,6/29/2011,6.2,0,,7/9/2012,6,1,,7/1/2013,6,0,,,6.1,,,7/7/2015,6.2,,,5/31/2016,6.2,,,,6/7/2017,6.2,,nail rusted,2017 nail rusted,5/25/2018,6.2,,,,6.2,,,6.1,6.1,,6.1,2017 nail rusted,6,,6.1,,6.2,
SV,5,2602,2602,Fagus grandifolia,5/19/2010,9,0,,6/29/2011,9.1,0,,7/9/2012,9.1,0,,7/1/2013,9.2,0,,,9.3,,,7/7/2015,9.4,,,5/31/2016,9.4,,,,6/7/2017,9.4,,,,5/25/2018,9.5,,,,9.5,,,9.4,9.3,,0,2022 dead,0,dead,0,,0,
SV,5,2604,2604,Fagus grandifolia,5/19/2010,7.7,0,,6/29/2011,7.8,0,,7/9/2012,7.9,0,,7/1/2013,7.9,0,,,8,,,7/7/2015,8,,,5/31/2016,8.2,,,,6/7/2017,8.2,,,,5/25/2018,8.2,,,,8.3,,,8.3,8.4,,8.4,,8.4,,0,standing dead,0,
SV,5,2606,2606,Fagus grandifolia,5/19/2010,6.6,0,,6/29/2011,7,0,,7/9/2012,6.9,1,,7/1/2013,7,0,2013 meas with knot,,7.1,,,7/7/2015,7.3,,,5/31/2016,7.5,,,2013 meas with knot,6/7/2017,7.7,,,2013 meas with knot,5/25/2018,7.6,,,,7.6,,,7.3,7.5,,7.6,2013 meas with knot,7.5,,7.8,,7.6,
SV,5,2607,2607,Fagus grandifolia,5/19/2010,10.9,0,,6/29/2011,11.1,0,,7/9/2012,11.3,0,,7/1/2013,11.2,1,,,11.5,,,7/7/2015,11.7,,,5/31/2016,11.9,,,,6/7/2017,12,,,,5/25/2018,12,,,,12.1,,,11.9,12.1,,12.3,,12.4,,12.2,,12.2,
SV,5,2608,2608,Fagus grandifolia,5/19/2010,12.3,0,,6/29/2011,12.5,0,,7/9/2012,13.1,0,,7/1/2013,13.1,0,2013 meas over knot in back,,13,,,7/7/2015,13,,,5/31/2016,13,,,2013 meas over knot in back,6/7/2017,13.1,,,2013 meas over knot in back,5/25/2018,13.1,,,,13.1,,,13.2,13.4,,13.3,2013 meas over knot in back,13.1,,0,standing dead,0,
SV,5,2609,2609,Fagus grandifolia,5/19/2010,7.8,0,,6/29/2011,7.8,0,,7/9/2012,7.8,0,,7/1/2013,7.8,0,,,7.8,,,7/7/2015,7.9,,,5/31/2016,8,,,,6/7/2017,7.9,,,,5/25/2018,7.9,,,,7.9,,,7.7,7.9,,8,,0,dead,0,,0,
SV,5,2612,2612,Fagus grandifolia,5/19/2010,6,0,,6/29/2011,6.1,0,,7/9/2012,6.2,0,,7/1/2013,6.1,1,,,6.1,,,7/7/2015,6.2,,,5/31/2016,6.1,,,,6/7/2017,6.2,,,,5/25/2018,6.2,,,,6.2,,,6.2,6.2,,0,2022 dead,0,dead,0,,0,
SV,5,2613,2613,Fagus grandifolia,5/19/2010,15.5,0,,6/29/2011,15.9,0,,7/9/2012,16.1,0,,7/1/2013,16.3,0,,,16.7,,,7/7/2015,17,,,5/31/2016,17.2,,,,6/7/2017,17.3,,,,5/25/2018,17.4,,,,17.6,,,17.5,17.5,,17.5,,17.6,,17.6,,17.6,
SV,5,2617,2617,Fagus grandifolia,5/19/2010,8.1,0,,6/29/2011,8.3,0,,7/9/2012,9.3,0,,7/1/2013,8.3,1,2013 meas perpendicular to trunk,,8.4,,,7/7/2015,8.7,,,5/31/2016,8.7,,,2013 meas perpendicular to trunk,6/7/2017,8.6,,,2013 meas perpendicular to trunk,5/25/2018,8.5,,,,8.5,,,,8.3,,0,"2013 meas perpendicular to trunk, 2022 dead",0,dead,0,,0,
SV,5,2619,2619,Fagus grandifolia,5/19/2010,41,0,,6/29/2011,41.5,0,,7/9/2012,42,0,,7/1/2013,42,0,,,42.6,,,7/7/2015,43,,,5/31/2016,43.3,,,,6/7/2017,43.8,,,,5/25/2018,43.9,,,,44.6,,,44.3,45.1,,45.2,,45.5,retag,45.5,,45.8,
SV,5,2620,2620,Fagus grandifolia,5/19/2010,8.6,0,,6/29/2011,8.6,0,,7/9/2012,8.8,0,,7/1/2013,8.8,0,,,9,,,7/7/2015,9.2,,,5/31/2016,9.2,,,,6/7/2017,9.1,,,,5/25/2018,9.2,,,,9.2,,,9.4,9,,9.1,,9,,9,meas. below branch,0,dead
SV,5,2622,2622,Fagus grandifolia,5/19/2010,24.8,0,,6/29/2011,25,0,,7/9/2012,25.1,0,,7/1/2013,25.1,0,,,25.3,,,7/7/2015,25.5,,,5/31/2016,25.8,,,,6/7/2017,25.6,,,,5/25/2018,25.7,,,,25.7,,,25.7,25.7,,25.7,,25.7,,0,standing dead,0,
SV,5,2623,2623,Fagus grandifolia,5/19/2010,7.7,0,,6/29/2011,7.8,0,,7/9/2012,8.1,0,,7/1/2013,8.1,0,,,8,,,7/7/2015,8.3,,,5/31/2016,8.2,,,,6/7/2017,8.1,,almost dead,2017 almost dead,5/25/2018,8.1,,,,8.2,,,8.3,0,Dead 2021,0,2017 almost dead; 2021 dead,0,dead,0,,0,
SV,5,2624,2624,Fagus grandifolia,5/19/2010,26.7,0,,6/29/2011,27.2,0,,7/9/2012,27.6,0,,7/1/2013,27.8,0,,,28.2,,,7/7/2015,28.7,,,5/31/2016,29.1,,,,6/7/2017,29.5,,,,5/25/2018,29.8,,,,30.3,,,30.5,30.9,,30.8,,31,,31.2,,31.2,
SV,5,2625,2625,Fagus grandifolia,5/19/2010,46.2,0,,6/29/2011,46.3,0,,7/9/2012,46.6,0,,7/1/2013,46.7,0,,,46.8,,,7/7/2015,47.2,,,5/31/2016,47.4,,,,6/7/2017,47.4,,,,5/25/2018,47.5,,,,48,,,47.8,48.2,,48.3,,48.4,,48.5,,48.6,
SV,5,2626,2626,Fagus grandifolia,5/19/2010,5.8,5,,6/29/2011,6.2,0,,7/9/2012,6.6,0,,7/1/2013,6.8,0,,,7.2,,,7/7/2015,7.6,,,5/31/2016,7.8,,,,6/7/2017,8.2,,,,5/25/2018,8.2,,,,8.2,,,8.4,8.3,,8.3,,8.2,,8.3,,8.2,
SV,5,2627,2627,Fagus grandifolia,5/19/2010,7.5,0,,6/29/2011,7.8,0,,7/9/2012,8,0,,7/1/2013,8.3,0,,,8.6,,,7/7/2015,9,,,5/31/2016,9.2,,,,6/7/2017,9.4,,,,5/25/2018,9.4,,,,9.8,,,9.8,9.9,,9.9,,10,,10,,10,sanpped at top
SV,5,2631,2631,Fagus grandifolia,5/19/2010,10.3,0,,6/29/2011,10.9,0,,7/9/2012,11.2,0,2012 tag embedded,7/1/2013,11.4,0,,,11.8,,,7/7/2015,12.2,,,5/31/2016,12.3,,,2012 tag embedded,6/7/2017,12.6,,,2012 tag embedded,5/25/2018,12.9,,,,13.2,,,13.1,13.2,,13.3,2012 tag embedded,13.4,,13.4,,13.5,
SV,5,2633,2633,Fagus grandifolia,5/19/2010,6.7,0,,6/29/2011,7.2,0,,7/9/2012,7.5,0,,7/1/2013,7.7,0,,,8.1,,,7/7/2015,8.5,,,5/31/2016,8.8,,,,6/7/2017,8.9,,,,5/25/2018,9,,,,9.1,,,9.2,9.3,,9.8,,9.3,uprooted but alive,9.6,"fallen, alive",9.3,
SV,5,2921*,2921,Fagus grandifolia,,,99,,,,99,,,,99,,7/1/2013,6,7,New 2013 Near 2599,,6.4,,,7/7/2015,6.8,,,5/31/2016,6.9,,,New 2013 Near 2599,6/7/2017,7.1,,,New 2013 Near 2599,5/25/2018,7.3,,,,7.3,,,7.3,7.3,,7.3,New 2013 Near 2599,7.2,,7.4,,7.3,
SV,5,2922*,2922,Fagus grandifolia,,,99,,,,99,,,,99,,7/1/2013,5.9,5,2013 new Near 2596,,6.1,,,7/7/2015,6.5,,,5/31/2016,6.6,,,2013 new Near 2596,6/7/2017,6.8,,,2013 new Near 2596,5/25/2018,6.8,,,,6.8,,,6.8,6.8,,6.9,2013 new Near 2596,NA,measurement missing,6.9,near left side of plot,6.9,sort of near 2596
SV,6,2636,2636,Fagus grandifolia,5/19/2010,12,0,,6/29/2011,12.6,0,,7/9/2012,13.2,0,,7/1/2013,12.9,1,2013 measurement real is 2012 a tape transpose?,,13.2,,,7/7/2015,13.2,,,5/31/2016,13.3,,,2013 measurement real is 2012 a tape transpose?,6/7/2017,0,,dead 2017,2013 measurement real is 2012 a tape transpose?; 2017 dead,5/25/2018,0,,,,0,,,,0,Dead 2021,0,2013 measurement real is 2012 a tape transpose?; 2017 dead,0,dead,0,,0,
SV,6,2641,2641,Fagus grandifolia,5/19/2010,12.3,0,,6/29/2011,12.7,0,,7/9/2012,12.9,0,,7/1/2013,13.1,0,,,13.4,,,7/7/2015,13.8,,,5/31/2016,14,,,,6/7/2017,14.1,,,,5/25/2018,14.3,,,,14.5,,,14.5,14.6,,14.7,,14.8,,15.1,BLD,14.8,
SV,6,2642,2642,Fagus grandifolia,5/19/2010,6.1,0,,6/29/2011,6.5,0,,7/9/2012,6.7,0,,7/1/2013,6.7,0,,,7.1,,,7/7/2015,7.3,,,5/31/2016,7.5,,,,6/7/2017,7.7,,,,5/25/2018,7.7,,,,8.1,,,8,8.1,,8.2,,8.4,,8.6,,8.7,
SV,6,2643,2643,Fagus grandifolia,5/19/2010,12.4,0,,6/29/2011,12.8,0,,7/9/2012,13,0,,7/1/2013,13.2,0,,,13.6,,,7/7/2015,13.9,,,5/31/2016,14,,,,6/7/2017,14.3,,,,5/25/2018,14.6,,,,15.2,,,15.3,15.4,,15.5,,15.6,,16,,16.1,
SV,6,2646,2646,Fagus grandifolia,5/19/2010,6.6,0,,6/29/2011,6.9,0,,7/9/2012,7.3,0,,7/1/2013,7.5,0,,,7.8,,,7/7/2015,8.2,,,5/31/2016,8.2,,,,6/7/2017,8.3,,,,5/25/2018,8.4,,,,8.6,,,9.1,8.6,,8.6,,8.6,,8.6,,8.8,
SV,6,2647,2647,Fagus grandifolia,5/19/2010,11,0,,6/29/2011,11.2,0,,7/9/2012,11.5,0,,7/1/2013,11.8,0,,,11.9,,,7/7/2015,12.4,,,5/31/2016,12.4,,,,6/7/2017,12.8,,,,5/25/2018,12.7,,,,12.8,,,13.1,13.1,,13.3,,13.1,,13.2,,13.3,
SV,6,2648,2648,Fagus grandifolia,5/19/2010,9.7,0,,6/29/2011,10,0,,7/9/2012,10.2,0,,7/1/2013,10.4,0,,,10.7,,,7/7/2015,10.9,,,5/31/2016,11,,,,6/7/2017,11.1,,,,5/25/2018,11.2,,,,11.2,,,11.2,11.3,,11.1,,11.2,,11.3,,11.3,
SV,6,2649,2649,Fagus grandifolia,5/19/2010,6,0,,6/29/2011,6.1,0,,7/9/2012,6.2,0,,7/1/2013,6.2,0,,,6.4,,,7/7/2015,6.5,,,5/31/2016,6.5,,,,6/7/2017,6.6,,,,5/25/2018,6.7,,,,6.8,,,6.8,6.9,,7.1,,7.1,,7.1,meas. over bump,7.2,
SV,6,2650,2650,Fagus grandifolia,5/19/2010,7,0,,6/29/2011,7.2,0,,7/9/2012,7.5,0,,7/1/2013,7.6,0,,,7.6,,,7/7/2015,7.8,,,5/31/2016,8,,,,6/7/2017,7.9,,,,5/25/2018,8,,,,8,,,8,8.1,,8.1,,0,dead,0,,0,
SV,6,2653,2653,Fagus grandifolia,5/19/2010,14.7,0,,6/29/2011,15,0,,7/9/2012,15.2,0,,7/1/2013,15.2,0,,,15.6,,,7/7/2015,15.9,,,5/31/2016,16,,,,6/7/2017,16.1,,,,5/25/2018,16.3,,,,16.4,,,16.4,16.4,,16.5,,16.5,,16.6,,16.6,
SV,6,2654,2654,Fagus grandifolia,5/19/2010,7.1,0,,6/29/2011,7.2,0,,7/9/2012,7.2,0,,7/1/2013,7.2,0,,,7.2,,,7/7/2015,7.3,,,5/31/2016,7.3,,,,6/7/2017,7.3,,nail rusted,2017 nail rusted,5/25/2018,7.3,,,,7.4,,,7.2,7.4,,7.4,2017 nail rusted,7.4,,7.4,,7.4,
SV,6,2655,2655,Fagus grandifolia,5/19/2010,36.7,0,,6/29/2011,37.1,0,,7/9/2012,37.5,0,,7/1/2013,37.8,0,,,37.8,,,7/7/2015,38.2,,,5/31/2016,38.2,,,,6/7/2017,38.3,,,,5/25/2018,38.3,,,,38.5,,,38.9,38.8,,38.6,,38.6,,38.7,,38.8,
SV,6,2656,2656,Fagus grandifolia,5/19/2010,8.5,0,,6/29/2011,8.5,0,,7/9/2012,8.8,0,,7/1/2013,8.6,1,"2013 meas real, 2012 meas?",,8.5,,,7/7/2015,8.7,,,5/31/2016,8.7,,,"2013 meas real, 2012 meas?",6/7/2017,8.6,,,"2013 meas real, 2012 meas?",5/25/2018,8.7,,,,8.2,,,8.8,8.6,2021 real meas.,0,"2013 meas real, 2012 meas?; 2021 real, 2022 dead",0,dead,0,,0,
SV,6,2657,2657,Fagus grandifolia,5/19/2010,16.2,0,,6/29/2011,16.7,0,,7/9/2012,16.8,0,,7/1/2013,17,0,2013 nail embedded,,17.5,,,7/7/2015,17.9,,,5/31/2016,18.1,,,2013 nail embedded,6/7/2017,18.2,,,2013 nail embedded,5/25/2018,18.2,,,,18.4,,,18.5,18.5,,18.5,2013 nail embedded,0,dead,0,,0,
SV,6,2659,2659,Fagus grandifolia,5/19/2010,6.4,0,,6/29/2011,6.5,0,,7/9/2012,6.6,0,,7/1/2013,6.5,1,2013 meas real,,6.5,,,7/7/2015,6.7,,,5/31/2016,6.8,,,2013 meas real,6/7/2017,6.7,,,2013 meas real,5/25/2018,6.7,,,,6.7,,,6.6,6.7,Maybe dead,0,"2013 meas real; 2021 maybe dead, 2022 dead",0,dead,0,,0,
SV,6,2660,2660,Fagus grandifolia,5/19/2010,8,0,,6/29/2011,7.6,1,,7/9/2012,7.6,0,,7/1/2013,7.9,0,,,7.9,,,7/7/2015,7.9,,,5/31/2016,7.9,,,,6/7/2017,7.9,,almost dead,2017 almost dead,5/25/2018,7.7,,2018 between bumps on left,,7.6,,,,0,Dead 2021,0,2017 almost dead; 2018 between bumps on left; 2021 dead,0,dead,0,,0,
SV,6,2661,2661,Fagus grandifolia,5/19/2010,11.3,0,,6/29/2011,11.5,0,,7/9/2012,11.4,1,,7/1/2013,11.5,0,,,11.9,,,7/7/2015,11.9,,,5/31/2016,12.2,,,,6/7/2017,12.3,,,,5/25/2018,12.3,,,,12.3,,,12.6,12.5,,12.5,,12.4,,12.4,meas. over bumps,12.4,
SV,6,2662,2662,Fagus grandifolia,5/19/2010,8.2,0,,6/29/2011,8.4,0,,7/9/2012,8.4,0,,7/1/2013,8.4,0,,,8.7,,,7/7/2015,8.8,,,5/31/2016,8.9,,,,6/7/2017,9,,,,5/25/2018,9,,,,9.1,,,9.1,9.2,,9.1,,9.1,,0,standing dead,0,
SV,6,2663,2663,Fagus grandifolia,5/19/2010,9.5,0,,6/29/2011,9.5,0,,7/9/2012,9.5,0,,7/1/2013,9.5,0,,,9.5,,,7/7/2015,9.6,,,5/31/2016,9.6,,,,6/7/2017,9.6,,,,5/25/2018,9.6,,,,9.7,,,9.5,9.7,,9.8,,9.6,,9.6,,9.6,
SV,6,2664,2664,Fagus grandifolia,5/19/2010,46.6,0,,6/29/2011,46.8,0,,7/9/2012,47.1,0,,7/1/2013,47.4,0,,,47.6,,,7/7/2015,47.8,,,5/31/2016,47.8,,,,6/7/2017,47.9,,,,5/25/2018,47.9,,,,48.3,,,48.7,48.5,2021 real meas.,48.9,2021 real,48.6,,48.9,,48.9,
SV,6,2665,2665,Fagus grandifolia,5/19/2010,6.3,0,,6/29/2011,6.3,0,,7/9/2012,6.5,0,,7/1/2013,6.5,0,2013 meas over bump and perp to trunk,,6.4,,,7/7/2015,6.4,,,5/31/2016,6.4,,,2013 meas over bump and perp to trunk,6/7/2017,6.4,,,2013 meas over bump and perp to trunk,5/25/2018,6.2,,2018 bump gone,,0,,,,0,Dead 2021,0,"2013 meas over bump and perp to trunk; 2018 bump gone, 2019 dead",0,dead,0,,0,
SV,6,2667,2667,Fagus grandifolia,5/19/2010,7.5,0,,6/29/2011,8,0,,7/9/2012,8,0,,7/1/2013,7.8,1,2013 meas real,,7.9,,,7/7/2015,8,,,5/31/2016,8,,,2013 meas real,6/7/2017,8.1,,almost dead,2013 meas real; 2017 almost dead,5/25/2018,8,,,,8.1,,,8.1,8.1,,8.1,2013 meas real; 2017 almost dead,8.1,,8.3,,8.3,
SV,6,2668,2668,Fagus grandifolia,5/19/2010,6.6,0,,6/29/2011,6.6,0,,7/9/2012,6.7,0,,7/1/2013,6.9,0,,,6.9,,,7/7/2015,6.9,,,5/31/2016,6.9,,,,6/7/2017,6.9,,nail rusting; dying,2017 nail rusting; dying,5/25/2018,6.9,,,,6.9,,,6.9,7.1,,7,2017 nail rusting; dying,7.1,,7.1,,7.2,
SV,6,2669,2669,Fagus grandifolia,5/19/2010,5.3,5,,6/29/2011,5.5,5,,7/9/2012,5.7,5,,7/1/2013,5.7,5,,,5.6,,,7/7/2015,5.8,,,5/31/2016,5.8,,,,6/7/2017,5.8,,nail rusting,2017 nail rusting,5/25/2018,5.8,,,,5.8,,,5.7,6.2,,6.2,2017 nail rusting,6.6,,6.6,,6.6,meas. w/ bump
SV,6,2673,2673,Fagus grandifolia,5/19/2010,7,0,,6/29/2011,7,0,,7/9/2012,7,0,,7/1/2013,7,0,,,7,,,7/7/2015,7.2,,,5/31/2016,7.2,,,,6/7/2017,7.5,,nail rusting; dying,2017 nail rusting; dying,5/25/2018,7.4,,,,7.2,,,7.2,7.35,Nail rusty,7.3,2017 nail rusting; dying,7.4,,7.4,still alive,7.5,
SV,6,2674,2674,Fagus grandifolia,5/19/2010,6.9,0,,6/29/2011,7.1,0,,7/9/2012,7.2,0,,7/1/2013,7.5,0,,,7.4,,,7/7/2015,7.6,,,5/31/2016,7.6,,,,6/7/2017,7.6,,nail rusting; dying,2017 nail rusting; dying,5/25/2018,7.6,,,,7.6,,,7.4,7.7,Nail rusty,7.8,2017 nail rusting; dying,7.6,,7.6,,7.7,
SV,6,2682,2682,Fagus grandifolia,5/19/2010,12.6,0,,6/29/2011,13,0,,7/9/2012,13.2,0,,7/1/2013,13.5,0,,,13.8,,,7/7/2015,14.5,,,5/31/2016,14.5,,,,6/7/2017,15,,,,5/25/2018,15.3,,,,15.6,,,15.6,15.7,,no measurement,,15.6,alive,15.6,,15.8,
SV,6,2927*,2927,Fagus grandifolia,,,99,,,,99,,,,99,,7/1/2013,,6,2013 tagged but not in plot and could not pull tag out,,6.1,,,7/7/2015,6.4,,,5/31/2016,6.6,,,2013 tagged but not in plot and could not pull tag out,6/7/2017,6.7,,,2013 tagged but not in plot and could not pull tag out,5/25/2018,0,,,,7,,,6.9,7,,7,2013 tagged but not in plot and could not pull tag out,7.1,,7.2,,7.3,
SV,7,2720,2720,Fagus grandifolia,5/19/2010,8.2,0,,6/29/2011,8.6,0,,7/9/2012,8.7,0,,7/1/2013,8.9,0,,,9.1,,,7/7/2015,9.4,,,5/31/2016,9.5,,,,6/7/2017,9.6,,,,5/25/2018,9.7,,,,9.7,,,9.9,9.7,,9.7,,9.9,,9.9,,9.9,
SV,7,2721,2721,Fagus grandifolia,5/19/2010,6.5,0,,6/29/2011,6.6,0,,7/9/2012,6.8,0,,7/1/2013,6.8,0,,,7,,,7/7/2015,7.2,,,5/31/2016,7.2,,,,6/7/2017,7.5,,,,5/25/2018,7.4,,,,7.9,,,7.3,7.4,,7.2,,7.4,,7.4,leaning,7.4,
SV,7,2723,2723,Fagus grandifolia,5/19/2010,11.1,0,,6/29/2011,11.5,0,,7/9/2012,11.5,0,,7/1/2013,11.6,0,,,12,,,7/7/2015,12,,,5/31/2016,12.1,,,,6/7/2017,12.2,,,,5/25/2018,12.2,,,,12.4,,,13.3,12.6,,12.7,,12.7,,12.8,,12.8,
SV,7,2749,2749,Fagus grandifolia,5/19/2010,9.6,0,,6/29/2011,10,0,,7/9/2012,10.2,0,,7/1/2013,10.3,0,,,10.8,,,7/7/2015,11,,,5/31/2016,11.3,,,,6/7/2017,11.5,,,,5/25/2018,11.5,,,,11.7,,,11.8,11.7,,11.8,,11.7,,11.7,,11.7,
SV,7,2750,2750,Fagus grandifolia,5/19/2010,6.9,0,,6/29/2011,7.4,0,,7/9/2012,7.5,0,,7/1/2013,7.6,0,,,7.9,,,7/7/2015,8.1,,,5/31/2016,8.3,,,,6/7/2017,8.5,,,,5/25/2018,8.5,,,,8.8,,,8.2,8.8,,8.9,,8.7,,8.7,,8.7,
SV,7,2751,2751,Fagus grandifolia,5/19/2010,7.5,0,,6/29/2011,7.7,0,,7/9/2012,7.8,0,,7/1/2013,7.8,0,,,8.1,,,7/7/2015,8.3,,,5/31/2016,8.4,,,,6/7/2017,8.6,,,,5/25/2018,8.5,,,,8.5,,,8.6,8.4,,8.5,,8.5,,8.5,,8.6,
SV,7,2753,2753,Fagus grandifolia,5/19/2010,58.5,0,,6/29/2011,58.2,1,,7/9/2012,58.9,0,,7/1/2013,,999,2013 dead,,0,,,7/7/2015,0,,,5/31/2016,0,,,2013 dead,6/7/2017,0,,,2013 dead,5/25/2018,0,,,,0,,,,0,Dead 2021,0,2013 dead,0,dead,0,,0,
SV,7,2754,2754,Fagus grandifolia,5/19/2010,9.2,0,,6/29/2011,9.4,0,,7/9/2012,9.5,0,,7/1/2013,9.9,0,,,10,,,7/7/2015,10.1,,,5/31/2016,10.4,,,,6/7/2017,10.6,,,,5/25/2018,10.4,,,,10.6,,,10.9,10.6,,10.5,,10.7,,10.7,,10.6,dying
SV,7,2755,2755,Fagus grandifolia,5/19/2010,7.7,0,,6/29/2011,8,0,,7/9/2012,8.2,0,,7/1/2013,8.1,1,2013 real meas,,8.5,,,7/7/2015,8.6,,,5/31/2016,8.7,,,2013 real meas,6/7/2017,9,,,2013 real meas,5/25/2018,8.9,,,,8.9,,,8.5,8.7,,9,2013 real meas,9,measured on bump,9,,9,
SV,7,2757,2757,Fagus grandifolia,5/19/2010,8.8,0,,6/29/2011,9.2,0,,7/9/2012,9.2,0,,7/1/2013,9.6,0,,,9.8,,,7/7/2015,10.2,,,5/31/2016,10.2,,,,6/7/2017,10.4,,,,5/25/2018,10.4,,,,10.4,,,10.4,10.4,,10.2,,10.5,,10.5,,0,
SV,7,2926*,2926,Fagus grandifolia,,,99,,,,99,,,,99,,7/1/2013,6.7,7,New 2013 Near 2741,,7.2,,,7/7/2015,7.3,,,5/31/2016,7.5,,,New 2013 Near 2741,6/7/2017,7.6,,,New 2013 Near 2741,5/25/2018,7.7,,,,7.8,,,7.8,8,Fallen but still alive,8.3,New 2013 Near 2741; 2021 fallen but still alive,7.9,,8,"fallen, alive",7.9,almost dead
SV,8,2931*,2931,Fagus grandifolia,,,99,,,,99,,,,99,,7/1/2013,6.1,7,New 2013 Near 2712,,6.3,,,7/7/2015,6.5,,,5/31/2016,6.8,,,New 2013 Near 2712,6/7/2017,6.9,,,New 2013 Near 2712,5/25/2018,7,,,,7.1,,,7.1,7.2,,7.1,New 2013 Near 2712,7.2,,7.2,,7.3,
SV,9,2759,2759,Fagus grandifolia,5/19/2010,20.7,0,,6/29/2011,21.1,0,,7/6/2012,21.3,0,,7/1/2013,21.4,0,,,21.7,,,7/7/2015,21.9,,,5/31/2016,22.1,,,,6/7/2017,22.2,,,,5/25/2018,22.4,,,,22.6,,,22.4,22.5,,22.6,2022 lots of BLD,22.5,,22.5,,22.6,
SV,9,2760,2760,Fagus grandifolia,5/19/2010,13.2,0,,6/29/2011,13.2,0,,7/6/2012,13.5,0,,7/1/2013,13.5,0,,,13.5,,,7/7/2015,13.4,,2015: real measurement,5/31/2016,13.5,,,2015 real meas.,6/7/2017,13.5,,,2015 real meas.,5/25/2018,13.4,,2018 real measure,,13.5,,,13.4,13.4,,13.4,"2015 real meas.; 2018 real measure, 2022 lots of BLD",0,dead,0,,0,
SV,9,2766,2766,Fagus grandifolia,5/19/2010,8.5,0,,6/29/2011,8.7,0,,7/6/2012,8.8,0,,7/1/2013,8.9,0,,,9,,,7/7/2015,9.1,,,5/31/2016,9.1,,,,6/7/2017,9.2,,,,5/25/2018,9.2,,,,9.4,,,9.2,9.4,,9.3,2022 real meas.,9.2,,9.2,,0,dead
SV,9,2767,2767,Fagus grandifolia,5/19/2010,20.4,0,,6/29/2011,21,0,,7/6/2012,21.1,0,,7/1/2013,21.3,0,2013 meas on top of bump,,21.8,,,7/7/2015,22.2,,,5/31/2016,22.4,,,2013 meas on top of bump,6/7/2017,22.7,,,2013 meas on top of bump,5/25/2018,22.9,,,,23.4,,,23.4,23.5,,23.5,2013 meas on top of bump,23.5,,23.5,,23.6,
SV,9,2770,2770,Fagus grandifolia,5/19/2010,26.2,0,,6/29/2011,26.5,0,,7/6/2012,26.8,0,"2012 two stems, meas bigger only",7/1/2013,26.8,0,,,27.2,,,7/7/2015,27.5,,,5/31/2016,27.8,,,"2012 two stems, meas bigger only",6/7/2017,28,,,"2012 two stems, meas bigger only",5/25/2018,28.1,,,,28.8,,,28.8,29.1,,30.3,"2012 two stems, meas bigger only",29.5,,29.9,,30,
SV,9,2774,2774,Fagus grandifolia,5/19/2010,21.3,0,,6/29/2011,21.5,0,,7/6/2012,21.7,0,,7/1/2013,21.7,0,,,21.7,,,7/7/2015,21.9,,,5/31/2016,22.1,,,,6/7/2017,22,,,,5/25/2018,21.9,,2018 real measure,,22.1,,,22,22.2,,22.2,2018 real measure,22.1,,22.2,,22.2,some unknown fungus or poop?
SV,9,2778,2778,Fagus grandifolia,5/19/2010,5.8,5,,6/29/2011,6.1,0,,7/6/2012,6.3,0,,7/1/2013,6.3,0,,,6.5,,,7/7/2015,6.7,,,5/31/2016,6.8,,,,6/7/2017,6.8,,,,5/25/2018,6.9,,,,7,,,6.7,6.9,2021 real meas.,7,2021 real,7,,6.9,,6.9,
SV,9,2780,2780,Fagus grandifolia,5/19/2010,24.6,0,,6/29/2011,25.6,0,,7/6/2012,26,0,,7/1/2013,26.3,0,,,26.8,,,7/7/2015,27,,,5/31/2016,27.2,,,,6/7/2017,27.3,,,,5/25/2018,27.6,,,,27.7,,,27.7,27.9,,27.9,,27.9,,28.1,,28.2,
SV,9,2781,2781,Fagus grandifolia,5/19/2010,17.1,0,,6/29/2011,17.5,0,,7/6/2012,17.7,0,,7/1/2013,17.9,0,,,18.2,,,7/7/2015,18.6,,,5/31/2016,18.9,,,,6/7/2017,19.1,,,,5/25/2018,19.5,,,,20.3,,,20,20.3,,20.7,2022 tage embedded,20.6,,20.9,tag eaten,21.2,
SV,9,2794,2794,Fagus grandifolia,5/19/2010,19.6,0,,6/29/2011,19.9,0,,7/6/2012,20,0,,7/1/2013,20.1,0,,,20.4,,,7/7/2015,20.6,,,5/31/2016,20.8,,,,6/7/2017,20.9,,,,5/25/2018,21,,,,21,,,20.9,21.1,,21,,21,,0,dead,0,
SV,10,2808,2808,Fagus grandifolia,5/19/2010,6.2,0,,6/29/2011,6.5,0,,7/6/2012,6.7,0,,7/1/2013,6.7,0,,,6.8,,,7/7/2015,6.8,,,5/31/2016,7,,,,6/7/2017,7.1,,,,5/25/2018,0,,2018 missing-small beech fell over in plot assumed to be 2808,,6.9,,,6.9,0,,6.9,"2018 missing-small beech fell over in plot assumed to be 2808, 2022 marked and alive",6.9,,6.9,to the right of 2807,6.9,
SV,10,2809,2809,Fagus grandifolia,5/19/2010,50.2,0,,6/29/2011,50.8,0,,7/6/2012,51.5,0,,7/1/2013,51.7,0,2013 above bump in back,,52.2,,,7/7/2015,52.5,,,5/31/2016,53,,,2013 above bump in back,6/7/2017,53.2,,,2013 above bump in back,5/25/2018,53.5,,,,54,,,54.3,55,,54.9,2013 above bump in back,55,,55.3,meas. over bump,55.5,meas. w/o bump
SV,11,2828,2828,Fagus grandifolia,5/19/2010,5.9,5,,6/29/2011,6.4,0,,7/6/2012,6.7,0,,7/1/2013,6.6,1,2013 meas real,,6.8,,,7/7/2015,7,,,5/31/2016,7,,,2013 meas real,6/7/2017,7.1,,,2013 meas real,5/25/2018,7.2,,,,7.3,,,7.2,7.2,,7.2,2013 meas real,7.3,,7.3,,7.3,
SV,11,2829,2829,Fagus grandifolia,5/19/2010,5.9,5,,6/29/2011,6.2,0,,7/6/2012,6.7,0,,7/1/2013,6.4,1,2013 meas real,,6.5,,,7/7/2015,6.6,,,5/31/2016,6.7,,,2013 meas real,6/7/2017,6.6,,,2013 meas real,5/25/2018,6.7,,,,6.5,,,6.6,6.6,,6.5,2013 meas real,6.4,,6.6,,6.6,
SV,11,2831,2831,Fagus grandifolia,5/19/2010,5.7,5,,6/29/2011,6.1,0,,7/6/2012,6.1,0,,7/1/2013,6.2,0,,,6.3,,,7/7/2015,6.8,,,5/31/2016,6.8,,Over knot in back,2016 meas over knot in back,6/7/2017,6.9,,,2016 meas over knot in back,5/25/2018,6.9,,,,6.9,,,6.9,7,,6.9,2016 meas over knot in back,6.8,,6.9,,6.9,
SV,11,2834,2834,Fagus grandifolia,5/19/2010,9.4,0,,6/29/2011,10,0,,7/6/2012,10,0,,7/1/2013,10.2,0,,,10.6,,,7/7/2015,10.8,,,5/31/2016,10.8,,,,6/7/2017,11.1,,,,5/25/2018,11.2,,,,11.4,,,11.4,11.4,,11.4,,11.4,,11.5,,11.7,
SV,11,2837,2837,Fagus grandifolia,5/19/2010,8.2,0,,6/29/2011,8.7,0,,7/6/2012,9,0,,7/1/2013,9.1,0,,,9.5,,,7/7/2015,9.8,,,5/31/2016,9.9,,,,6/7/2017,10.1,,,,5/25/2018,10.2,,,,10.2,,,10.2,10.3,,10.4,,10.2,,10.3,,10.4,
SV,11,2839,2839,Fagus grandifolia,5/19/2010,6,0,,6/29/2011,6.4,0,,7/6/2012,6.5,0,,7/1/2013,6.7,0,,,6.9,,,7/7/2015,7.1,,,5/31/2016,7.1,,,,6/7/2017,7.3,,,,5/25/2018,7.3,,,,7.3,,,7.4,7.4,,7.4,,7.4,,7.4,,7.4,"leaning, still green"
SV,11,2840,2840,Fagus grandifolia,5/19/2010,6.2,0,,6/29/2011,6.8,0,,7/6/2012,6.9,0,,7/1/2013,6.9,0,,,7.2,,,7/7/2015,7.5,,,5/31/2016,7.6,,,,6/7/2017,7.7,,,,5/25/2018,7.8,,,,7.8,,,7.7,7.8,,7.9,,7.8,,7.9,meas. with knot,7.8,
SV,11,2842,2842,Fagus grandifolia,5/19/2010,8.8,0,,6/29/2011,9.4,0,,7/6/2012,9.4,0,,7/1/2013,9.4,0,,,9.6,,,7/7/2015,9.9,,,5/31/2016,9.9,,,,6/7/2017,9.9,,,,5/25/2018,9.9,,,,10,,,10.1,10,,10,,10,,10,,10.1,
SV,11,2845,2845,Fagus grandifolia,5/19/2010,7.5,0,,6/29/2011,8.1,0,,7/6/2012,8.4,0,,7/1/2013,8.4,0,,,8.5,,,7/7/2015,8.8,,,5/31/2016,8.8,,,,6/7/2017,9.1,,,,5/25/2018,9.1,,,,9.2,,,9.2,9.2,,9.2,,4.1,,9.2,2023 meas. makes no sense,9.3,
SV,11,2846,2846,Fagus grandifolia,5/19/2010,6.5,0,,6/29/2011,6.6,0,,7/6/2012,6.7,0,,7/1/2013,6.9,0,,,6.9,,,7/7/2015,7.1,,,5/31/2016,7.1,,,,6/7/2017,7.2,,,,5/25/2018,7.3,,,,7.3,,,7.2,7.3,,7.3,,7.2,,7.2,,0,dead
SV,11,2847,2847,Fagus grandifolia,5/19/2010,5.9,5,,6/29/2011,6.2,0,,7/6/2012,6.3,0,,7/1/2013,6.3,0,,,6.5,,,7/7/2015,6.6,,,5/31/2016,6.6,,,,6/7/2017,6.7,,,,5/25/2018,6.6,,,,6.7,,,6.7,6.8,,7.1,,7.5,,7.8,"Bri Shepherd says this is a maple tree, not sure if sugar or red",7.9,
SV,11,2849,2849,Fagus grandifolia,5/19/2010,9.6,0,,6/29/2011,10.3,0,,7/6/2012,11.5,0,,7/1/2013,10.8,1,2013 meas real,,11.3,,,7/7/2015,11.6,,,5/31/2016,11.6,,,2013 meas real,6/7/2017,11.9,,,2013 meas real,5/25/2018,12,,,,12.3,,,12.5,12.4,,12.3,2013 meas real,12.3,,0,standing dead,0,
SV,11,2852,2852,Fagus grandifolia,5/19/2010,6.3,0,,6/29/2011,6.8,0,,7/6/2012,6.9,0,,7/1/2013,7.1,0,,,7.2,,,7/7/2015,7.4,,,5/31/2016,7.4,,,,6/7/2017,7.5,,,,5/25/2018,7.5,,,,7.5,,,7.4,7.6,,7.5,,7.4,,7.4,very probably dead,7.4,
SV,11,2853,2853,Fagus grandifolia,5/19/2010,6.7,0,,6/29/2011,7.1,0,,7/6/2012,7.5,0,,7/1/2013,7.3,1,2013 meas real,,7.6,,,7/7/2015,7.8,,,5/31/2016,7.9,,,2013 meas real,6/7/2017,8,,,2013 meas real,5/25/2018,8.1,,,,8.1,,,8,8.3,,0,"2013 meas real, 2049 leaning because of tree fall, 2022 tag split by another tree falling on top of it",0,dead,0,,0,
SV,11,2854,2854,Fagus grandifolia,5/19/2010,6.8,0,,6/29/2011,7.2,0,,7/6/2012,7.3,0,,7/1/2013,7.6,0,,,7.7,,,7/7/2015,7.9,,,5/31/2016,7.9,,,,6/7/2017,8.1,,,,5/25/2018,8,,,,8,,,,8,,0,"2019 heavy leaning, 2022 dead",0,dead,0,,0,
SV,11,2855,2855,Fagus grandifolia,5/19/2010,6.5,0,,6/29/2011,6.8,0,,7/6/2012,7.1,0,,7/1/2013,7.1,0,,,7.1,,,7/7/2015,7.2,,,5/31/2016,7.3,,,,6/7/2017,7.4,,,,5/25/2018,7.4,,,,7.4,,,7.4,7.4,,0,2022 dead,0,dead,0,,0,
SV,11,2857,2857,Fagus grandifolia,5/19/2010,6.4,0,,6/29/2011,6.7,0,,7/6/2012,6.8,0,,7/1/2013,6.9,0,,,7,,,7/7/2015,7.1,,,5/31/2016,7.1,,,,6/7/2017,7.2,,,,5/25/2018,7.2,,,,7.2,,,7.1,7.2,,7.2,,7.2,,7.2,,7.2,
SV,11,2859,2859,Fagus grandifolia,5/19/2010,7,0,,6/29/2011,7.3,0,,7/6/2012,7.4,0,,7/1/2013,7.4,0,,,7.7,,,7/7/2015,7.8,,,5/31/2016,7.8,,,,6/7/2017,7.8,,,,5/25/2018,7.9,,,,8,,,7.9,8,,8,,8,,8.2,,8,
SV,11,2861,2861,Fagus grandifolia,5/19/2010,42.1,0,,6/29/2011,42.4,0,,7/6/2012,42.9,0,,7/1/2013,42.7,1,2013 meas real,,42.8,,,7/7/2015,43.3,,,5/31/2016,43,,"2016 real meas, bumpy bark",2013 meas real; 2016 real meas,6/7/2017,43.6,,,2013 meas real; 2016 real meas,5/25/2018,43.6,,,,43.6,,,43.4,43.7,,43.9,2013 meas real; 2016 real meas,43.8,,43.8,Bri Shepherd says this is a black birch tree,43.9,
SV,11,2862,2862,Fagus grandifolia,5/19/2010,7.6,0,,6/29/2011,8,0,,7/6/2012,8.1,0,,7/1/2013,8.1,0,,,8.3,,,7/7/2015,8.4,,,5/31/2016,8.4,,,,6/7/2017,8.6,,,,5/25/2018,8.6,,,,8.6,,,8.6,8.6,,8.6,,8.6,,8.6,,8.6,
SV,11,2866,2866,Fagus grandifolia,5/19/2010,6.3,0,,6/29/2011,6.7,0,,7/6/2012,6.8,0,,7/1/2013,6.8,0,,,7.1,,,7/7/2015,7.2,,,5/31/2016,7.3,,,,6/7/2017,7.4,,,,5/25/2018,7.4,,,,7.4,,,7.3,7.4,,7.5,,7.4,,7.4,,0,dead
SV,11,2867,2867,Fagus grandifolia,5/19/2010,6.6,0,,6/29/2011,7,0,,7/6/2012,7.2,0,,7/1/2013,7.3,0,,,7.5,,,7/7/2015,7.6,,,5/31/2016,7.9,,,,6/7/2017,7.9,,,,5/25/2018,7.8,,,,7.8,,,7.7,7.8,,7.9,,7.8,,7.9,BLD,7.9,
SV,11,2869,2869,Fagus grandifolia,5/19/2010,6,0,,6/29/2011,6,0,,7/6/2012,6.1,0,,7/1/2013,6.1,0,,,6.1,,,7/7/2015,6.1,,,5/31/2016,6.1,,,,6/7/2017,6.1,,,,5/25/2018,6.1,,2018 top killed-still alive,,6.1,,,,0,Dead 2021,0,2018 top killed-still alive; 2021 dead,0,dead,0,,0,
SV,11,2870,2870,Fagus grandifolia,5/19/2010,5.9,5,,6/29/2011,6.5,0,,7/6/2012,6.7,0,,7/1/2013,6.7,0,,,7,,,7/7/2015,7.1,,,5/31/2016,7.2,,,,6/7/2017,7.2,,,,5/25/2018,7.4,,,,7.4,,,7.3,7.4,,7.4,,7.4,,0,standing dead,0,
SV,11,2937*,2937,Fagus grandifolia,,,99,,,,99,,,,99,,7/1/2013,7,7,New 2013 Near 2853,,7.3,,,7/7/2015,7.4,,,5/31/2016,7.5,,,New 2013 Near 2853,6/7/2017,7.6,,,New 2013 Near 2853,5/25/2018,7.6,,,,7.6,,,7.3,7.5,"Tag crushed by tree, still rooted",7.5,"New 2013 Near 2853; 2021 tag crushed by tree, still rooted, 2022 meas. over tag",0,dead,0,,0,
SV,11,2938*,2938,Fagus grandifolia,,,99,,,,99,,,,99,,7/1/2013,6.1,7,New 2013 Near 2853,,6.2,,,7/7/2015,6.4,,,5/31/2016,6.4,,,New 2013 Near 2853,6/7/2017,6.5,,,New 2013 Near 2853,5/25/2018,6.5,,,,6.5,,,6.4,6.4,Rooted but bent,6.5,New 2013 Near 2853; 2021 rooted but bent,6.4,,0,"dead, snapped",0,
SV,11,2939*,2939,Fagus grandifolia,,,99,,,,99,,,,99,,7/1/2013,6.1,7,New 2013 Near 2842,,6.3,,,7/7/2015,6.4,,,5/31/2016,6.5,,,New 2013 Near 2842,6/7/2017,6.5,,,New 2013 Near 2842,5/25/2018,6.5,,,,6.5,,,6.3,6.6,,6.6,"New 2013 Near 2842, 2022 tag missing",6.5,,6.5,tag still missing,0,dead
SV,11,2940*,2940,Fagus grandifolia,,,99,,,,99,,,,99,,7/1/2013,6,7,New 2013 Near 2841,,6.1,,,7/7/2015,6.4,,,5/31/2016,6.4,,Held back by dead tree that fell on top of it,New 2013 Near 2841; 2016 held back by dead tree that fell on top of it,6/7/2017,6.6,,,New 2013 Near 2841; 2016 held back by dead tree that fell on top of it,5/25/2018,6.6,,,,6.6,,,6.7,6.8,,6.7,New 2013 Near 2841; 2016 held back by dead tree that fell on top of it,6.6,,6.6,,6.7,
SV,11,2941*,2941,Fagus grandifolia,,,99,,,,99,,,,99,,7/1/2013,6.4,7,New 2013 Near 2827,,6.5,,,7/7/2015,6.6,,,5/31/2016,6.8,,,New 2013 Near 2827,6/7/2017,6.8,,,New 2013 Near 2827,5/25/2018,6.8,,,,6.9,,,6.9,6.8,,6.8,New 2013 Near 2827,6.9,,6.9,,6.9,
SV,11,2943*,2943,Fagus grandifolia,,,99,,,,99,,,,99,,7/1/2013,6.2,7,New 2013 Near 2876,,6.5,,,7/7/2015,6.8,,,5/31/2016,6.8,,,New 2013 Near 2876,6/7/2017,6.7,,,New 2013 Near 2876,5/25/2018,6.8,,,,6.8,,,6.9,6.8,,0,"New 2013 Near 2876, 2022 dead",0,,0,,0,
SV,12,2880,2880,Fagus grandifolia,5/19/2010,5.5,5,,6/29/2011,6,0,,7/6/2012,6.3,0,,7/1/2013,6.5,0,,,6.8,,,7/7/2015,7,,,5/31/2016,7.2,,,,6/7/2017,7.1,,,,5/25/2018,7,,2018 real measure,,7.1,,,7,7.1,,7.2,2018 real measure,7.1,,7.1,,0,dead
SV,12,2882,2882,Fagus grandifolia,5/19/2010,6,0,,6/29/2011,6.5,0,,7/6/2012,6.7,0,,7/1/2013,6.8,0,,,6.9,,,7/7/2015,7.2,,,5/31/2016,7.3,,Above side knot,2016 meas. above side knot,6/7/2017,7.5,,,2016 meas. above side knot,5/25/2018,7.4,,,,7.4,,,7.5,7.4,,7.5,2016 meas. above side knot,7.5,above branch,7.5,,7.5,
SV,12,2883,2883,Fagus grandifolia,5/19/2010,5.9,5,,6/29/2011,6.2,0,,7/6/2012,6.6,0,,7/1/2013,6.7,0,,,7,,,7/7/2015,7.2,,,5/31/2016,7.3,,,,6/7/2017,7.3,,,,5/25/2018,7.4,,,,7.1,,,,7.3,,0,2022 dead,0,dead,0,,0,
SV,12,2884,2884,Fagus grandifolia,5/19/2010,7.9,0,,6/29/2011,8.5,0,,7/6/2012,8.8,0,,7/1/2013,9,0,,,9.4,,,7/7/2015,9.5,,,5/31/2016,9.7,,,,6/7/2017,9.8,,,,5/25/2018,9.9,,,,10.2,,,10,10,,10.1,,10,,10,,10,
SV,12,2890,2890,Fagus grandifolia,5/19/2010,5.8,5,,6/29/2011,6.2,0,,7/6/2012,6.3,0,,7/1/2013,6.4,0,,,6.6,,,7/7/2015,6.7,,,5/31/2016,6.8,,,,6/7/2017,6.9,,,,5/25/2018,6.9,,,,6.9,,,6.9,6.9,,7.1,,6.9,,6.9,,6.9,
SV,12,2894,2894,Fagus grandifolia,5/19/2010,5.4,5,,6/29/2011,5.8,5,,7/6/2012,6.1,0,,7/1/2013,6.2,0,,,6.3,,,7/7/2015,6.4,,,5/31/2016,6.4,,,,6/7/2017,6.5,,,,5/25/2018,6.5,,,,6.6,,,6.4,6.6,On small knot,6.5,2021 on small knot,6.4,,6.7,,0,dead
SV,12,2895,2895,Fagus grandifolia,5/19/2010,5.9,5,,6/29/2011,6.4,0,,7/6/2012,6.5,0,,7/1/2013,6.5,0,,,6.6,,,7/7/2015,6.7,,,5/31/2016,6.7,,,,6/7/2017,6.8,,,,5/25/2018,6.9,,,,6.6,,,6.8,6.7,,6.8,,6.7,,6.8,,0,dead
SV,12,2896,2896,Fagus grandifolia,5/19/2010,5.4,5,,6/29/2011,6,0,,7/6/2012,5.8,5,,7/1/2013,6,0,2013 meas below knot,,6.1,,,7/7/2015,6.1,,,5/31/2016,6.1,,,2013 meas below knot,6/7/2017,6.2,,,2013 meas below knot,5/25/2018,6.2,,,,6.4,,,6.3,6.3,On the knot,6.4,"2013 meas below knot; 2021 on the knot, 2022 meas. on knot",6.3,,6.3,,6.4,
SV,12,2897,2897,Fagus grandifolia,5/19/2010,5.8,5,,6/29/2011,6.2,0,,7/6/2012,6.3,0,,7/1/2013,6.4,0,,,6.6,,,7/7/2015,6.7,,,5/31/2016,7,,,,6/7/2017,7,,,,5/25/2018,6.9,,,,7,,,6.8,7,,0,2022 dead,0,dead,0,,0,
SV,12,2898,2898,Fagus grandifolia,5/19/2010,7.5,0,,6/29/2011,7.9,0,,7/6/2012,8.1,0,,7/1/2013,8.1,0,,,8.5,,,7/7/2015,8.5,,,5/31/2016,8.7,,,,6/7/2017,8.9,,,,5/25/2018,8.8,,,,8.9,,,8.6,8.8,,8.9,,9,,9,"dead, no leaves",0,dead
SV,12,2902,2902,Fagus grandifolia,5/19/2010,6.6,0,,6/29/2011,6.9,0,,7/6/2012,7,0,,7/1/2013,7.2,0,,,7.2,,,7/7/2015,7.3,,,5/31/2016,7.6,,,,6/7/2017,7.5,,,,5/25/2018,7.5,,,,7.5,,,7.5,7.7,,7.5,,7.5,,7.3,no leaves; presumed dead,0,dead
SV,12,2903,2903,Fagus grandifolia,5/19/2010,6.1,0,,6/29/2011,6.4,0,,7/6/2012,6.6,0,,7/1/2013,6.6,0,,,6.8,,,7/7/2015,6.8,,,5/31/2016,6.9,,,,6/7/2017,6.9,,,,5/25/2018,6.9,,,,6.9,,,6.9,6.8,,7,,6.9,,6.9,,6.9,
SV,12,2908,2908,Fagus grandifolia,5/19/2010,6.2,0,,6/29/2011,7,0,,7/6/2012,6.8,1,,7/1/2013,6.8,0,,,7,,,7/7/2015,7.3,,,5/31/2016,7.1,,Above nail to go around bump,2016 meas above nail to go around bump,6/7/2017,7.2,,,2016 meas above nail to go around bump,5/25/2018,7.3,,2018 above nail to avoid bump,,7.7,,,7.5,7.6,Under nail,7.7,"2016 meas above nail ; 2018 above nail to avoid bump; 2021 under nail, 2022 meas. on top of bump",7.7,,7.6,,7.7,
SV,12,2911,2911,Fagus grandifolia,5/19/2010,6.7,0,,6/29/2011,7.1,0,,7/6/2012,7.1,0,,7/1/2013,7.3,0,,,7.3,,,7/7/2015,7.4,,,5/31/2016,7.5,,,,6/7/2017,7.5,,,,5/25/2018,7.4,,2018 real measure,,7.6,,,7.4,7.5,,7.4,"2018 real measure, 2022 appears to be dying",0,dead,0,,0,
SV,12,2934*,2934,Fagus grandifolia,,,99,,,,99,,,,99,,7/1/2013,6,7,New 2013 Near 2887,,6.1,,,7/7/2015,6.2,,,5/31/2016,6.3,,,New 2013 Near 2887,6/7/2017,6.4,,,New 2013 Near 2887,5/25/2018,6.4,,,,6.6,,,6.5,6.6,,6.6,New 2013 Near 2887,6.6,,6.6,,6.6,
SV,12,2935*,2935,Fagus grandifolia,,,99,,,,99,,,,99,,7/1/2013,8.1,8,New 2013 Near 2892,,8.5,,,7/7/2015,8.6,,,5/31/2016,8.8,,,New 2013 Near 2892,6/7/2017,8.9,,,New 2013 Near 2892,5/25/2018,8.9,,,,9.2,,,9,9,,9,New 2013 Near 2892,9,,9,,9,
SV,12,2936*,2936,Fagus grandifolia,,,99,,,,99,,,,99,,7/1/2013,6,7,New 2013 Near 2896,,6.1,,,7/7/2015,6.2,,,5/31/2016,6.3,,,New 2013 Near 2896,6/7/2017,6.2,,,New 2013 Near 2896,5/25/2018,6.2,,,,6.2,,,6.3,6.2,,6.2,New 2013 Near 2896,6.3,,6.3,,6.2,
PC,5,599,599,Fraxinus americana,5/5/2010,47.1,0,,6/15/2011,47.4,0,,5/18/2012,47.5,0,,6/27/2013,47.8,0,,7/2/2014,47.9,,,6/16/2015,48,,,5/23/2016,48,,,,6/9/2017,48.7,,,,5/23/2018,48.5,,,,49.1,,,48.9,48.9,,49.3,,49.3,,49.5,,49.7,
PC,6,612,612,Fraxinus americana,5/5/2010,46.1,0,,6/15/2011,46.7,0,,5/18/2012,46.8,0,,6/27/2013,47.3,0,,7/2/2014,47.8,,,6/16/2015,48.1,,,5/23/2016,48.2,,,,6/9/2017,48.9,,,,5/23/2018,48.6,,,,50.2,,,49.7,49.7,,49.7,2022 tag needs repositioned,50.1,,50.3,tag too close to tree,50.4,
PC,8,686,686,Fraxinus americana,5/5/2010,54,2,,6/15/2011,54.5,0,2011 DBH2010 changed from 64 to 54,5/18/2012,54.7,0,,6/27/2013,54.9,0,,7/2/2014,55.4,,,6/15/2015,55.4,,,5/23/2016,55.7,,,2011 DBH2010 changed from 64 to 54,6/9/2017,55.6,,tag was on the ground and we put it back on,2011 DBH2010 changed from 64 to 54; 2017 tag was on the ground and we put it back on,5/23/2018,55.5,,,,55.4,,,55.6,0,Dead 2021,0, 2017 tag was on the ground and we put it back on; 2021 dead,0,dead,0,,0,
SC,3,135,135,Fraxinus americana,4/28/2010,6,0,,6/2/2011,6.1,0,,7/3/2012,6.2,0,,7/2/2013,6.1,1,2013 real,6/18/2014,0,,,6/17/2015,0,,,5/20/2016,0,,,2013 real,5/30/2017,0,,dead,2013 real; 2017 dead,5/17/2018,0,,,,0,,,0,0,,0,2013 real; 2017 dead,0,dead,0,,0,
SC,3,159,159,Fraxinus americana,4/28/2010,59.5,0,,6/2/2011,59.3,1,,7/3/2012,59.1,1,,7/2/2013,59.3,0,,6/18/2014,59.2,,,6/17/2015,59,,"2015 looks dead, unsure because top of tree is obscured",5/20/2016,0,,Dead 2016,"2015 looks dead, unsure because top of tree is obscured; 2016 dead",5/30/2017,0,,dead,"2015 looks dead, unsure because top of tree is obscured; 2016 dead",5/17/2018,0,,,,0,,,0,0,,0,"2015 looks dead, unsure because top of tree is obscured; 2016 dead",0,dead,0,,0,
SC,4,966*,966,Fraxinus americana,,,99,,,,99,,,,99,,6/25/2013,62,8,New 2013 Large ash near 205,6/18/2014,62.2,,,6/26/2015,62.7,,,5/20/2016,63.1,,Almost dead 2016,New 2013 Large ash near 205; 2015 bark flaking; 2016 tag missing,5/30/2017,63.1,,,New 2013 Large ash near 205; 2015 bark flaking; 2016 tag missing,5/17/2018,63,,,,62.6,,2019 dead,62.4,0,Dead 2021,0,New 2013 Large ash near 205; 2015 bark flaking; 2016 tag missing; 2021 dead,0,dead,0,,0,
SC,6,287,287,Fraxinus americana,4/28/2010,28.3,0,,6/2/2011,28.6,0,,7/5/2012,29.1,0,,6/25/2013,29.1,0,,6/18/2014,29.2,,,6/26/2015,29.5,,,5/20/2016,29.4,,,,5/30/2017,29.1,,real bark fell off,2017 real bark fell off,5/24/2018,28.9,,"2018 only new sprouts alive, looks like dying",,0,,2010 dead,29.3,0,,0,"2017 real bark fell off; 2018 only new sprouts alive, looks like dying",0,"dead, no sprouts",0,,0,
SC,6,288,288,Fraxinus americana,4/28/2010,40.7,0,,6/2/2011,40.9,0,,7/5/2012,41.7,0,,6/25/2013,41.9,0,,6/18/2014,41.9,,,6/26/2015,42.5,,,5/20/2016,42.6,,,,5/30/2017,43.2,,,,5/24/2018,42.8,,,,0,,2019 dead,42.9,0,,0,,0,dead,0,,0,
SC,6,292,292,Fraxinus americana,4/28/2010,16.7,0,,6/2/2011,16.6,3,2011 half dead tree,7/5/2012,16.4,3,"2012 top killed, but basal sprouting",6/25/2013,16.3,3,2013 same as 2012,6/18/2014,16.3,,looks dead,6/26/2015,0,,,5/20/2016,0,,,"2011 half dead tree; 2012 top killed, but basal sprouting; 2013 same as 2012; 2014 looks dead",5/30/2017,0,,dead,"2011 half dead tree; 2012 top killed, but basal sprouting; 2013 same as 2012; 2014 looks dead; 2017 dead",5/24/2018,0,,2018 dead,,0,,,0,0,,0,"2011 half dead tree; 2012 top killed, but basal sprouting;  2014 looks dead; 2017 dead; 2018 dead",0,dead,0,,0,
SV,2,2465,2465,Fraxinus americana,5/19/2010,64.7,0,,6/29/2011,65.3,0,2011 bark peeling - bulge may make DBH bigger,7/9/2012,65.6,0,,7/1/2013,65.9,0,,,66.5,,,7/7/2015,66.8,,,5/31/2016,66.6,,Real meas 2016- bark lost,2011 bark peeling - bulge may make DBH bigger; 2016 real meas.,6/7/2017,0,,dead,2011 bark peeling - bulge may make DBH bigger; 2016 real meas.; 2017 dead,5/25/2018,0,,,,0,,,,0,Dead 2021,0,2011 bark peeling - bulge may make DBH bigger; 2016 real meas.; 2017 dead,0,dead,0,,0,
SV,4,2540,2540,Fraxinus americana,5/19/2010,14.9,0,,6/29/2011,15.6,0,,7/9/2012,16,0,,7/1/2013,16.3,0,,,16.8,,,7/7/2015,17.2,,,5/31/2016,17.4,,,,6/7/2017,17.6,,,,5/25/2018,17.7,,,,18.2,,,17.8,17.9,,0,2022 dead,0,dead,0,,0,
SV,5,2621,2621,Fraxinus americana,5/19/2010,20.3,0,,6/29/2011,20.5,0,,7/9/2012,20.5,0,,7/1/2013,20.5,0,,,20.7,,,7/7/2015,20.8,,,5/31/2016,21,,,,6/7/2017,20.8,,bark peeling,2017 bark peeling,5/25/2018,20.6,,2018 bark peeling,,0,,,,0,,0,"2017 bark peeling; 2018 bark peeling, 2019 dead",0,dead,0,,0,
SV,8,2684,2684,Fraxinus americana,5/19/2010,45.2,0,,6/29/2011,44.7,1,,7/9/2012,,999,"2012 dead, dbh2012 was 44.5",7/1/2013,,99,,,0,,,7/7/2015,0,,,5/31/2016,0,,,"2012 dead, dbh2012 was 44.5",6/7/2017,0,,,"2012 dead, dbh2012 was 44.5",5/25/2018,0,,,,0,,,,0,,0,"2012 dead, dbh2012 was 44.5",0,dead,0,,0,
SV,8,2709,2709,Fraxinus americana,5/19/2010,49.2,2,,6/29/2011,49.2,0,,7/9/2012,49.5,0,2012 changed dbh2010 to 49.2 from 29.2,7/1/2013,50.1,0,,,50.3,,,7/7/2015,50.8,,,5/31/2016,50.9,,,2012 changed dbh2010 to 49.2 from 29.2,6/7/2017,51.5,,,2012 changed dbh2010 to 49.2 from 29.2,5/25/2018,51.4,,,,51.6,,,51.8,51,,0,"2012 changed dbh2010 to 49.2 from 29.2, 2022 dead",0,dead,0,,0,
PC,12,849*,849,Liriodendron tulipifera,5/5/2010,49.5,0,,6/30/2011,50.7,0,,5/18/2012,51.1,0,,6/27/2013,51.7,0,,7/3/2014,52.3,,,6/11/2015,52.8,,,5/20/2016,53.1,,tag is scratched,2016 tag is scratched,6/9/2017,53.5,,tag is scratched,2016 tag is scratched; 2017 tag is scratched,5/23/2018,53.9,,,,54.5,,,55.5,55.5,,55.9,"2016 tag is scratched; 2017 tag is scratched, 2022 tag tight",56.1,,56.7,,57.1,
PC,12,855,855,Liriodendron tulipifera,5/5/2010,64.9,0,,6/30/2011,65.7,0,,5/18/2012,65.7,0,,6/27/2013,66,0,,7/3/2014,66.5,,,6/11/2015,66.7,,,5/20/2016,67.2,,,,6/9/2017,67.5,,,,5/23/2018,67.6,,2018 scratched tag,,68,,2019 tag damaged,68.5,68.7,,68.8,"2018 scratched tag, 2022 tag scratched unreadable",69,still scratched,69.3,tag illegible,69.4,
PC,12,856*,856,Liriodendron tulipifera,5/5/2010,40.9,0,,6/30/2011,41.5,0,,5/18/2012,41.5,0,,6/27/2013,41.8,0,,7/3/2014,42.2,,,6/11/2015,42.2,,,5/20/2016,42.4,,,,6/9/2017,42.7,,,,5/23/2018,42.8,,,,43.8,,,43.4,43.7,,44,2022 tag tight,44.4,,44.4,,44.7,
PC,12,858*,858,Liriodendron tulipifera,5/5/2010,6.6,0,,6/30/2011,6.8,0,,5/18/2012,6.6,1,,6/27/2013,6.7,0,,7/3/2014,6.7,,,6/11/2015,6.7,,,5/20/2016,6.7,,,,6/9/2017,6.6,,,,5/23/2018,6.7,,"2018 scratched tag, species wrong-magnolia accuminata (next to a tulip popler, though)",,6.7,,2019 tag damaged,6.9,6.7,,6.6,"2018 scratched tag, 2022 tag scratched unreadable",6.6,,6.6,tree located by 855; tag illegible,6.6,possibly wrong species
SC,9,370,370,Liriodendron tulipifera,4/29/2010,56.5,0,,6/10/2011,57.3,0,,7/5/2012,58.8,0,,6/24/2013,59,0,,6/19/2014,59.7,,,7/2/2015,61,,,5/20/2016,61.6,,Tag missing,2016 tag missing,5/30/2017,61.6,,tag missing,2016 tag missing; 2017 tag missing,5/24/2018,63,,2018 new tag,,64.7,,,66,66.7,,67.9,2016 tag missing; 2017 tag missing; 2018 new tag,68.2,,69.5,,70.4,
SV,9,2776,2776,Liriodendron tulipifera,5/19/2010,78,0,,6/29/2011,78.9,0,,7/6/2012,79.9,0,,7/1/2013,79.9,0,,,80.7,,,7/7/2015,81.1,,,5/31/2016,81.6,,,,6/7/2017,81.6,,,,5/25/2018,82.1,,,,83.9,,,84.2,84.7,,85.6,,86.2,,87.4,,88,
SV,9,2791,2791,Liriodendron tulipifera,5/19/2010,48.4,0,,6/29/2011,49.1,0,,7/6/2012,49.9,0,,7/1/2013,50,0,,,50.5,,,7/7/2015,51,,,5/31/2016,51.2,,,,6/7/2017,51.4,,,,5/25/2018,51.8,,,,53.9,,,53.2,54,,54.5,,55.1,,56,,56.2,
SV,10,2816,2816,Liriodendron tulipifera,5/19/2010,61.2,0,,6/29/2011,61.6,0,,7/6/2012,62.2,0,,7/1/2013,62.5,0,,,63,,,7/7/2015,63.7,,,5/31/2016,63.9,,,,6/7/2017,64.2,,,,5/25/2018,64.7,,,,65.8,,,66,67,,67.5,,68,,68.5,,68.8,
SV,10,2817,2817,Liriodendron tulipifera,5/19/2010,67.1,0,,6/29/2011,67.7,0,,7/6/2012,68.3,0,,7/1/2013,68.4,0,,,68.9,,,7/7/2015,69.2,,,5/31/2016,69.2,,,,6/7/2017,69.5,,,,5/25/2018,69.7,,,,70.4,,,70.6,71.15,,71.9,,72,,72.2,,72.6,
SV,11,2873,2873,Liriodendron tulipifera,5/19/2010,61.5,0,,6/29/2011,62.4,0,,7/6/2012,63.2,0,,7/1/2013,63.4,0,,,63.7,,,7/7/2015,64.4,,,5/31/2016,64.6,,,,6/7/2017,64.9,,,,5/25/2018,65.4,,,,66.3,,,66.8,67.6,,68.4,,69,,69.1,tag missing (near 2874),66,"tag still missing, meas. may be off"
PC,12,833,833,Magnolia acuminata,5/5/2010,8.1,0,,6/30/2011,8.6,0,,5/18/2012,8.6,0,,6/27/2013,8.6,0,,7/3/2014,8.6,,,6/11/2015,8.7,,,5/20/2016,8.9,,,,6/9/2017,8.9,,,,5/23/2018,9,,,,9,,,9.2,9.4,,9.7,,9.9,,10,,10.1,
PC,12,847,847,Magnolia acuminata,5/5/2010,9.4,0,,6/30/2011,9.9,0,,5/18/2012,10.1,0,,6/27/2013,10.2,0,,7/3/2014,10.2,,,6/11/2015,10.3,,,5/20/2016,10.7,,,,6/9/2017,10.7,,,,5/23/2018,10.9,,,,11.2,,,11.4,11.5,,11.7,,12,,12.3,,12.3,
SC,3,137,137,Magnolia acuminata,4/28/2010,26.9,0,,6/2/2011,27.9,0,,7/3/2012,28.8,0,,7/2/2013,28.9,0,,6/18/2014,29,,,6/17/2015,29.2,,,5/20/2016,29.2,,,,5/30/2017,29,,,,5/17/2018,29,,2018 no leaves on canopy,,29,,,29.1,0,Dead 2021,0,2018 no leaves on canopy; 2021 dead,0,dead,0,,0,
SC,5,957*,957,Magnolia acuminata,,,99,,,,99,,,,99,,6/25/2013,10.9,8,New 2013 Near 225,6/18/2014,11.2,,,6/26/2015,11.1,,2015 real meas,5/20/2016,11.1,,,New 2013 Near 225; 2015 real meas.,5/30/2017,11.1,,,New 2013 Near 225; 2015 real meas.,5/24/2018,11,,,,11,,,11.1,11,,11,New 2013 Near 225; 2015 real meas.,11.1,,11.1,,11.1,
SC,6,969*,969,Magnolia acuminata,,,99,,,,99,,,,99,,6/25/2013,33.9,8,"New 2013 Near 270, near back end",6/18/2014,33.8,,,6/26/2015,34.3,,,5/20/2016,34.5,,,"New 2013 Near 270, near back end",5/30/2017,35.2,,,"New 2013 Near 270, near back end",5/24/2018,34.9,,,,35.6,,,36,36,,35.9,"New 2013 Near 270, near back end",36.2,,36.6,,36.7,
SC,10,433,433,Magnolia acuminata,4/29/2010,50,0,2010 tipping over,6/10/2011,50.1,0,,7/5/2012,50.8,0,,6/24/2013,50.2,1,2013 meas. real,6/19/2014,50.3,,,7/2/2015,50.8,,,5/20/2016,50.8,,,2010 tipping over; 2013 meas. real,5/30/2017,50.8,,,2010 tipping over; 2013 meas. real,5/24/2018,50.9,,,,0,,2019 fallen over,0,0,,0,2010 tipping over; 2013 meas. real,0,dead,0,,0,
SC,10,434,434,Magnolia acuminata,4/29/2010,25.6,0,,6/10/2011,27.5,0,,7/5/2012,28.8,0,2012 lost tag! But nail hole visible,6/24/2013,28.9,0,,6/19/2014,0,,,7/2/2015,0,,,5/20/2016,0,,,2012 lost tag! But nail hole visible,5/30/2017,0,,dead,2012 lost tag! But nail hole visible; 2017 dead,5/24/2018,0,,,,0,,,0,0,,0,2012 lost tag! But nail hole visible; 2017 dead,0,dead,0,,0,
SC,11,59,59,Magnolia acuminata,4/27/2010,8.1,0,,6/2/2011,8.7,0,,7/3/2012,9.3,0,,7/2/2013,9.5,0,,6/3/2014,9.7,,,6/17/2015,10.2,,,5/19/2016,10.5,,,,5/29/2017,10.4,,,,5/17/2018,10.9,,,,11.2,,,11.8,11.9,,12.2,,12.4,,12.8,,13,
PC,6,984*,984,Nyssa sylvatica,,,99,,,,99,,,,99,,6/27/2013,6.1,7,"New 2013 Near 644, (maybe Magnolia acuminata)",7/2/2014,6.4,,,6/16/2015,6.5,,,5/23/2016,6.4,,,"New 2013 Near 644, (maybe Magnolia acuminata)",6/9/2017,6.8,,,"New 2013 Near 644, (maybe Magnolia acuminata)",5/23/2018,6.8,,,,7.1,,,7,7.2,,7.2,"New 2013 Near 644, (maybe Magnolia acuminata)",7.8,,7.4,,0,dead
SV,7,2719,2719,Nyssa sylvatica,5/19/2010,7,0,,6/29/2011,7.2,0,,7/9/2012,7.2,0,,7/1/2013,7.1,1,"2013 ID confirmed, meas real",,7.2,,,7/7/2015,7.2,,,5/31/2016,7.2,,,"2013 ID confirmed, meas real",6/7/2017,7,,dead,"2013 ID confirmed, meas real; 2017 dead",5/25/2018,0,,,,0,,,,0,Dead 2021,0,"2013 ID confirmed, meas real; 2017 dead",0,dead,0,,0,
SV,7,2739,2739,Nyssa sylvatica,5/19/2010,15,0,,6/29/2011,15.3,0,,7/9/2012,15.3,0,,7/1/2013,15.5,0,2013 ID confirmed,,15.5,,,7/7/2015,15.6,,,5/31/2016,15.8,,,2013 ID confirmed,6/7/2017,16,,,2013 ID confirmed,5/25/2018,15.8,,2018 real measure,,16.1,,,16.2,16.6,,16.7,2013 ID confirmed; 2018 real measure,16.8,,16.8,,16.9,
SV,12,2907,2907,Nyssa sylvatica,5/19/2010,33.8,0,,6/29/2011,34.1,0,,7/6/2012,34.2,0,2012 chaged to Nyssa from Magnolia,7/1/2013,34.3,0,,,34.8,,,7/7/2015,34.8,,,5/31/2016,34.9,,,2012 chaged to Nyssa from Magnolia,6/7/2017,34.8,,,2012 chaged to Nyssa from Magnolia,5/25/2018,34.7,,2018 bark flaking off,,36.2,,,34.6,35.5,2021 real meas.,35.6,2012 chaged to Nyssa from Magnolia; 2018 bark flaking off; 2021 real,35.6,,35.7,,35.9,
PC,2,491,491,Ostrya virginiana,5/4/2010,11,0,,6/15/2011,11.2,0,,6/25/2012,11.3,0,,6/27/2013,,999,2013 dead,7/2/2014,0,,,6/11/2015,0,,,5/19/2016,0,,,2013 dead,6/9/2017,0,,,2013 dead,5/17/2018,0,,,,0,,,0,0,,0,2013 dead,0,dead,0,dead,0,
PC,2,521,521,Ostrya virginiana,5/4/2010,6.8,0,,6/15/2011,6.9,0,,6/25/2012,6.9,0,,6/27/2013,7,0,,7/2/2014,6.9,,flaky bark,6/11/2015,7,,,5/19/2016,7,,,2014 flaky bark,6/9/2017,7,,,2014 flaky bark,5/17/2018,6.8,,2018 flaky bark ,,6.8,,,7,6.8,,6.8,2014 flaky bark; 2018 flaky bark,7,flaky bark,7,flaky bark,7,
PC,2,523,523,Ostrya virginiana,5/4/2010,12.8,0,,6/15/2011,12.9,0,,6/25/2012,13,0,,6/27/2013,13,0,,7/2/2014,13,,,6/11/2015,13,,,5/19/2016,13,,,,6/9/2017,13.2,,,,5/17/2018,13.1,,,,13.2,,,13.4,13.2,,13.3,,13.6,,13.3,flaky bark,13.4,
PC,4,532,532,Ostrya virginiana,5/4/2010,6.3,0,,6/15/2011,6.7,0,,6/25/2012,7,0,,6/27/2013,7.1,0,,7/2/2014,7.5,,light gap from branch fall,6/11/2015,7.9,,,5/19/2016,7.9,,,2014 light gap from branch fall,6/9/2017,8.3,,,2014 light gap from branch fall,5/17/2018,8.4,,,,8.8,,,8.9,9.4,,9.5,"2014 light gap from branch fall, 2022 leaning and girdled at bottom",9.5,,9.5,,9.5,
PC,4,547,547,Ostrya virginiana,5/4/2010,7,0,,6/15/2011,7.4,0,,6/25/2012,7.7,0,,6/27/2013,7.7,0,,7/2/2014,7.9,,,6/11/2015,8.2,,,5/19/2016,8.2,,,,6/9/2017,8.5,,,,5/17/2018,8.5,,,,8.9,,,9.1,9.1,,9.2,,9.2,leaning 45 degrees,9.2,measured under branch,9.4,needs new tag
PC,4,978*,978,Ostrya virginiana,,,99,,,,99,,,,99,,6/27/2013,6.6,7,New 2013 Near 551 & 553,7/2/2014,6.9,,,6/11/2015,7.2,,,5/19/2016,7.3,,,New 2013 Near 551 & 553,6/9/2017,,,2017 oops no meas.,New 2013 Near 551 & 553; 2017 oops no meas.,5/17/2018,7.6,,,,8,,,7.9,8.2,,8.4,New 2013 Near 551 & 553; 2017 oops no meas.,8.4,,8.7,,8.8,
PC,7,677*,677,Ostrya virginiana,5/5/2010,6.1,0,,6/15/2011,6.1,0,,5/18/2012,6.2,0,,6/27/2013,6.2,0,2013 meas. on knot,7/2/2014,6.2,,,6/16/2015,6.3,,,5/23/2016,6.4,,,2013 meas. on knot,6/9/2017,6.5,,,2013 meas. on knot,5/23/2018,6.5,,,,6.6,,,6.6,7,,7.1,2013 meas. on knot,7.1,,7.4,,7.5,
PC,7,681*,681,Ostrya virginiana,5/5/2010,6,0,,6/15/2011,5.9,5,,5/18/2012,6,0,,6/27/2013,6,0,,7/2/2014,5.9,,real meas.,6/16/2015,6,,,5/23/2016,5.9,,,2014 real meas.,6/9/2017,6.1,,,2014 real meas.,5/23/2018,6.1,,,,6.2,,,6.2,6.5,,6.5,2014 real meas.,6.5,,6.8,,7,
PC,7,682,682,Ostrya virginiana,5/5/2010,5,5,,6/15/2011,4.8,5,,5/18/2012,5,5,,6/27/2013,4.7,5,,7/2/2014,4.8,,,6/16/2015,4.8,,,5/23/2016,4.8,,,,6/9/2017,4.8,,,,5/23/2018,4.8,,,,4.8,,,4.6,4.8,,4.8,,4.8,weird growth direction,4.8,top snapped; still has leaves,4.9,
PC,7,683,683,Ostrya virginiana,5/5/2010,8.2,0,,6/15/2011,8.3,0,,5/18/2012,8.3,0,,6/27/2013,8.3,0,,7/2/2014,8.4,,,6/16/2015,8.5,,,5/23/2016,8.6,,,,6/9/2017,8.7,,,,5/23/2018,8.7,,,,8.7,,,8.8,8.9,,9.1,,9.1,,9.2,,9.3,
PC,8,692*,692,Ostrya virginiana,5/5/2010,6.5,0,,6/15/2011,6.5,0,,5/18/2012,6.5,0,,6/27/2013,6.6,0,,7/2/2014,6.6,,,6/15/2015,6.7,,,5/23/2016,6.8,,,,6/9/2017,6.9,,,,5/23/2018,7,,,,7.2,,,7.1,7.4,,7.5,,7.5,,7.6,,7.8,
PC,8,702,702,Ostrya virginiana,5/5/2010,6.2,0,,6/15/2011,6.6,0,,5/18/2012,6.8,0,,6/27/2013,7,0,,7/2/2014,7.1,,,6/15/2015,7.5,,,5/23/2016,7.5,,,,6/9/2017,7.9,,,,5/23/2018,8.2,,,,8.7,,,8.8,9.3,,9.4,,9.5,,9.7,,9.7,
PC,9,718,718,Ostrya virginiana,5/5/2010,6.2,0,,6/30/2011,6.2,0,,5/18/2012,6.2,2,2012 5.8 could be mistaken for 6.2 upsidedown,6/27/2013,6.2,0,2013 yes; changed to 6.2,7/2/2014,6.2,,,6/15/2015,6.3,,,5/23/2016,6.2,,,2012 5.8 could be mistaken for 6.2 upsidedown; 2013 yes; changed to 6.2,6/9/2017,6.2,,,2012 5.8 could be mistaken for 6.2 upsidedown; 2013 yes; changed to 6.2,5/23/2018,6.3,,,,6.3,,,6.3,6.4,,6.4,2012 5.8 could be mistaken for 6.2 upsidedown; 2013 yes; changed to 6.2,6.4,,6.5,,6.6,
PC,9,719,719,Ostrya virginiana,5/5/2010,6.4,0,,6/30/2011,6.4,0,,5/18/2012,6.4,0,,6/27/2013,6.5,0,,7/2/2014,6.5,,,6/15/2015,6.6,,,5/23/2016,6.7,,,,6/9/2017,6.7,,,,5/23/2018,6.7,,,,7,,,6.9,7,,7,,7.1,,7.1,,7,
PC,9,722,722,Ostrya virginiana,5/5/2010,7.6,0,,6/30/2011,7.6,0,,5/18/2012,7.6,0,,6/27/2013,7.6,0,,7/2/2014,7.6,,,6/15/2015,7.6,,,5/23/2016,7.7,,,,6/9/2017,7.9,,,,5/23/2018,7.8,,,,8.1,,,8.2,8.2,,8.3,,8.5,,8.6,,8.6,
PC,9,723,723,Ostrya virginiana,5/5/2010,6.1,0,,6/30/2011,6.3,0,,5/18/2012,6.2,1,,6/27/2013,6.4,0,,7/2/2014,6.5,,,6/15/2015,6.6,,,5/23/2016,6.6,,,,6/9/2017,6.7,,,,5/23/2018,6.7,,,,6.8,,,7,7,,7.1,,7.2,,7.2,,7.3,
PC,9,727,727,Ostrya virginiana,5/5/2010,7.5,0,,6/30/2011,7.6,0,,5/18/2012,7.6,0,,6/27/2013,7.7,0,,7/2/2014,7.7,,,6/15/2015,7.9,,,5/23/2016,7.9,,,,6/9/2017,8,,bark peeling,2017 bark peeling,5/23/2018,8,,,,8.1,,,8,8.3,,8.3,2017 bark peeling,8.3,,8.4,,8.5,
PC,9,732,732,Ostrya virginiana,5/5/2010,5.7,5,,6/30/2011,5.6,5,,5/18/2012,5.6,5,,6/27/2013,5.8,5,,7/2/2014,5.8,,,6/15/2015,5.8,,,5/23/2016,5.8,,,,6/9/2017,5.8,,,,5/23/2018,5.8,,,,6,,,6,6,,6.1,,6.1,,6.1,,6.2,
PC,9,746,746,Ostrya virginiana,5/5/2010,5.9,5,,6/30/2011,5.9,5,,5/18/2012,6,0,,6/27/2013,6.3,0,,7/2/2014,6,,real meas.,6/15/2015,6.1,,,5/23/2016,6.1,,,2014 real meas.,6/9/2017,6.2,,,2014 real meas.,5/23/2018,6.1,,2018 weird bump,,6.2,,,6.9,6.2,,6.3,2014 real meas.; 2018 weird bump,6.2,,6.2,,6.3,
PC,9,748,748,Ostrya virginiana,5/5/2010,8.3,0,,6/30/2011,8.3,0,,5/18/2012,8.6,0,,6/27/2013,8.4,1,,7/2/2014,8.5,,,6/15/2015,8.6,,,5/23/2016,8.7,,,,6/9/2017,8.8,,,,5/23/2018,8.9,,,,9,,,,9.2,,9.2,,9.2,,9.4,,9.5,
PC,9,754,754,Ostrya virginiana,5/5/2010,5.8,5,,6/30/2011,5.8,5,,5/18/2012,5.9,5,,6/27/2013,5.9,5,,7/2/2014,5.9,,,6/15/2015,5.9,,,5/23/2016,5.9,,,,6/9/2017,5.9,,,,5/23/2018,5.9,,,,6,,,5.9,0,,0,,5.9,alive,6,,6,
PC,9,986*,986,Ostrya virginiana,,,99,,,,99,,,,99,,6/27/2013,7.2,7,New 2013 Near 744,7/2/2014,7.3,,,6/15/2015,7.4,,,5/23/2016,7.5,,,New 2013 Near 744,6/9/2017,7.4,,,New 2013 Near 744,5/23/2018,7.4,,2018 measured above branch,,8,,,7.5,7.5,,7.6,New 2013 Near 744; 2018 measured above branch,7.5,,7.5,,7.5,
PC,10,988*,988,Ostrya virginiana,,,99,,,,99,,,,99,,6/27/2013,6.8,7,New 2013 Near 782,7/2/2014,7.1,,,6/11/2015,7.5,,,5/23/2016,7.6,,,New 2013 Near 782,6/9/2017,8.1,,,New 2013 Near 782,5/23/2018,8.1,,,,8.5,,,8.8,0,Dead 2021,0,New 2013 Near 782; 2021 dead,0,dead,0,dead,0,
PC,10,989*,989,Ostrya virginiana,,,99,,,,99,,,,99,,6/27/2013,6,7,New 2013 Near 782,7/2/2014,6.2,,,6/11/2015,6.5,,,5/23/2016,6.5,,,New 2013 Near 782,6/9/2017,6.8,,,New 2013 Near 782,5/23/2018,6.8,,,,7,,,7.6,7.7,,8,New 2013 Near 782,8,,8.5,,9.1,
SC,1,6,6,Ostrya virginiana,4/27/2010,14.7,0,,6/2/2011,14.9,0,,7/3/2012,14.9,0,,7/2/2013,15.2,0,,6/3/2014,15,,,6/17/2015,15,,,5/19/2016,15,,,,5/29/2017,15.1,,,,5/17/2018,15.1,,,,15.1,,,15.4,15.5,Tipped but still alive,16.2,2021 tipped but still alive,16.3,"fallen, alive",15.3,"fallen, still alive",15.4,
SC,4,174*,174,Ostrya virginiana,4/28/2010,21.5,0,,6/2/2011,21.6,0,,7/5/2012,21.8,0,,6/25/2013,22,0,,6/18/2014,22.1,,,6/26/2015,22.1,,,5/20/2016,22.3,,,,5/30/2017,22.5,,,,5/17/2018,22.2,,,,22.2,,,22.9,22.5,Fallen but still rooted,22.6,2021 fallen but still rooted,0,"fallen, presumed dead",22.4,fallen; top has many leaves,0,dead
SV,3,2533,2533,Ostrya virginiana,5/19/2010,11.6,0,,6/29/2011,11.8,0,,7/9/2012,11.9,0,,7/1/2013,11.9,0,,,11.8,,,7/7/2015,11.9,,,5/31/2016,11.9,,,,6/7/2017,11.9,,,,5/25/2018,11.9,,,,12.1,,,11.8,12.1,Tipped but still alive,0,"2021 tipped but still alive, 2022 dead",0,dead,0,,0,
SV,5,2593,2593,Ostrya virginiana,5/19/2010,7.3,0,,6/29/2011,7.6,0,,7/9/2012,7.8,0,,7/1/2013,7.8,0,,,8,,,7/7/2015,8.2,,,5/31/2016,8.4,,,,6/7/2017,8.5,,,,5/25/2018,8.7,,,,8.8,,,8.9,9.1,,9.3,,9.3,,9.6,,9.8,
PC,3,575,575,Prunus serotina,5/4/2010,7.4,0,,6/15/2011,7.8,0,,6/25/2012,7.9,0,,6/27/2013,8.1,0,,7/2/2014,8.1,,,6/11/2015,8.2,,,5/19/2016,8.3,,,,6/9/2017,8.3,,,,5/17/2018,8.1,,,,8.4,,,8.4,8.4,,8.3,,8.4,,8.4,flaky bark,8.4,
PC,3,578,578,Prunus serotina,5/4/2010,8.5,0,,6/15/2011,9,0,,6/25/2012,9.3,0,,6/27/2013,9.5,0,,7/2/2014,9.5,,,6/11/2015,9.7,,,5/19/2016,9.8,,,,6/9/2017,9.9,,,,5/17/2018,9.9,,,,10.1,,,9.9,9.9,,20,,9.8,2022 DBH is wrong,9.9,,9.9,dead on top
PC,4,539,539,Prunus serotina,5/4/2010,6.3,0,,6/15/2011,6.7,0,,6/25/2012,6.9,0,,6/27/2013,7.2,0,,7/2/2014,7.4,,,6/11/2015,7.5,,,5/19/2016,7.5,,,,6/9/2017,7.5,,,,5/17/2018,7.6,,,,0,,2019 dead,8,7.7,knob,7.8,2021 knob on tree,7.7,,8,,7.9,
PC,6,642,642,Prunus serotina,5/5/2010,5.4,5,,6/15/2011,5.5,5,,5/18/2012,5.6,5,"2012 changed DBH2011 from ""missed"" to 5.5",6/27/2013,5.6,5,,7/2/2014,5.6,,,6/16/2015,5.7,,,5/23/2016,5.7,,,"2012 changed DBH2011 from ""missed"" to 5.5",6/9/2017,5.9,,,"2012 changed DBH2011 from ""missed"" to 5.5",5/23/2018,5.7,,,,0,,2019 dead,,0,,0,"2012 changed DBH2011 from ""missed"" to 5.5",0,dead,0,dead,0,
PC,7,649,649,Prunus serotina,5/5/2010,5.9,5,,6/15/2011,5.9,5,,5/18/2012,6,0,,6/27/2013,6.1,0,,7/2/2014,6,, real meas.,6/16/2015,6,,,5/23/2016,5.8,,,2014 real meas.,6/9/2017,6,,,2014 real meas.,5/23/2018,6,,,,0,,2019 dead,6,0,,0,"2014 real meas., 2022 dead",0,dead,0,,0,
PC,7,653*,653,Prunus serotina,5/5/2010,4.5,5,,6/15/2011,4.5,5,,5/18/2012,4.5,5,,6/27/2013,4.6,5,,7/2/2014,4.6,,,6/16/2015,4.6,,,5/23/2016,4.6,,,,6/9/2017,4.6,,,,5/23/2018,4.6,,,,4.8,,,4.8,0,Dead 2021,0,2021 dead,0,dead,0,,0,
PC,8,699,699,Prunus serotina,5/5/2010,6.1,0,,6/15/2011,6.2,0,,5/18/2012,6.2,0,,6/27/2013,6.2,0,,7/2/2014,6.2,,,6/15/2015,6.3,,,5/23/2016,6.2,,,,6/9/2017,6.3,,,,5/23/2018,6.3,,2018 dying,,6.4,,,,0,Dead 2021,0,2018 dying; 2021 dead,0,dead,0,,0,
PC,8,709,709,Prunus serotina,5/5/2010,8,0,,6/15/2011,8,0,,5/18/2012,8,0,,6/27/2013,8.1,0,,7/2/2014,8.2,,,6/15/2015,8.2,,,5/23/2016,0,,dead 2016,2016 dead,6/9/2017,0,,,2016 dead,5/23/2018,0,,,,0,,,,0,,0,2016 dead,0,dead,0,,0,
PC,8,714,714,Prunus serotina,5/5/2010,6.6,0,,6/15/2011,6.7,0,,5/18/2012,6.7,0,,6/27/2013,6.9,0,,7/2/2014,6.8,,real meas.,6/15/2015,6.9,,,5/23/2016,7.1,,,2014 real meas.,6/9/2017,7.3,,,2014 real meas.,5/23/2018,7.2,,,,7.5,,,7.4,0,Dead 2021,0,2014 real meas.; 2021 dead,0,dead,0,,0,
PC,11,784,784,Prunus serotina,5/5/2010,7.6,0,,6/30/2011,8.1,0,,5/18/2012,8.2,0,,6/27/2013,8.4,0,,7/3/2014,8.1,,real meas.,6/11/2015,8.4,,,5/20/2016,8.5,,,2014 real meas.,6/9/2017,8.6,,,2014 real meas.,5/23/2018,8.5,,,,8.5,,,8.7,8.7,,8.8,2014 real meas.,8.9,,8.7,,8.9,
PC,11,793*,793,Prunus serotina,5/5/2010,6.6,0,,6/30/2011,7.2,0,,5/18/2012,7,1,,6/27/2013,7.2,0,,7/3/2014,7.3,,,6/11/2015,7.3,,,5/20/2016,7.5,,,,6/9/2017,7.9,,,,5/23/2018,7.7,,2018 real measure,,8.8,,,7.9,7.9,,8.2,2018 real measure,7.9,,8.1,,8.1,
PC,11,809,809,Prunus serotina,5/5/2010,8.5,0,,6/30/2011,8.6,0,,5/18/2012,8.6,0,,6/27/2013,8.7,0,,7/3/2014,8.8,,,6/11/2015,8.8,,,5/20/2016,8.9,,almost dead,2016 almost dead,6/9/2017,8.9,,2017 almost dead,2016 almost dead; 2017 almost dead,5/23/2018,8.9,,2018 lots of leaves!,,9.1,,,8.8,0,Dead 2021,0,2016 almost dead; 2017 almost dead; 2018 lots of leaves!; 2021 dead,0,dead,0,standing dead,0,
PC,11,813,813,Prunus serotina,5/5/2010,7.7,0,,6/30/2011,8.1,0,,5/18/2012,8,1,,6/27/2013,8.3,0,2013 getting bumpy bark,7/3/2014,8.2,,flaky bark,6/11/2015,8.2,,,5/20/2016,8.1,,,2013 getting bumpy bark; 2014 flaky bark,6/9/2017,8.3,,,2013 getting bumpy bark; 2014 flaky bark,5/23/2018,8.3,,2018 flaky bark ,,8.5,,,8.2,8.2,,8.4,"2013 getting bumpy bark; 2014 flaky bark; 2018 flaky bark, 2022  barely alive",8.1,barely alive,8.5,very flaky bark; barely alive,8.5,
PC,12,828,828,Prunus serotina,5/5/2010,13.6,0,,6/30/2011,14.3,0,,5/18/2012,14,1,,6/27/2013,14.1,0,,7/3/2014,14.2,,,6/11/2015,14.3,,,5/20/2016,14.2,,,,6/9/2017,14.5,,,,5/23/2018,14.4,,,,14.5,,,14.5,0,Dead 2021,0,2021 dead,0,dead,0,,0,
PC,12,845,845,Prunus serotina,5/5/2010,6.5,0,,6/30/2011,6.7,0,,5/18/2012,6.6,1,,6/27/2013,6.7,0,,7/3/2014,0,,,6/11/2015,0,,,5/20/2016,0,,,,6/9/2017,0,,,,5/23/2018,0,,,,0,,,,0,Dead 2021,0,2021 dead,0,dead,0,,0,
PC,12,864,864,Prunus serotina,5/5/2010,13.9,0,,6/30/2011,14.1,0,,5/18/2012,13.9,1,,6/27/2013,14.1,0,,7/3/2014,14.1,,,6/11/2015,14.2,,,5/20/2016,14.2,,,,6/9/2017,14.1,,,,5/23/2018,14,,2018 tag scratched,,14.1,,,14.4,14.2,,14.1,2018 tag scratched,14.3,,14.3,,14.4,needs new tag
PC,12,875,875,Prunus serotina,5/5/2010,13.8,0,,6/30/2011,14.3,0,,5/18/2012,14.1,1,,6/27/2013,14.5,0,,7/3/2014,14.5,,,6/11/2015,14.5,,,5/20/2016,14.6,,,,6/9/2017,14.8,,,,5/23/2018,14.5,,,,14.7,,,14.6,14.6,,14.7,,14.4,,14.5,,14.8,
SC,1,8,8,Prunus serotina,4/27/2010,10.6,0,,6/2/2011,10.8,0,,7/3/2012,10.9,0,,7/2/2013,11,0,,6/3/2014,11.2,,,6/17/2015,11,,2015: bark is very flaky,5/19/2016,11.1,,,2015 bark is very flaky,5/29/2017,,,Missing,2015 bark is very flaky; 2017 missing,5/17/2018,0,,2018 could not find presumed dead,,0,,,0,0,,0,2015 bark is very flaky; 2017 missing; 2018 could not find presumed dead,0,dead,0,,0,
SC,2,114,114,Prunus serotina,4/28/2010,6.6,0,,6/2/2011,7,0,,7/3/2012,7.2,0,,7/2/2013,7.2,0,,6/3/2014,7.1,,,6/17/2015,7.5,,,5/19/2016,7.4,,Real meas 2016,2016 real meas.,5/29/2017,7.4,,,2016 real meas.,5/17/2018,7.4,,,,7.4,,,7.4,7.4,,7.4,2016 real meas.,7.4,,7.3,top dead; shoots at base,7.3,
SC,2,123,123,Prunus serotina,4/28/2010,29.5,0,,6/2/2011,29.5,0,,7/3/2012,30,0,,7/2/2013,30,0,,6/3/2014,30,,,6/17/2015,30.2,,,5/19/2016,30.2,,,,5/29/2017,30.2,,,,5/17/2018,30,,,,30.2,,,30.5,0,Dead 2021,0,2021 dead,0,dead,0,,0,
SC,2,2950*,2950,Prunus serotina,,,99,,,,99,,,,99,,7/2/2013,4.9,5,2013 new Near 99,6/3/2014,4.8,,,6/17/2015,5,,,5/19/2016,0,,Dead 2016,2013 new Near 99; 2016 dead,5/29/2017,0,,dead,2013 new Near 99; 2016 dead,5/17/2018,,,,,0,,,0,0,,0,,NA,measurement missing,0,"can't find, presumed dead",0,
SC,5,254,254,Prunus serotina,4/28/2010,14,0,,6/2/2011,14.3,0,,7/5/2012,14.3,0,,6/25/2013,14.3,0,2013 dying,6/18/2014,14.2,,,6/26/2015,14.5,,,5/20/2016,14.5,,,2013 dying,5/30/2017,14.5,,,2013 dying,5/24/2018,14.5,,,,14.7,,2019 dead,14.6,14.7,,14.5,2013 dying,0,dead,0,,0,
SC,7,300,300,Prunus serotina,4/29/2010,8.3,0,,6/2/2011,8.6,0,,7/5/2012,8.8,0,,6/25/2013,8.7,1,2013 measurement real,6/19/2014,8.9,,,6/26/2015,9,,,5/20/2016,9.1,,,2013 measurement real,5/30/2017,9.1,,,2013 measurement real,5/24/2018,9,,,,9,,,8.9,9.3,,0,"2013 measurement real, 2022 dead",0,dead,0,,0,
SC,7,301,301,Prunus serotina,4/29/2010,8.3,0,2010 meas on diagonal due to knot,6/2/2011,8.5,0,,7/5/2012,8.5,0,,6/25/2013,,999,2013 dead,6/19/2014,0,,,6/26/2015,0,,,5/20/2016,0,,,2010 meas on diagonal due to knot; 2013 dead,5/30/2017,0,,dead,2010 meas on diagonal due to knot; 2013 dead,5/24/2018,0,,2018 dead,,0,,,0,0,,0,2010 meas on diagonal due to knot; 2013 dead; 2018 dead,0,dead,0,,0,
SC,7,302,302,Prunus serotina,4/29/2010,8,0,,6/2/2011,8.5,0,,7/5/2012,8.8,0,,6/25/2013,8.8,0,,6/19/2014,8.9,,,6/26/2015,9,,,5/20/2016,9.2,,,,5/30/2017,9.3,,,,5/24/2018,9.4,,2018 flaky bark,,9.5,,,9.6,9.6,,9.5,2018 flaky bark,9.5,"fallen, still green",9.5,fallen; still alive,9.4,"fallen, green"
SC,7,315,315,Prunus serotina,4/29/2010,6.7,0,,6/2/2011,6.8,0,,7/5/2012,7,0,,6/25/2013,6.9,1,,6/19/2014,6.9,,,6/26/2015,6.9,,,5/20/2016,6.9,,,,5/30/2017,0,,dead,2017 dead,5/24/2018,0,,2018 dead,,0,,,0,0,,0,2017 dead; 2018 dead,0,,0,,0,
SC,7,316,316,Prunus serotina,4/29/2010,6.9,0,,6/2/2011,7.3,0,,7/5/2012,7.4,0,,6/25/2013,7.4,0,,6/19/2014,7.4,,,6/26/2015,7.5,,,5/20/2016,7.5,,,,5/30/2017,7.6,,,,5/24/2018,7.6,,,,7.7,,,7.6,7.8,,7.6,,0,dead,0,,0,
SC,7,318,318,Prunus serotina,4/29/2010,6.8,0,,6/2/2011,7,0,,7/5/2012,7.2,0,,6/25/2013,7.2,0,,6/19/2014,7.1,,,6/26/2015,7.1,,,5/20/2016,7.1,,,,5/30/2017,0,,dead,2017 dead,5/24/2018,0,,2018 dead,,0,,,0,0,,0,2017 dead; 2018 dead,0,dead,0,,0,
SC,7,324,324,Prunus serotina,4/29/2010,8.3,0,,6/2/2011,8.9,0,,7/5/2012,9.2,0,,6/25/2013,9.2,0,,6/19/2014,9.1,,,6/26/2015,9.3,,,5/20/2016,9.3,,,,5/30/2017,0,,"dead, crushed","2017 dead, crushed",5/24/2018,0,,2018 dead,,0,,,0,0,,0,"2017 dead, crushed; 2018 dead",0,dead,0,,0,
SC,7,325,325,Prunus serotina,4/29/2010,6.8,0,,6/2/2011,6.9,0,,7/5/2012,6.9,0,,6/25/2013,7,0,,6/19/2014,6.9,,real meas.,6/26/2015,6.8,,2015 real meas,5/20/2016,6.9,,,2014 real meas.; 2015 real meas.,5/30/2017,0,,dead,2014 real meas.; 2015 real meas.; 2017 dead,5/24/2018,0,,2018 dead,,0,,,0,0,,0,2014 real meas.; 2015 real meas.; 2017 dead; 2018 dead,0,dead,0,,0,
SC,7,326,326,Prunus serotina,4/29/2010,8.8,0,,6/2/2011,9,0,,7/5/2012,9.1,0,,6/25/2013,8.8,1,,6/19/2014,8.9,,,6/26/2015,9,,,5/20/2016,9.1,,,,5/30/2017,0,,dead,2017 dead,5/24/2018,0,,2018 dead,,0,,,0,0,,0,2017 dead; 2018 dead,0,dead,0,,0,
SC,7,327,327,Prunus serotina,4/29/2010,12.3,0,,6/2/2011,13.8,0,,7/5/2012,14.5,0,,6/25/2013,14.9,0,,6/19/2014,15.2,,,6/26/2015,15.9,,,5/20/2016,16.3,,,,5/30/2017,0,,"dead, fell over","2017 dead, fell over",5/24/2018,0,,2018 dead,,0,,,0,0,,0,"2017 dead, fell over; 2018 dead",0,dead,0,,0,
SC,7,330,330,Prunus serotina,4/29/2010,7.5,0,,6/2/2011,7.8,0,,7/5/2012,7.8,0,,6/25/2013,7.8,0,,6/19/2014,7.9,,,6/26/2015,7.7,,2015 real meas,5/20/2016,0,,Dead 2016,2015 real meas; 2016 dead,5/30/2017,0,,dead,2015 real meas; 2016 dead,5/24/2018,7.4,,,,7.6,,,0,0,,0,2015 real meas; 2016 dead,0,dead,0,,0,
SC,7,332,332,Prunus serotina,4/29/2010,9.3,0,,6/2/2011,10.3,0,,7/5/2012,11,0,,6/25/2013,11.1,0,,6/19/2014,11.4,,,6/26/2015,11.7,,,5/20/2016,12.3,,Over sap gob 2016,2016 meas over sap gob,5/30/2017,12.5,,,2016 meas over sap gob,5/24/2018,12.6,,2018 flaky bark,,13,,,13.2,13.4,,0,"2016 meas over sap gob; 2018 flaky bark, 2022 dead",13.5,not dead,13.7,,13.6,
SC,7,334,334,Prunus serotina,4/29/2010,7.1,0,,6/2/2011,7.6,0,,7/5/2012,7.5,1,,6/25/2013,7.2,1,,6/19/2014,7.6,,,6/26/2015,7.6,,,5/20/2016,7.7,,,,5/30/2017,0,,dead,2017 dead,5/24/2018,0,,2018 dead,,0,,,0,0,,0,2017 dead; 2018 dead,0,dead,0,,0,
SC,7,952*,952,Prunus serotina,,,99,,,,99,,,,99,,6/25/2013,6.9,7,"New 2013 Near 318, meas perp to trunk",6/19/2014,7.1,,,6/26/2015,7.2,,,5/20/2016,7.4,,,"New 2013 Near 318, meas perp to trunk",5/30/2017,7.3,,,"New 2013 Near 318, meas perp to trunk",5/24/2018,7.4,,,,7.3,,,7.2,0,,7.4,"New 2013 Near 318, meas perp to trunk, 2022 found alive",0,dead,0,,0,
SC,7,954*,954,Prunus serotina,,,99,,,,99,,,,99,,6/25/2013,7.5,7,New 2013 Near 313,6/19/2014,7.6,,,6/26/2015,7.6,,,5/20/2016,7.6,,,New 2013 Near 313,5/30/2017,7.7,,,New 2013 Near 313,5/24/2018,7.9,,,,7.9,,,8,8.1,,8.1,New 2013 Near 313,8,,8.2,,8.2,
SC,8,356,356,Prunus serotina,4/29/2010,40.9,0,,6/2/2011,40.9,0,,7/5/2012,41,0,,6/24/2013,41,0,,6/19/2014,41.1,,meas. perp. to tree,7/2/2015,41.3,,,5/20/2016,41.3,,,2014 meas. perp. to stem,5/30/2017,41.3,,,2014 meas. perp. to stem,5/24/2018,41.5,,,,41.8,,,42.5,41.9,,0,"2014 meas. perp. to stem, 2022 dead",0,dead,0,,0,
SC,8,950*,950,Prunus serotina,,,99,,,,99,,,,99,,6/24/2013,,5,"2013 oops! Not quite big enough, still tagged as new",6/19/2014,*,,did not measure,7/2/2015,6.3,,,5/20/2016,6.7,,,"2013 oops! Not quite big enough, still tagged as new; 2014 did not measure",5/30/2017,6.4, ,real measurement 2017,"2013 oops! Not quite big enough, still tagged as new; 2014 did not measure; 2017 real measurement",5/24/2018,6.5,,,,6.8,,,6.4,0,,0,"2013 oops! Not quite big enough, still tagged as new; 2014 did not measure; 2017 real measurement",0,dead,0,,0,
SC,9,376,376,Prunus serotina,4/29/2010,6.7,0,,6/10/2011,7,0,,7/5/2012,7,0,,6/24/2013,7,0,,6/19/2014,7.1,,,7/2/2015,7.1,,,5/20/2016,7.2,,,,5/30/2017,7.6,,,,5/24/2018,7.5,,,,6.7,,,7.9,7.6,Fallen but still rooted,0,2022 dead,0,dead,0,,0,
SC,9,379,379,Prunus serotina,4/29/2010,7.1,0,,6/10/2011,7.6,0,,7/5/2012,7.8,0,,6/24/2013,7.9,0,,6/19/2014,7.9,,,7/2/2015,8.2,,,5/20/2016,8.4,,,,5/30/2017,8.5,,,,5/24/2018,8.9,,,,8.6,,,9.1,8.9,,9,,9.1,,9.3,,9.6,
SC,9,381,381,Prunus serotina,4/29/2010,5.3,5,,6/10/2011,5.5,5,,7/5/2012,5.5,5,,6/24/2013,5.7,5,2013 very sick tree,6/19/2014,5.6,,,7/2/2015,5.4,,2015: measured 1 cm below nail due to shelf fungi covering tree,5/20/2016,5.5,,,2013 very sick tree; 2015 measured 1 cm below nail due to shelf fungi covering tree,5/30/2017,0,,dead,2013 very sick tree; 2015 measured 1 cm below nail due to shelf fungi covering tree; 2017 dead,5/24/2018,0,,,,0,,,0,0,,0,2013 very sick tree; 2017 dead,0,dead,0,,0,
SC,10,405,405,Prunus serotina,4/29/2010,8.5,0,,6/10/2011,8.7,0,,7/5/2012,8.6,3,"2012 top dead, but basal sprouts",6/24/2013,,999,2013 dead,6/19/2014,0,,,7/2/2015,0,,,5/20/2016,0,,,"2012 top dead, but basal sprouts; 2013 dead",5/30/2017,0,,dead,"2012 top dead, but basal sprouts; 2013 dead",5/24/2018,0,,,,0,,,0,0,,0,"2012 top dead, but basal sprouts; 2013 dead",0,dead,0,,0,
SC,10,415,415,Prunus serotina,4/29/2010,7,0,,6/10/2011,7.1,0,,7/5/2012,7.1,0,,6/24/2013,7,1,2013 dbl chkd meas. it is real,6/19/2014,7.1,,,7/2/2015,7.3,,,5/20/2016,7.4,,,2013 dbl chkd meas. it is real,5/30/2017,7.5,,,2013 dbl chkd meas. it is real,5/24/2018,7.7,,,,8.1,,,8.2,8.5,,8.6,2013 dbl chkd meas. it is real,8.5,,0,dead,0,
SC,10,448,448,Prunus serotina,4/29/2010,7.8,0,,6/10/2011,8.2,0,,7/5/2012,8.4,0,,6/24/2013,8.4,0,,6/19/2014,8.6,,,7/2/2015,8.8,,,5/20/2016,0,,,,5/30/2017,0,,dead,2017 dead,5/24/2018,0,,,,0,,,0,0,,9.1,"2017 dead, 2022 found alive",9.1,still alive,9.2,,9.2,
SC,10,449,449,Prunus serotina,4/29/2010,7.6,0,,6/10/2011,7.8,0,,7/5/2012,7.8,0,,6/24/2013,7.8,0,,6/19/2014,0,,,7/2/2015,0,,,5/20/2016,0,,Dead 2016,2016 dead,5/30/2017,0,,dead,2016 dead,5/24/2018,0,,,,0,,,0,0,,0,2016 dead,0,dead,0,,0,
SC,10,457,457,Prunus serotina,4/29/2010,7,0,,6/10/2011,7.6,0,,7/5/2012,7.8,0,,6/24/2013,8,0,,6/19/2014,8.1,,,7/2/2015,8.5,,,5/20/2016,8.8,,,,5/30/2017,9,,,,5/24/2018,9.2,,,,10,,,10.2,10.6,,10.8,,10.9,,11.2,,11.1,
SC,11,33,33,Prunus serotina,4/27/2010,45,0,,6/2/2011,45.5,0,,7/3/2012,46.3,0,,7/2/2013,46.5,0,,6/3/2014,47,,,6/17/2015,47.5,,,5/19/2016,47.8,,,,5/29/2017,48,,,,5/17/2018,48.7,,,,49.3,,,49.9,50.2,,50.8,,50.9,,51.8,,51.9,
SC,11,54,54,Prunus serotina,4/27/2010,35.8,0,,6/2/2011,36.5,0,,7/3/2012,36.6,0,,7/2/2013,36.8,0,,6/3/2014,36.8,,,6/17/2015,37.3,,,5/19/2016,37.3,,,,5/29/2017,37.3,,,,5/17/2018,37.6,,,,37.9,,,38.1,38.4,,38.5,,38.6,peeling bark,38.6,,39,
SC,12,66,66,Prunus serotina,4/28/2010,56,0,,6/2/2011,56.6,0,,7/3/2012,57.2,0,,7/2/2013,57.6,0,,6/3/2014,57.7,,,6/17/2015,58.5,,,5/19/2016,59,,,,5/29/2017,60.8,,,,5/17/2018,59.5,,,,60.5,,,59.7,60.5,,60.5,,60.7,,61.1,,61.5,
SC,12,67,67,Prunus serotina,4/28/2010,43.2,0,,6/2/2011,43.3,0,,7/3/2012,43.5,0,,7/2/2013,43.8,0,,6/3/2014,43.7,,,6/17/2015,44,,2015 needs retagging,5/19/2016,44.4,,,,5/29/2017,45.5,,,,5/17/2018,44.5,,,,46,,,45.8,45.7,2021 real meas.,46,2021 real,46.2,,46.7,,47.1,
SV,3,2494,2494,Prunus serotina,5/19/2010,22.1,0,,6/29/2011,22.8,0,,7/9/2012,23.4,0,,7/1/2013,23.7,0,,,23.8,,,7/7/2015,23.8,,,5/31/2016,24,,,,6/7/2017,24.1,,,,5/25/2018,24.1,,,,24.3,,,24.7,24.3,,24.4,,24.5,,24.6,,24.6,
SV,4,2558,2558,Prunus serotina,5/19/2010,22.2,0,,6/29/2011,22.3,0,,7/9/2012,22.2,3,2012 no top; basal sprouts,7/1/2013,,999,2013 dead,,0,,,7/7/2015,0,,,5/31/2016,0,,,2012 no top; basal sprouts; 2013 dead,6/7/2017,0,,,2012 no top; basal sprouts; 2013 dead,5/25/2018,0,,,,0,,,,0,,0,2012 no top; basal sprouts; 2013 dead,0,dead,0,,0,
SV,5,2599,2599,Prunus serotina,5/19/2010,6.1,0,,6/29/2011,6.2,0,,7/9/2012,6.1,1,,7/1/2013,6.2,0,,,6.2,,,7/7/2015,6.2,,,5/31/2016,6.2,,,,6/7/2017,0,,dead 2017,2017 dead,5/25/2018,0,,,,0,,,,0,,0,2017 dead,0,dead,0,,0,
SV,6,2639,2639,Prunus serotina,5/19/2010,8.8,0,,6/29/2011,8.9,0,,7/9/2012,9,3,2012 no top; basal sprouts,7/1/2013,,999,2013 dead,,0,,,7/7/2015,0,,,5/31/2016,0,,,2012 no top; basal sprouts; 2013 dead,6/7/2017,0,,dead,2012 no top; basal sprouts; 2013 dead,5/25/2018,0,,,,0,,,,0,Dead 2021,0,2012 no top; basal sprouts; 2013 dead,0,dead,0,,0,
SV,6,2677,2677,Prunus serotina,5/19/2010,8.6,0,,6/29/2011,8.7,0,,7/9/2012,8.7,0,,7/1/2013,8.8,0,,,8.7,,,7/7/2015,0,,2015: dead,5/31/2016,0,,,2015 dead,6/7/2017,8.5,,resprouting from top,2015 dead,5/25/2018,0,,,,8.5,,,8.4,8.5,,0,"2015 dead, 2019 has a branch with leaves on it, 2022 dead",0,dead,0,,0,
SV,9,2765,2765,Prunus serotina,5/19/2010,16,0,,6/29/2011,16.3,0,,7/6/2012,16.6,0,,7/1/2013,16.6,0,,,16.8,,,7/7/2015,16.9,,,5/31/2016,17.1,,,,6/7/2017,17.2,,,,5/25/2018,17.2,,,,17.7,,,17.4,17.5,2021 real meas.,17.5,2021 real,17.5,,0,dead,0,
SV,9,2782,2782,Prunus serotina,5/19/2010,7,0,,6/29/2011,7.2,0,,7/6/2012,7.2,0,,7/1/2013,7.2,0,,,7.2,,,7/7/2015,7.3,,,5/31/2016,0,,Dead 2016,2016 dead,6/7/2017,0,,dead,2016 dead,5/25/2018,0,,,,0,,,,0,Dead 2021,0,2016 dead,0,dead,0,,0,
SV,9,2783,2783,Prunus serotina,5/19/2010,8.5,0,,6/29/2011,8.5,0,,7/6/2012,8.5,0,,7/1/2013,8.5,0,,,0,,,7/7/2015,0,,,5/31/2016,0,,,,6/7/2017,0,,dead,,5/25/2018,0,,,,0,,,,0,Dead 2021,0,,0,dead,0,,0,
SV,9,2784,2784,Prunus serotina,5/19/2010,9.1,0,,6/29/2011,9.9,0,,7/6/2012,9.7,0,,7/1/2013,,999,2013 dead,,0,,,7/7/2015,0,,,5/31/2016,0,,,2013 dead,6/7/2017,0,,dead,2013 dead,5/25/2018,0,,,,0,,,,0,Dead 2021,0,2013 dead,0,dead,0,,0,
SV,9,2786,2786,Prunus serotina,5/19/2010,9.8,0,,6/29/2011,10.4,0,,7/6/2012,10.8,0,,7/1/2013,10.9,0,,,10.8,,,7/7/2015,11.1,,,5/31/2016,11.4,,,,6/7/2017,11.4,,,,5/25/2018,11.3,,2018 real measure,,11.7,,,,0,Dead 2021,0,2018 real measure; 2021 dead,0,dead,0,,0,
SV,9,2787,2787,Prunus serotina,5/19/2010,10.5,0,,6/29/2011,11,0,,7/6/2012,10.8,0,,7/1/2013,,999,"2013 knocked down, dead",,0,,,7/7/2015,0,,,5/31/2016,0,,,"2013 knocked down, dead",6/7/2017,0,,dead,"2013 knocked down, dead",5/25/2018,0,,,,0,,,,0,Dead 2021,0,"2013 knocked down, dead",0,dead,0,,0,
SV,9,2793,2793,Prunus serotina,5/19/2010,33.9,0,,6/29/2011,34.5,0,,7/6/2012,34.8,0,,7/1/2013,35,0,,,35.2,,,7/7/2015,35.6,,,5/31/2016,35.6,,,,6/7/2017,35.8,,,,5/25/2018,36,,,,36.4,,,36.6,0,Dead 2021,0,2021 dead,0,dead,0,,0,
SV,11,2832,2832,Prunus serotina,5/19/2010,27.6,0,,6/29/2011,28,0,,7/6/2012,28.1,0,,7/1/2013,28.3,0,,,28.4,,,7/7/2015,28.5,,,5/31/2016,28.7,,,,6/7/2017,28.6,,,,5/25/2018,28.5,,,,28.6,,,28.7,28.7,,28.8,,29.2,,29.1,flaky bark,29.2,
SV,11,2838,2838,Prunus serotina,5/19/2010,37.9,0,,6/29/2011,38.1,0,,7/6/2012,38.1,0,,7/1/2013,38.1,0,,,38,,,7/7/2015,38.2,,,5/31/2016,38.4,,,,6/7/2017,38.4,,,,5/25/2018,38.4,,,,38.4,,,38.5,0,Dead 2021,0,2021 dead,0,dead,0,,0,
SV,11,2843,2843,Prunus serotina,5/19/2010,50.4,0,,6/29/2011,50.7,0,,7/6/2012,50.6,1,,7/1/2013,50.6,0,,,50.9,,,7/7/2015,51,,,5/31/2016,51,,,,6/7/2017,50.8,,,,5/25/2018,51.1,,,,51.4,,,51.6,51.7,,52.1,,52.1,,52.3,,52.4,
SV,11,2844,2844,Prunus serotina,5/19/2010,38.8,0,,6/29/2011,39.1,0,,7/6/2012,39.2,0,,7/1/2013,39.4,0,,,39.2,,,7/7/2015,39.3,,,5/31/2016,39.5,,,2014 meas. could be 39.4 w/slight tape adjustment,6/7/2017,39.6,,,2014 meas. could be 39.4 w/slight tape adjustment,5/25/2018,39.5,,,,39.5,,,39.5,39.4,,0,2014 meas. could be 39.4 w/slight tape adjustment,0,dead,0,,0,
SV,11,2863,2863,Prunus serotina,5/19/2010,49.9,0,,6/29/2011,50.5,0,,7/6/2012,51.2,0,,7/1/2013,51.1,1,2013 meas real,,51.1,,,7/7/2015,51.1,,,5/31/2016,51.4,,,2013 meas real,6/7/2017,51.6,,,2013 meas real,5/25/2018,51.7,,,,52.1,,,52.8,53.1,,53.2,2013 meas real,53.7,,53.7,,54.4,
SV,11,2868,2868,Prunus serotina,5/19/2010,45.1,0,,6/29/2011,45.8,0,,7/6/2012,46.2,0,,7/1/2013,46.5,0,,,47.2,,,7/7/2015,47.3,,,5/31/2016,47.7,,,,6/7/2017,48.1,,,,5/25/2018,48.5,,,,49.2,,,49.4,50,,50.6,,51,,51.5,,51.7,
SV,11,2876,2876,Prunus serotina,5/19/2010,44.6,0,,6/29/2011,45.4,0,,7/6/2012,45.4,0,,7/1/2013,45.6,0,,,46.1,,,7/7/2015,46.7,,,5/31/2016,47.1,,,,6/7/2017,47.5,,,,5/25/2018,47.2,,2018 real measure,,47.9,,,48.1,48.8,Missing tag,49.3,"2018 real measure; 2021 missing tag, 2022 needs new tag",49.4,still needs new tag,49.7,tag missing (near corner of post),50,tag still missing
SV,11,2942*,2942,Prunus serotina,,,99,,,,99,,,,99,,7/1/2013,6.3,7,New 2013 Near 2826,,6.5,,,7/7/2015,6.7,,,5/31/2016,6.8,,,New 2013 Near 2826,6/7/2017,6.8,,,New 2013 Near 2826,5/25/2018,7,,,,7.2,,,7.3,7.7,,8,New 2013 Near 2826,8.2,,8.4,,8.5,
SV,12,2881,2881,Prunus serotina,5/19/2010,55.8,0,,6/29/2011,56.5,0,,7/6/2012,56.4,1,,7/1/2013,56.6,0,,,57,,,7/7/2015,57,,,5/31/2016,57.4,,,,6/7/2017,57.4,,,,5/25/2018,57.6,,,,58.6,,,58,58.3,,58.6,,58.6,,58.9,,58.9,
SV,12,2899,2899,Prunus serotina,5/19/2010,43.6,0,,6/29/2011,44.2,0,,7/6/2012,44.4,0,,7/1/2013,44.2,1,2013 real meas,,44.5,,,7/7/2015,44.6,,,5/31/2016,44.9,,,2013 real meas,6/7/2017,45,,,2013 real meas,5/25/2018,44.9,,,,45.1,,,45,45.1,,45.3,2013 real meas,45.3,,45.5,,45.5,
PC,6,629*,629,Quercus alba,5/5/2010,31.1,0,,6/15/2011,32,0,,5/18/2012,32.2,0,,6/27/2013,32.2,0,,7/2/2014,32.2,,,6/16/2015,32.5,,,5/23/2016,32.5,,,,6/9/2017,32.6,,,,5/23/2018,32.5,,,,32.5,,,32.5,32.7,,32.8,,32.9,,32.8,,32.9,
PC,7,656,656,Quercus alba,5/5/2010,58.6,0,,6/15/2011,59.3,0,,5/18/2012,59.6,0,,6/27/2013,60,0,,7/2/2014,60.6,,,6/16/2015,61.3,,,5/23/2016,62.2,,,,6/9/2017,62,,real measure,2017 real meas.,5/23/2018,63.2,,,,63.5,,,63.6,64.3,,65.2,2017 real meas.,66.1,,66.3,,67,
PC,8,697,697,Quercus alba,5/5/2010,75.4,0,,6/15/2011,75.3,1,,5/18/2012,75.4,0,,6/27/2013,76.1,0,,7/2/2014,77,,,6/15/2015,77.6,,,5/23/2016,78.1,,,,6/9/2017,78.4,,,,5/23/2018,79.3,,,,79.6,,,80.1,80.6,,81.2,,81.5,,82.8,,83.2,
PC,9,731,731,Quercus alba,5/5/2010,91.1,0,,6/30/2011,91.7,0,,5/18/2012,92,0,,6/27/2013,92.2,0,,7/2/2014,92.6,,,6/15/2015,93.2,,,5/23/2016,93.5,,,,6/9/2017,93.6,,,,5/23/2018,94,,,,94.6,,,94.5,95,,95.3,,95.7,,95.9,,96.7,
PC,10,774,774,Quercus alba,5/5/2010,66.5,0,,6/30/2011,67,0,,5/18/2012,67,0,,6/27/2013,67.2,0,,7/2/2014,68.1,,,6/11/2015,68.4,,,5/23/2016,69,,,,6/9/2017,69,,,,5/23/2018,69.9,,,,70.5,,,70.6,70.7,,71.3,,71.5,,72.3,flaky bark,72.7,
PC,10,776,776,Quercus alba,5/5/2010,71.2,0,,6/30/2011,71.8,0,,5/18/2012,72.2,0,,6/27/2013,72.6,0,,7/2/2014,72.8,,,6/11/2015,73.2,,,5/23/2016,73.7,,,,6/9/2017,73.5,,,,5/23/2018,73.8,,,,76.1,,,74.5,74.8,,75.3,,75.5,,75.8,,75.8,
PC,11,785,785,Quercus alba,5/5/2010,56.4,0,,6/30/2011,56.9,0,,5/18/2012,57.2,0,,6/27/2013,57.4,0,,7/3/2014,57.9,,,6/11/2015,57.9,,,5/20/2016,58.6,,,,6/9/2017,58.6,,,,5/23/2018,58.9,,,,59.1,,,59.2,59.7,,60.2,2022 tag tight,60.3,,60.6,,61,
PC,11,792,792,Quercus alba,5/5/2010,70.4,0,,6/30/2011,71.3,0,,5/18/2012,71.9,0,,6/27/2013,72,0,,7/3/2014,72.8,,,6/11/2015,73.3,,,5/20/2016,74.1,,,,6/9/2017,74.1,,,,5/23/2018,74.8,,,,75.1,,,75.3,76.1,,76.5,,77.1,,77.6,,77.8,
PC,11,797,797,Quercus alba,5/5/2010,77.1,0,,6/30/2011,77.3,0,,5/18/2012,78,0,,6/27/2013,78.3,0,,7/3/2014,78.8,,,6/11/2015,78.8,,,5/20/2016,79.3,,,,6/9/2017,79.3,,,,5/23/2018,79.8,,,,80.2,,,80.6,81.1,,81.9,,82.1,,82.1,,82.2,
PC,11,819,819,Quercus alba,5/5/2010,11.8,0,,6/30/2011,12.1,0,,5/18/2012,12,1,,6/27/2013,12,0,,7/3/2014,12.1,,,6/11/2015,12.1,,,5/20/2016,12.2,,,,6/9/2017,12.3,,,,5/23/2018,12.2,,,,12.2,,,12.3,12.6,,12.6,,12.5,,12.7,,12.7,
PC,12,829,829,Quercus alba,5/5/2010,11.1,0,,6/30/2011,11.2,0,,5/18/2012,11.4,0,,6/27/2013,11.3,1,,7/3/2014,11.4,,,6/11/2015,11.5,,,5/20/2016,11.5,,,,6/9/2017,11.5,,,,5/23/2018,11.5,,2018 measure on top of bump,,11.3,,,11.1,0,Dead 2021,0,2018 measure on top of bump; 2021 dead,0,dead,0,,0,
PC,12,837,837,Quercus alba,5/5/2010,95.1,0,,6/30/2011,95.5,0,,5/18/2012,95.6,0,,6/27/2013,95.9,0,,7/3/2014,96.5,,,6/11/2015,96.9,,,5/20/2016,97.1,,,,6/9/2017,98.4,,,,5/23/2018,98.3,,,,97,,,98.6,99.4,,98.4,2022 tag scratched,98.4,new tag,100,,100.5,
PC,10,775,775,Quercus prinus,5/5/2010,56.2,0,,6/30/2011,57,0,,5/18/2012,56.8,1,,6/27/2013,57.4,0,,7/2/2014,57.7,,,6/11/2015,57.7,,,5/23/2016,58.2,,,,6/9/2017,58.3,,,,5/23/2018,58.4,,,,58.7,,,58.8,59,,59.4,,59.6,,60.1,,60.4,
PC,11,812,812,Quercus prinus,5/5/2010,12.2,0,,6/30/2011,12.4,0,,5/18/2012,12.5,0,,6/27/2013,12.6,0,,7/3/2014,12.7,,,6/11/2015,12.9,,,5/20/2016,12.9,,,,6/9/2017,13,,,,5/23/2018,13,,,,13.2,,,13.5,13.4,,13.4,2022 tag scratched,13.5,,13.6,tag readable,13.7,
PC,1,467,467,Quercus rubra,5/4/2010,81.4,0,,6/15/2011,82.3,0,,6/25/2012,83.1,0,,6/27/2013,83.6,0,,7/2/2014,84.4,,,6/11/2015,85.1,,,5/19/2016,85.4,,,,6/9/2017,86.3,,,,5/16/2018,86.6,,,,87.4,,,87.9,88.4,,89.9,,89.9,,90.3,,90.8,
PC,1,469,469,Quercus rubra,5/4/2010,82.1,0,,6/15/2011,83.4,0,,6/25/2012,84.3,0,,6/27/2013,84.7,0,2013 include knot in meas.,7/2/2014,84.7,,,6/11/2015,85.2,,,5/19/2016,85.8,,,2013 include knot in meas.,6/9/2017,86.3,,,2013 include knot in meas.,5/16/2018,87.1,,,,88.1,,,88.2,88.5,,88.5,2013 include knot in meas.,89.1,,89.5,,90.3,
PC,1,477,477,Quercus rubra,5/4/2010,24.6,0,,6/15/2011,25.2,0,,6/25/2012,26,0,,6/27/2013,26.7,0,,7/2/2014,27.1,,,6/11/2015,27.6,,,5/19/2016,28.1,,,,6/9/2017,28.6,,,,5/16/2018,28.8,,2018 scratched tag,,29.8,,,30.2,30.9,,31.8,"2018 scratched tag, 2022 scratched tag",32.2,,33.2,,33.6,
PC,1,484,484,Quercus rubra,5/4/2010,84.3,0,,6/15/2011,85,0,,6/25/2012,86.2,0,,6/27/2013,85.7,1,2013 meas. error 2012?,7/2/2014,86.1,,,6/11/2015,86.5,,,5/19/2016,86.9,,,2013 meas. error 2012?,6/9/2017,87.4,,,2013 meas. error 2012?,5/16/2018,87.5,,,,88.9,,,88.5,88.6,,89.4,2013 meas. error 2012?,89.4,,90,,90.2,
PC,2,489,489,Quercus rubra,5/4/2010,95.5,0,,6/15/2011,96.3,0,,6/25/2012,97.3,0,,6/27/2013,97.3,0,,7/2/2014,98,,,6/11/2015,98.8,,,5/19/2016,99.2,,,,6/9/2017,99.2,,,,5/17/2018,100,,,,100.9,,,100.5,101.2,,101.7,,102.4,,102.6,,103,
PC,2,495,495,Quercus rubra,5/4/2010,32.7,0,,6/15/2011,32.9,0,,6/25/2012,33.1,0,,6/27/2013,33.4,0,,7/2/2014,33.5,,,6/11/2015,33.8,,,5/19/2016,33.8,,,,6/9/2017,34,,,,5/17/2018,34.1,,,,34.9,,,34.6,34.5,,34.6,,35,,35.1,,35.1,
PC,2,497,497,Quercus rubra,5/4/2010,30.8,0,,6/15/2011,30.9,0,,6/25/2012,31.2,0,,6/27/2013,31.3,0,,7/2/2014,31.6,,,6/11/2015,31.8,,,5/19/2016,32.1,,,,6/9/2017,32.2,,,,5/17/2018,32.5,,,,32.6,,,32.8,32.9,,33.4,,33.8,,33.8,,33.8,
PC,2,498,498,Quercus rubra,5/4/2010,47,0,,6/15/2011,47.8,0,,6/25/2012,48.8,0,,6/27/2013,49.4,0,,7/2/2014,50.4,,,6/11/2015,51.3,,,5/19/2016,52.1,,,,6/9/2017,52.7,,,,5/17/2018,53.3,,,,54.6,,,54.8,55.5,,56.2,,56.5,,57.5,can not get smaller read,58.3,
PC,2,501,501,Quercus rubra,5/4/2010,36.6,0,,6/15/2011,36.9,0,,6/25/2012,37,0,,6/27/2013,37.1,0,,7/2/2014,37.4,,,6/11/2015,37.5,,,5/19/2016,37.9,,,,6/9/2017,37.8,,,,5/17/2018,38,,,,38.4,,,38.8,38.7,,38.8,,39.4,,39.3,,39.3,needs new tag
PC,2,502,502,Quercus rubra,5/4/2010,40.5,0,,6/15/2011,40.8,0,,6/25/2012,41.7,0,,6/27/2013,41.8,0,,7/2/2014,42.3,,,6/11/2015,42.3,,,5/19/2016,43,,,,6/9/2017,43.4,,,,5/17/2018,43.6,,,,44.5,,,44.4,44.9,,45.5,,45.7,,46.3,measured over bump,46.8,
PC,2,503,503,Quercus rubra,5/4/2010,35.5,0,,6/15/2011,36,0,,6/25/2012,36.6,0,,6/27/2013,36.9,0,,7/2/2014,37.2,,,6/11/2015,37.7,,,5/19/2016,38,,,,6/9/2017,38.5,,,,5/17/2018,38.9,,2018 scratched tag,,39.3,,tag worn,39.6,40,,40.3,"2018 scratched tag, 2022 tag scratched",40.7,tag scratched ,41.1,tag w/ holes; illegible,41.4,
PC,2,512,512,Quercus rubra,5/4/2010,57.2,0,,6/15/2011,58,0,,6/25/2012,58.9,0,,6/27/2013,59.4,0,,7/2/2014,60.4,,,6/11/2015,61.1,,,5/19/2016,61.7,,,,6/9/2017,62.6,,,,5/17/2018,62.9,,,,64.3,,,64.5,64.9,,65.4,,66,,66.6,,67.3,
PC,2,517,517,Quercus rubra,5/4/2010,60.4,0,,6/15/2011,61.4,0,,6/25/2012,62.2,0,,6/27/2013,62.4,0,,7/2/2014,63.2,,,6/11/2015,63.9,,,5/19/2016,64.5,,,,6/9/2017,64.9,,,,5/17/2018,65.9,,,,66.6,,,66.9,67.7,,68.8,,69.5,,70.6,,71.3,
PC,3,562,562,Quercus rubra,5/4/2010,74.4,0,,6/15/2011,74.9,0,,6/25/2012,75.3,0,,6/27/2013,75.3,0,,7/2/2014,76.1,,,6/11/2015,76.3,,,5/19/2016,76.5,,,,6/9/2017,76.4,,,,5/17/2018,76.8,,,,77.2,,,77.4,77.6,,78.2,2022 tag scratched unreadable,78.6,still scratched,78.6,tag scratched,78.9,
PC,3,563,563,Quercus rubra,5/4/2010,64.9,0,,6/15/2011,65.5,0,,6/25/2012,66.2,0,,6/27/2013,66.7,0,,7/2/2014,67.5,,,6/11/2015,68.3,,,5/19/2016,68.7,,,,6/9/2017,69.2,,,,5/17/2018,69.5,,,,72,,,70.9,71.1,,71.9,,72.05,,72.8,,73.3,
PC,3,565,565,Quercus rubra,5/4/2010,58.2,0,,6/15/2011,58.7,0,,6/25/2012,59.5,0,,6/27/2013,60.1,0,,7/2/2014,60.3,,,6/11/2015,61.2,,,5/19/2016,61.6,,,,6/9/2017,62.1,,,,5/17/2018,62.7,,,,63.9,,,64.1,64.8,,65.3,,66,,66.8,,67.2,
PC,3,568,568,Quercus rubra,5/4/2010,64.7,0,,6/15/2011,65.5,0,,6/25/2012,66,0,,6/27/2013,66.3,0,,7/2/2014,66.6,,,6/11/2015,67,,,5/19/2016,67.3,,,,6/9/2017,67.5,,,,5/17/2018,67.8,,,,68.9,,,68.8,69,,69.7,,69.8,tag scratched,70.5,tag scratched,70.9,
PC,3,580,580,Quercus rubra,5/4/2010,81.9,0,,6/15/2011,83,0,,6/25/2012,83.8,0,,6/27/2013,84.5,0,,7/2/2014,85.4,,,6/11/2015,86.2,,,5/19/2016,87,,,,6/9/2017,87.9,,,,5/17/2018,88.1,,,,91.4,,,89.8,90.8,,92.4,,93.9,,94,,94.4,
PC,3,581,581,Quercus rubra,5/4/2010,86.3,0,,6/15/2011,87,0,,6/25/2012,87.9,0,,6/27/2013,88.9,0,,7/2/2014,90.1,,,6/11/2015,90.5,,,5/19/2016,92.6,,,,6/9/2017,92.6,,,,5/17/2018,94,,,,94,,,94.1,95.9,,96.2,,96.9,,97.1,,97.4,
PC,4,541,541,Quercus rubra,5/4/2010,91.2,0,,6/15/2011,92.3,0,,6/25/2012,93.1,0,,6/27/2013,94.1,0,,7/2/2014,94.9,,,6/11/2015,95.8,,,5/19/2016,96.5,,,,6/9/2017,96.9,,,,5/17/2018,97.6,,,,99,,,99.4,99.9,,101,,101.7,"tag scratched, can't read",103.2,,103.8,
PC,4,556,556,Quercus rubra,5/4/2010,98.8,0,,6/15/2011,99.1,0,,6/25/2012,99,0,,6/27/2013,101.1,0,,7/2/2014,101.1,,,6/11/2015,102.3,,,5/19/2016,102.9,,scratched tag,2016 scratched tag,6/9/2017,103.2,,,2016 scratched tag,5/17/2018,102.6,,2018 tag ok,,103.4,,,104.1,104.8,,106.6,2016 scratched tag; 2018 tag ok,105.6,,108.5,,108.5,
PC,5,585,585,Quercus rubra,5/5/2010,71.4,0,,6/15/2011,72,0,,5/18/2012,72.6,0,,6/27/2013,73.1,0,,7/2/2014,73.7,,,6/16/2015,74.5,,,5/23/2016,75.7,,,,6/9/2017,75.7,,,,5/23/2018,76.1,,,,77.5,,,76.9,78,,78.8,2022 tag is tight,79.6,,80,,80.5,
PC,5,587,587,Quercus rubra,5/5/2010,73.3,0,,6/15/2011,73.4,0,,5/18/2012,74.2,0,,6/27/2013,74.7,0,,7/2/2014,75.1,,,6/16/2015,75.7,,,5/23/2016,76,,,,6/9/2017,76.2,,,,5/23/2018,76.6,,,,76.5,,,77,77.4,,78,,78.4,,78.4,,79.2,
PC,5,589,589,Quercus rubra,5/5/2010,55,0,,6/15/2011,55.4,0,,5/18/2012,55.6,0,,6/27/2013,56,0,,7/2/2014,56.2,,,6/16/2015,56.5,,,5/23/2016,56.8,,,,6/9/2017,57,,,,5/23/2018,57.1,,,,57.5,,,57.5,57.8,,58.2,,58.3,,58.5,,58.9,
PC,5,610,610,Quercus rubra,5/5/2010,75,0,,6/15/2011,75.8,0,,5/18/2012,76.4,0,,6/27/2013,77.2,0,,7/2/2014,77.6,,,6/16/2015,78.2,,,5/23/2016,79.2,,,,6/9/2017,79.6,,,,5/23/2018,80,,,,81.9,,,82.1,82.3,,83.2,,83.9,,84.5,,85.5,
PC,6,614,614,Quercus rubra,5/5/2010,68.4,0,,6/15/2011,69.1,0,,5/18/2012,68.9,1,,6/27/2013,69.6,0,,7/2/2014,70.4,,,6/16/2015,70.5,,,5/23/2016,70.8,,,,6/9/2017,71,,,,5/23/2018,71.3,,,,72,,,72.2,72.6,,73.2,,73.5,,74,measured perpendicular to tree,74.9,
PC,6,620*,620,Quercus rubra,5/5/2010,18.6,0,,6/15/2011,18.5,1,,5/18/2012,,999,2012 dead,6/27/2013,,99,,7/2/2014,0,,,6/16/2015,0,,,5/23/2016,0,,,2012 dead,6/9/2017,0,,,2012 dead,5/23/2018,0,,,,0,,,,0,,0,2012 dead,0,dead,0,,0,
PC,6,623*,623,Quercus rubra,5/5/2010,83.7,0,,6/15/2011,84.2,0,,5/18/2012,85,0,,6/27/2013,85.7,0,,7/2/2014,86.3,,,6/16/2015,86.2,,,5/23/2016,87.9,,,,6/9/2017,88.7,,,,5/23/2018,89,,,,90,,,89.9,90.9,,92.3,,92.6,,92.8,,93.5,
PC,6,624*,624,Quercus rubra,5/5/2010,59.1,0,,6/15/2011,59.7,0,,5/18/2012,60.1,0,,6/27/2013,60.6,0,,7/2/2014,61.3,,,6/16/2015,61.8,,,5/23/2016,62.2,,,,6/9/2017,63,,,,5/23/2018,63,,,,63.9,,,64.6,64.4,,64.9,,65.4,,66,,66.5,
PC,6,636,636,Quercus rubra,5/5/2010,61.6,6,2010 tree just off plot,6/15/2011,62,6,,5/18/2012,63.1,6,,6/27/2013,63.7,6,,7/2/2014,64.4,,,6/16/2015,65.1,,,5/23/2016,65,,,2010 tree just off plot,6/9/2017,66,,,2010 tree just off plot,5/23/2018,66.3,,,,67.4,,,67.4,68.3,,69.3,2010 tree just off plot,69.6,,70.7,,71.1,
PC,7,654*,654,Quercus rubra,5/5/2010,90.6,6,2010 off plot,6/15/2011,91.1,6,,5/18/2012,91.9,6,,6/27/2013,92.2,6,,7/2/2014,93,,,6/16/2015,93.7,,,5/23/2016,93.9,,,2010 off plot,6/9/2017,94.7,,,2010 off plot,5/23/2018,95.6,,,,95.6,,,96.3,96.7,,97.4,2010 off plot,97.7,,98.5,,98.8,
PC,7,663*,663,Quercus rubra,5/5/2010,72.9,0,,6/15/2011,73.6,0,,5/18/2012,74.6,0,,6/27/2013,74.7,0,,7/2/2014,74.8,,,6/16/2015,75.4,,,5/23/2016,75.8,,,,6/9/2017,76,,,,5/23/2018,76.3,,,,78,,,79.8,78.4,,79.3,,79.7,,82.1,,82.3,"large branch fall, few branches left"
PC,7,674,674,Quercus rubra,5/5/2010,87.3,0,,6/15/2011,87.4,0,,5/18/2012,87.7,0,,6/27/2013,87.8,0,,7/2/2014,88.1,,,6/16/2015,88.9,,,5/23/2016,89,,,,6/9/2017,89.2,,,,5/23/2018,89.7,,,,89.6,,,89.8,89.8,,90.2,,90.5,,90.6,,90.8,
PC,8,694,694,Quercus rubra,5/5/2010,78.2,0,,6/15/2011,78.7,0,,5/18/2012,79.4,0,,6/27/2013,79.9,0,,7/2/2014,81,,,6/15/2015,81.3,,,5/23/2016,81.7,,,,6/9/2017,82.4,,,,5/23/2018,83.2,,,,84,,,85.4,85,,86.2,,86.3,,87.6,,88,
PC,9,738,738,Quercus rubra,5/5/2010,13.5,0,,6/30/2011,13.7,0,,5/18/2012,13.9,0,,6/27/2013,13.9,0,2013 dead off shoot,7/2/2014,14,,,6/15/2015,14.1,,,5/23/2016,14.3,,,2013 dead off shoot,6/9/2017,14.4,,,2013 dead off shoot,5/23/2018,14.3,,,,14.6,,,14.5,14.5,,14.6,2013 dead off shoot,14.7,,14.8,,15,
PC,9,741,741,Quercus rubra,5/5/2010,15.8,0,,6/30/2011,15.9,0,,5/18/2012,15.9,0,,6/27/2013,16.1,0,,7/2/2014,16.1,,,6/15/2015,16.1,,,5/23/2016,16,,2016 real meas.,2016 real meas.,6/9/2017,16,,,2016 real meas.,5/23/2018,16,,,,0,,2019 dead,,0,,0,2016 real meas.,0,dead,0,,0,
PC,10,758,758,Quercus rubra,5/5/2010,21.7,0,,6/30/2011,22.2,0,,5/18/2012,22.3,0,,6/27/2013,22.8,0,,7/2/2014,23.3,,,6/11/2015,23.7,,,5/23/2016,24.2,,,,6/9/2017,24.5,,,,5/23/2018,25,,,,25.7,,,26.4,27,,27.9,2022 tag embedded,28.6,,29.4,tag fixed,30,
PC,10,759,759,Quercus rubra,5/5/2010,21.8,0,,6/30/2011,22.3,0,,5/18/2012,22.5,0,,6/27/2013,22.8,0,,7/2/2014,23.1,,,6/11/2015,23.4,,,5/23/2016,23.6,,,,6/9/2017,0,,"missing, assumed crushed","2017 missing, assumed crushed",5/23/2018,0,,2018 missing,,0,,,,0,Dead 2021,0,"2017 missing, assumed crushed; 2018 missing; 2021 dead",0,dead,0,,0,
PC,10,763,763,Quercus rubra,5/5/2010,18.7,0,,6/30/2011,19.1,0,,5/18/2012,19.4,0,,6/27/2013,19.5,0,,7/2/2014,19.7,,,6/11/2015,20,,,5/23/2016,20.3,,,,6/9/2017,20.3,,,,5/23/2018,20.3,,,,20.6,,,20.6,20.8,,20.9,,21.4,,21.2,,21.4,
PC,10,766,766,Quercus rubra,5/5/2010,13.5,0,,6/30/2011,13.6,0,,5/18/2012,13.7,0,,6/27/2013,13.7,0,,7/2/2014,13.8,,,6/11/2015,13.9,,,5/23/2016,13.9,,,,6/9/2017,13.9,,,,5/23/2018,0,,2018 dead,,0,,,,0,Dead 2021,0,2018 dead; 2021 dead,0,dead,0,,0,
PC,10,772,772,Quercus rubra,5/5/2010,74,0,,6/30/2011,74.6,0,,5/18/2012,74.7,0,,6/27/2013,75.2,0,,7/2/2014,75.6,,,6/11/2015,76.2,,,5/23/2016,76.4,,,,6/9/2017,76.4,,,,5/23/2018,77,,,,77.1,,,76.9,77.7,,77.7,,79.4,,78.4,,78.7,
PC,10,783,783,Quercus rubra,5/5/2010,139,6,"2010 tree is about 20 m off of plot and is not part of the study, just tagged for size",6/30/2011,140.3,6,,5/18/2012,,99,2012 dead :(,6/27/2013,,99,,7/2/2014,0,,,6/11/2015,0,,,5/23/2016,0,,,2010 off plot; 2012 dead :(,6/9/2017,0,,,2010 off plot; 2012 dead :(,5/23/2018,0,,,,0,,,,0,Dead 2021,0,2010 off plot; 2012 dead :( 2021 dead,0,dead,0,dead,0,
PC,11,786,786,Quercus rubra,5/5/2010,8.6,0,,6/30/2011,8.7,0,,5/18/2012,8.7,0,,6/27/2013,8.6,1,,7/3/2014,0,,,6/11/2015,0,,,5/20/2016,0,,,,6/9/2017,0,,,,5/23/2018,0,,,,0,,,,0,,0,,0,dead,0,,0,
PC,11,795*,795,Quercus rubra,5/5/2010,13.2,0,,6/30/2011,13.5,0,,5/18/2012,13.5,0,,6/27/2013,13.6,0,2013 below nail,7/3/2014,13.7,,below bump,6/11/2015,14,,,5/20/2016,14.3,,,2013 below nail; 2-14 below bump,6/9/2017,14.3,,,2013 below nail; 2-14 below bump,5/23/2018,14.2,,,,14.5,,,14.7,14.7,,14.7,2013 below nail; 2-14 below bump,15,,14.9,,14.9,
PC,11,802,802,Quercus rubra,5/5/2010,22.8,0,,6/30/2011,23,0,,5/18/2012,23.2,0,,6/27/2013,23.4,0,,7/3/2014,23.5,,,6/11/2015,23.8,,,5/20/2016,23.9,,,,6/9/2017,24,,,,5/23/2018,24.1,,,,24.2,,,24.5,24.5,,24.7,,24.6,,25,,25,
PC,11,804,804,Quercus rubra,5/5/2010,39.4,0,,6/30/2011,39.9,0,,5/18/2012,40.3,0,,6/27/2013,40.8,0,,7/3/2014,41.3,,,6/11/2015,41.6,,,5/20/2016,41.9,,,,6/9/2017,42.2,,,,5/23/2018,42.5,,2018 scratched tag,,42.9,,,43.3,43.4,,43.9,2018 scratched tag,44,,44.5,scratched tag,44.7,
PC,11,805,805,Quercus rubra,5/5/2010,40.6,0,,6/30/2011,41,0,,5/18/2012,41.8,0,,6/27/2013,42.5,0,,7/3/2014,43.1,,,6/11/2015,43.9,,,5/20/2016,44.4,,,,6/9/2017,44.6,,,,5/23/2018,45.2,,,,45.9,,,46.6,46.7,,47.5,,47.7,,48.4,,49.2,
PC,11,811,811,Quercus rubra,5/5/2010,14.7,0,,6/30/2011,14.8,0,,5/18/2012,14.9,0,,6/27/2013,14.9,0,,7/3/2014,15,,,6/11/2015,15,,,5/20/2016,15,,,,6/9/2017,15,,,,5/23/2018,0,,2018 Dead-no leaves,,0,,,,0,,0,2018 Dead-no leaves,0,dead,0,,0,
PC,11,815,815,Quercus rubra,5/5/2010,47,0,,6/30/2011,47.4,0,,5/18/2012,48,0,,6/27/2013,48.6,0,,7/3/2014,48.7,,,6/11/2015,49,,,5/20/2016,49.3,,,,6/9/2017,49.9,,,,5/23/2018,49.7,,,,50.3,,,51.7,50.6,,51.1,,51.3,,51.3,,52.1,
PC,11,816,816,Quercus rubra,5/5/2010,37.2,0,,6/30/2011,37.8,0,,5/18/2012,38.1,0,,6/27/2013,38.5,0,,7/3/2014,39,,,6/11/2015,39.3,,,5/20/2016,39.7,,,,6/9/2017,40.1,,,,5/23/2018,40,,,,40.5,,,40.7,40.8,,41.2,,41.5,,41.9,,42,
PC,11,817,817,Quercus rubra,5/5/2010,30.7,0,,6/30/2011,30.7,0,,5/18/2012,30.9,0,,6/27/2013,31.1,0,,7/3/2014,31.3,,,6/11/2015,31.6,,,5/20/2016,31.4,,"meas. perpindicular to trunk, 2016 real meas. ","2016 measured perpindicular to trunk, real meas.",6/9/2017,31.3,,,"2016 measured perpindicular to trunk, real meas.",5/23/2018,31.4,,2018 scratched tag,,31.5,,2019 tag worn,31.7,31.5,,31.7,"2016 measured perpindicular to trunk, real meas.; 2018 scratched tag",31.7,scratched tag,31.8,scratched tag,31.8,
PC,11,818,818,Quercus rubra,5/5/2010,45.6,0,,6/30/2011,46.4,0,,5/18/2012,47.4,0,,6/27/2013,47.9,0,,7/3/2014,48.9,,,6/11/2015,49.6,,,5/20/2016,50,,no tag,2016 no tag,6/9/2017,50.5,,tag missing,2016 no tag; 2017 tag missing,5/23/2018,51,,,,51.7,,,51.9,52.7,,53.8,2016 no tag; 2017 tag missing,53.9,tag unreadable,55,,55.6,
PC,11,822,822,Quercus rubra,5/5/2010,31.7,0,,6/30/2011,32.2,0,,5/18/2012,32.5,0,,6/27/2013,32.9,0,,7/3/2014,33.2,,,6/11/2015,33.5,,,5/20/2016,33.7,,,,6/9/2017,33.7,,,,5/23/2018,33.9,,,,34.2,,,34.2,34.3,,34.7,,34.7,,34.8,,35.1,
PC,11,823,823,Quercus rubra,5/5/2010,25.8,0,,6/30/2011,25.9,0,,5/18/2012,26,0,,6/27/2013,26.1,0,,7/3/2014,26.5,,,6/11/2015,26.6,,,5/20/2016,36.5,,,,6/9/2017,26.5,,real measure; error in entry ,"2017 real measure, error in entry",5/23/2018,26.9,,,,26.5,,2019 dying,26.6,0,Dead 2021,0,"2017 real measure, error in entry; 2021 dead",0,dead,0,,0,
PC,12,826,826,Quercus rubra,5/5/2010,32.3,0,,6/30/2011,32.8,0,,5/18/2012,33.3,0,,6/27/2013,33.6,0,,7/3/2014,34,,,6/11/2015,34.4,,,5/20/2016,34.8,,,,6/9/2017,35.2,,,,5/23/2018,35.4,,,,35.7,,,35.9,36.3,,36.8,,37.2,,37.4,flaky bark,37.6,
PC,12,827,827,Quercus rubra,5/5/2010,28.9,0,,6/30/2011,29,0,,5/18/2012,29.1,0,,6/27/2013,29.1,0,,7/3/2014,29.2,,,6/11/2015,29.2,,,5/20/2016,29.3,,,,6/9/2017,29.4,,,,5/23/2018,29.3,,,,29.3,,,29.3,29.3,,0,2022 dead,0,dead,0,,0,
PC,12,834,834,Quercus rubra,5/5/2010,10.8,0,,6/30/2011,11,0,,5/18/2012,11,0,,6/27/2013,11.1,0,,7/3/2014,0,,,6/11/2015,0,,,5/20/2016,0,,,,6/9/2017,0,,,,5/23/2018,0,,,,0,,,,0,,0,,0,dead,0,,0,
PC,12,835,835,Quercus rubra,5/5/2010,15.5,0,,6/30/2011,15.8,0,,5/18/2012,15.7,1,,6/27/2013,15.9,0,,7/3/2014,16,,,6/11/2015,16.3,,,5/20/2016,16.1,,2016 real meas.,2016 real meas.,6/9/2017,16.3,,,2016 real meas.,5/23/2018,16.3,,,,16.4,,,16.6,16.6,,16.9,2016 real meas.,16.9,,17,,17.2,
PC,12,841,841,Quercus rubra,5/5/2010,60.4,0,,6/30/2011,61.2,0,,5/18/2012,62.2,0,,6/27/2013,62.8,0,,7/3/2014,63.8,,,6/11/2015,64.7,,2015: real measurement,5/20/2016,65.7,,,2015 real meas.,6/9/2017,66.2,,,2015 real meas.,5/23/2018,67,,,,68,,,68.7,69.9,,71.3,2015 real meas.,72.2,,73.3,,74.1,
PC,12,843,843,Quercus rubra,5/5/2010,49.7,0,,6/30/2011,51,0,,5/18/2012,51.4,0,,6/27/2013,52,0,,7/3/2014,52.6,,,6/11/2015,53.3,,2015: Tag has popped off and needs to be replaced,5/20/2016,54,,no tag,2016 no tag,6/9/2017,54.5,,no tag,2016 no tag; 2017 no tag,5/23/2018,55.1,,,,56.2,,,,57.2,,58.2,2016 no tag; 2017 no tag,58.8,new tag,59.9,,60.6,
PC,12,848,848,Quercus rubra,5/5/2010,45.8,0,,6/30/2011,46.5,0,,5/18/2012,47,0,,6/27/2013,47.3,0,,7/3/2014,47.7,,,6/11/2015,48.2,,,5/20/2016,48.5,,,,6/9/2017,49,,,,5/23/2018,49.3,,,,49.6,,,50,50.4,,51,,51.3,,51.5,,51.9,
PC,12,874,874,Quercus rubra,5/5/2010,7.3,0,,6/30/2011,7.4,0,,5/18/2012,7.4,0,,6/27/2013,7.4,0,,7/3/2014,7.5,,,6/11/2015,7.5,,,5/20/2016,7.5,,,,6/9/2017,7.6,,,,5/23/2018,0,,2018 Dead,,0,,,,0,Dead 2021,0,2018 Dead,0,dead,0,,0,
SC,1,3,3,Quercus rubra,4/27/2010,52.2,0,,6/2/2011,53,0,,7/3/2012,53.9,0,,7/2/2013,54.4,0,,6/3/2014,55.1,,,6/17/2015,56,,2015: needs retagging,5/19/2016,56.5,,,2015 needs retagging,5/29/2017,57,,,2015 needs retagging,5/16/2018,57.7,,,,58.5,,,58.9,59.7,,60.4,2015 needs retagging,61.4,,63.2,,63,
SC,1,5,5,Quercus rubra,4/27/2010,27.7,0,,6/2/2011,28,0,,7/3/2012,28.2,0,,7/2/2013,28.5,0,,6/3/2014,28.7,,,6/17/2015,29,,,5/19/2016,28.9,,Real meas 2016,2016 real meas.,5/29/2017,29,,,2016 real meas.,5/17/2018,29.2,,,,29.4,,,29.6,25.9,,30,2016 real meas.,30.4,,30.6,,30.9,
SC,1,7,7,Quercus rubra,4/27/2010,7.4,0,,6/2/2011,7.5,0,,7/3/2012,7.5,0,,7/2/2013,7.5,0,,6/3/2014,7.6,,,6/17/2015,7.7,,,5/19/2016,7.6,,Real meas 2016,2016 real meas.,5/29/2017,7.6,,,2016 real meas.,5/17/2018,7.7,,,,7.5,,,7.6,7.5,,0,"2016 real meas., 2022 dead",0,dead,0,,0,
SC,1,13,13,Quercus rubra,4/27/2010,81.8,0,,6/2/2011,82.2,0,,7/3/2012,84,0,,7/2/2013,84.3,0,,6/3/2014,84.6,,,6/17/2015,86.2,,,5/19/2016,87,,,,5/29/2017,88.8,,,,5/17/2018,88.8,,,,89.5,,,90.2,90.6,,91.4,,91.6,,91.6,,92,half canopy is dead
SC,1,20,20,Quercus rubra,4/27/2010,24.9,0,,6/2/2011,25,0,,7/3/2012,25.3,0,,7/2/2013,25.5,0,,6/3/2014,25.7,,,6/17/2015,26.2,,2015: tag damaged but still ok,5/19/2016,26.2,,,2015 tag damaged,5/29/2017,26.6,,,2015 tag damaged,5/17/2018,26.9,,,,28.5,,,28.7,28.6,,29.2,"2015 tag damaged, 2022 tag embedded",29.7,,30.1,,30.3,
SC,3,163,163,Quercus rubra,4/28/2010,20.7,0,,6/2/2011,22,0,,7/3/2012,22.9,0,,7/2/2013,23.5,0,,6/18/2014,24.4,,,6/17/2015,25.5,,,5/20/2016,26.3,,,,5/30/2017,27.2,,,,5/17/2018,27.9,,,,29.4,,,29.9,32,,33.1,,34.5,measured on bump,36,,37.5,
SC,4,193,193,Quercus rubra,4/28/2010,74,0,,6/2/2011,74.9,0,,7/5/2012,76,0,,6/25/2013,76.5,0,,6/18/2014,77,,,6/26/2015,77.5,,,5/20/2016,77.9,,,,5/30/2017,78.1,,,,5/17/2018,78.5,,,,79.1,,,79.2,80,,80.1,,80.2,,80.7,,81.3,
SC,4,205,205,Quercus rubra,4/28/2010,31.2,0,,6/2/2011,31.6,0,,7/5/2012,31.6,0,2012 large FRAM nearby may have thought was dead?,6/25/2013,31.7,0,,6/18/2014,32.3,,,6/26/2015,32.3,,,5/20/2016,32.6,,,2012 large FRAM nearby may have thought was dead?,5/30/2017,32.9,,,2012 large FRAM nearby may have thought was dead?,5/17/2018,33.1,,,,33.6,,,34.4,34.3,,34.3,2012 large FRAM nearby may have thought was dead?,34.5,not dead,35,alive,35.1,
SC,4,206,206,Quercus rubra,4/28/2010,63.9,0,,6/2/2011,64.8,0,,7/5/2012,66.1,0,,6/25/2013,66.7,0,,6/18/2014,67.1,,,6/26/2015,68.3,,,5/20/2016,68.4,,,,5/30/2017,68.5,,,,5/17/2018,68.9,,,,69.3,,,69.9,69.8,,69.8,,70.1,,70.1,,70.4,
SC,5,214*,214,Quercus rubra,4/28/2010,55.9,0,,6/2/2011,56.8,0,,7/5/2012,57.9,0,,6/25/2013,58.1,0,,6/18/2014,58.4,,,6/26/2015,59.4,,,5/20/2016,60,,,,5/30/2017,60.4,,,,5/24/2018,60.9,,,,61.7,,,62.1,62.7,,63.5,,63.7,,64.4,,64.6,
SC,5,218,218,Quercus rubra,4/28/2010,99.2,0,,6/2/2011,100.1,0,,7/5/2012,101.2,0,,6/25/2013,101.9,0,,6/18/2014,102.6,,,6/26/2015,104.8,,,5/20/2016,105.2,,,,5/30/2017,106.5,,,,5/24/2018,105.4,,,,106.4,,,108,108,,109.3,,109.7,,110.1,,111.4,
SC,5,222,222,Quercus rubra,4/28/2010,63.7,0,,6/2/2011,65,0,,7/5/2012,66.3,0,,6/25/2013,66.9,0,,6/18/2014,68.1,,,6/26/2015,68.9,,2015 needs retagging,5/20/2016,69.5,,Tag missing,2016 tag missing,5/30/2017,70.3,,tag missing,2016 tag missing; 2017 tag missing,5/24/2018,70.9,,,,71.8,,,72.6,73.5,,74,2016 tag missing; 2017 tag missing,75,,75.8,,76.3,
SC,5,233,233,Quercus rubra,4/28/2010,63.7,0,,6/2/2011,64.8,0,,7/5/2012,66.7,0,,6/25/2013,67,0,,6/18/2014,68.3,,,6/26/2015,69.5,,2015 needs retagging,5/20/2016,70.3,,,,5/30/2017,71,,,,5/24/2018,71.6,,,,73.1,,,73.8,75,,76.5,,76.6,,77.7,,78.8,
SC,5,239,239,Quercus rubra,4/28/2010,52.6,0,,6/2/2011,53.6,0,,7/5/2012,55.3,0,,6/25/2013,55.7,0,,6/18/2014,56.9,,,6/26/2015,58.1,,,5/20/2016,58.3,,Tag missing,2016 tag missing,5/30/2017,59,,tag missing,2016 tag missing; 2017 tag missing,5/24/2018,60,,,,60.9,,,61.8,62.6,,63.2,2016 tag missing; 2017 tag missing,63.8,,64.9,tag replaced,65.6,
SC,6,266,266,Quercus rubra,4/28/2010,29.9,0,,6/2/2011,30.7,0,,7/5/2012,31.6,0,,6/25/2013,32,0,,6/18/2014,32.8,,,6/26/2015,33.5,,2015 needs retagging,5/20/2016,34,,,,5/30/2017,34.6,,,,5/24/2018,35.3,,,,36.2,,,37.1,38.1,,39,,40.3,,41.1,,42.1,
SC,11,51,51,Quercus rubra,4/27/2010,60.2,0,,6/2/2011,61,0,,7/3/2012,62.6,0,,7/2/2013,63,0,,6/3/2014,63.5,,,6/17/2015,64.9,,2015 needs retagging,5/19/2016,65.8,,,,5/29/2017,66.7,,,,5/17/2018,67.5,,,,68.5,,,69.1,70.6,,71.9,,72.6,,73.6,,74.5,
SC,12,80,80,Quercus rubra,4/28/2010,46.9,0,,6/2/2011,47.3,0,,7/3/2012,48,0,,7/2/2013,48.1,0,,6/3/2014,48.5,,,6/17/2015,49,,,5/19/2016,49.3,,,,5/29/2017,49.7,,,,5/17/2018,49.9,,,,50.7,,,51.1,50.9,,51.1,,51.3,,52.2,,51.9,
SC,12,95,95,Quercus rubra,4/28/2010,96.2,0,,6/2/2011,97.6,0,,7/3/2012,98.6,0,,7/2/2013,99.5,0,,6/3/2014,100.1,,,6/17/2015,101.9,,,5/19/2016,103.2,,,,5/29/2017,103.8,,,,5/17/2018,104.5,,,,105.9,,,106.8,108.3,,109.5,,110.2,,111.6,,112.8,
SV,1,2403,2403,Quercus rubra,5/19/2010,62,0,,6/29/2011,63,0,,7/6/2012,63.4,2,,7/1/2013,63.7,0,2013 meas perp to trunk; changed 2012 from 65.4 to 63.4,,64.1,,,7/7/2015,64.4,,,5/31/2016,64.9,,,2013 meas perp to trunk; changed 2012 from 65.4 to 63.4,6/7/2017,65.5,,,2013 meas perp to trunk; changed 2012 from 65.4 to 63.4,5/25/2018,65.7,,,,68.7,,,68,67.8,,68.2,2013 meas perp to trunk; changed 2012 from 65.4 to 63.4,68.5,,69.1,,70,
SV,1,2404,2404,Quercus rubra,5/19/2010,62.5,0,,6/29/2011,64,0,,7/6/2012,65.4,0,,7/1/2013,65.9,0,,,66.4,,,7/7/2015,67.8,,,5/31/2016,68.4,,,,6/7/2017,69,,,,5/25/2018,70,,,,71.6,,,72.4,73.5,,74.8,,75.7,,77.1,,77.8,
SV,1,2406,2406,Quercus rubra,5/19/2010,46.1,0,,6/29/2011,46.7,0,,7/6/2012,47.2,0,,7/1/2013,47.3,0,,,48.3,,,7/7/2015,48.3,,,5/31/2016,48.6,,,,6/7/2017,49,,,,5/25/2018,49.2,,,,50.1,,,49.8,50.4,,50.7,,51.1,,51.5,,51.9,
SV,1,2409,2409,Quercus rubra,5/19/2010,69.4,0,,6/29/2011,70.3,0,,7/6/2012,70.8,0,,7/1/2013,71.1,0,,,71.4,,,7/7/2015,71.4,,,5/31/2016,72,,,,6/7/2017,72.6,,,,5/25/2018,73.3,,,,73.1,,,73.6,73.3,,73.7,,73.6,,74.3,,74.5,
SV,1,2412,2412,Quercus rubra,5/19/2010,51.4,0,,6/29/2011,52,0,,7/6/2012,52.6,0,,7/1/2013,53,0,,,53.8,,,7/7/2015,54.2,,,5/31/2016,54.4,,,,6/7/2017,54.6,,,,5/25/2018,55.2,,,,57.4,,,56.3,56.7,,57.1,,57.5,,58.1,,58.4,
SV,1,2418,2418,Quercus rubra,5/19/2010,87.9,0,,6/29/2011,89.3,0,,7/6/2012,90.7,0,,7/1/2013,91.4,0,,,92.2,,,7/7/2015,93.4,,,5/31/2016,93.9,,,,6/7/2017,94.6,,,,5/25/2018,95.6,,,,96.8,,,97.3,98.6,,99.5,,100.4,,101.7,,102.4,
SV,1,2421,2421,Quercus rubra,5/19/2010,54,0,,6/29/2011,55.2,0,,7/6/2012,56.1,0,,7/1/2013,56.7,0,,,57.5,,,7/7/2015,58.3,,,5/31/2016,58.7,,,,6/7/2017,59.5,,,,5/25/2018,59.8,,,,62.6,,,61.7,62.7,Perpendicular to tree,63.2,2021 perpendicular to tree,64,,64.9,,65.7,
SV,4,2537,2537,Quercus rubra,5/19/2010,10.4,0,,6/29/2011,10.6,0,,7/9/2012,10.7,0,,7/1/2013,10.7,0,,,10.7,,,7/7/2015,10.8,,,5/31/2016,10.8,,,,6/7/2017,10.8,,,,5/25/2018,10.8,,,,11.1,,,11.2,11.5,,11.6,,11.7,,12,,12.3,
SV,4,2572,2572,Quercus rubra,5/19/2010,42.2,0,,6/29/2011,43.5,0,,7/9/2012,44.6,0,,7/1/2013,45.4,0,,,46.8,,,7/7/2015,48,,,5/31/2016,48.7,,,,6/7/2017,50.2,,,,5/25/2018,51.4,,,,55.2,,,54.3,56.4,2021 real meas.,58.5,"2021 real, 2022 tage embedded",59.5,retag,62.2,"no tag, near 2571",64.1,tag missing
SV,5,2611,2611,Quercus rubra,5/19/2010,59.8,0,,6/29/2011,60.3,0,,7/9/2012,60.7,0,,7/1/2013,61.7,0,,,62.5,,,7/7/2015,62.9,,,5/31/2016,63.3,,,,6/7/2017,64.1,,,,5/25/2018,64.9,,,,66.2,,,67.2,68.1,,69.2,,70.3,,71.5,,71.9,
SV,5,2630,2630,Quercus rubra,5/19/2010,54.2,0,,6/29/2011,55,0,,7/9/2012,55.9,0,,7/1/2013,56.5,0,,,57.1,,,7/7/2015,58,,,5/31/2016,58.2,,,,6/7/2017,58.9,,,,5/25/2018,59.4,,,,60.4,,,60.6,61.5,,62.5,,63.4,,63.8,,64.3,
SV,5,2632,2632,Quercus rubra,5/19/2010,47.3,0,,6/29/2011,48,0,,7/9/2012,49.3,0,,7/1/2013,49.5,0,2013 tag embedded,,50.4,,,7/7/2015,51.4,,,5/31/2016,51.8,,,2013 tag embedded,6/7/2017,52.4,,,2013 tag embedded,5/25/2018,53,,,,54.1,,,54.4,55.3,,56.2,2013 tag embedded,56.9,,57.6,,58.1,
SV,6,2679,2679,Quercus rubra,5/19/2010,108.7,0,,6/29/2011,108.7,2,,7/9/2012,108.8,0,2012 changed dbh 2011 from 108 to 108.7,7/1/2013,109.7,0,2013 butress on bottom,,109.6,,,7/7/2015,109.8,,,5/31/2016,109.6,,Real meas 2016,2012 changed dbh 2011 from 108 to 108.7; 2013 butress on bottom; 2016 real meas.,6/7/2017,0,,dead 2017,2012 changed dbh 2011 from 108 to 108.7; 2013 butress on bottom; 2016 real meas.; 2017 dead,5/25/2018,0,,2018 dead,,0,,,,0,Dead 2021,0,2016 real meas.; 2017 dead; 2018 dead,0,dead,0,,0,
SV,6,2681,2681,Quercus rubra,5/19/2010,86.1,0,,6/29/2011,86.6,2,,7/9/2012,86.7,0,2012 changed dbh 2011 from 85.6 to 86.6,7/1/2013,87.1,0,,,87.2,,,7/7/2015,86.5,,,5/31/2016,86.2,,Read parellel to ground 2016,2012 changed dbh 2011 from 85.6 to 86.6; 2016 meas. parallel to the ground,6/7/2017,0,,dead 2017,2012 changed dbh 2011 from 85.6 to 86.6; 2016 meas. parallel to the ground; 2017 dead,5/25/2018,0,,2018 dead,,0,,,,"No tag, assumed dead",,,2016 meas. parallel to the ground; 2017 dead; 2018 dead,0,dead,0,,0,
SV,7,2722,2722,Quercus rubra,5/19/2010,60.9,0,,6/29/2011,61.8,0,,7/9/2012,62.3,0,,7/1/2013,62.8,0,,,63.4,,,7/7/2015,64,,,5/31/2016,64.3,,,,6/7/2017,64.6,,,,5/25/2018,65.2,,,,66.1,,,66.1,66.5,,67.1,,67.9,,68.2,,68.5,
SV,7,2724,2724,Quercus rubra,5/19/2010,52.6,0,,6/29/2011,53.6,0,,7/9/2012,54.2,0,,7/1/2013,54.7,0,,,55.4,,,7/7/2015,56.3,,,5/31/2016,57.2,,,,6/7/2017,57.2,,,,5/25/2018,58.2,,,,58.8,,,59.2,60.1,,60.9,,61.3,,62.2,,62.5,
SV,7,2727,2727,Quercus rubra,5/19/2010,39.8,0,,6/29/2011,40,0,,7/9/2012,40.2,0,,7/1/2013,40.4,0,,,40.7,,,7/7/2015,40.9,,,5/31/2016,41.3,,,,6/7/2017,41.3,,,,5/25/2018,41.5,,,,42,,,42,42.3,,42.8,,42.7,,43.1,,43.4,
SV,7,2731,2731,Quercus rubra,5/19/2010,60.2,0,,6/29/2011,60.9,0,,7/9/2012,61.7,0,,7/1/2013,61.9,0,,,63,,,7/7/2015,63.4,,,5/31/2016,63.6,,,,6/7/2017,63.9,,,,5/25/2018,64.6,,,,65.7,,,65.9,66.6,,67.2,,67.5,,68.1,,68.3,
SV,7,2734,2734,Quercus rubra,5/19/2010,57.7,0,,6/29/2011,57.6,1,,7/9/2012,58.1,0,,7/1/2013,58.5,0,,,59.1,,,7/7/2015,59.6,,,5/31/2016,60.7,,,,6/7/2017,60.4,,,,5/25/2018,60.9,,,,62.2,,,62.1,63.1,,63.4,,64.2,,64.5,,64.7,
SV,7,2735,2735,Quercus rubra,5/19/2010,35.9,0,,6/29/2011,36.1,0,,7/9/2012,36.2,0,,7/1/2013,36.3,0,,,36.5,,,7/7/2015,36.7,,,5/31/2016,37,,,,6/7/2017,37,,,,5/25/2018,37,,,,37.3,,,37.5,37.6,,37.9,,37.9,,38.1,,38.2,
SV,7,2740,2740,Quercus rubra,5/19/2010,35.5,0,2010 farm tag 478,6/29/2011,35.7,0,,7/9/2012,35.8,0,,7/1/2013,35.9,0,,,36.1,,,7/7/2015,36.1,,,5/31/2016,36.4,,,2010 farm tag 478,6/7/2017,36.6,,,2010 farm tag 478,5/25/2018,36.5,,,,36.8,,,36.4,36.8,,37,2010 farm tag 478,37,,37.2,,37.2,
SV,7,2741,2741,Quercus rubra,5/19/2010,53.5,0,2010 farm tag 482,6/29/2011,53.9,0,,7/9/2012,54.6,0,,7/1/2013,54.9,0,,,55.2,,,7/7/2015,55.8,,,5/31/2016,55.9,,,2010 farm tag 482,6/7/2017,56.6,,,2010 farm tag 482,5/25/2018,56.6,,,,57.2,,,57.4,58.1,,58.5,2010 farm tag 482,59,,59.4,,59.4,
SV,7,2742,2742,Quercus rubra,5/19/2010,42.3,0,2010 farm tag 481,6/29/2011,43.2,0,,7/9/2012,43.7,0,,7/1/2013,43.9,0,,,44.6,,,7/7/2015,45,,,5/31/2016,45.3,,,2010 farm tag 481,6/7/2017,45.9,,,2010 farm tag 481,5/25/2018,46.1,,,,46.8,,,47.2,47.5,,48.3,2010 farm tag 481,48.5,,49,,49.4,
SV,7,2747,2747,Quercus rubra,5/19/2010,79.6,0,,6/29/2011,80.8,0,,7/9/2012,82.3,0,,7/1/2013,82.4,0,,,83.5,,,7/7/2015,84.3,,,5/31/2016,85.7,,,,6/7/2017,85.5,,,,5/25/2018,86.5,,,,87.8,,,87.3,89.6,,90.5,,91.5,,92.6,,93.2,
SV,7,2752,2752,Quercus rubra,5/19/2010,57.9,0,,6/29/2011,59,0,,7/9/2012,59.5,0,,7/1/2013,60.2,0,,,60.8,,,7/7/2015,61.7,,,5/31/2016,62.8,,,,6/7/2017,63.1,,,,5/25/2018,63.7,,,,64,,,64.5,64.1,,65.2,,65.8,,66.6,,67.1,
SV,7,2756,2756,Quercus rubra,5/19/2010,78.4,0,,6/29/2011,79.7,0,,7/9/2012,80.9,0,,7/1/2013,81.1,0,,,82.3,,,7/7/2015,82.9,,,5/31/2016,84.4,,,,6/7/2017,84.3,,,,5/25/2018,85,,,,85.9,,,88.2,87.5,,87.9,,88.7,,89.3,,89.3,
SV,8,2689,2689,Quercus rubra,5/19/2010,110.8,0,,6/29/2011,112,0,,7/9/2012,112.6,0,,7/1/2013,112.9,0,,,113.3,,,7/7/2015,114.2,,,5/31/2016,114,,"Real meas 2016, parellel to ground","2016 real meas, parallel to ground",6/7/2017,114.8,,,"2016 real meas, parallel to ground",5/25/2018,114.8,,,,114.9,,,115.5,115,,115.4,"2016 real meas, parallel to ground",0,dead,0,,0,
SV,8,2693,2693,Quercus rubra,5/19/2010,101.4,0,,6/29/2011,101.7,0,,7/9/2012,101.6,1,,7/1/2013,102.3,0,,,102.6,,,7/7/2015,103.2,,,5/31/2016,102.9,,"Real meas 2016, parellel to ground",,6/7/2017,103.4,,,,5/25/2018,103.4,,,,0,,,103.8,0,Dead 2021,0,2019 dead,0,dead,0,,0,
SV,8,2705,2705,Quercus rubra,5/19/2010,46.2,0,,6/29/2011,47.2,0,,7/9/2012,48.2,0,,7/1/2013,48.3,0,,,48.7,,,7/7/2015,49.1,,,5/31/2016,49.7,,,,6/7/2017,49.7,,,,5/25/2018,49.9,,,,50.4,,,50.9,51,,51.5,,51.9,,51.9,,52.4,
SV,8,2710,2710,Quercus rubra,5/19/2010,75.9,0,,6/29/2011,76.2,2,,7/9/2012,76.5,0,2012 changed dbh2011 from 77.2 to 76.2,7/1/2013,77.3,0,,,77.9,,,7/7/2015,78.3,,,5/31/2016,78.8,,,2012 changed dbh2011 from 77.2 to 76.2,6/7/2017,78.9,,,2012 changed dbh2011 from 77.2 to 76.2,5/25/2018,79.4,,,,80.3,,,79.4,80.5,,81.1,2012 changed dbh2011 from 77.2 to 76.2,81.4,,81.7,,82,
SV,8,2711,2711,Quercus rubra,5/19/2010,71.9,0,,6/29/2011,72.5,0,,7/9/2012,72.8,0,,7/1/2013,73.9,0,,,73.8,,,7/7/2015,74.3,,,5/31/2016,74.3,,,,6/7/2017,74.4,,dead on top,2017 dead on top,5/25/2018,74.4,,,,0,,,74.9,0,Dead 2021,0,"2017 dead on top, 2019 dead",0,dead,0,,0,
SV,8,2717,2717,Quercus rubra,5/19/2010,92.3,6,,6/29/2011,92.9,6,,7/9/2012,93.3,6,,7/1/2013,94,6,2013 mostly out of plot,,94,,,7/7/2015,94.5,,,5/31/2016,95.2,,,2013 mostly out of plot,6/7/2017,94.8,,,2013 mostly out of plot,5/25/2018,95.8,,,,96.2,,,16.1,97.3,,97.4,2013 mostly out of plot,98.5,,98.3,,98.3,
SV,9,2761,2761,Quercus rubra,5/19/2010,57.1,2,,6/29/2011,57.8,0,,7/6/2012,58,0,2012 changed dbh2010 to 57.1 from 67.1,7/1/2013,58.4,0,2013 meas perp to trunk,,58.9,,,7/7/2015,59.6,,,5/31/2016,60.1,,,2012 changed dbh2010 to 57.1 from 67.1; 2013 meas perp to trunk,6/7/2017,60.2,,,2012 changed dbh2010 to 57.1 from 67.1; 2013 meas perp to trunk,5/25/2018,60.7,,,,61.4,,,62.4,63.7,,63.1,"2012 changed dbh2010 to 57.1 from 67.1; 2013 meas perp to trunk, 2022 real meas.",63.2,,63.9,,64.1,
SV,9,2768,2768,Quercus rubra,5/19/2010,70.3,0,,6/29/2011,70.3,0,,7/6/2012,71.1,0,,7/1/2013,72.1,0,,,73.2,,,7/7/2015,73.8,,,5/31/2016,74.1,,,,6/7/2017,74.9,,,,5/25/2018,75.7,,,,77.3,,,76.5,77.9,,78.7,2022 real meas.,79.1,,80,,80.5,
SV,10,2797,2797,Quercus rubra,5/19/2010,71.8,0,,6/29/2011,72.5,0,,7/6/2012,73.4,0,,7/1/2013,74.1,0,,,75,,,7/7/2015,75.8,,,5/31/2016,76.6,,,,6/7/2017,77.3,,,,5/25/2018,77.6,,,,78.7,,,78.7,79.4,,80,,80.5,,81,,81.8,
SV,10,2813,2813,Quercus rubra,5/19/2010,53.2,0,,6/29/2011,54.4,0,,7/6/2012,55.2,0,,7/1/2013,55.9,0,,,56.6,,,7/7/2015,57.4,,,5/31/2016,57.9,,,,6/7/2017,58.4,,,,5/25/2018,59.3,,,,60.4,,,60.9,62,,63.1,,63.7,,64.7,,65.1,
SV,10,2815,2815,Quercus rubra,5/19/2010,38.4,0,,6/29/2011,38.8,0,,7/6/2012,39.2,0,,7/1/2013,39.6,0,,,40.1,,,7/7/2015,40.8,,,5/31/2016,41.1,,,,6/7/2017,41.5,,,,5/25/2018,41.7,,,,42.1,,,42.4,43,,43.4,,43.9,,44.3,,44.5,
SV,12,2887,2887,Quercus rubra,5/19/2010,51.5,0,,6/29/2011,52.3,0,,7/6/2012,52.8,0,,7/1/2013,53.3,0,,,53.5,,,7/7/2015,54,,,5/31/2016,54.4,,,,6/7/2017,55,,,,5/25/2018,55.3,,,,56.2,,,55.9,56.6,,57.2,,57.7,,58,,58.3,
SV,12,2889,2889,Quercus rubra,5/19/2010,57.3,0,,6/29/2011,58.2,0,,7/6/2012,58.9,0,,7/1/2013,59,0,,,59.6,,,7/7/2015,60.4,,,5/31/2016,60.8,,,,6/7/2017,61.2,,,,5/25/2018,61.7,,,,63.1,,,62.7,63.5,,64.5,,64.7,,65.5,,65.7,
SV,12,2892,2892,Quercus rubra,5/19/2010,40.3,0,,6/29/2011,41.1,0,,7/6/2012,42,0,,7/1/2013,42.3,0,,,42.9,,,7/7/2015,43.4,,,5/31/2016,43.8,,,,6/7/2017,44.4,,,,5/25/2018,45,,,,45.8,,,46,46.8,,47.3,,47.7,,48.7,,48.7,
SV,12,2900,2900,Quercus rubra,5/19/2010,51.9,0,,6/29/2011,52.8,0,,7/6/2012,53.7,0,,7/1/2013,54.3,0,,,55.5,,,7/7/2015,56.2,,,5/31/2016,56.8,,,,6/7/2017,57.5,,tag about to come off,2017 tag about to come off,5/25/2018,57.9,,,,59.1,,,59,60.1,,60.9,2017 tag about to come off,61.3,,62.1,tag fixed,63.1,
SV,12,2904,2904,Quercus rubra,5/19/2010,49.2,0,,6/29/2011,49.9,0,,7/6/2012,50.8,0,,7/1/2013,51,0,,,51.7,,,7/7/2015,52.5,,,5/31/2016,53.1,,,,6/7/2017,53.8,,,,5/25/2018,54.6,,,,55.7,,,55.6,56.8,,57.4,2022 tage embedded,58.1,,59.1,tag fixed,59.9,
PC,12,870,870,Sassafras albidum,5/5/2010,26.8,0,,6/30/2011,27.2,0,,5/18/2012,27.3,0,,6/27/2013,27.6,0,2013 meas perp to trunk,7/3/2014,27.7,,,6/11/2015,28,,,5/20/2016,28.2,,,2013 meas perp to trunk,6/9/2017,28.4,,,2013 meas perp to trunk,5/23/2018,28.7,,,,28.5,,2019 tag worn,28.4,28.3,Dying,0,"2013 meas perp to trunk; 2021 dying, 2022 dead",0,dead,0,,0,
SC,6,271,271,Sassafras albidum,4/28/2010,25.9,0,,6/2/2011,26,0,,7/5/2012,26.3,0,,6/25/2013,26.3,0,,6/18/2014,26.4,,dying,6/26/2015,26.5,,2015 not dead (yet),5/20/2016,0,,Dead 2016,2014 dying :{; 2015 not dead (yet); 2016 dead,5/30/2017,0,,dead,2014 dying :{; 2015 not dead (yet); 2016 dead; 2017 dead,5/24/2018,0,,2018 dead,,0,,,0,0,,0,2014 dying :{; 2015 not dead (yet); 2016 dead; 2017 dead; 2018 dead,0,dead,0,,0,
SC,7,336,336,Sassafras albidum,4/29/2010,11.2,0,,6/2/2011,11.8,0,,7/5/2012,12.4,0,,6/25/2013,12.4,0,,6/19/2014,12.7,,,6/26/2015,12.7,,,5/20/2016,12.7,,Almost dead 2016,2016 almost dead,5/30/2017,0,,dead,2016 almost dead; 2017 dead,5/24/2018,12.8,,,,0,,,0,0,,0,2016 almost dead; 2017 dead,0,dead,0,,0,
SC,7,338,338,Sassafras albidum,4/29/2010,10.6,0,,6/2/2011,10.9,0,,7/5/2012,11.5,0,,6/25/2013,11.5,0,,6/19/2014,11.7,,,6/26/2015,12.1,,,5/20/2016,12.2,,,,5/30/2017,12.4,,,,5/24/2018,12.1,,,,0,,2019 dead,11.9,0,,0,,0,dead,0,,0,
SC,8,351,351,Sassafras albidum,4/29/2010,33.6,0,,6/2/2011,34.2,0,,7/5/2012,35.5,0,,6/24/2013,35,1,2013 is 2012 measurement error?,6/19/2014,35.6,,,7/2/2015,36.1,,,5/20/2016,36.5,,,2013 is 2012 measurement error?,5/30/2017,37.1,,,2013 is 2012 measurement error?,5/24/2018,37.7,,,,0,,2019 dead,37.9,0,Dead 2021,0,2013 is 2012 measurement error?; 2021 dead,0,dead,0,removed tag,0,
SC,8,369,369,Sassafras albidum,4/29/2010,46.4,0,,6/2/2011,46.5,0,,7/5/2012,46.7,0,,6/24/2013,47,0,,6/19/2014,47.2,,,7/2/2015,47.3,,,5/20/2016,47.3,,,,5/30/2017,47.5,,,,5/24/2018,47.5,,,,47.8,,,47.8,47.9,,47.9,,48,,47.9,,48,
SC,10,436,436,Sassafras albidum,4/29/2010,8.7,0,,6/10/2011,9.4,0,,7/5/2012,9.9,0,,6/24/2013,10,0,,6/19/2014,0,,,7/2/2015,0,,,5/20/2016,0,,,,5/30/2017,0,,dead,2017 dead,5/24/2018,0,,,,0,,,0,0,,0,2017 dead,0,dead,0,,0,
SC,10,437,437,Sassafras albidum,4/29/2010,9.6,1,,6/10/2011,9.2,1,,7/5/2012,9.5,0,2012 is 2011 measurement error?,6/24/2013,9.8,0,,6/19/2014,0,,,7/2/2015,0,,,5/20/2016,0,,,2012 is 2011 measurement error?,5/30/2017,0,,dead,2012 is 2011 measurement error?; 2017 dead,5/24/2018,0,,,,0,,,0,0,,0,2012 is 2011 measurement error?; 2017 dead,0,dead,0,,0,
SV,11,2848,2848,Sassafras albidum,5/19/2010,32.6,0,,6/29/2011,32.9,0,,7/6/2012,33.1,0,,7/1/2013,33.3,0,,,33.5,,,7/7/2015,33.7,,,5/31/2016,34.3,,,,6/7/2017,34.3,,,,5/25/2018,34.5,,,,34.7,,,35.6,35.2,2021 real meas. ,35.2,2021 real,35.5,,35.7,leaning,36,leaning
SV,11,2850,2850,Sassafras albidum,5/19/2010,44.4,0,,6/29/2011,45.2,0,,7/6/2012,45,1,,7/1/2013,45.3,0,,,45.5,,,7/7/2015,46,,,5/31/2016,46.2,,,,6/7/2017,46.4,,,,5/25/2018,46.9,,,,47.1,,,47.6,48,,48.2,2022 tage embedded,48.6,,49,,49.8,
PC,8,705,705,Tilia americana,5/5/2010,7.2,0,,6/15/2011,7.4,0,,5/18/2012,7.6,0,,6/27/2013,7.8,0,,7/2/2014,8.3,,real meas.,6/15/2015,8.7,,,5/23/2016,8.9,,,2014 real meas.,6/9/2017,9.4,,,2014 real meas.,5/23/2018,0,,2018 snapped-dead,,0,,,,10,May not be reliable measurement b/c resprouting (not growing in main stem),10.3,2014 real meas.; 2018 snapped-dead; 2021 resprouting,10.2,,10.4,,0,"main stem dead, resprout"
SC,3,158,158,Tilia americana,4/28/2010,45.7,0,,6/2/2011,45.8,0,,7/3/2012,45.8,0,,7/2/2013,46.1,0,,6/18/2014,46,,,6/17/2015,46.6,,,5/20/2016,46.8,,,,5/30/2017,47.1,,,,5/17/2018,47.3,,,,47.8,,,48.1,48.5,,48.4,,48.7,,48.8,,49.2,
SC,6,293,293,Tilia americana,4/28/2010,61.9,0,,6/2/2011,61.7,1,,7/5/2012,61.6,1,"2012 top dead, but basal sprouting",6/25/2013,61.6,0,2013 top has a bit of growth,6/18/2014,61.7,,,6/26/2015,61.5,,,5/20/2016,61.6,,,"2012 top dead, but basal sprouting; 2013 top has a bit of growth",5/30/2017,61.6,,,"2012 top dead, but basal sprouting; 2013 top has a bit of growth",5/24/2018,61.6,,,,62.3,,,62.2,62.3,,62.5,"2012 top dead, but basal sprouting; 2013 top has a bit of growth",62,,62.4,,62.6,
PC,1,478,478,Tsuga canadensis,5/4/2010,7.1,0,,6/15/2011,7.5,0,,6/25/2012,7.7,0,,6/27/2013,8.1,0,,7/2/2014,8.1,,,6/11/2015,8.2,,,5/19/2016,8.3,,,,6/9/2017,8.5,,,,5/16/2018,8.5,,2018 scratched tag,,8.7,,tag scratched,8.8,9.2,,9.6,"2018 scratched tag, 2022 scratched tag",9.9,,10.5,hemlock; tag illegible,10.7,
PC,1,479,479,Tsuga canadensis,5/4/2010,7.4,0,,6/15/2011,7.6,0,,6/25/2012,8,0,,6/27/2013,8,0,,7/2/2014,8.2,,,6/11/2015,8.4,,,5/19/2016,8.4,,,,6/9/2017,8.7,,,,5/16/2018,8.6,,2018 real measure,,9,,,8.9,9,Fallen but still rooted,9,"2018 real measure; 2021 fallen by still rooted, 2022 fallen but still alive",9,fallen but still alive,0,"in tree fall, not found",0,
PC,2,493,493,Tsuga canadensis,5/4/2010,21.9,0,,6/15/2011,22.3,0,,6/25/2012,22.7,0,,6/27/2013,23.1,0,,7/2/2014,23.4,,,6/11/2015,23.6,,,5/19/2016,24,,scratched tag,2016 scratched tag,6/9/2017,24.5,,,2016 scratched tag,5/17/2018,24.4,,2018 real measure,,25.1,,,24.9,25.3,,26.2,"2016 scratched tag; 2018 real measure, 2022 tag scratched unreadable",26.3,,26.3,hemlock; tag illegible,26.6,
PC,2,494,494,Tsuga canadensis,5/4/2010,26.9,0,,6/15/2011,27.3,0,,6/25/2012,27.7,0,,6/27/2013,27.8,0,,7/2/2014,27.9,,,6/11/2015,28.1,,,5/19/2016,28.4,,scratched tag,2016 scratched tag,6/9/2017,28.6,,,2016 scratched tag,5/17/2018,28.6,,2018 fix tag,,28.9,,,28.8,29.5,,30,"2016 scratched tag; 2018 fix tag, 2022 tag scratched unreadable",29.6,"tag scratched, unreadable",29.9,hemlock; tag illegible,30.1,
PC,10,769,769,Tsuga canadensis,5/5/2010,14.7,0,,6/30/2011,15.3,0,,5/18/2012,15.7,0,,6/27/2013,15.9,0,,7/2/2014,16.3,,,6/11/2015,16.7,,,5/23/2016,16.9,,,,6/9/2017,17.3,,,,5/23/2018,17.4,,,,17.9,,,17.9,18.4,,18.7,2022 stake near tree needs remeasured ,18.9,,19.3,,19.5,
SV,11,2860,2860,Tsuga canadensis,5/19/2010,12.3,0,,6/29/2011,12.5,0,,7/6/2012,12.4,1,,7/1/2013,12.8,0,,,12.9,,,7/7/2015,13,,,5/31/2016,13.2,,,,6/7/2017,13.4,,,,5/25/2018,13.4,,,,13.7,,,14,14.1,"Main trunk broken, still leafing",14.2,"2021 main trunk broken, still leafing out",14.1,,14.3,"top snapped, but still alive",14.3,barely alive
