"","STATEFP","COUNTYFP","COUNTYNS","GEOIDFQ","GEOID","NAME","NAMELSAD","STUSPS","STATE_NAME","LSAD","ALAND","AWATER"
"1","01","069","00161560","0500000US01069","01069","Houston","Houston County","AL","Alabama","06",1501742250,4795418
"2","01","023","00161537","0500000US01023","01023","Choctaw","Choctaw County","AL","Alabama","06",2365900084,19114321
"3","01","113","00161583","0500000US01113","01113","Russell","Russell County","AL","Alabama","06",1660653961,15562947
"4","10","005","00217269","0500000US10005","10005","Sussex","Sussex County","DE","Delaware","06",2424590442,674129051
"5","01","071","00161561","0500000US01071","01071","Jackson","Jackson County","AL","Alabama","06",2792044612,126334711
"6","01","089","00161570","0500000US01089","01089","Madison","Madison County","AL","Alabama","06",2076166271,28756353
"8","05","017","00069160","0500000US05017","05017","Chicot","Chicot County","AR","Arkansas","06",1649764401,140413175
"9","05","121","00069178","0500000US05121","05121","Randolph","Randolph County","AR","Arkansas","06",1688445994,10370823
"10","05","073","00066864","0500000US05073","05073","Lafayette","Lafayette County","AR","Arkansas","06",1371327391,43028604
"11","05","057","00066858","0500000US05057","05057","Hempstead","Hempstead County","AR","Arkansas","06",1883439299,35737908
"16","12","007","00303634","0500000US12007","12007","Bradford","Bradford County","FL","Florida","06",761368539,16898784
"17","10","003","00217270","0500000US10003","10003","New Castle","New Castle County","DE","Delaware","06",1104210701,175313040
"18","09","190","02830254","0500000US09190","09190","Western Connecticut","Western Connecticut Planning Region","CT","Connecticut","PL",1378207191,300180641
"19","12","009","00295749","0500000US12009","12009","Brevard","Brevard County","FL","Florida","06",2628752387,1403951179
"20","12","131","00295727","0500000US12131","12131","Walton","Walton County","FL","Florida","06",2689194489,961260714
"21","12","053","00295751","0500000US12053","12053","Hernando","Hernando County","FL","Florida","06",1224979323,627916623
"22","12","047","00295736","0500000US12047","12047","Hamilton","Hamilton County","FL","Florida","06",1332018549,12330813
"23","12","065","00295733","0500000US12065","12065","Jefferson","Jefferson County","FL","Florida","06",1549018611,193063920
"24","12","031","00293656","0500000US12031","12031","Duval","Duval County","FL","Florida","06",1975183356,403625849
"25","13","105","00347828","0500000US13105","13105","Elbert","Elbert County","GA","Georgia","06",909352140,59863330
"26","13","213","01688005","0500000US13213","13213","Murray","Murray County","GA","Georgia","06",892235590,5719192
"29","17","105","00424254","0500000US17105","17105","Livingston","Livingston County","IL","Illinois","06",2702983876,5975815
"30","17","161","00424282","0500000US17161","17161","Rock Island","Rock Island County","IL","Illinois","06",1107209789,61633881
"32","18","089","00450495","0500000US18089","18089","Lake","Lake County","IN","Indiana","06",1292117897,330842544
"40","17","125","00424261","0500000US17125","17125","Mason","Mason County","IL","Illinois","06",1396914847,62748509
"41","36","005","00974101","0500000US36005","36005","Bronx","Bronx County","NY","New York","06",109235672,39353304
"43","36","119","00974157","0500000US36119","36119","Westchester","Westchester County","NY","New York","06",1115811940,179391718
"44","36","053","00974125","0500000US36053","36053","Madison","Madison County","NY","New York","06",1696054034,16691322
"45","21","235","00516964","0500000US21235","21235","Whitley","Whitley County","KY","Kentucky","06",1134211586,18639649
"46","44","007","01219781","0500000US44007","44007","Providence","Providence County","RI","Rhode Island","06",1060557969,67864689
"47","36","029","00974113","0500000US36029","36029","Erie","Erie County","NY","New York","06",2700743425,476876396
"48","48","287","01383929","0500000US48287","48287","Lee","Lee County","TX","Texas","06",1629204739,13122562
"49","36","091","00974143","0500000US36091","36091","Saratoga","Saratoga County","NY","New York","06",2097812305,87488004
"50","01","121","00161586","0500000US01121","01121","Talladega","Talladega County","AL","Alabama","06",1908348741,60872243
"51","21","133","00516913","0500000US21133","21133","Letcher","Letcher County","KY","Kentucky","06",875245158,2846758
"53","39","035","01074030","0500000US39035","39035","Cuyahoga","Cuyahoga County","OH","Ohio","06",1184173024,2041731514
"54","39","061","01074043","0500000US39061","39061","Hamilton","Hamilton County","OH","Ohio","06",1050120459,18612564
"55","22","075","00558125","0500000US22075","22075","Plaquemines","Plaquemines Parish","LA","Louisiana","15",2021731565,4627380285
"56","22","031","00558521","0500000US22031","22031","De Soto","De Soto Parish","LA","Louisiana","15",2269992573,46989269
"57","22","111","00559528","0500000US22111","22111","Union","Union Parish","LA","Louisiana","15",2271194159,73615328
"58","22","115","00559548","0500000US22115","22115","Vernon","Vernon Parish","LA","Louisiana","15",3436209075,35117465
"59","01","087","00161569","0500000US01087","01087","Macon","Macon County","AL","Alabama","06",1576435599,11765503
"60","01","041","00161546","0500000US01041","01041","Crenshaw","Crenshaw County","AL","Alabama","06",1576952763,5388562
"61","24","005","01695314","0500000US24005","24005","Baltimore","Baltimore County","MD","Maryland","06",1549740649,215957832
"62","24","019","00596495","0500000US24019","24019","Dorchester","Dorchester County","MD","Maryland","06",1400573750,1145353067
"63","24","017","01676992","0500000US24017","24017","Charles","Charles County","MD","Maryland","06",1185745253,479451413
"64","24","015","00596115","0500000US24015","24015","Cecil","Cecil County","MD","Maryland","06",896912542,185281256
"65","25","001","00606927","0500000US25001","25001","Barnstable","Barnstable County","MA","Massachusetts","06",1020973583,2360362409
"66","25","017","00606935","0500000US25017","25017","Middlesex","Middlesex County","MA","Massachusetts","06",2118293312,75289849
"67","26","103","01622994","0500000US26103","26103","Marquette","Marquette County","MI","Michigan","06",4685463544,4185295221
"68","26","053","01622969","0500000US26053","26053","Gogebic","Gogebic County","MI","Michigan","06",2854517947,970153215
"69","26","115","01623000","0500000US26115","26115","Monroe","Monroe County","MI","Michigan","06",1422841177,338180469
"70","26","141","01623013","0500000US26141","26141","Presque Isle","Presque Isle County","MI","Michigan","06",1706071286,4957325477
"73","28","001","00695726","0500000US28001","28001","Adams","Adams County","MS","Mississippi","06",1197464268,65273639
"74","28","087","00695767","0500000US28087","28087","Lowndes","Lowndes County","MS","Mississippi","06",1309165407,28472314
"75","28","143","00695792","0500000US28143","28143","Tunica","Tunica County","MS","Mississippi","06",1176191638,57012297
"76","28","139","00695790","0500000US28139","28139","Tippah","Tippah County","MS","Mississippi","06",1185754664,5522230
"77","29","099","00758504","0500000US29099","29099","Jefferson","Jefferson County","MO","Missouri","06",1699715777,20260644
"82","33","017","00873182","0500000US33017","33017","Strafford","Strafford County","NH","New Hampshire","06",951724112,39173382
"83","34","001","00882270","0500000US34001","34001","Atlantic","Atlantic County","NJ","New Jersey","06",1438939255,301106094
"84","34","009","00882274","0500000US34009","34009","Cape May","Cape May County","NJ","New Jersey","06",651437187,955149827
"85","34","041","00882237","0500000US34041","34041","Warren","Warren County","NJ","New Jersey","06",923435920,15825325
"86","34","019","00882228","0500000US34019","34019","Hunterdon","Hunterdon County","NJ","New Jersey","06",1108086283,24761599
"87","34","025","00882910","0500000US34025","34025","Monmouth","Monmouth County","NJ","New Jersey","06",1212642640,500373881
"88","34","023","00882230","0500000US34023","34023","Middlesex","Middlesex County","NJ","New Jersey","06",800957688,35286675
"90","36","031","00974114","0500000US36031","36031","Essex","Essex County","NY","New York","06",4646753184,316350563
"91","37","047","01026339","0500000US37047","37047","Columbus","Columbus County","NC","North Carolina","06",2429920494,43711694
"92","37","039","01008545","0500000US37039","37039","Cherokee","Cherokee County","NC","North Carolina","06",1179842036,28813680
"93","37","149","01008579","0500000US37149","37149","Polk","Polk County","NC","North Carolina","06",615606325,1964035
"94","37","009","01008535","0500000US37009","37009","Ashe","Ashe County","NC","North Carolina","06",1104023356,8058446
"95","37","055","01026133","0500000US37055","37055","Dare","Dare County","NC","North Carolina","06",992558552,3000513281
"96","37","091","01026127","0500000US37091","37091","Hertford","Hertford County","NC","North Carolina","06",914689353,18737418
"99","39","167","01074095","0500000US39167","39167","Washington","Washington County","OH","Ohio","06",1636805229,20784952
"100","40","095","01101832","0500000US40095","40095","Marshall","Marshall County","OK","Oklahoma","06",962153977,143719930
"110","48","037","01383804","0500000US48037","48037","Bowie","Bowie County","TX","Texas","06",2291982022,98385599
"111","42","071","01209181","0500000US42071","42071","Lancaster","Lancaster County","PA","Pennsylvania","06",2444751653,103368816
"112","42","095","01209185","0500000US42095","42095","Northampton","Northampton County","PA","Pennsylvania","06",957743866,19060208
"113","44","009","01219782","0500000US44009","44009","Washington","Washington County","RI","Rhode Island","06",852827596,604769731
"114","45","013","01247984","0500000US45013","45013","Beaufort","Beaufort County","SC","South Carolina","06",1491889118,900045230
"115","45","051","01248005","0500000US45051","45051","Horry","Horry County","SC","South Carolina","06",2934864511,314859967
"116","45","091","01248019","0500000US45091","45091","York","York County","SC","South Carolina","06",1762629134,39130525
"119","47","157","01639790","0500000US47157","47157","Shelby","Shelby County","TN","Tennessee","06",1949650933,74596358
"120","47","165","01639794","0500000US47165","47165","Sumner","Sumner County","TN","Tennessee","06",1371278937,38053791
"121","47","019","01639730","0500000US47019","47019","Carter","Carter County","TN","Tennessee","06",883854427,16670692
"122","47","123","01639776","0500000US47123","47123","Monroe","Monroe County","TN","Tennessee","06",1646646990,43545177
"123","47","013","01639728","0500000US47013","47013","Campbell","Campbell County","TN","Tennessee","06",1243685305,46425147
"124","48","273","01383922","0500000US48273","48273","Kleberg","Kleberg County","TX","Texas","06",2282572445,541041659
"125","48","229","01383900","0500000US48229","48229","Hudspeth","Hudspeth County","TX","Texas","06",11837584064,2114586
"126","48","419","01383995","0500000US48419","48419","Shelby","Shelby County","TX","Texas","06",2060566467,101081677
"127","48","301","01383936","0500000US48301","48301","Loving","Loving County","TX","Texas","06",1732230053,19981167
"132","51","133","01480152","0500000US51133","51133","Northumberland","Northumberland County","VA","Virginia","06",495808169,243884091
"133","51","193","01480179","0500000US51193","51193","Westmoreland","Westmoreland County","VA","Virginia","06",593954116,61106474
"134","51","073","01480126","0500000US51073","51073","Gloucester","Gloucester County","VA","Virginia","06",564124717,181747503
"135","51","107","01480141","0500000US51107","51107","Loudoun","Loudoun County","VA","Virginia","06",1335753659,14495954
"136","51","143","01480157","0500000US51143","51143","Pittsylvania","Pittsylvania County","VA","Virginia","06",2509705674,23903851
"137","51","083","01496705","0500000US51083","51083","Halifax","Halifax County","VA","Virginia","06",2117913727,30524203
"141","54","047","01689162","0500000US54047","54047","McDowell","McDowell County","WV","West Virginia","06",1381648581,3731537
"142","54","099","01550056","0500000US54099","54099","Wayne","Wayne County","WV","West Virginia","06",1310547890,15816947
"143","54","037","01550025","0500000US54037","54037","Jefferson","Jefferson County","WV","West Virginia","06",542072979,6150171
"144","54","003","01550008","0500000US54003","54003","Berkeley","Berkeley County","WV","West Virginia","06",831770872,1057615
"145","55","003","01581061","0500000US55003","55003","Ashland","Ashland County","WI","Wisconsin","06",2706458789,3230728302
"146","55","051","01581085","0500000US55051","55051","Iron","Iron County","WI","Wisconsin","06",1963763896,416859798
"148","05","045","00066852","0500000US05045","05045","Faulkner","Faulkner County","AR","Arkansas","06",1676362419,43607253
"149","05","011","00063757","0500000US05011","05011","Bradley","Bradley County","AR","Arkansas","06",1681335016,9505606
"150","05","085","00069164","0500000US05085","05085","Lonoke","Lonoke County","AR","Arkansas","06",1998752694,82011970
"151","05","099","00069169","0500000US05099","05099","Nevada","Nevada County","AR","Arkansas","06",1600067809,7489490
"152","05","037","00066848","0500000US05037","05037","Cross","Cross County","AR","Arkansas","06",1596255187,15389371
"158","12","117","00303665","0500000US12117","12117","Seminole","Seminole County","FL","Florida","06",801259626,93164442
"159","12","041","00303633","0500000US12041","12041","Gilchrist","Gilchrist County","FL","Florida","06",905705571,14362143
"160","12","013","00306919","0500000US12013","12013","Calhoun","Calhoun County","FL","Florida","06",1469394597,18070425
"161","13","229","00349086","0500000US13229","13229","Pierce","Pierce County","GA","Georgia","06",881797573,7163580
"162","13","261","00343504","0500000US13261","13261","Sumter","Sumter County","GA","Georgia","06",1250646291,25211441
"163","13","021","01672039","0500000US13021","13021","Bibb","Bibb County","GA","Georgia","06",645898854,14304451
"164","13","151","01671894","0500000US13151","13151","Henry","Henry County","GA","Georgia","06",825452046,20253636
"165","13","195","01688004","0500000US13195","13195","Madison","Madison County","GA","Georgia","06",731214551,8448220
"166","13","265","00347654","0500000US13265","13265","Taliaferro","Taliaferro County","GA","Georgia","06",504029144,1917633
"167","13","267","00347445","0500000US13267","13267","Tattnall","Tattnall County","GA","Georgia","06",1245369508,19447411
"168","13","237","00347246","0500000US13237","13237","Putnam","Putnam County","GA","Georgia","06",892721735,41451860
"169","13","219","00356774","0500000US13219","13219","Oconee","Oconee County","GA","Georgia","06",477461794,5246183
"170","13","205","00343645","0500000US13205","13205","Mitchell","Mitchell County","GA","Georgia","06",1326483082,4314212
"171","13","201","00344088","0500000US13201","13201","Miller","Miller County","GA","Georgia","06",731471756,3211332
"175","17","047","00424225","0500000US17047","17047","Edwards","Edwards County","IL","Illinois","06",576012470,781202
"176","17","027","00424215","0500000US17027","17027","Clinton","Clinton County","IL","Illinois","06",1227502158,75634262
"177","18","041","00450349","0500000US18041","18041","Fayette","Fayette County","IN","Indiana","06",556901575,366408
"178","18","069","00450361","0500000US18069","18069","Huntington","Huntington County","IN","Indiana","06",991031149,13127296
"182","21","123","00516908","0500000US21123","21123","Larue","Larue County","KY","Kentucky","06",676090984,6721198
"183","21","115","00516904","0500000US21115","21115","Johnson","Johnson County","KY","Kentucky","06",678488581,5619568
"184","21","109","00516901","0500000US21109","21109","Jackson","Jackson County","KY","Kentucky","06",894134829,3328475
"185","21","175","00516934","0500000US21175","21175","Morgan","Morgan County","KY","Kentucky","06",987053730,6950463
"186","21","011","00516852","0500000US21011","21011","Bath","Bath County","KY","Kentucky","06",719997080,15570646
"187","21","231","00516962","0500000US21231","21231","Wayne","Wayne County","KY","Kentucky","06",1186326542,67647953
"188","21","061","00516877","0500000US21061","21061","Edmonson","Edmonson County","KY","Kentucky","06",784263760,13462746
"189","21","165","00516929","0500000US21165","21165","Menifee","Menifee County","KY","Kentucky","06",527162212,6205679
"190","22","001","00558389","0500000US22001","22001","Acadia","Acadia Parish","LA","Louisiana","15",1697073812,5934788
"191","22","071","00558113","0500000US22071","22071","Orleans","Orleans Parish","LA","Louisiana","15",439001672,467102619
"192","22","103","01629503","0500000US22103","22103","St. Tammany","St. Tammany Parish","LA","Louisiana","15",2189230967,648416022
"193","22","067","00558097","0500000US22067","22067","Morehouse","Morehouse Parish","LA","Louisiana","15",2058910717,28888046
"194","22","081","00559472","0500000US22081","22081","Red River","Red River Parish","LA","Louisiana","15",1007453088,34259705
"195","22","039","00558551","0500000US22039","22039","Evangeline","Evangeline Parish","LA","Louisiana","15",1715688315,44661244
"196","22","043","00558567","0500000US22043","22043","Grant","Grant Parish","LA","Louisiana","15",1667305574,54548379
"197","22","083","00559481","0500000US22083","22083","Richland","Richland Parish","LA","Louisiana","15",1439031396,22771218
"198","26","135","01623010","0500000US26135","26135","Oscoda","Oscoda County","MI","Michigan","06",1465088042,15136485
"200","28","163","00695802","0500000US28163","28163","Yazoo","Yazoo County","MS","Mississippi","06",2388847326,30612555
"201","28","089","00695768","0500000US28089","28089","Madison","Madison County","MS","Mississippi","06",1849796735,72079469
"202","28","101","00695773","0500000US28101","28101","Newton","Newton County","MS","Mississippi","06",1496417773,4525334
"203","29","033","00758471","0500000US29033","29033","Carroll","Carroll County","MO","Missouri","06",1799061890,17533392
"204","29","039","00758474","0500000US29039","29039","Cedar","Cedar County","MO","Missouri","06",1228870903,62637821
"205","29","197","00758551","0500000US29197","29197","Schuyler","Schuyler County","MO","Missouri","06",795916404,2216011
"215","36","113","00974154","0500000US36113","36113","Warren","Warren County","NY","New York","06",2246093482,166839689
"216","36","017","00974107","0500000US36017","36017","Chenango","Chenango County","NY","New York","06",2314006880,13433905
"217","36","051","00974124","0500000US36051","36051","Livingston","Livingston County","NY","New York","06",1635976564,22076449
"218","37","193","01008595","0500000US37193","37193","Wilkes","Wilkes County","NC","North Carolina","06",1952016296,6854041
"219","37","159","01008583","0500000US37159","37159","Rowan","Rowan County","NC","North Carolina","06",1325062503,31968204
"220","37","089","01008562","0500000US37089","37089","Henderson","Henderson County","NC","North Carolina","06",965930095,5554261
"221","37","163","01026131","0500000US37163","37163","Sampson","Sampson County","NC","North Carolina","06",2449952011,4918354
"222","37","121","01008571","0500000US37121","37121","Mitchell","Mitchell County","NC","North Carolina","06",573036227,1632150
"224","39","067","01074046","0500000US39067","39067","Harrison","Harrison County","OH","Ohio","06",1042032638,21847163
"225","40","145","01101860","0500000US40145","40145","Wagoner","Wagoner County","OK","Oklahoma","06",1455356138,74815302
"226","40","133","01101854","0500000US40133","40133","Seminole","Seminole County","OK","Oklahoma","06",1638993887,19960707
"230","42","051","01209179","0500000US42051","42051","Fayette","Fayette County","PA","Pennsylvania","06",2048054614,20636361
"231","42","129","01209191","0500000US42129","42129","Westmoreland","Westmoreland County","PA","Pennsylvania","06",2661757844,21294222
"232","42","023","01213663","0500000US42023","42023","Cameron","Cameron County","PA","Pennsylvania","06",1026241974,5651188
"233","45","055","01248007","0500000US45055","45055","Kershaw","Kershaw County","SC","South Carolina","06",1881916510,35348695
"234","45","027","01247990","0500000US45027","45027","Clarendon","Clarendon County","SC","South Carolina","06",1572659562,229094635
"235","45","017","01247986","0500000US45017","45017","Calhoun","Calhoun County","SC","South Carolina","06",987164244,29365859
"237","47","001","01639722","0500000US47001","47001","Anderson","Anderson County","TN","Tennessee","06",873359909,19657734
"238","47","189","01639802","0500000US47189","47189","Wilson","Wilson County","TN","Tennessee","06",1479109875,29878235
"239","47","135","01639781","0500000US47135","47135","Perry","Perry County","TN","Tennessee","06",1074235994,20984700
"240","47","045","01639741","0500000US47045","47045","Dyer","Dyer County","TN","Tennessee","06",1326982067,35839863
"241","47","029","01639734","0500000US47029","47029","Cocke","Cocke County","TN","Tennessee","06",1129584562,17932684
"242","47","049","01639743","0500000US47049","47049","Fentress","Fentress County","TN","Tennessee","06",1291385620,841022
"243","47","085","01639757","0500000US47085","47085","Humphreys","Humphreys County","TN","Tennessee","06",1374668726,67184110
"244","47","185","01639800","0500000US47185","47185","White","White County","TN","Tennessee","06",975592113,7113368
"245","47","127","01648579","0500000US47127","47127","Moore","Moore County","TN","Tennessee","06",334684850,3093435
"246","48","339","01383955","0500000US48339","48339","Montgomery","Montgomery County","TX","Texas","06",2699229907,89887067
"247","48","029","01383800","0500000US48029","48029","Bexar","Bexar County","TX","Texas","06",3212517260,40698142
"248","48","245","01383908","0500000US48245","48245","Jefferson","Jefferson County","TX","Texas","06",2270733846,611203762
"249","48","457","01384014","0500000US48457","48457","Tyler","Tyler County","TX","Texas","06",2394158672,29093514
"250","48","157","01383864","0500000US48157","48157","Fort Bend","Fort Bend County","TX","Texas","06",2232012416,60775073
"251","48","139","01383856","0500000US48139","48139","Ellis","Ellis County","TX","Texas","06",2423644484,41912177
"252","48","499","01384035","0500000US48499","48499","Wood","Wood County","TX","Texas","06",1671173034,130730326
"253","48","041","01383806","0500000US48041","48041","Brazos","Brazos County","TX","Texas","06",1518090937,13210254
"254","48","459","01384015","0500000US48459","48459","Upshur","Upshur County","TX","Texas","06",1509910857,24878112
"255","48","343","01383957","0500000US48343","48343","Morris","Morris County","TX","Texas","06",652649023,17382447
"256","48","393","01383982","0500000US48393","48393","Roberts","Roberts County","TX","Texas","06",2393298442,346846
"257","48","289","01383930","0500000US48289","48289","Leon","Leon County","TX","Texas","06",2779462027,19328383
"258","48","349","01383960","0500000US48349","48349","Navarro","Navarro County","TX","Texas","06",2615116308,197615409
"259","48","185","01383878","0500000US48185","48185","Grimes","Grimes County","TX","Texas","06",2039529876,36607972
"260","48","467","01384019","0500000US48467","48467","Van Zandt","Van Zandt County","TX","Texas","06",2182251753,44148322
"261","48","125","01383848","0500000US48125","48125","Dickens","Dickens County","TX","Texas","06",2335454676,9057848
"262","48","105","01383838","0500000US48105","48105","Crockett","Crockett County","TX","Texas","06",7270935061,53329
"263","48","415","01383993","0500000US48415","48415","Scurry","Scurry County","TX","Texas","06",2345090475,5436957
"264","48","379","01383975","0500000US48379","48379","Rains","Rains County","TX","Texas","06",594376473,75984089
"265","48","261","01383916","0500000US48261","48261","Kenedy","Kenedy County","TX","Texas","06",3777657843,1261927310
"272","51","109","01494707","0500000US51109","51109","Louisa","Louisa County","VA","Virginia","06",1282060817,37801171
"273","51","023","01674418","0500000US51023","51023","Botetourt","Botetourt County","VA","Virginia","06",1401898973,12126225
"274","51","061","01480120","0500000US51061","51061","Fauquier","Fauquier County","VA","Virginia","06",1678296516,9665073
"275","51","009","01480095","0500000US51009","51009","Amherst","Amherst County","VA","Virginia","06",1227554632,12898694
"276","51","161","01480165","0500000US51161","51161","Roanoke","Roanoke County","VA","Virginia","06",648917442,1754482
"277","51","175","01480171","0500000US51175","51175","Southampton","Southampton County","VA","Virginia","06",1552048348,8090235
"278","51","113","01494590","0500000US51113","51113","Madison","Madison County","VA","Virginia","06",830450500,3206995
"280","54","039","01550026","0500000US54039","54039","Kanawha","Kanawha County","WV","West Virginia","06",2335487423,24053745
"281","54","109","01550061","0500000US54109","54109","Wyoming","Wyoming County","WV","West Virginia","06",1293620951,6083278
"282","54","025","01557518","0500000US54025","54025","Greenbrier","Greenbrier County","WV","West Virginia","06",2641319251,12136551
"283","54","041","01550027","0500000US54041","54041","Lewis","Lewis County","WV","West Virginia","06",1002144341,7035789
"284","55","057","01581088","0500000US55057","55057","Juneau","Juneau County","WI","Wisconsin","06",1986729544,98638538
"285","55","035","01581077","0500000US55035","55035","Eau Claire","Eau Claire County","WI","Wisconsin","06",1652211242,18848551
"297","01","073","00161562","0500000US01073","01073","Jefferson","Jefferson County","AL","Alabama","06",2878917022,32616917
"298","09","170","02830252","0500000US09170","09170","South Central Connecticut","South Central Connecticut Planning Region","CT","Connecticut","PL",951177351,653525530
"299","09","180","02830253","0500000US09180","09180","Southeastern Connecticut","Southeastern Connecticut Planning Region","CT","Connecticut","PL",1549172294,216453476
"301","12","103","00295745","0500000US12103","12103","Pinellas","Pinellas County","FL","Florida","06",709109289,1535964334
"302","12","057","00295757","0500000US12057","12057","Hillsborough","Hillsborough County","FL","Florida","06",2648359443,790682716
"303","12","075","00295724","0500000US12075","12075","Levy","Levy County","FL","Florida","06",2896266627,1224288848
"304","12","086","00295755","0500000US12086","12086","Miami-Dade","Miami-Dade County","FL","Florida","06",4920856951,1267455935
"305","12","071","00295758","0500000US12071","12071","Lee","Lee County","FL","Florida","06",2023178327,1900208297
"306","12","113","00306914","0500000US12113","12113","Santa Rosa","Santa Rosa County","FL","Florida","06",2622108165,543293168
"307","01","043","00161547","0500000US01043","01043","Cullman","Cullman County","AL","Alabama","06",1902985237,52510688
"308","12","037","00306911","0500000US12037","12037","Franklin","Franklin County","FL","Florida","06",1411539848,2270399638
"309","12","073","00306916","0500000US12073","12073","Leon","Leon County","FL","Florida","06",1731219899,86414547
"310","13","051","01694477","0500000US13051","13051","Chatham","Chatham County","GA","Georgia","06",1120736307,510889307
"311","13","185","00326720","0500000US13185","13185","Lowndes","Lowndes County","GA","Georgia","06",1287872477,34511663
"312","13","027","00345518","0500000US13027","13027","Brooks","Brooks County","GA","Georgia","06",1277341891,11955148
"313","13","049","00357747","0500000US13049","13049","Charlton","Charlton County","GA","Georgia","06",2020415649,5963237
"314","17","197","01785190","0500000US17197","17197","Will","Will County","IL","Illinois","06",2164911517,34563906
"315","13","245","00358024","0500000US13245","13245","Richmond","Richmond County","GA","Georgia","06",840036616,10995252
"316","13","241","00351489","0500000US13241","13241","Rabun","Rabun County","GA","Georgia","06",958649647,17848176
"317","13","153","01671693","0500000US13153","13153","Houston","Houston County","GA","Georgia","06",974236344,9708965
"319","01","033","00161542","0500000US01033","01033","Colbert","Colbert County","AL","Alabama","06",1535740663,79162005
"321","05","007","00069896","0500000US05007","05007","Benton","Benton County","AR","Arkansas","06",2195617499,94872468
"322","05","139","00069903","0500000US05139","05139","Union","Union County","AR","Arkansas","06",2691170081,42102269
"323","05","003","00063756","0500000US05003","05003","Ashley","Ashley County","AR","Arkansas","06",2397012344,38656004
"324","05","133","00069182","0500000US05133","05133","Sevier","Sevier County","AR","Arkansas","06",1459636820,45919661
"325","05","131","00069181","0500000US05131","05131","Sebastian","Sebastian County","AR","Arkansas","06",1375759906,34508912
"326","05","015","00066975","0500000US05015","05015","Carroll","Carroll County","AR","Arkansas","06",1631504874,22715757
"327","05","021","00063759","0500000US05021","05021","Clay","Clay County","AR","Arkansas","06",1655581941,5497697
"328","05","041","00066850","0500000US05041","05041","Desha","Desha County","AR","Arkansas","06",1919768424,185180909
"329","05","063","00069163","0500000US05063","05063","Independence","Independence County","AR","Arkansas","06",1978003733,20251226
"331","05","019","00066845","0500000US05019","05019","Clark","Clark County","AR","Arkansas","06",2242855174,43965580
"343","21","147","00516926","0500000US21147","21147","McCreary","McCreary County","KY","Kentucky","06",1105170770,10976665
"344","37","167","01025844","0500000US37167","37167","Stanly","Stanly County","NC","North Carolina","06",1023253139,25183933
"345","37","007","01008534","0500000US37007","37007","Anson","Anson County","NC","North Carolina","06",1376478141,14603213
"346","37","155","01026130","0500000US37155","37155","Robeson","Robeson County","NC","North Carolina","06",2453480732,5076395
"347","01","099","00161576","0500000US01099","01099","Monroe","Monroe County","AL","Alabama","06",2656469674,22609681
"348","21","135","00516914","0500000US21135","21135","Lewis","Lewis County","KY","Kentucky","06",1250595455,31872267
"349","22","057","00558065","0500000US22057","22057","Lafourche","Lafourche Parish","LA","Louisiana","15",2765571305,1037643577
"350","22","117","00559557","0500000US22117","22117","Washington","Washington Parish","LA","Louisiana","15",1734352071,16140411
"351","22","029","00558515","0500000US22029","22029","Concordia","Concordia Parish","LA","Louisiana","15",1801869540,133813661
"352","22","035","00558534","0500000US22035","22035","East Carroll","East Carroll Parish","LA","Louisiana","15",1090092485,56411688
"353","22","011","00558436","0500000US22011","22011","Beauregard","Beauregard Parish","LA","Louisiana","15",2997854119,21942931
"354","23","031","00581301","0500000US23031","23031","York","York County","ME","Maine","06",2567181935,721357012
"355","23","029","00581300","0500000US23029","23029","Washington","Washington County","ME","Maine","06",6637427361,1799648495
"356","23","003","00581287","0500000US23003","23003","Aroostook","Aroostook County","ME","Maine","06",17278254267,404986869
"357","24","041","00592947","0500000US24041","24041","Talbot","Talbot County","MD","Maryland","06",695556093,539369000
"358","24","037","01697853","0500000US24037","24037","St. Mary's","St. Mary's County","MD","Maryland","06",928676346,1050726154
"359","24","039","00596907","0500000US24039","24039","Somerset","Somerset County","MD","Maryland","06",828145299,752652887
"360","01","131","00161591","0500000US01131","01131","Wilcox","Wilcox County","AL","Alabama","06",2299540557,50592191
"361","24","011","00595737","0500000US24011","24011","Caroline","Caroline County","MD","Maryland","06",827350254,16777065
"362","24","033","01714670","0500000US24033","24033","Prince George's","Prince George's County","MD","Maryland","06",1249914204,42053184
"363","24","001","01713506","0500000US24001","24001","Allegany","Allegany County","MD","Maryland","06",1093489886,14710933
"364","01","065","00161558","0500000US01065","01065","Hale","Hale County","AL","Alabama","06",1667929291,32401180
"365","36","063","00974130","0500000US36063","36063","Niagara","Niagara County","NY","New York","06",1352876142,1598772310
"366","37","129","01026329","0500000US37129","37129","New Hanover","New Hanover County","NC","North Carolina","06",497859414,353881963
"367","37","141","01026129","0500000US37141","37141","Pender","Pender County","NC","North Carolina","06",2256656680,162822100
"368","37","133","01026341","0500000US37133","37133","Onslow","Onslow County","NC","North Carolina","06",1973791551,370648831
"369","37","043","01008546","0500000US37043","37043","Clay","Clay County","NC","North Carolina","06",556849483,15046554
"370","37","113","01025833","0500000US37113","37113","Macon","Macon County","NC","North Carolina","06",1335304967,10576640
"371","37","175","01008589","0500000US37175","37175","Transylvania","Transylvania County","NC","North Carolina","06",979943598,5091023
"372","37","049","01026123","0500000US37049","37049","Craven","Craven County","NC","North Carolina","06",1829934615,172857594
"373","37","137","01023355","0500000US37137","37137","Pamlico","Pamlico County","NC","North Carolina","06",871570771,583036551
"374","37","177","01026332","0500000US37177","37177","Tyrrell","Tyrrell County","NC","North Carolina","06",1012106670,534571696
"375","37","053","01026125","0500000US37053","37053","Currituck","Currituck County","NC","North Carolina","06",678344374,685095432
"376","37","131","01008575","0500000US37131","37131","Northampton","Northampton County","NC","North Carolina","06",1390073547,35850398
"377","37","075","01008555","0500000US37075","37075","Graham","Graham County","NC","North Carolina","06",756194687,25055910
"383","39","043","01074034","0500000US39043","39043","Erie","Erie County","OH","Ohio","06",650833151,969939816
"384","40","065","01101820","0500000US40065","40065","Jackson","Jackson County","OK","Oklahoma","06",2078860497,4114418
"385","40","141","01101858","0500000US40141","40141","Tillman","Tillman County","OK","Oklahoma","06",2256226949,20895054
"386","40","067","01101821","0500000US40067","40067","Jefferson","Jefferson County","OK","Oklahoma","06",1965685986,39417590
"387","40","023","01101799","0500000US40023","40023","Choctaw","Choctaw County","OK","Oklahoma","06",1995281896,75475686
"388","40","135","01101855","0500000US40135","40135","Sequoyah","Sequoyah County","OK","Oklahoma","06",1744556598,105070319
"389","40","089","01101835","0500000US40089","40089","McCurtain","McCurtain County","OK","Oklahoma","06",4793503044,133936249
"396","42","133","01209193","0500000US42133","42133","York","York County","PA","Pennsylvania","06",2342261954,16503410
"397","42","017","01209173","0500000US42017","42017","Bucks","Bucks County","PA","Pennsylvania","06",1565511250,45291664
"398","42","049","01209178","0500000US42049","42049","Erie","Erie County","PA","Pennsylvania","06",2069145080,1966271748
"399","42","127","01213692","0500000US42127","42127","Wayne","Wayne County","PA","Pennsylvania","06",1879734049,64785689
"400","42","029","01209174","0500000US42029","42029","Chester","Chester County","PA","Pennsylvania","06",1943917207,22400866
"401","42","089","01209184","0500000US42089","42089","Monroe","Monroe County","PA","Pennsylvania","06",1575647531,22664084
"403","45","045","01245489","0500000US45045","45045","Greenville","Greenville County","SC","South Carolina","06",2035566804,24964755
"404","45","025","01247989","0500000US45025","45025","Chesterfield","Chesterfield County","SC","South Carolina","06",2069364022,17265236
"405","25","025","00606939","0500000US25025","25025","Suffolk","Suffolk County","MA","Massachusetts","06",150885698,160491323
"406","25","021","00606937","0500000US25021","25021","Norfolk","Norfolk County","MA","Massachusetts","06",1025902103,124954020
"407","25","013","00606933","0500000US25013","25013","Hampden","Hampden County","MA","Massachusetts","06",1598035447,44416565
"408","26","041","01622963","0500000US26041","26041","Delta","Delta County","MI","Michigan","06",3033120257,2124407010
"409","26","003","01622944","0500000US26003","26003","Alger","Alger County","MI","Michigan","06",2369927688,10703517569
"414","28","113","00711758","0500000US28113","28113","Pike","Pike County","MS","Mississippi","06",1059783761,3907959
"415","28","151","00695796","0500000US28151","28151","Washington","Washington County","MS","Mississippi","06",1875530531,93804060
"416","28","055","00695751","0500000US28055","28055","Issaquena","Issaquena County","MS","Mississippi","06",1069614257,73664788
"417","28","033","00695741","0500000US28033","28033","DeSoto","DeSoto County","MS","Mississippi","06",1233855810,50232356
"418","28","021","00695735","0500000US28021","28021","Claiborne","Claiborne County","MS","Mississippi","06",1262400025,35711134
"419","29","201","00758553","0500000US29201","29201","Scott","Scott County","MO","Missouri","06",1087810544,15173471
"420","29","183","00758546","0500000US29183","29183","St. Charles","St. Charles County","MO","Missouri","06",1451692063,82664094
"421","29","013","00758461","0500000US29013","29013","Bates","Bates County","MO","Missouri","06",2167033437,38030738
"422","29","087","00758498","0500000US29087","29087","Holt","Holt County","MO","Missouri","06",1198369590,19839054
"423","29","171","00758540","0500000US29171","29171","Putnam","Putnam County","MO","Missouri","06",1339845596,5941590
"433","36","045","00974121","0500000US36045","36045","Jefferson","Jefferson County","NY","New York","06",3283924240,1524538853
"438","17","153","01784966","0500000US17153","17153","Pulaski","Pulaski County","IL","Illinois","06",516100615,9768333
"439","17","045","00424224","0500000US17045","17045","Edgar","Edgar County","IL","Illinois","06",1614400671,1565052
"440","18","147","00450388","0500000US18147","18147","Spencer","Spencer County","IN","Indiana","06",1027934787,11968675
"441","18","129","00450383","0500000US18129","18129","Posey","Posey County","IN","Indiana","06",1060302168,26505383
"444","29","037","00758473","0500000US29037","29037","Cass","Cass County","MO","Missouri","06",1804223594,14962905
"445","29","019","00758464","0500000US29019","29019","Boone","Boone County","MO","Missouri","06",1775569567,14222019
"446","29","159","00758534","0500000US29159","29159","Pettis","Pettis County","MO","Missouri","06",1766985955,10468698
"447","34","031","00882232","0500000US34031","34031","Passaic","Passaic County","NJ","New Jersey","06",482078672,32001148
"448","26","163","01623022","0500000US26163","26163","Wayne","Wayne County","MI","Michigan","06",1584657752,156827018
"449","18","161","00450395","0500000US18161","18161","Union","Union County","IN","Indiana","06",417483432,10323665
"451","18","035","00450347","0500000US18035","18035","Delaware","Delaware County","IN","Indiana","06",1015558818,9841207
"453","26","109","01622997","0500000US26109","26109","Menominee","Menominee County","MI","Michigan","06",2704053649,761798350
"455","36","047","00974122","0500000US36047","36047","Kings","Kings County","NY","New York","06",179684481,71158757
"457","01","091","00161572","0500000US01091","01091","Marengo","Marengo County","AL","Alabama","06",2530155124,14951685
"458","01","101","00161577","0500000US01101","01101","Montgomery","Montgomery County","AL","Alabama","06",2034057754,37704823
"459","01","095","00161574","0500000US01095","01095","Marshall","Marshall County","AL","Alabama","06",1465553967,148475491
"460","36","075","00974136","0500000US36075","36075","Oswego","Oswego County","NY","New York","06",2464685608,933435238
"461","21","027","00516860","0500000US21027","21027","Breckinridge","Breckinridge County","KY","Kentucky","06",1475580266,41098834
"462","40","087","01101834","0500000US40087","40087","McClain","McClain County","OK","Oklahoma","06",1478156679,24706038
"463","40","125","01101850","0500000US40125","40125","Pottawatomie","Pottawatomie County","OK","Oklahoma","06",2040375638,14845673
"464","36","071","00974134","0500000US36071","36071","Orange","Orange County","NY","New York","06",2103272844,67953621
"465","21","159","00516923","0500000US21159","21159","Martin","Martin County","KY","Kentucky","06",594775705,2561300
"466","48","213","01383892","0500000US48213","48213","Henderson","Henderson County","TX","Texas","06",2263061904,193353703
"467","55","078","01581099","0500000US55078","55078","Menominee","Menominee County","WI","Wisconsin","06",926217566,19022479
"468","18","139","00446854","0500000US18139","18139","Rush","Rush County","IN","Indiana","06",1057069253,838340
"469","18","065","00450359","0500000US18065","18065","Henry","Henry County","IN","Indiana","06",1014957930,7652084
"470","18","027","00450343","0500000US18027","18027","Daviess","Daviess County","IN","Indiana","06",1112436829,19061974
"471","18","071","00451678","0500000US18071","18071","Jackson","Jackson County","IN","Indiana","06",1320837986,10172528
"472","18","175","00451665","0500000US18175","18175","Washington","Washington County","IN","Indiana","06",1330447135,7529046
"478","21","179","00516936","0500000US21179","21179","Nelson","Nelson County","KY","Kentucky","06",1084391549,13960880
"479","21","183","00516938","0500000US21183","21183","Ohio","Ohio County","KY","Kentucky","06",1520569117,23652967
"480","21","107","00516900","0500000US21107","21107","Hopkins","Hopkins County","KY","Kentucky","06",1404258115,31671290
"481","21","209","00516951","0500000US21209","21209","Scott","Scott County","KY","Kentucky","06",730879459,8342139
"482","21","079","00516886","0500000US21079","21079","Garrard","Garrard County","KY","Kentucky","06",595501702,10415371
"483","21","025","00516859","0500000US21025","21025","Breathitt","Breathitt County","KY","Kentucky","06",1275366506,7370804
"484","21","167","00516930","0500000US21167","21167","Mercer","Mercer County","KY","Kentucky","06",645898189,10166125
"485","21","013","00516853","0500000US21013","21013","Bell","Bell County","KY","Kentucky","06",929803430,5484276
"486","21","187","00516940","0500000US21187","21187","Owen","Owen County","KY","Kentucky","06",907757721,9735770
"490","47","167","01639795","0500000US47167","47167","Tipton","Tipton County","TN","Tennessee","06",1180026943,32703276
"491","47","055","01639746","0500000US47055","47055","Giles","Giles County","TN","Tennessee","06",1582304900,642572
"492","47","065","01639749","0500000US47065","47065","Hamilton","Hamilton County","TN","Tennessee","06",1404197538,86784458
"493","47","155","01639789","0500000US47155","47155","Sevier","Sevier County","TN","Tennessee","06",1534615545,13412243
"494","47","059","01639747","0500000US47059","47059","Greene","Greene County","TN","Tennessee","06",1611409726,5099752
"495","47","147","01639786","0500000US47147","47147","Robertson","Robertson County","TN","Tennessee","06",1233703852,457701
"496","47","009","01639726","0500000US47009","47009","Blount","Blount County","TN","Tennessee","06",1447398701,20133735
"497","48","355","01383963","0500000US48355","48355","Nueces","Nueces County","TX","Texas","06",2173743300,845084545
"498","48","427","01383999","0500000US48427","48427","Starr","Starr County","TX","Texas","06",3168019235,15386849
"499","48","409","01383990","0500000US48409","48409","San Patricio","San Patricio County","TX","Texas","06",1795693498,37532483
"500","48","039","01383805","0500000US48039","48039","Brazoria","Brazoria County","TX","Texas","06",3530893148,635502987
"501","48","443","01384007","0500000US48443","48443","Terrell","Terrell County","TX","Texas","06",6107081791,259482
"502","48","211","01383891","0500000US48211","48211","Hemphill","Hemphill County","TX","Texas","06",2347270015,15205586
"503","48","067","01383819","0500000US48067","48067","Cass","Cass County","TX","Texas","06",2426682342,60495293
"505","50","027","01461770","0500000US50027","50027","Windsor","Windsor County","VT","Vermont","06",2510071971,19366112
"506","51","185","01497748","0500000US51185","51185","Tazewell","Tazewell County","VA","Virginia","06",1343663016,2920222
"507","51","191","01498359","0500000US51191","51191","Washington","Washington County","VA","Virginia","06",1453483675,12984238
"508","51","051","01497376","0500000US51051","51051","Dickenson","Dickenson County","VA","Virginia","06",855841910,8100226
"509","51","131","01480151","0500000US51131","51131","Northampton","Northampton County","VA","Virginia","06",548331037,1511369142
"510","51","179","01480173","0500000US51179","51179","Stafford","Stafford County","VA","Virginia","06",695402835,29922348
"511","51","103","01480139","0500000US51103","51103","Lancaster","Lancaster County","VA","Virginia","06",345261478,254114185
"512","51","159","01480164","0500000US51159","51159","Richmond","Richmond County","VA","Virginia","06",495925427,64458631
"513","51","015","01480098","0500000US51015","51015","Augusta","Augusta County","VA","Virginia","06",2504708863,9537137
"514","51","181","01480174","0500000US51181","51181","Surry","Surry County","VA","Virginia","06",722475751,81216905
"515","51","059","01480119","0500000US51059","51059","Fairfax","Fairfax County","VA","Virginia","06",1012738308,40015946
"516","51","069","01480124","0500000US51069","51069","Frederick","Frederick County","VA","Virginia","06",1070014045,5860148
"524","54","063","01557702","0500000US54063","54063","Monroe","Monroe County","WV","West Virginia","06",1224426771,2297599
"525","54","103","01717836","0500000US54103","54103","Wetzel","Wetzel County","WV","West Virginia","06",927389119,8449879
"526","54","095","01678706","0500000US54095","54095","Tyler","Tyler County","WV","West Virginia","06",663818560,11382160
"527","54","107","01560558","0500000US54107","54107","Wood","Wood County","WV","West Virginia","06",949229777,26590767
"528","54","057","01717890","0500000US54057","54057","Mineral","Mineral County","WV","West Virginia","06",849209714,3466312
"529","54","031","01718557","0500000US54031","54031","Hardy","Hardy County","WV","West Virginia","06",1508190150,5624064
"530","54","027","01718644","0500000US54027","54027","Hampshire","Hampshire County","WV","West Virginia","06",1658634382,10902108
"531","55","023","01581071","0500000US55023","55023","Crawford","Crawford County","WI","Wisconsin","06",1478377507,73569257
"532","55","011","01581065","0500000US55011","55011","Buffalo","Buffalo County","WI","Wisconsin","06",1750291805,87548524
"533","55","121","01581120","0500000US55121","55121","Trempealeau","Trempealeau County","WI","Wisconsin","06",1898373573,23331637
"537","05","097","00069168","0500000US05097","05097","Montgomery","Montgomery County","AR","Arkansas","06",2021363886,52979164
"538","05","025","00063760","0500000US05025","05025","Cleveland","Cleveland County","AR","Arkansas","06",1548580962,2561701
"552","12","069","00308551","0500000US12069","12069","Lake","Lake County","FL","Florida","06",2466027803,529970231
"553","12","083","00306922","0500000US12083","12083","Marion","Marion County","FL","Florida","06",4114025502,192250275
"554","12","023","00306909","0500000US12023","12023","Columbia","Columbia County","FL","Florida","06",2065197086,10207202
"555","12","119","00295740","0500000US12119","12119","Sumter","Sumter County","FL","Florida","06",1442996383,58752797
"556","12","097","00295748","0500000US12097","12097","Osceola","Osceola County","FL","Florida","06",3438210340,462253707
"557","12","121","00295729","0500000US12121","12121","Suwannee","Suwannee County","FL","Florida","06",1783430092,9505389
"558","12","125","00306913","0500000US12125","12125","Union","Union County","FL","Florida","06",630804542,16049423
"559","13","121","01694833","0500000US13121","13121","Fulton","Fulton County","GA","Georgia","06",1364484194,20639636
"560","13","013","00356976","0500000US13013","13013","Barrow","Barrow County","GA","Georgia","06",417122366,4870098
"561","13","163","00345714","0500000US13163","13163","Jefferson","Jefferson County","GA","Georgia","06",1363771350,8059597
"562","13","009","00345255","0500000US13009","13009","Baldwin","Baldwin County","GA","Georgia","06",670028049,24803188
"563","13","279","00345220","0500000US13279","13279","Toombs","Toombs County","GA","Georgia","06",942794614,18070371
"564","13","001","00349113","0500000US13001","13001","Appling","Appling County","GA","Georgia","06",1316393793,10357488
"565","13","023","00347451","0500000US13023","13023","Bleckley","Bleckley County","GA","Georgia","06",559122131,8425411
"566","13","133","00348672","0500000US13133","13133","Greene","Greene County","GA","Georgia","06",1003664492,48417220
"567","13","311","00326781","0500000US13311","13311","White","White County","GA","Georgia","06",623600283,3841608
"568","13","301","00347777","0500000US13301","13301","Warren","Warren County","GA","Georgia","06",736510932,6007154
"569","13","315","00345499","0500000US13315","13315","Wilcox","Wilcox County","GA","Georgia","06",978525380,11147628
"570","13","305","00350608","0500000US13305","13305","Wayne","Wayne County","GA","Georgia","06",1662287074,17768149
"571","13","289","00345456","0500000US13289","13289","Twiggs","Twiggs County","GA","Georgia","06",930478094,8740237
"572","13","249","00344129","0500000US13249","13249","Schley","Schley County","GA","Georgia","06",432291202,2369649
"579","17","039","00426598","0500000US17039","17039","De Witt","De Witt County","IL","Illinois","06",1029678324,19492326
"583","34","035","00882234","0500000US34035","34035","Somerset","Somerset County","NJ","New Jersey","06",781832066,7993021
"586","37","085","01008560","0500000US37085","37085","Harnett","Harnett County","NC","North Carolina","06",1541299797,16361612
"587","37","125","01008573","0500000US37125","37125","Moore","Moore County","NC","North Carolina","06",1806846432,20853327
"588","37","117","01026328","0500000US37117","37117","Martin","Martin County","NC","North Carolina","06",1182102538,746610
"589","37","051","01026124","0500000US37051","37051","Cumberland","Cumberland County","NC","North Carolina","06",1690137276,15312233
"590","37","059","01008549","0500000US37059","37059","Davie","Davie County","NC","North Carolina","06",682977539,7511429
"591","37","083","01008559","0500000US37083","37083","Halifax","Halifax County","NC","North Carolina","06",1874472932,16919664
"592","37","027","01008541","0500000US37027","37027","Caldwell","Caldwell County","NC","North Carolina","06",1222176567,7060445
"593","37","127","01008574","0500000US37127","37127","Nash","Nash County","NC","North Carolina","06",1399742907,6174819
"594","37","015","01026334","0500000US37015","37015","Bertie","Bertie County","NC","North Carolina","06",1810858562,109120751
"595","37","093","01008563","0500000US37093","37093","Hoke","Hoke County","NC","North Carolina","06",1010491623,3949309
"597","47","003","01639723","0500000US47003","47003","Bedford","Bedford County","TN","Tennessee","06",1226719752,2980759
"598","47","053","01639745","0500000US47053","47053","Gibson","Gibson County","TN","Tennessee","06",1561102696,2345193
"599","47","033","01648574","0500000US47033","47033","Crockett","Crockett County","TN","Tennessee","06",687714872,545783
"600","47","173","01648583","0500000US47173","47173","Union","Union County","TN","Tennessee","06",579077904,61005196
"601","47","031","01639735","0500000US47031","47031","Coffee","Coffee County","TN","Tennessee","06",1111010403,14479480
"602","47","119","01639772","0500000US47119","47119","Maury","Maury County","TN","Tennessee","06",1587876683,6344505
"603","47","121","01639775","0500000US47121","47121","Meigs","Meigs County","TN","Tennessee","06",505397668,55738399
"604","47","107","01639773","0500000US47107","47107","McMinn","McMinn County","TN","Tennessee","06",1113997326,5340568
"605","47","105","01639767","0500000US47105","47105","Loudon","Loudon County","TN","Tennessee","06",593811376,46869994
"606","47","141","01639783","0500000US47141","47141","Putnam","Putnam County","TN","Tennessee","06",1038860592,3777708
"607","47","081","01639756","0500000US47081","47081","Hickman","Hickman County","TN","Tennessee","06",1586324713,373710
"608","47","079","01639755","0500000US47079","47079","Henry","Henry County","TN","Tennessee","06",1455320362,81582236
"609","47","057","01648575","0500000US47057","47057","Grainger","Grainger County","TN","Tennessee","06",726715759,56600343
"610","47","159","01639791","0500000US47159","47159","Smith","Smith County","TN","Tennessee","06",813976205,28690306
"611","48","387","01383979","0500000US48387","48387","Red River","Red River County","TX","Texas","06",2703677244,33255080
"612","48","219","01383895","0500000US48219","48219","Hockley","Hockley County","TX","Texas","06",2352723974,446119
"613","48","127","01383849","0500000US48127","48127","Dimmit","Dimmit County","TX","Texas","06",3441795902,14575999
"614","48","471","01384021","0500000US48471","48471","Walker","Walker County","TX","Texas","06",2031130616,44741470
"615","48","089","01383830","0500000US48089","48089","Colorado","Colorado County","TX","Texas","06",2487142714,34691167
"616","48","131","01383851","0500000US48131","48131","Duval","Duval County","TX","Texas","06",4645084669,5478267
"617","48","475","01384023","0500000US48475","48475","Ward","Ward County","TX","Texas","06",2164201058,624206
"618","48","225","01383898","0500000US48225","48225","Houston","Houston County","TX","Texas","06",3188268195,14446047
"619","48","347","01383959","0500000US48347","48347","Nacogdoches","Nacogdoches County","TX","Texas","06",2450966944,89731149
"620","48","153","01383862","0500000US48153","48153","Floyd","Floyd County","TX","Texas","06",2569637282,983737
"621","48","469","01384020","0500000US48469","48469","Victoria","Victoria County","TX","Texas","06",2284593984,17476842
"622","48","223","01383897","0500000US48223","48223","Hopkins","Hopkins County","TX","Texas","06",1987637219,65631763
"623","48","025","01383798","0500000US48025","48025","Bee","Bee County","TX","Texas","06",2279809489,246409
"624","48","119","01383846","0500000US48119","48119","Delta","Delta County","TX","Texas","06",665192724,54647564
"625","48","455","01384013","0500000US48455","48455","Trinity","Trinity County","TX","Texas","06",1796920725,52260792
"626","48","015","01383793","0500000US48015","48015","Austin","Austin County","TX","Texas","06",1674415877,25596214
"627","48","151","01383861","0500000US48151","48151","Fisher","Fisher County","TX","Texas","06",2328272083,7258480
"628","48","407","01383989","0500000US48407","48407","San Jacinto","San Jacinto County","TX","Texas","06",1474332596,151948900
"629","48","405","01383988","0500000US48405","48405","San Augustine","San Augustine County","TX","Texas","06",1374400363,159644688
"630","48","477","01384024","0500000US48477","48477","Washington","Washington County","TX","Texas","06",1564856214,45470591
"631","48","435","01384003","0500000US48435","48435","Sutton","Sutton County","TX","Texas","06",3765674775,1277066
"633","39","077","01074051","0500000US39077","39077","Huron","Huron County","OH","Ohio","06",1274906337,8626249
"634","39","065","01074045","0500000US39065","39065","Hardin","Hardin County","OH","Ohio","06",1218033117,630279
"635","40","101","01101838","0500000US40101","40101","Muskogee","Muskogee County","OK","Oklahoma","06",2099548041,76078026
"636","40","035","01101805","0500000US40035","40035","Craig","Craig County","OK","Oklahoma","06",1971642565,3649781
"637","40","075","01101825","0500000US40075","40075","Kiowa","Kiowa County","OK","Oklahoma","06",2629039887,40296743
"638","42","091","01213680","0500000US42091","42091","Montgomery","Montgomery County","PA","Pennsylvania","06",1250798248,11001813
"639","42","043","01213667","0500000US42043","42043","Dauphin","Dauphin County","PA","Pennsylvania","06",1359407364,86047350
"640","42","027","01214720","0500000US42027","42027","Centre","Centre County","PA","Pennsylvania","06",2867787635,11295681
"641","42","033","01209175","0500000US42033","42033","Clearfield","Clearfield County","PA","Pennsylvania","06",2965691642,24125719
"642","42","063","01213673","0500000US42063","42063","Indiana","Indiana County","PA","Pennsylvania","06",2142939381,18085569
"643","42","031","01210234","0500000US42031","42031","Clarion","Clarion County","PA","Pennsylvania","06",1556156937,23330902
"644","42","035","01214721","0500000US42035","42035","Clinton","Clinton County","PA","Pennsylvania","06",2304129980,23182058
"645","42","061","01213672","0500000US42061","42061","Huntingdon","Huntingdon County","PA","Pennsylvania","06",2265182334,37851956
"646","42","113","01213687","0500000US42113","42113","Sullivan","Sullivan County","PA","Pennsylvania","06",1165337814,6617028
"647","45","079","01249299","0500000US45079","45079","Richland","Richland County","SC","South Carolina","06",1961420496,37960905
"648","45","047","01248003","0500000US45047","45047","Greenwood","Greenwood County","SC","South Carolina","06",1180013604,21255542
"649","45","087","01248017","0500000US45087","45087","Union","Union County","SC","South Carolina","06",1330228701,4488751
"650","45","071","01248013","0500000US45071","45071","Newberry","Newberry County","SC","South Carolina","06",1632484450,44099986
"651","45","049","01248004","0500000US45049","45049","Hampton","Hampton County","SC","South Carolina","06",1450327691,7072733
"652","45","005","01247980","0500000US45005","45005","Allendale","Allendale County","SC","South Carolina","06",1056960701,11194313
"656","47","143","01639784","0500000US47143","47143","Rhea","Rhea County","TN","Tennessee","06",817071272,54409427
"657","47","093","01639761","0500000US47093","47093","Knox","Knox County","TN","Tennessee","06",1316555496,45538199
"658","21","119","00516906","0500000US21119","21119","Knott","Knott County","KY","Kentucky","06",910442831,3438036
"659","21","003","00516848","0500000US21003","21003","Allen","Allen County","KY","Kentucky","06",890240991,21079866
"660","21","139","00516916","0500000US21139","21139","Livingston","Livingston County","KY","Kentucky","06",810561761,75614775
"661","21","055","00516874","0500000US21055","21055","Crittenden","Crittenden County","KY","Kentucky","06",931272391,30377986
"662","21","239","00516966","0500000US21239","21239","Woodford","Woodford County","KY","Kentucky","06",490993054,6380990
"663","21","193","00516943","0500000US21193","21193","Perry","Perry County","KY","Kentucky","06",879880330,7473919
"664","21","181","00516937","0500000US21181","21181","Nicholas","Nicholas County","KY","Kentucky","06",505839859,3936676
"665","21","189","00516941","0500000US21189","21189","Owsley","Owsley County","KY","Kentucky","06",511268800,2299985
"666","21","097","00516895","0500000US21097","21097","Harrison","Harrison County","KY","Kentucky","06",793722604,8855951
"667","21","063","00516878","0500000US21063","21063","Elliott","Elliott County","KY","Kentucky","06",606888298,2595857
"668","22","015","00558453","0500000US22015","22015","Bossier","Bossier Parish","LA","Louisiana","15",2174607057,70690676
"669","22","077","00559449","0500000US22077","22077","Pointe Coupee","Pointe Coupee Parish","LA","Louisiana","15",1438726037,90290883
"670","22","125","00559584","0500000US22125","22125","West Feliciana","West Feliciana Parish","LA","Louisiana","15",1044328075,59008122
"671","22","091","01629457","0500000US22091","22091","St. Helena","St. Helena Parish","LA","Louisiana","15",1058078903,2796358
"672","22","025","00558495","0500000US22025","22025","Catahoula","Catahoula Parish","LA","Louisiana","15",1836953695,78178418
"673","24","027","01709077","0500000US24027","24027","Howard","Howard County","MD","Maryland","06",649957177,6336170
"674","26","051","01622968","0500000US26051","26051","Gladwin","Gladwin County","MI","Michigan","06",1299622802,36674665
"683","28","083","00695765","0500000US28083","28083","Leflore","Leflore County","MS","Mississippi","06",1538645699,31868197
"684","28","131","00695786","0500000US28131","28131","Stone","Stone County","MS","Mississippi","06",1153800120,6712351
"685","28","051","00695749","0500000US28051","28051","Holmes","Holmes County","MS","Mississippi","06",1959776830,20568825
"686","28","157","00695799","0500000US28157","28157","Wilkinson","Wilkinson County","MS","Mississippi","06",1756043891,25262385
"687","28","013","00695731","0500000US28013","28013","Calhoun","Calhoun County","MS","Mississippi","06",1519218292,3590388
"688","29","027","00758468","0500000US29027","29027","Callaway","Callaway County","MO","Missouri","06",2161513203,33194432
"689","29","113","00758511","0500000US29113","29113","Lincoln","Lincoln County","MO","Missouri","06",1622791528,35999822
"690","29","123","00758515","0500000US29123","29123","Madison","Madison County","MO","Missouri","06",1280453084,8323284
"691","29","207","00758556","0500000US29207","29207","Stoddard","Stoddard County","MO","Missouri","06",2131929141,15025824
"700","37","019","01026340","0500000US37019","37019","Brunswick","Brunswick County","NC","North Carolina","06",2201668770,516634715
"701","37","119","01008570","0500000US37119","37119","Mecklenburg","Mecklenburg County","NC","North Carolina","06",1356149121,58190433
"702","37","145","01008577","0500000US37145","37145","Person","Person County","NC","North Carolina","06",1016154888,31205409
"703","39","171","01074097","0500000US39171","39171","Williams","Williams County","OH","Ohio","06",1089504756,6298923
"704","40","079","01101827","0500000US40079","40079","Le Flore","Le Flore County","OK","Oklahoma","06",4116567831,49740071
"711","42","125","01209190","0500000US42125","42125","Washington","Washington County","PA","Pennsylvania","06",2219644665,9945723
"712","44","005","01219779","0500000US44005","44005","Newport","Newport County","RI","Rhode Island","06",265293779,547001789
"713","45","007","01247981","0500000US45007","45007","Anderson","Anderson County","SC","South Carolina","06",1848873804,108547582
"714","45","083","01248592","0500000US45083","45083","Spartanburg","Spartanburg County","SC","South Carolina","06",2093764801,29439104
"717","47","183","01639799","0500000US47183","47183","Weakley","Weakley County","TN","Tennessee","06",1503107799,3707114
"718","48","071","01383821","0500000US48071","48071","Chambers","Chambers County","TX","Texas","06",1546772773,709489352
"719","48","377","01383974","0500000US48377","48377","Presidio","Presidio County","TX","Texas","06",9985057447,1773188
"720","48","087","01383829","0500000US48087","48087","Collingsworth","Collingsworth County","TX","Texas","06",2378750407,2278703
"724","50","009","01461761","0500000US50009","50009","Essex","Essex County","VT","Vermont","06",1715530626,28688441
"725","51","141","01497999","0500000US51141","51141","Patrick","Patrick County","VA","Virginia","06",1250852626,7141128
"726","51","027","01497431","0500000US51027","51027","Buchanan","Buchanan County","VA","Virginia","06",1302387764,2803578
"727","51","093","01702378","0500000US51093","51093","Isle of Wight","Isle of Wight County","VA","Virginia","06",817621466,122099188
"728","51","095","01480135","0500000US51095","51095","James City","James City County","VA","Virginia","06",368550686,95239463
"729","54","065","01557950","0500000US54065","54065","Morgan","Morgan County","WV","West Virginia","06",593295507,1401571
"730","54","023","01697238","0500000US54023","54023","Grant","Grant County","WV","West Virginia","06",1236387826,7546060
"731","55","075","01581097","0500000US55075","55075","Marinette","Marinette County","WI","Wisconsin","06",3624605661,389870112
"733","05","039","00066849","0500000US05039","05039","Dallas","Dallas County","AR","Arkansas","06",1728358302,1731378
"734","05","117","00069176","0500000US05117","05117","Prairie","Prairie County","AR","Arkansas","06",1677059907,72638195
"735","05","067","00066861","0500000US05067","05067","Jackson","Jackson County","AR","Arkansas","06",1641044497,20284491
"736","05","075","00066865","0500000US05075","05075","Lawrence","Lawrence County","AR","Arkansas","06",1521690359,12395693
"737","48","269","01383920","0500000US48269","48269","King","King County","TX","Texas","06",2359150569,6396290
"738","48","345","01383958","0500000US48345","48345","Motley","Motley County","TX","Texas","06",2562963900,644140
"739","51","111","01492239","0500000US51111","51111","Lunenburg","Lunenburg County","VA","Virginia","06",1118097708,1743628
"740","51","177","01480172","0500000US51177","51177","Spotsylvania","Spotsylvania County","VA","Virginia","06",1041093159,32918176
"741","51","087","01480133","0500000US51087","51087","Henrico","Henrico County","VA","Virginia","06",605276759,28882519
"742","51","101","01480138","0500000US51101","51101","King William","King William County","VA","Virginia","06",709424848,31090165
"743","51","155","01501465","0500000US51155","51155","Pulaski","Pulaski County","VA","Virginia","06",828380598,24874335
"744","51","187","01674058","0500000US51187","51187","Warren","Warren County","VA","Virginia","06",555738446,8583334
"745","51","137","01494761","0500000US51137","51137","Orange","Orange County","VA","Virginia","06",881929772,7015339
"746","51","067","01494434","0500000US51067","51067","Franklin","Franklin County","VA","Virginia","06",1788673576,54402647
"747","51","139","01500440","0500000US51139","51139","Page","Page County","VA","Virginia","06",802941043,8378554
"748","51","127","01480150","0500000US51127","51127","New Kent","New Kent County","VA","Virginia","06",543978940,35605786
"749","51","125","01500936","0500000US51125","51125","Nelson","Nelson County","VA","Virginia","06",1219224540,8983980
"750","51","145","01674225","0500000US51145","51145","Powhatan","Powhatan County","VA","Virginia","06",673921300,5444149
"751","51","075","01674271","0500000US51075","51075","Goochland","Goochland County","VA","Virginia","06",730637052,21955885
"752","51","037","01492442","0500000US51037","51037","Charlotte","Charlotte County","VA","Virginia","06",1231010115,5809378
"753","51","063","01494354","0500000US51063","51063","Floyd","Floyd County","VA","Virginia","06",986585624,2190752
"754","51","097","01480136","0500000US51097","51097","King and Queen","King and Queen County","VA","Virginia","06",816185249,28929275
"759","54","021","01689673","0500000US54021","54021","Gilmer","Gilmer County","WV","West Virginia","06",876717620,4082112
"760","54","033","01718426","0500000US54033","54033","Harrison","Harrison County","WV","West Virginia","06",1077461980,1313215
"761","54","017","01689476","0500000US54017","54017","Doddridge","Doddridge County","WV","West Virginia","06",828078406,1950541
"762","54","085","01689049","0500000US54085","54085","Ritchie","Ritchie County","WV","West Virginia","06",1170648850,4424612
"763","54","005","01550009","0500000US54005","54005","Boone","Boone County","WV","West Virginia","06",1301131776,4307457
"764","54","093","01689423","0500000US54093","54093","Tucker","Tucker County","WV","West Virginia","06",1085313664,5310175
"765","54","087","01550050","0500000US54087","54087","Roane","Roane County","WV","West Virginia","06",1252422375,404682
"766","54","001","01696996","0500000US54001","54001","Barbour","Barbour County","WV","West Virginia","06",883338376,4639586
"767","54","013","01696945","0500000US54013","54013","Calhoun","Calhoun County","WV","West Virginia","06",723286841,3670131
"768","55","111","01581115","0500000US55111","55111","Sauk","Sauk County","WI","Wisconsin","06",2153800051,45578927
"769","55","113","01581116","0500000US55113","55113","Sawyer","Sawyer County","WI","Wisconsin","06",3257170153,239930109
"770","55","001","01581060","0500000US55001","55001","Adams","Adams County","WI","Wisconsin","06",1672216223,108348983
"771","01","003","00161527","0500000US01003","01003","Baldwin","Baldwin County","AL","Alabama","06",4117781416,1132830835
"772","01","005","00161528","0500000US01005","01005","Barbour","Barbour County","AL","Alabama","06",2292160151,50523213
"773","01","129","00161590","0500000US01129","01129","Washington","Washington County","AL","Alabama","06",2797848586,21524393
"774","01","107","00161580","0500000US01107","01107","Pickens","Pickens County","AL","Alabama","06",2282835043,22621093
"775","01","049","00161550","0500000US01049","01049","DeKalb","DeKalb County","AL","Alabama","06",2012620263,4107136
"776","21","089","00516891","0500000US21089","21089","Greenup","Greenup County","KY","Kentucky","06",892133133,25865288
"778","05","091","00069166","0500000US05091","05091","Miller","Miller County","AR","Arkansas","06",1616257232,36848741
"779","05","081","00066874","0500000US05081","05081","Little River","Little River County","AR","Arkansas","06",1375943076,83115228
"786","09","110","02830244","0500000US09110","09110","Capitol","Capitol Planning Region","CT","Connecticut","PL",2660835177,48773550
"787","12","123","00295728","0500000US12123","12123","Taylor","Taylor County","FL","Florida","06",2702230205,1213570858
"788","12","101","00295739","0500000US12101","12101","Pasco","Pasco County","FL","Florida","06",1933701535,694075138
"789","12","033","00295737","0500000US12033","12033","Escambia","Escambia County","FL","Florida","06",1701615126,1213961378
"790","12","089","00295730","0500000US12089","12089","Nassau","Nassau County","FL","Florida","06",1680075565,200050173
"791","13","039","01671316","0500000US13039","13039","Camden","Camden County","GA","Georgia","06",1632396445,392734814
"792","13","181","01688000","0500000US13181","13181","Lincoln","Lincoln County","GA","Georgia","06",544884775,121513274
"793","13","313","00353513","0500000US13313","13313","Whitfield","Whitfield County","GA","Georgia","06",752249530,1578157
"794","13","033","00347944","0500000US13033","13033","Burke","Burke County","GA","Georgia","06",2142029072,20565643
"797","17","003","00424203","0500000US17003","17003","Alexander","Alexander County","IL","Illinois","06",609667767,44639203
"798","18","123","00451682","0500000US18123","18123","Perry","Perry County","IN","Indiana","06",988702372,11837413
"801","22","051","00558027","0500000US22051","22051","Jefferson","Jefferson Parish","LA","Louisiana","15",779233472,883630908
"803","26","099","01622992","0500000US26099","26099","Macomb","Macomb County","MI","Michigan","06",1241511528,237166830
"804","26","147","01625033","0500000US26147","26147","St. Clair","St. Clair County","MI","Michigan","06",1868679901,297835534
"805","12","105","00295747","0500000US12105","12105","Polk","Polk County","FL","Florida","06",4657407162,549536500
"807","36","061","00974129","0500000US36061","36061","New York","New York County","NY","New York","06",58683879,29010416
"809","01","001","00161526","0500000US01001","01001","Autauga","Autauga County","AL","Alabama","06",1539631459,25677536
"810","01","025","00161538","0500000US01025","01025","Clarke","Clarke County","AL","Alabama","06",3207494083,36657889
"811","40","113","01101844","0500000US40113","40113","Osage","Osage County","OK","Oklahoma","06",5818878289,148530638
"812","36","059","00974128","0500000US36059","36059","Nassau","Nassau County","NY","New York","06",736965432,437285877
"813","21","095","00516894","0500000US21095","21095","Harlan","Harlan County","KY","Kentucky","06",1206493478,6014134
"814","36","111","00974153","0500000US36111","36111","Ulster","Ulster County","NY","New York","06",2911757764,94596810
"815","48","061","01383816","0500000US48061","48061","Cameron","Cameron County","TX","Texas","06",2309546780,1004825707
"817","21","127","00516910","0500000US21127","21127","Lawrence","Lawrence County","KY","Kentucky","06",1076393643,11576697
"818","22","087","01629542","0500000US22087","22087","St. Bernard","St. Bernard Parish","LA","Louisiana","15",977763283,4604190778
"819","01","047","00161549","0500000US01047","01047","Dallas","Dallas County","AL","Alabama","06",2534919602,39124772
"820","22","085","00559489","0500000US22085","22085","Sabine","Sabine Parish","LA","Louisiana","15",2244564120,375297082
"821","22","119","00559567","0500000US22119","22119","Webster","Webster Parish","LA","Louisiana","15",1536688180,55947134
"822","23","015","00581293","0500000US23015","23015","Lincoln","Lincoln County","ME","Maine","06",1180688993,631299424
"823","01","035","00161543","0500000US01035","01035","Conecuh","Conecuh County","AL","Alabama","06",2202213383,6426488
"824","24","009","01676636","0500000US24009","24009","Calvert","Calvert County","MD","Maryland","06",552158537,341580669
"825","24","043","01714220","0500000US24043","24043","Washington","Washington County","MD","Maryland","06",1185655256,24820607
"826","26","055","01622970","0500000US26055","26055","Grand Traverse","Grand Traverse County","MI","Michigan","06",1202625102,354771223
"827","26","013","01622949","0500000US26013","26013","Baraga","Baraga County","MI","Michigan","06",2326915096,441618700
"828","26","071","01622978","0500000US26071","26071","Iron","Iron County","MI","Michigan","06",3020175217,116800609
"831","28","103","00695774","0500000US28103","28103","Noxubee","Noxubee County","MS","Mississippi","06",1800451917,12487951
"832","29","143","00758526","0500000US29143","29143","New Madrid","New Madrid County","MO","Missouri","06",1747940900,56236293
"833","29","095","00758502","0500000US29095","29095","Jackson","Jackson County","MO","Missouri","06",1565698758,30621015
"834","29","157","00758533","0500000US29157","29157","Perry","Perry County","MO","Missouri","06",1228574129,25394864
"839","34","033","00882233","0500000US34033","34033","Salem","Salem County","NJ","New Jersey","06",859515221,105389623
"840","34","007","00882273","0500000US34007","34007","Camden","Camden County","NJ","New Jersey","06",573329867,15919264
"841","34","015","00882277","0500000US34015","34015","Gloucester","Gloucester County","NJ","New Jersey","06",833999181,38137129
"842","37","087","01008561","0500000US37087","37087","Haywood","Haywood County","NC","North Carolina","06",1433713850,2438478
"843","37","021","01008538","0500000US37021","37021","Buncombe","Buncombe County","NC","North Carolina","06",1700301514,8941579
"844","37","065","01008551","0500000US37065","37065","Edgecombe","Edgecombe County","NC","North Carolina","06",1309073894,3706145
"848","40","111","01101843","0500000US40111","40111","Okmulgee","Okmulgee County","OK","Oklahoma","06",1806369916,12960866
"852","42","003","01213657","0500000US42003","42003","Allegheny","Allegheny County","PA","Pennsylvania","06",1890567432,37048381
"853","42","041","01209176","0500000US42041","42041","Cumberland","Cumberland County","PA","Pennsylvania","06",1412792253,12666284
"854","42","067","01209180","0500000US42067","42067","Juniata","Juniata County","PA","Pennsylvania","06",1013697487,5502986
"855","45","075","01248014","0500000US45075","45075","Orangeburg","Orangeburg County","SC","South Carolina","06",2865509345,55697625
"856","45","067","01248010","0500000US45067","45067","Marion","Marion County","SC","South Carolina","06",1267466471,12418901
"857","45","009","01247982","0500000US45009","45009","Bamberg","Bamberg County","SC","South Carolina","06",1018815101,5686290
"861","12","045","00306917","0500000US12045","12045","Gulf","Gulf County","FL","Florida","06",1433472643,624401027
"862","12","029","00295725","0500000US12029","12029","Dixie","Dixie County","FL","Florida","06",1826030990,876346098
"863","12","129","00306912","0500000US12129","12129","Wakulla","Wakulla County","FL","Florida","06",1570615734,804111188
"864","17","097","01784796","0500000US17097","17097","Lake","Lake County","IL","Illinois","06",1149124406,2394834319
"866","05","009","00069897","0500000US05009","05009","Boone","Boone County","AR","Arkansas","06",1527375316,31797985
"875","22","107","00559509","0500000US22107","22107","Tensas","Tensas Parish","LA","Louisiana","15",1562545689,99432220
"876","22","017","00558458","0500000US22017","22017","Caddo","Caddo Parish","LA","Louisiana","15",2277984207,148927901
"877","23","027","00581299","0500000US23027","23027","Waldo","Waldo County","ME","Maine","06",1891279833,347573350
"878","23","017","00581294","0500000US23017","23017","Oxford","Oxford County","ME","Maine","06",5379296162,255883190
"879","24","025","01698178","0500000US24025","24025","Harford","Harford County","MD","Maryland","06",1132149298,231888421
"880","24","047","01668802","0500000US24047","24047","Worcester","Worcester County","MD","Maryland","06",1212887337,586800206
"881","24","003","01710958","0500000US24003","24003","Anne Arundel","Anne Arundel County","MD","Maryland","06",1074343715,448054686
"882","24","023","01711058","0500000US24023","24023","Garrett","Garrett County","MD","Maryland","06",1681102438,22498420
"883","37","029","01026335","0500000US37029","37029","Camden","Camden County","NC","North Carolina","06",622441458,181120132
"884","37","161","01008584","0500000US37161","37161","Rutherford","Rutherford County","NC","North Carolina","06",1464475268,4693780
"886","39","161","01074092","0500000US39161","39161","Van Wert","Van Wert County","OH","Ohio","06",1059692859,3287921
"889","42","111","01209188","0500000US42111","42111","Somerset","Somerset County","PA","Pennsylvania","06",2784359433,17101197
"890","42","045","01209177","0500000US42045","42045","Delaware","Delaware County","PA","Pennsylvania","06",476060047,17591834
"891","42","103","01213683","0500000US42103","42103","Pike","Pike County","PA","Pennsylvania","06",1411273944,56779544
"892","45","019","01252740","0500000US45019","45019","Charleston","Charleston County","SC","South Carolina","06",2378035235,1162309705
"893","45","003","01247979","0500000US45003","45003","Aiken","Aiken County","SC","South Carolina","06",2773033446,24559163
"894","45","021","01247987","0500000US45021","45021","Cherokee","Cherokee County","SC","South Carolina","06",1017762613,11810936
"895","45","057","01248008","0500000US45057","45057","Lancaster","Lancaster County","SC","South Carolina","06",1422354438,15699873
"896","28","109","00695777","0500000US28109","28109","Pearl River","Pearl River County","MS","Mississippi","06",2101322057,20768206
"897","29","023","00758466","0500000US29023","29023","Butler","Butler County","MO","Missouri","06",1799405245,11196956
"898","47","063","01648576","0500000US47063","47063","Hamblen","Hamblen County","TN","Tennessee","06",417476229,37852325
"899","47","187","01639801","0500000US47187","47187","Williamson","Williamson County","TN","Tennessee","06",1509732497,3011572
"900","47","117","01639771","0500000US47117","47117","Marshall","Marshall County","TN","Tennessee","06",972442312,1801922
"901","48","473","01384022","0500000US48473","48473","Waller","Waller County","TX","Texas","06",1329431907,11827973
"902","48","161","01383866","0500000US48161","48161","Freestone","Freestone County","TX","Texas","06",2273311865,36936963
"903","48","453","01384012","0500000US48453","48453","Travis","Travis County","TX","Texas","06",2575258249,79548268
"904","48","495","01384033","0500000US48495","48495","Winkler","Winkler County","TX","Texas","06",2178876165,19838
"905","48","491","01384031","0500000US48491","48491","Williamson","Williamson County","TX","Texas","06",2890030110,41534607
"906","48","423","01383997","0500000US48423","48423","Smith","Smith County","TX","Texas","06",2386635985,73132026
"907","48","461","01384016","0500000US48461","48461","Upton","Upton County","TX","Texas","06",3215010600,464309
"908","48","373","01383972","0500000US48373","48373","Polk","Polk County","TX","Texas","06",2737754336,136250537
"909","48","241","01383906","0500000US48241","48241","Jasper","Jasper County","TX","Texas","06",2431105362,80399907
"910","48","449","01384010","0500000US48449","48449","Titus","Titus County","TX","Texas","06",1052317505,50093936
"911","48","389","01383980","0500000US48389","48389","Reeves","Reeves County","TX","Texas","06",6825534317,17396672
"912","48","437","01384004","0500000US48437","48437","Swisher","Swisher County","TX","Texas","06",2305502703,27277988
"913","48","173","01383872","0500000US48173","48173","Glasscock","Glasscock County","TX","Texas","06",2331552974,2245302
"918","51","003","01675170","0500000US51003","51003","Albemarle","Albemarle County","VA","Virginia","06",1866027153,14210136
"919","51","840","01789077","0500000US51840","51840","Winchester","Winchester city","VA","Virginia","25",23809501,54462
"920","51","163","01480166","0500000US51163","51163","Rockbridge","Rockbridge County","VA","Virginia","06",1545053251,8821787
"921","54","081","01550047","0500000US54081","54081","Raleigh","Raleigh County","WV","West Virginia","06",1566859293,10394912
"922","54","083","01550048","0500000US54083","54083","Randolph","Randolph County","WV","West Virginia","06",2692810852,667359
"923","54","007","01550010","0500000US54007","54007","Braxton","Braxton County","WV","West Virginia","06",1322796522,14344826
"924","55","099","01581110","0500000US55099","55099","Price","Price County","WI","Wisconsin","06",3247992766,62094056
"933","09","140","02830249","0500000US09140","09140","Naugatuck Valley","Naugatuck Valley Planning Region","CT","Connecticut","PL",1069106360,22747873
"934","12","001","00308548","0500000US12001","12001","Alachua","Alachua County","FL","Florida","06",2267912994,241289851
"935","13","303","00348428","0500000US13303","13303","Washington","Washington County","GA","Georgia","06",1757374002,15098975
"936","13","157","00349570","0500000US13157","13157","Jackson","Jackson County","GA","Georgia","06",879812977,8784885
"937","13","309","00351278","0500000US13309","13309","Wheeler","Wheeler County","GA","Georgia","06",765314382,12377032
"938","13","171","00326713","0500000US13171","13171","Lamar","Lamar County","GA","Georgia","06",475264402,6044329
"939","13","221","00351262","0500000US13221","13221","Oglethorpe","Oglethorpe County","GA","Georgia","06",1137165329,7708032
"940","13","317","00351265","0500000US13317","13317","Wilkes","Wilkes County","GA","Georgia","06",1216008875,11889477
"941","13","079","00342918","0500000US13079","13079","Crawford","Crawford County","GA","Georgia","06",841524046,3986929
"942","13","141","00348209","0500000US13141","13141","Hancock","Hancock County","GA","Georgia","06",1220057416,17479620
"943","13","025","00351605","0500000US13025","13025","Brantley","Brantley County","GA","Georgia","06",1147972265,10291548
"945","17","175","00424288","0500000US17175","17175","Stark","Stark County","IL","Illinois","06",746189904,684784
"946","18","125","00450381","0500000US18125","18125","Pike","Pike County","IN","Indiana","06",865964081,17466144
"951","21","067","00516880","0500000US21067","21067","Fayette","Fayette County","KY","Kentucky","06",735179656,4436384
"952","21","049","00516871","0500000US21049","21049","Clark","Clark County","KY","Kentucky","06",653924827,6943411
"953","21","051","00516872","0500000US21051","21051","Clay","Clay County","KY","Kentucky","06",1215470276,4754889
"954","21","043","00516868","0500000US21043","21043","Carter","Carter County","KY","Kentucky","06",1060593553,6782466
"955","21","229","00516961","0500000US21229","21229","Washington","Washington County","KY","Kentucky","06",769962860,10138826
"956","21","033","00516863","0500000US21033","21033","Caldwell","Caldwell County","KY","Kentucky","06",893117876,8584485
"957","22","099","01629486","0500000US22099","22099","St. Martin","St. Martin Parish","LA","Louisiana","15",1910243674,205089900
"958","22","063","00558083","0500000US22063","22063","Livingston","Livingston Parish","LA","Louisiana","15",1678652696,112175420
"959","22","033","00558530","0500000US22033","22033","East Baton Rouge","East Baton Rouge Parish","LA","Louisiana","15",1179744885,38443657
"960","22","059","00558049","0500000US22059","22059","LaSalle","LaSalle Parish","LA","Louisiana","15",1618363238,97655624
"961","22","021","00558477","0500000US22021","22021","Caldwell","Caldwell Parish","LA","Louisiana","15",1372098436,29104196
"962","25","015","00606934","0500000US25015","25015","Hampshire","Hampshire County","MA","Massachusetts","06",1365533874,46625894
"963","26","079","01622982","0500000US26079","26079","Kalkaska","Kalkaska County","MI","Michigan","06",1449729129,28020186
"966","28","049","00695748","0500000US28049","28049","Hinds","Hinds County","MS","Mississippi","06",2252888305,19259532
"967","28","053","00695750","0500000US28053","28053","Humphreys","Humphreys County","MS","Mississippi","06",1084375633,32514314
"968","29","195","00758550","0500000US29195","29195","Saline","Saline County","MO","Missouri","06",1956761954,29542462
"969","29","169","00758539","0500000US29169","29169","Pulaski","Pulaski County","MO","Missouri","06",1417014585,11312724
"976","36","077","00974137","0500000US36077","36077","Otsego","Otsego County","NY","New York","06",2594488424,36312826
"977","36","067","00974132","0500000US36067","36067","Onondaga","Onondaga County","NY","New York","06",2016027798,70512842
"978","28","007","00695728","0500000US28007","28007","Attala","Attala County","MS","Mississippi","06",1903529295,4425860
"979","28","029","00695739","0500000US28029","28029","Copiah","Copiah County","MS","Mississippi","06",2013158772,5644780
"980","29","015","00758462","0500000US29015","29015","Benton","Benton County","MO","Missouri","06",1823437752,125605711
"981","29","041","00758475","0500000US29041","29041","Chariton","Chariton County","MO","Missouri","06",1945541994,40353307
"985","51","041","01480111","0500000US51041","51041","Chesterfield","Chesterfield County","VA","Virginia","06",1096874572,34967237
"986","51","005","01673675","0500000US51005","51005","Alleghany","Alleghany County","VA","Virginia","06",1156616595,8162743
"987","51","017","01673638","0500000US51017","51017","Bath","Bath County","VA","Virginia","06",1370626044,14039993
"989","13","307","00352287","0500000US13307","13307","Webster","Webster County","GA","Georgia","06",543010089,2338844
"991","01","097","00161575","0500000US01097","01097","Mobile","Mobile County","AL","Alabama","06",3184078558,1073996733
"994","13","127","01671513","0500000US13127","13127","Glynn","Glynn County","GA","Georgia","06",1086818208,429140130
"995","01","115","00164997","0500000US01115","01115","St. Clair","St. Clair County","AL","Alabama","06",1635862395,56329029
"996","18","061","00451677","0500000US18061","18061","Harrison","Harrison County","IN","Indiana","06",1253763067,5276999
"997","22","105","00559500","0500000US22105","22105","Tangipahoa","Tangipahoa Parish","LA","Louisiana","15",2049146775,136668419
"999","36","013","00974105","0500000US36013","36013","Chautauqua","Chautauqua County","NY","New York","06",2746450221,1139029655
"1001","23","013","00581292","0500000US23013","23013","Knox","Knox County","ME","Maine","06",945086114,1987492766
"1002","24","013","01696228","0500000US24013","24013","Carroll","Carroll County","MD","Maryland","06",1159317311,13111616
"1003","21","093","00516893","0500000US21093","21093","Hardin","Hardin County","KY","Kentucky","06",1615903549,16111849
"1005","34","011","00882275","0500000US34011","34011","Cumberland","Cumberland County","NJ","New Jersey","06",1251948171,503663195
"1006","34","021","00882229","0500000US34021","34021","Mercer","Mercer County","NJ","New Jersey","06",581404579,11327997
"1007","39","123","01074074","0500000US39123","39123","Ottawa","Ottawa County","OH","Ohio","06",659675100,855668003
"1011","45","069","01248011","0500000US45069","45069","Marlboro","Marlboro County","SC","South Carolina","06",1242867250,14489019
"1014","33","009","00873178","0500000US33009","33009","Grafton","Grafton County","NH","New Hampshire","06",4425249955,106463890
"1017","36","009","00974103","0500000US36009","36009","Cattaraugus","Cattaraugus County","NY","New York","06",3388177068,36783591
"1018","36","105","00974150","0500000US36105","36105","Sullivan","Sullivan County","NY","New York","06",2507484144,73737482
"1019","17","043","00422191","0500000US17043","17043","DuPage","DuPage County","IL","Illinois","06",849119520,22123209
"1021","18","083","00450366","0500000US18083","18083","Knox","Knox County","IN","Indiana","06",1335995220,20908206
"1023","12","095","00295750","0500000US12095","12095","Orange","Orange County","FL","Florida","06",2338842795,260043058
"1024","26","089","01622987","0500000US26089","26089","Leelanau","Leelanau County","MI","Michigan","06",899244064,5659103150
"1026","01","055","00161553","0500000US01055","01055","Etowah","Etowah County","AL","Alabama","06",1386015447,34924289
"1027","36","065","00974131","0500000US36065","36065","Oneida","Oneida County","NY","New York","06",3140211189,117357244
"1028","21","101","00516897","0500000US21101","21101","Henderson","Henderson County","KY","Kentucky","06",1130168819,75607019
"1029","21","195","00516944","0500000US21195","21195","Pike","Pike County","KY","Kentucky","06",2036305634,6073018
"1030","48","361","01383966","0500000US48361","48361","Orange","Orange County","TX","Texas","06",864524878,118336455
"1031","01","109","00161581","0500000US01109","01109","Pike","Pike County","AL","Alabama","06",1740645368,2339145
"1034","21","029","00516861","0500000US21029","21029","Bullitt","Bullitt County","KY","Kentucky","06",769445708,8235855
"1035","21","155","00516921","0500000US21155","21155","Marion","Marion County","KY","Kentucky","06",889793042,8563275
"1036","21","121","00516907","0500000US21121","21121","Knox","Knox County","KY","Kentucky","06",1000591254,3676007
"1037","21","005","00516849","0500000US21005","21005","Anderson","Anderson County","KY","Kentucky","06",523850042,5244533
"1038","21","099","00516896","0500000US21099","21099","Hart","Hart County","KY","Kentucky","06",1068809187,13410821
"1039","47","163","01639793","0500000US47163","47163","Sullivan","Sullivan County","TN","Tennessee","06",1071072982,41861227
"1040","47","091","01639760","0500000US47091","47091","Johnson","Johnson County","TN","Tennessee","06",772956196,11007739
"1041","48","167","01383869","0500000US48167","48167","Galveston","Galveston County","TX","Texas","06",982674728,1280831813
"1042","48","007","01383789","0500000US48007","48007","Aransas","Aransas County","TX","Texas","06",652854899,714540288
"1043","48","465","01384018","0500000US48465","48465","Val Verde","Val Verde County","TX","Texas","06",8144863963,227711025
"1044","48","403","01383987","0500000US48403","48403","Sabine","Sabine County","TX","Texas","06",1273523419,219936062
"1045","48","315","01383940","0500000US48315","48315","Marion","Marion County","TX","Texas","06",986530317,102099491
"1047","51","153","01480161","0500000US51153","51153","Prince William","Prince William County","VA","Virginia","06",868307139,30896246
"1048","51","171","01673918","0500000US51171","51171","Shenandoah","Shenandoah County","VA","Virginia","06",1315922187,9714047
"1054","54","011","01550012","0500000US54011","54011","Cabell","Cabell County","WV","West Virginia","06",727849919,18110076
"1055","54","073","01678557","0500000US54073","54073","Pleasants","Pleasants County","WV","West Virginia","06",337007571,11468023
"1056","05","103","00069170","0500000US05103","05103","Ouachita","Ouachita County","AR","Arkansas","06",1897739679,18183261
"1057","05","061","00066872","0500000US05061","05061","Howard","Howard County","AR","Arkansas","06",1521182023,21361761
"1058","05","013","00063758","0500000US05013","05013","Calhoun","Calhoun County","AR","Arkansas","06",1628067844,9887802
"1059","05","095","00069167","0500000US05095","05095","Monroe","Monroe County","AR","Arkansas","06",1573316559,35707672
"1064","13","067","01686112","0500000US13067","13067","Cobb","Cobb County","GA","Georgia","06",879793162,12036674
"1065","13","029","00350496","0500000US13029","13029","Bryan","Bryan County","GA","Georgia","06",1133284239,43751265
"1066","13","113","01687740","0500000US13113","13113","Fayette","Fayette County","GA","Georgia","06",504256682,12780875
"1067","13","217","01673547","0500000US13217","13217","Newton","Newton County","GA","Georgia","06",709175872,13946237
"1068","13","319","00346824","0500000US13319","13319","Wilkinson","Wilkinson County","GA","Georgia","06",1163481422,7063256
"1069","13","107","00347508","0500000US13107","13107","Emanuel","Emanuel County","GA","Georgia","06",1762679432,24889123
"1071","17","017","00424210","0500000US17017","17017","Cass","Cass County","IL","Illinois","06",973198195,20569928
"1072","17","129","00424266","0500000US17129","17129","Menard","Menard County","IL","Illinois","06",814269348,2640418
"1074","37","101","01026327","0500000US37101","37101","Johnston","Johnston County","NC","North Carolina","06",2051314542,9406181
"1075","37","079","01008557","0500000US37079","37079","Greene","Greene County","NC","North Carolina","06",690838975,1229492
"1076","37","057","01008548","0500000US37057","37057","Davidson","Davidson County","NC","North Carolina","06",1432251776,37596316
"1077","37","123","01008572","0500000US37123","37123","Montgomery","Montgomery County","NC","North Carolina","06",1273075626,25886753
"1078","37","199","01008598","0500000US37199","37199","Yancey","Yancey County","NC","North Carolina","06",809610024,1524558
"1080","47","021","01639731","0500000US47021","47021","Cheatham","Cheatham County","TN","Tennessee","06",783466439,11821692
"1081","48","257","01383914","0500000US48257","48257","Kaufman","Kaufman County","TX","Texas","06",2022025387,69426826
"1082","48","277","01383925","0500000US48277","48277","Lamar","Lamar County","TX","Texas","06",2349977855,66747501
"1083","48","005","01383788","0500000US48005","48005","Angelina","Angelina County","TX","Texas","06",2066462047,173298854
"1084","48","507","01384039","0500000US48507","48507","Zavala","Zavala County","TX","Texas","06",3360268878,11208707
"1085","48","401","01383986","0500000US48401","48401","Rusk","Rusk County","TX","Texas","06",2393663216,37217198
"1086","48","003","01383787","0500000US48003","48003","Andrews","Andrews County","TX","Texas","06",3886758050,1049250
"1087","48","395","01383983","0500000US48395","48395","Robertson","Robertson County","TX","Texas","06",2214840334,27332985
"1088","48","371","01383971","0500000US48371","48371","Pecos","Pecos County","TX","Texas","06",12338274936,2532275
"1089","48","051","01383811","0500000US48051","48051","Burleson","Burleson County","TX","Texas","06",1707015415,46043534
"1090","48","239","01383905","0500000US48239","48239","Jackson","Jackson County","TX","Texas","06",2148246693,71039573
"1091","40","117","01101846","0500000US40117","40117","Pawnee","Pawnee County","OK","Oklahoma","06",1472027961,68849518
"1092","40","027","01101801","0500000US40027","40027","Cleveland","Cleveland County","OK","Oklahoma","06",1395764796,49209650
"1093","40","077","01101826","0500000US40077","40077","Latimer","Latimer County","OK","Oklahoma","06",1870264427,18222341
"1094","42","099","01213682","0500000US42099","42099","Perry","Perry County","PA","Pennsylvania","06",1428247559,10591172
"1095","45","077","01248015","0500000US45077","45077","Pickens","Pickens County","SC","South Carolina","06",1287059791,40968135
"1096","45","059","01248009","0500000US45059","45059","Laurens","Laurens County","SC","South Carolina","06",1846327197,26061191
"1097","45","085","01244717","0500000US45085","45085","Sumter","Sumter County","SC","South Carolina","06",1722544866,44046815
"1098","45","061","01245652","0500000US45061","45061","Lee","Lee County","SC","South Carolina","06",1062378291,2709092
"1101","47","149","01639787","0500000US47149","47149","Rutherford","Rutherford County","TN","Tennessee","06",1603892843,12406556
"1102","22","123","00559578","0500000US22123","22123","West Carroll","West Carroll Parish","LA","Louisiana","15",931582171,2386489
"1103","23","023","00581297","0500000US23023","23023","Sagadahoc","Sagadahoc County","ME","Maine","06",657801805,300571247
"1104","28","137","00695789","0500000US28137","28137","Tate","Tate County","MS","Mississippi","06",1048332525,16090911
"1105","28","161","00695801","0500000US28161","28161","Yalobusha","Yalobusha County","MS","Mississippi","06",1209914676,72140595
"1106","48","351","01383961","0500000US48351","48351","Newton","Newton County","TX","Texas","06",2418212546,15672146
"1107","51","001","01480091","0500000US51001","51001","Accomack","Accomack County","VA","Virginia","06",1163688510,2229297380
"1110","55","007","01581063","0500000US55007","55007","Bayfield","Bayfield County","WI","Wisconsin","06",3827694390,1460283600
"1112","12","093","00295760","0500000US12093","12093","Okeechobee","Okeechobee County","FL","Florida","06",1992442653,317924584
"1113","13","031","00350302","0500000US13031","13031","Bulloch","Bulloch County","GA","Georgia","06",1750735216,32827781
"1114","13","183","00326719","0500000US13183","13183","Long","Long County","GA","Georgia","06",1037028629,8862019
"1115","17","155","00424279","0500000US17155","17155","Putnam","Putnam County","IL","Illinois","06",414649975,31194384
"1116","47","145","01639785","0500000US47145","47145","Roane","Roane County","TN","Tennessee","06",934385981,88599487
"1117","47","097","01639763","0500000US47097","47097","Lauderdale","Lauderdale County","TN","Tennessee","06",1222203226,80251266
"1118","48","103","01383837","0500000US48103","48103","Crane","Crane County","TX","Texas","06",2033319685,1695980
"1119","48","237","01383904","0500000US48237","48237","Jack","Jack County","TX","Texas","06",2359405672,23704614
"1120","48","327","01383949","0500000US48327","48327","Menard","Menard County","TX","Texas","06",2336237980,613559
"1121","45","041","01248001","0500000US45041","45041","Florence","Florence County","SC","South Carolina","06",2073307058,9759348
"1122","21","131","00516912","0500000US21131","21131","Leslie","Leslie County","KY","Kentucky","06",1038270184,9125309
"1123","22","047","00558582","0500000US22047","22047","Iberville","Iberville Parish","LA","Louisiana","15",1598734777,92400695
"1125","39","003","01074015","0500000US39003","39003","Allen","Allen County","OH","Ohio","06",1042587391,11152061
"1127","45","015","01247985","0500000US45015","45015","Berkeley","Berkeley County","SC","South Carolina","06",2858335682,339019658
"1128","48","053","01383812","0500000US48053","48053","Burnet","Burnet County","TX","Texas","06",2576613155,69768878
"1129","48","463","01384017","0500000US48463","48463","Uvalde","Uvalde County","TX","Texas","06",4019458732,17382915
"1130","48","311","01383947","0500000US48311","48311","McMullen","McMullen County","TX","Texas","06",2952066567,43985124
"1131","51","085","01480132","0500000US51085","51085","Hanover","Hanover County","VA","Virginia","06",1211009692,12701674
"1132","51","047","01497831","0500000US51047","51047","Culpeper","Culpeper County","VA","Virginia","06",982069270,9012539
"1133","10","001","00217271","0500000US10001","10001","Kent","Kent County","DE","Delaware","06",1517891096,549776917
"1134","13","179","00357095","0500000US13179","13179","Liberty","Liberty County","GA","Georgia","06",1337632044,222884796
"1137","39","021","01074023","0500000US39021","39021","Champaign","Champaign County","OH","Ohio","06",1111045220,2180178
"1138","24","045","01668606","0500000US24045","24045","Wicomico","Wicomico County","MD","Maryland","06",969761875,66769937
"1139","37","165","01008585","0500000US37165","37165","Scotland","Scotland County","NC","North Carolina","06",826569986,3842049
"1141","45","043","01248002","0500000US45043","45043","Georgetown","Georgetown County","SC","South Carolina","06",2107383729,550477433
"1142","26","007","01622946","0500000US26007","26007","Alpena","Alpena County","MI","Michigan","06",1481211410,2908626983
"1144","36","025","00974111","0500000US36025","36025","Delaware","Delaware County","NY","New York","06",3736306657,64163829
"1149","01","009","00161530","0500000US01009","01009","Blount","Blount County","AL","Alabama","06",1670259099,14860281
"1150","21","059","00516876","0500000US21059","21059","Daviess","Daviess County","KY","Kentucky","06",1187244307,46809288
"1151","48","187","01383879","0500000US48187","48187","Guadalupe","Guadalupe County","TX","Texas","06",1842133774,9159633
"1152","22","041","00558557","0500000US22041","22041","Franklin","Franklin Parish","LA","Louisiana","15",1616925546,28050179
"1153","22","127","00559594","0500000US22127","22127","Winn","Winn Parish","LA","Louisiana","15",2460497668,17449604
"1154","28","119","00695780","0500000US28119","28119","Quitman","Quitman County","MS","Mississippi","06",1048975539,3676001
"1157","51","029","01501502","0500000US51029","51029","Buckingham","Buckingham County","VA","Virginia","06",1501215443,9911855
"1158","51","147","01492359","0500000US51147","51147","Prince Edward","Prince Edward County","VA","Virginia","06",906356801,10079281
"1159","51","031","01674917","0500000US51031","51031","Campbell","Campbell County","VA","Virginia","06",1303430816,8887974
"1160","54","019","01560095","0500000US54019","54019","Fayette","Fayette County","WV","West Virginia","06",1714459787,17468298
"1161","54","043","01550028","0500000US54043","54043","Lincoln","Lincoln County","WV","West Virginia","06",1132065762,4053564
"1163","01","119","00161585","0500000US01119","01119","Sumter","Sumter County","AL","Alabama","06",2340898912,24634886
"1164","05","107","00069172","0500000US05107","05107","Phillips","Phillips County","AR","Arkansas","06",1788024156,95966883
"1167","13","191","00356886","0500000US13191","13191","McIntosh","McIntosh County","GA","Georgia","06",1117184399,369182273
"1168","13","215","00357428","0500000US13215","13215","Muscogee","Muscogee County","GA","Georgia","06",560731677,11683932
"1170","22","005","00558403","0500000US22005","22005","Ascension","Ascension Parish","LA","Louisiana","15",751104015,32882679
"1171","01","051","00161551","0500000US01051","01051","Elmore","Elmore County","AL","Alabama","06",1601959016,99767744
"1173","22","065","00558088","0500000US22065","22065","Madison","Madison Parish","LA","Louisiana","15",1615854948,68460376
"1174","24","031","01712500","0500000US24031","24031","Montgomery","Montgomery County","MD","Maryland","06",1277238908,35640935
"1175","28","149","00695795","0500000US28149","28149","Warren","Warren County","MS","Mississippi","06",1524302185,77744204
"1176","37","013","01026333","0500000US37013","37013","Beaufort","Beaufort County","NC","North Carolina","06",2156776424,336988229
"1178","48","203","01383887","0500000US48203","48203","Harrison","Harrison County","TX","Texas","06",2331141024,40649337
"1180","48","391","01383981","0500000US48391","48391","Refugio","Refugio County","TX","Texas","06",1995545557,123688759
"1182","51","057","01480118","0500000US51057","51057","Essex","Essex County","VA","Virginia","06",666543883,74795386
"1183","54","071","01550042","0500000US54071","54071","Pendleton","Pendleton County","WV","West Virginia","06",1802760302,5428393
"1185","13","089","01687424","0500000US13089","13089","DeKalb","DeKalb County","GA","Georgia","06",693251647,8848778
"1186","13","123","00351260","0500000US13123","13123","Gilmer","Gilmer County","GA","Georgia","06",1103804462,12337139
"1187","13","075","00343878","0500000US13075","13075","Cook","Cook County","GA","Georgia","06",591694198,12298660
"1189","21","017","00516855","0500000US21017","21017","Bourbon","Bourbon County","KY","Kentucky","06",750448654,4820688
"1190","21","069","00516881","0500000US21069","21069","Fleming","Fleming County","KY","Kentucky","06",903057248,6844691
"1191","48","057","01383814","0500000US48057","48057","Calhoun","Calhoun County","TX","Texas","06",1312947260,1361644522
"1192","51","195","01496656","0500000US51195","51195","Wise","Wise County","VA","Virginia","06",1044913732,5238468
"1194","05","001","00063755","0500000US05001","05001","Arkansas","Arkansas County","AR","Arkansas","06",2569631426,120698186
"1195","05","147","00069907","0500000US05147","05147","Woodruff","Woodruff County","AR","Arkansas","06",1517662707,21064563
"1197","12","107","00306910","0500000US12107","12107","Putnam","Putnam County","FL","Florida","06",1886526604,255188745
"1198","13","189","00348794","0500000US13189","13189","McDuffie","McDuffie County","GA","Georgia","06",666608438,23095606
"1199","13","269","00344156","0500000US13269","13269","Taylor","Taylor County","GA","Georgia","06",975613073,7801539
"1202","21","007","00516850","0500000US21007","21007","Ballard","Ballard County","KY","Kentucky","06",639972655,69636340
"1203","22","055","00558059","0500000US22055","22055","Lafayette","Lafayette Parish","LA","Louisiana","15",696257609,1149127
"1204","26","119","01623002","0500000US26119","26119","Montmorency","Montmorency County","MI","Michigan","06",1415881030,41352700
"1205","29","029","00758469","0500000US29029","29029","Camden","Camden County","MO","Missouri","06",1699124112,136304761
"1207","37","147","01008578","0500000US37147","37147","Pitt","Pitt County","NC","North Carolina","06",1689620170,8247778
"1208","37","099","01008566","0500000US37099","37099","Jackson","Jackson County","NC","North Carolina","06",1271968586,9746824
"1211","42","005","01213658","0500000US42005","42005","Armstrong","Armstrong County","PA","Pennsylvania","06",1692093660,27586719
"1212","47","005","01639724","0500000US47005","47005","Benton","Benton County","TN","Tennessee","06",1021248369,108583505
"1213","48","133","01383852","0500000US48133","48133","Eastland","Eastland County","TX","Texas","06",2399644791,14002299
"1214","48","155","01383863","0500000US48155","48155","Foard","Foard County","TX","Texas","06",1824378631,8514741
"1215","51","149","01480160","0500000US51149","51149","Prince George","Prince George County","VA","Virginia","06",687232241,42745198
"1216","54","045","01550029","0500000US54045","54045","Logan","Logan County","WV","West Virginia","06",1173016680,4686506
"1219","13","103","00350219","0500000US13103","13103","Effingham","Effingham County","GA","Georgia","06",1240163625,10550420
"1223","22","101","01629492","0500000US22101","22101","St. Mary","St. Mary Parish","LA","Louisiana","15",1446581820,1453489232
"1224","22","037","00558542","0500000US22037","22037","East Feliciana","East Feliciana Parish","LA","Louisiana","15",1174022930,6150607
"1225","24","035","00596089","0500000US24035","24035","Queen Anne's","Queen Anne's County","MD","Maryland","06",962618588,360075353
"1226","37","095","01008564","0500000US37095","37095","Hyde","Hyde County","NC","North Carolina","06",1585958032,2192938302
"1227","37","173","01008588","0500000US37173","37173","Swain","Swain County","NC","North Carolina","06",1366790479,32429134
"1229","42","101","01209187","0500000US42101","42101","Philadelphia","Philadelphia County","PA","Pennsylvania","06",347900747,20969567
"1230","26","029","01622957","0500000US26029","26029","Charlevoix","Charlevoix County","MI","Michigan","06",1078288791,2522931117
"1231","29","031","00758470","0500000US29031","29031","Cape Girardeau","Cape Girardeau County","MO","Missouri","06",1498351218,20284964
"1233","33","007","00873177","0500000US33007","33007","Coos","Coos County","NH","New Hampshire","06",4647924493,92541532
"1235","17","185","00424293","0500000US17185","17185","Wabash","Wabash County","IL","Illinois","06",578403995,10973569
"1236","26","063","01622974","0500000US26063","26063","Huron","Huron County","MI","Michigan","06",2165276749,3369017439
"1238","36","103","00974149","0500000US36103","36103","Suffolk","Suffolk County","NY","New York","06",2359306969,3787388317
"1240","18","145","00450387","0500000US18145","18145","Shelby","Shelby County","IN","Indiana","06",1064838382,4195717
"1242","21","125","00516909","0500000US21125","21125","Laurel","Laurel County","KY","Kentucky","06",1123286185,25873416
"1244","51","790","01789075","0500000US51790","51790","Staunton","Staunton city","VA","Virginia","25",51593818,147694
"1247","12","039","00306918","0500000US12039","12039","Gadsden","Gadsden County","FL","Florida","06",1337405282,31475262
"1248","17","031","01784766","0500000US17031","17031","Cook","Cook County","IL","Illinois","06",2447340897,1786343601
"1250","23","025","00581298","0500000US23025","23025","Somerset","Somerset County","ME","Maine","06",10163811939,437942553
"1251","37","031","01026337","0500000US37031","37031","Carteret","Carteret County","NC","North Carolina","06",1314694122,2131056469
"1252","39","095","01074060","0500000US39095","39095","Lucas","Lucas County","OH","Ohio","06",879721719,663490659
"1254","25","011","00606932","0500000US25011","25011","Franklin","Franklin County","MA","Massachusetts","06",1810943461,65594687
"1255","01","063","00161557","0500000US01063","01063","Greene","Greene County","AL","Alabama","06",1675782053,33416143
"1260","01","117","00161584","0500000US01117","01117","Shelby","Shelby County","AL","Alabama","06",2034316795,62251115
"1261","47","037","01639737","0500000US47037","47037","Davidson","Davidson County","TN","Tennessee","06",1304009580,56414158
"1262","18","107","00450374","0500000US18107","18107","Montgomery","Montgomery County","IN","Indiana","06",1307042310,2055936
"1264","21","205","00516949","0500000US21205","21205","Rowan","Rowan County","KY","Kentucky","06",724888657,16537402
"1265","51","119","01480147","0500000US51119","51119","Middlesex","Middlesex County","VA","Virginia","06",337554146,208310589
"1266","51","199","01480182","0500000US51199","51199","York","York County","VA","Virginia","06",271175182,285635878
"1268","55","029","01581074","0500000US55029","55029","Door","Door County","WI","Wisconsin","06",1248209716,4890672315
"1269","55","037","01581078","0500000US55037","55037","Florence","Florence County","WI","Wisconsin","06",1263976516,24111637
"1271","13","139","01686953","0500000US13139","13139","Hall","Hall County","GA","Georgia","06",1016489905,93647786
"1273","17","035","00424219","0500000US17035","17035","Cumberland","Cumberland County","IL","Illinois","06",895989980,2538006
"1274","37","153","01008581","0500000US37153","37153","Richmond","Richmond County","NC","North Carolina","06",1226849527,15575098
"1275","37","103","01026338","0500000US37103","37103","Jones","Jones County","NC","North Carolina","06",1220836956,6031825
"1276","48","073","01383822","0500000US48073","48073","Cherokee","Cherokee County","TX","Texas","06",2727137884,23876781
"1277","48","063","01383817","0500000US48063","48063","Camp","Camp County","TX","Texas","06",507242364,19129375
"1279","21","151","00516919","0500000US21151","21151","Madison","Madison County","KY","Kentucky","06",1134244276,13785578
"1280","45","029","01247991","0500000US45029","45029","Colleton","Colleton County","SC","South Carolina","06",2736217578,196986795
"1281","47","151","01639788","0500000US47151","47151","Scott","Scott County","TN","Tennessee","06",1378652175,2418741
"1282","48","141","01383855","0500000US48141","48141","El Paso","El Paso County","TX","Texas","06",2625018848,4548525
"1283","51","091","01673774","0500000US51091","51091","Highland","Highland County","VA","Virginia","06",1075266903,1791758
"1284","51","165","01488970","0500000US51165","51165","Rockingham","Rockingham County","VA","Virginia","06",2200961635,10639220
"1287","13","135","01688166","0500000US13135","13135","Gwinnett","Gwinnett County","GA","Georgia","06",1116612133,15692560
"1288","13","077","00326666","0500000US13077","13077","Coweta","Coweta County","GA","Georgia","06",1142174889,12675178
"1289","13","271","00356958","0500000US13271","13271","Telfair","Telfair County","GA","Georgia","06",1132621092,17356399
"1290","13","283","00347505","0500000US13283","13283","Treutlen","Treutlen County","GA","Georgia","06",516524094,7810908
"1293","34","013","00882276","0500000US34013","34013","Essex","Essex County","NJ","New Jersey","06",326552231,8653266
"1294","36","043","00974120","0500000US36043","36043","Herkimer","Herkimer County","NY","New York","06",3653400323,120358452
"1295","37","017","01026336","0500000US37017","37017","Bladen","Bladen County","NC","North Carolina","06",2266124566,33022256
"1297","48","001","01383786","0500000US48001","48001","Anderson","Anderson County","TX","Texas","06",2752164823,39845046
"1298","48","199","01383885","0500000US48199","48199","Hardin","Hardin County","TX","Texas","06",2306583500,17999226
"1299","48","243","01383907","0500000US48243","48243","Jeff Davis","Jeff Davis County","TX","Texas","06",5865172239,206206
"1300","45","035","01247998","0500000US45035","45035","Dorchester","Dorchester County","SC","South Carolina","06",1472130993,6775985
"1302","21","065","00516879","0500000US21065","21065","Estill","Estill County","KY","Kentucky","06",655477008,6549172
"1303","22","079","00559460","0500000US22079","22079","Rapides","Rapides Parish","LA","Louisiana","15",3429428124,96893609
"1304","23","007","00581289","0500000US23007","23007","Franklin","Franklin County","ME","Maine","06",4395226705,121284631
"1306","28","121","00695781","0500000US28121","28121","Rankin","Rankin County","MS","Mississippi","06",2008531642,79220514
"1308","40","013","01101794","0500000US40013","40013","Bryan","Bryan County","OK","Oklahoma","06",2342251263,101807807
"1309","51","105","01496538","0500000US51105","51105","Lee","Lee County","VA","Virginia","06",1127622847,4896591
"1310","05","069","00066862","0500000US05069","05069","Jefferson","Jefferson County","AR","Arkansas","06",2259364694,113071690
"1311","51","053","01690739","0500000US51053","51053","Dinwiddie","Dinwiddie County","VA","Virginia","06",1304903542,8988308
"1312","51","830","01789076","0500000US51830","51830","Williamsburg","Williamsburg city","VA","Virginia","25",23149768,416905
"1313","54","075","01550044","0500000US54075","54075","Pocahontas","Pocahontas County","WV","West Virginia","06",2435206744,4094092
"1314","05","093","00069899","0500000US05093","05093","Mississippi","Mississippi County","AR","Arkansas","06",2336409875,72224609
"1315","45","063","01244251","0500000US45063","45063","Lexington","Lexington County","SC","South Carolina","06",1809330225,151711176
"1317","33","015","00873181","0500000US33015","33015","Rockingham","Rockingham County","NH","New Hampshire","06",1801152748,258528921
"1319","45","031","01247992","0500000US45031","45031","Darlington","Darlington County","SC","South Carolina","06",1452022412,14563160
"1320","13","251","00350204","0500000US13251","13251","Screven","Screven County","GA","Georgia","06",1672668619,26023811
"1321","05","145","00069906","0500000US05145","05145","White","White County","AR","Arkansas","06",2677959079,20840622
"1322","29","069","00758489","0500000US29069","29069","Dunklin","Dunklin County","MO","Missouri","06",1403538813,13708531
"1323","48","329","01383950","0500000US48329","48329","Midland","Midland County","TX","Texas","06",2331915322,4252951
"1324","51","167","01497573","0500000US51167","51167","Russell","Russell County","VA","Virginia","06",1226421372,7558481
"1325","12","055","00295756","0500000US12055","12055","Highlands","Highlands County","FL","Florida","06",2635737491,230656943
"1326","18","183","00450369","0500000US18183","18183","Whitley","Whitley County","IN","Indiana","06",869256022,6074674
"1327","21","197","00516945","0500000US21197","21197","Powell","Powell County","KY","Kentucky","06",463508964,3003167
"1328","22","053","00558039","0500000US22053","22053","Jefferson Davis","Jefferson Davis Parish","LA","Louisiana","15",1687430142,18666917
"1329","51","117","01500747","0500000US51117","51117","Mecklenburg","Mecklenburg County","VA","Virginia","06",1619544369,139655803
"1331","21","071","00516882","0500000US21071","21071","Floyd","Floyd County","KY","Kentucky","06",1018643078,6228697
"1332","48","323","01383944","0500000US48323","48323","Maverick","Maverick County","TX","Texas","06",3313828190,31862966
"1333","12","133","00295762","0500000US12133","12133","Washington","Washington County","FL","Florida","06",1514305979,81008171
"1334","37","111","01025836","0500000US37111","37111","McDowell","McDowell County","NC","North Carolina","06",1139476684,13977729
"1335","48","503","01384037","0500000US48503","48503","Young","Young County","TX","Texas","06",2368539758,42371869
"1338","12","017","00295752","0500000US12017","12017","Citrus","Citrus County","FL","Florida","06",1507201245,981107661
"1339","13","137","00351383","0500000US13137","13137","Habersham","Habersham County","GA","Georgia","06",717081397,5672376
"1340","01","085","00161568","0500000US01085","01085","Lowndes","Lowndes County","AL","Alabama","06",1854651875,23271196
"1341","22","113","00559538","0500000US22113","22113","Vermilion","Vermilion Parish","LA","Louisiana","15",3035607248,932171852
"1342","25","023","00606938","0500000US25023","25023","Plymouth","Plymouth County","MA","Massachusetts","06",1705513086,1126113558
"1344","29","189","00758549","0500000US29189","29189","St. Louis","St. Louis County","MO","Missouri","06",1315699964,39811029
"1346","37","139","01026330","0500000US37139","37139","Pasquotank","Pasquotank County","NC","North Carolina","06",587610261,161751355
"1347","42","055","01213670","0500000US42055","42055","Franklin","Franklin County","PA","Pennsylvania","06",2000193445,1553435
"1348","48","043","01383807","0500000US48043","48043","Brewster","Brewster County","TX","Texas","06",16015872747,22061017
"1350","55","043","01581081","0500000US55043","55043","Grant","Grant County","WI","Wisconsin","06",2972281305,92642517
"1351","05","023","00066983","0500000US05023","05023","Cleburne","Cleburne County","AR","Arkansas","06",1434747668,98885396
"1352","13","019","00326638","0500000US13019","13019","Berrien","Berrien County","GA","Georgia","06",1174239572,11671125
"1353","18","051","00450354","0500000US18051","18051","Gibson","Gibson County","IN","Indiana","06",1262302952,30891646
"1354","21","177","00516935","0500000US21177","21177","Muhlenberg","Muhlenberg County","KY","Kentucky","06",1210250704,31389301
"1355","22","097","01629479","0500000US22097","22097","St. Landry","St. Landry Parish","LA","Louisiana","15",2391536698,40700812
"1356","23","021","00581296","0500000US23021","23021","Piscataquis","Piscataquis County","ME","Maine","06",10258545867,1080517302
"1359","37","023","01008539","0500000US37023","37023","Burke","Burke County","NC","North Carolina","06",1311146878,20719897
"1361","42","097","01209186","0500000US42097","42097","Northumberland","Northumberland County","PA","Pennsylvania","06",1185380639,50638539
"1362","47","035","01639736","0500000US47035","47035","Cumberland","Cumberland County","TN","Tennessee","06",1764581460,9092132
"1363","48","333","01383952","0500000US48333","48333","Mills","Mills County","TX","Texas","06",1937892797,4023558
"1364","01","061","00161556","0500000US01061","01061","Geneva","Geneva County","AL","Alabama","06",1487908415,11567411
"1365","01","039","00161545","0500000US01039","01039","Covington","Covington County","AL","Alabama","06",2669165560,34194851
"1366","01","111","00161582","0500000US01111","01111","Randolph","Randolph County","AL","Alabama","06",1503618354,9283013
"1367","01","059","00161555","0500000US01059","01059","Franklin","Franklin County","AL","Alabama","06",1641945980,32539346
"1368","01","093","00161573","0500000US01093","01093","Marion","Marion County","AL","Alabama","06",1922657200,3183480
"1369","05","127","00069179","0500000US05127","05127","Scott","Scott County","AR","Arkansas","06",2312470682,14373451
"1370","05","077","00066866","0500000US05077","05077","Lee","Lee County","AR","Arkansas","06",1553493435,57858191
"1371","05","005","00069895","0500000US05005","05005","Baxter","Baxter County","AR","Arkansas","06",1434675033,84916246
"1372","05","105","00069171","0500000US05105","05105","Perry","Perry County","AR","Arkansas","06",1427953392,24428560
"1377","12","087","00295759","0500000US12087","12087","Monroe","Monroe County","FL","Florida","06",2546045483,11153864044
"1378","12","021","00295754","0500000US12021","12021","Collier","Collier County","FL","Florida","06",5172193058,1574828913
"1379","45","089","01248018","0500000US45089","45089","Williamsburg","Williamsburg County","SC","South Carolina","06",2419477850,7461200
"1380","21","203","00516948","0500000US21203","21203","Rockcastle","Rockcastle County","KY","Kentucky","06",819904083,3961380
"1381","22","013","00558445","0500000US22013","22013","Bienville","Bienville Parish","LA","Louisiana","15",2101370399,27972980
"1382","26","137","01623011","0500000US26137","26137","Otsego","Otsego County","MI","Michigan","06",1333860411,29050564
"1384","36","115","00974155","0500000US36115","36115","Washington","Washington County","NY","New York","06",2152773113,38123569
"1385","42","059","01214033","0500000US42059","42059","Greene","Greene County","PA","Pennsylvania","06",1491658046,5296803
"1386","47","025","01639733","0500000US47025","47025","Claiborne","Claiborne County","TN","Tennessee","06",1125619421,18052387
"1387","48","215","01383893","0500000US48215","48215","Hidalgo","Hidalgo County","TX","Texas","06",4069467430,30046707
"1388","05","029","00066846","0500000US05029","05029","Conway","Conway County","AR","Arkansas","06",1429476459,37739626
"1389","51","019","01674818","0500000US51019","51019","Bedford","Bedford County","VA","Virginia","06",1968691310,42058982
"1390","51","685","01498431","0500000US51685","51685","Manassas Park","Manassas Park city","VA","Virginia","25",7857548,1609
"1391","54","067","01550040","0500000US54067","54067","Nicholas","Nicholas County","WV","West Virginia","06",1675312255,19375252
"1394","24","029","00593907","0500000US24029","24029","Kent","Kent County","MD","Maryland","06",717268761,353549972
"1395","34","003","00882271","0500000US34003","34003","Bergen","Bergen County","NJ","New Jersey","06",602934378,35371524
"1396","39","073","01074049","0500000US39073","39073","Hocking","Hocking County","OH","Ohio","06",1091289822,5955974
"1398","37","115","01025834","0500000US37115","37115","Madison","Madison County","NC","North Carolina","06",1164498324,4840167
"1401","48","481","01384026","0500000US48481","48481","Wharton","Wharton County","TX","Texas","06",2813098994,21306092
"1402","48","169","01383870","0500000US48169","48169","Garza","Garza County","TX","Texas","06",2313937122,7209242
"1404","13","209","00352276","0500000US13209","13209","Montgomery","Montgomery County","GA","Georgia","06",624563059,9191488
"1405","17","189","01785150","0500000US17189","17189","Washington","Washington County","IL","Illinois","06",1457120179,3386079
"1406","21","031","00516862","0500000US21031","21031","Butler","Butler County","KY","Kentucky","06",1103624033,13891042
"1407","51","530","01498417","0500000US51530","51530","Buena Vista","Buena Vista city","VA","Virginia","25",16674753,219579
"1409","36","095","00974145","0500000US36095","36095","Schoharie","Schoharie County","NY","New York","06",1610503551,11676951
"1410","21","217","00516955","0500000US21217","21217","Taylor","Taylor County","KY","Kentucky","06",690009859,26953159
"1411","12","027","00294452","0500000US12027","12027","DeSoto","DeSoto County","FL","Florida","06",1649031786,6243548
"1412","47","041","01639738","0500000US47041","47041","DeKalb","DeKalb County","TN","Tennessee","06",788475293,63639368
"1413","45","065","01248012","0500000US45065","45065","McCormick","McCormick County","SC","South Carolina","06",929521239,89977092
"1415","21","085","00516889","0500000US21085","21085","Grayson","Grayson County","KY","Kentucky","06",1293793033,29766717
"1416","34","027","00882231","0500000US34027","34027","Morris","Morris County","NJ","New Jersey","06",1194051047,53100988
"1417","51","007","01497770","0500000US51007","51007","Amelia","Amelia County","VA","Virginia","06",920379344,8188217
"1418","09","130","02830246","0500000US09130","09130","Lower Connecticut River Valley","Lower Connecticut River Valley Planning Region","CT","Connecticut","PL",1098459139,241084217
"1420","17","071","00424237","0500000US17071","17071","Henderson","Henderson County","IL","Illinois","06",981068793,42565932
"1423","17","127","01784730","0500000US17127","17127","Massac","Massac County","IL","Illinois","06",614218330,12784614
"1424","17","157","01784967","0500000US17157","17157","Randolph","Randolph County","IL","Illinois","06",1490194098,56150220
"1425","12","015","00295742","0500000US12015","12015","Charlotte","Charlotte County","FL","Florida","06",1764084561,689244725
"1426","12","059","00295735","0500000US12059","12059","Holmes","Holmes County","FL","Florida","06",1240237030,26389419
"1427","12","079","00295731","0500000US12079","12079","Madison","Madison County","FL","Florida","06",1804001484,49634046
"1428","12","003","00306920","0500000US12003","12003","Baker","Baker County","FL","Florida","06",1515738965,9686120
"1429","13","285","01673298","0500000US13285","13285","Troup","Troup County","GA","Georgia","06",1072294219,82741748
"1430","13","233","00343585","0500000US13233","13233","Polk","Polk County","GA","Georgia","06",803776466,4663881
"1431","17","163","01784987","0500000US17163","17163","St. Clair","St. Clair County","IL","Illinois","06",1703560293,41809674
"1432","13","047","00353230","0500000US13047","13047","Catoosa","Catoosa County","GA","Georgia","06",419998917,771159
"1433","13","295","00354216","0500000US13295","13295","Walker","Walker County","GA","Georgia","06",1155874770,1672676
"1434","13","131","00351261","0500000US13131","13131","Grady","Grady County","GA","Georgia","06",1177052070,15026015
"1435","13","253","00351263","0500000US13253","13253","Seminole","Seminole County","GA","Georgia","06",615253333,49223633
"1436","13","061","00344805","0500000US13061","13061","Clay","Clay County","GA","Georgia","06",506093893,56546964
"1437","17","117","00424257","0500000US17117","17117","Macoupin","Macoupin County","IL","Illinois","06",2235091100,12250027
"1438","13","045","00326650","0500000US13045","13045","Carroll","Carroll County","GA","Georgia","06",1292705389,11882059
"1439","17","093","00424248","0500000US17093","17093","Kendall","Kendall County","IL","Illinois","06",829411596,5137703
"1440","18","029","00450344","0500000US18029","18029","Dearborn","Dearborn County","IN","Indiana","06",790171255,6019020
"1441","18","001","00450401","0500000US18001","18001","Adams","Adams County","IN","Indiana","06",877812924,2693850
"1442","18","151","00450390","0500000US18151","18151","Steuben","Steuben County","IN","Indiana","06",799742710,35441270
"1443","18","007","00450403","0500000US18007","18007","Benton","Benton County","IN","Indiana","06",1052616459,236033
"1444","26","017","01622951","0500000US26017","26017","Bay","Bay County","MI","Michigan","06",1145834942,487713372
"1445","26","049","01622967","0500000US26049","26049","Genesee","Genesee County","MI","Michigan","06",1649677902,32744787
"1446","26","021","01622953","0500000US26021","26021","Berrien","Berrien County","MI","Michigan","06",1470581606,2625411979
"1447","17","149","01784941","0500000US17149","17149","Pike","Pike County","IL","Illinois","06",2153190709,45251538
"1448","17","013","00424208","0500000US17013","17013","Calhoun","Calhoun County","IL","Illinois","06",657415184,77051402
"1449","17","201","01785216","0500000US17201","17201","Winnebago","Winnebago County","IL","Illinois","06",1328792563,15873992
"1450","18","043","00450350","0500000US18043","18043","Floyd","Floyd County","IN","Indiana","06",384577983,2669695
"1453","17","057","00424230","0500000US17057","17057","Fulton","Fulton County","IL","Illinois","06",2242109841,43927320
"1454","17","025","00424214","0500000US17025","17025","Clay","Clay County","IL","Illinois","06",1213023041,3064499
"1455","18","167","00450398","0500000US18167","18167","Vigo","Vigo County","IN","Indiana","06",1045400270,17661310
"1457","17","099","00422247","0500000US17099","17099","LaSalle","LaSalle County","IL","Illinois","06",2939993001,33775830
"1459","36","003","00974100","0500000US36003","36003","Allegany","Allegany County","NY","New York","06",2666410173,12989704
"1460","21","111","00516902","0500000US21111","21111","Jefferson","Jefferson County","KY","Kentucky","06",986345231,43436214
"1461","40","049","01101812","0500000US40049","40049","Garvin","Garvin County","OK","Oklahoma","06",2077548134,30018274
"1462","45","053","01248006","0500000US45053","45053","Jasper","Jasper County","SC","South Carolina","06",1696790801,120163761
"1463","26","145","01623015","0500000US26145","26145","Saginaw","Saginaw County","MI","Michigan","06",2074080705,39260622
"1465","18","057","00450356","0500000US18057","18057","Hamilton","Hamilton County","IN","Indiana","06",1021459909,20924258
"1467","26","117","01623001","0500000US26117","26117","Montcalm","Montcalm County","MI","Michigan","06",1826793471,39944685
"1469","26","121","01623003","0500000US26121","26121","Muskegon","Muskegon County","MI","Michigan","06",1305130150,2476314283
"1471","26","105","01622995","0500000US26105","26105","Mason","Mason County","MI","Michigan","06",1281963203,1935616622
"1479","26","043","01622964","0500000US26043","26043","Dickinson","Dickinson County","MI","Michigan","06",1970851991,40499097
"1480","26","157","01623019","0500000US26157","26157","Tuscola","Tuscola County","MI","Michigan","06",2084527021,282490891
"1481","26","011","01622948","0500000US26011","26011","Arenac","Arenac County","MI","Michigan","06",940627659,822313309
"1482","26","127","01623006","0500000US26127","26127","Oceana","Oceana County","MI","Michigan","06",1393686390,1988709489
"1483","26","061","01622973","0500000US26061","26061","Houghton","Houghton County","MI","Michigan","06",2613563871,1275349279
"1488","01","103","00161578","0500000US01103","01103","Morgan","Morgan County","AL","Alabama","06",1501349979,50181962
"1489","21","161","00516924","0500000US21161","21161","Mason","Mason County","KY","Kentucky","06",621926398,16274513
"1490","21","141","00516917","0500000US21141","21141","Logan","Logan County","KY","Kentucky","06",1430233037,12470164
"1491","25","005","00606929","0500000US25005","25005","Bristol","Bristol County","MA","Massachusetts","06",1432555935,357450957
"1492","21","185","00516939","0500000US21185","21185","Oldham","Oldham County","KY","Kentucky","06",485089203,23440362
"1493","36","011","00974104","0500000US36011","36011","Cayuga","Cayuga County","NY","New York","06",1791207571,445691131
"1494","26","033","01622959","0500000US26033","26033","Chippewa","Chippewa County","MI","Michigan","06",4036530069,2952489353
"1495","01","105","00161579","0500000US01105","01105","Perry","Perry County","AL","Alabama","06",1863936201,10902207
"1496","40","143","01101859","0500000US40143","40143","Tulsa","Tulsa County","OK","Oklahoma","06",1476919086,42923482
"1497","01","013","00161532","0500000US01013","01013","Butler","Butler County","AL","Alabama","06",2012002549,2701199
"1498","26","027","01622956","0500000US26027","26027","Cass","Cass County","MI","Michigan","06",1269418180,47096776
"1500","33","013","00873180","0500000US33013","33013","Merrimack","Merrimack County","NH","New Hampshire","06",2416176927,57199007
"1507","09","160","02830251","0500000US09160","09160","Northwest Hills","Northwest Hills Planning Region","CT","Connecticut","PL",2037392868,55597912
"1508","12","081","00295744","0500000US12081","12081","Manatee","Manatee County","FL","Florida","06",1923745730,573082727
"1510","36","069","00974133","0500000US36069","36069","Ontario","Ontario County","NY","New York","06",1668148125,47853412
"1514","12","115","00295741","0500000US12115","12115","Sarasota","Sarasota County","FL","Florida","06",1440100023,1086567957
"1515","12","111","00308372","0500000US12111","12111","St. Lucie","St. Lucie County","FL","Florida","06",1481146385,300765585
"1516","13","073","00348865","0500000US13073","13073","Columbia","Columbia County","GA","Georgia","06",751599702,45344735
"1517","13","291","00353193","0500000US13291","13291","Union","Union County","GA","Georgia","06",834191643,18088424
"1518","12","099","00295761","0500000US12099","12099","Palm Beach","Palm Beach County","FL","Florida","06",5087565680,1084895354
"1519","36","039","00974118","0500000US36039","36039","Greene","Greene County","NY","New York","06",1676140498,28201061
"1520","36","037","00974117","0500000US36037","36037","Genesee","Genesee County","NY","New York","06",1276803036,6136678
"1521","36","049","00974123","0500000US36049","36049","Lewis","Lewis County","NY","New York","06",3305625876,39648337
"1523","50","015","01461764","0500000US50015","50015","Lamoille","Lamoille County","VT","Vermont","06",1194643959,12744800
"1524","51","033","01480107","0500000US51033","51033","Caroline","Caroline County","VA","Virginia","06",1365869819,24919385
"1525","51","065","01494061","0500000US51065","51065","Fluvanna","Fluvanna County","VA","Virginia","06",743630405,10747026
"1526","12","005","00295738","0500000US12005","12005","Bay","Bay County","FL","Florida","06",1964821464,1833967782
"1527","13","087","00352234","0500000US13087","13087","Decatur","Decatur County","GA","Georgia","06",1546842847,67154652
"1528","21","225","00516959","0500000US21225","21225","Union","Union County","KY","Kentucky","06",888050070,52667331
"1529","39","059","01074042","0500000US39059","39059","Guernsey","Guernsey County","OH","Ohio","06",1352599522,15666081
"1530","39","147","01074086","0500000US39147","39147","Seneca","Seneca County","OH","Ohio","06",1427151723,4576816
"1531","37","183","01008592","0500000US37183","37183","Wake","Wake County","NC","North Carolina","06",2161621264,58029945
"1532","37","081","01008558","0500000US37081","37081","Guilford","Guilford County","NC","North Carolina","06",1673100202,30270170
"1533","51","680","01498429","0500000US51680","51680","Lynchburg","Lynchburg city","VA","Virginia","25",126695077,1427120
"1534","51","183","01690257","0500000US51183","51183","Sussex","Sussex County","VA","Virginia","06",1269725163,6739204
"1535","51","730","01498435","0500000US51730","51730","Petersburg","Petersburg city","VA","Virginia","25",58845729,577678
"1536","13","281","00351252","0500000US13281","13281","Towns","Towns County","GA","Georgia","06",431178090,13754198
"1537","13","119","00349324","0500000US13119","13119","Franklin","Franklin County","GA","Georgia","06",676873326,12752557
"1538","13","149","00347067","0500000US13149","13149","Heard","Heard County","GA","Georgia","06",766567353,13263789
"1539","39","049","01074037","0500000US39049","39049","Franklin","Franklin County","OH","Ohio","06",1378959684,29020073
"1540","39","153","01074088","0500000US39153","39153","Summit","Summit County","OH","Ohio","06",1069150156,18986955
"1541","37","191","01026128","0500000US37191","37191","Wayne","Wayne County","NC","North Carolina","06",1434651140,9842326
"1542","37","151","01008580","0500000US37151","37151","Randolph","Randolph County","NC","North Carolina","06",2026239779,19706168
"1543","37","169","01008586","0500000US37169","37169","Stokes","Stokes County","NC","North Carolina","06",1163740817,17577923
"1544","51","690","01789072","0500000US51690","51690","Martinsville","Martinsville city","VA","Virginia","25",28374648,135578
"1545","51","660","01498563","0500000US51660","51660","Harrisonburg","Harrisonburg city","VA","Virginia","25",44898874,131080
"1546","51","620","01498424","0500000US51620","51620","Franklin","Franklin city","VA","Virginia","25",21438217,227442
"1547","54","015","01550014","0500000US54015","54015","Clay","Clay County","WV","West Virginia","06",885617417,4862288
"1548","01","075","00161563","0500000US01075","01075","Lamar","Lamar County","AL","Alabama","06",1566544672,1600679
"1549","01","019","00161535","0500000US01019","01019","Cherokee","Cherokee County","AL","Alabama","06",1433614765,120316891
"1550","39","173","01074098","0500000US39173","39173","Wood","Wood County","OH","Ohio","06",1598453877,8706879
"1551","39","013","01065575","0500000US39013","39013","Belmont","Belmont County","OH","Ohio","06",1378201570,23693388
"1552","37","197","01008597","0500000US37197","37197","Yadkin","Yadkin County","NC","North Carolina","06",867498039,7176192
"1555","54","097","01696800","0500000US54097","54097","Upshur","Upshur County","WV","West Virginia","06",918506904,302703
"1556","55","055","01581087","0500000US55055","55055","Jefferson","Jefferson County","WI","Wisconsin","06",1441308987,67985150
"1557","55","141","01581130","0500000US55141","55141","Wood","Wood County","WI","Wisconsin","06",2053911643,42041349
"1558","01","077","00161564","0500000US01077","01077","Lauderdale","Lauderdale County","AL","Alabama","06",1730157470,133597557
"1559","01","083","00161567","0500000US01083","01083","Limestone","Limestone County","AL","Alabama","06",1459195371,113412127
"1560","47","061","01639748","0500000US47061","47061","Grundy","Grundy County","TN","Tennessee","06",933545796,1755421
"1561","47","077","01639754","0500000US47077","47077","Henderson","Henderson County","TN","Tennessee","06",1346816752,15219341
"1564","55","133","01581126","0500000US55133","55133","Waukesha","Waukesha County","WI","Wisconsin","06",1423780693,79806617
"1565","55","119","01581119","0500000US55119","55119","Taylor","Taylor County","WI","Wisconsin","06",2525374174,24630990
"1570","01","015","00161533","0500000US01015","01015","Calhoun","Calhoun County","AL","Alabama","06",1569256885,16525540
"1572","47","087","01639758","0500000US47087","47087","Jackson","Jackson County","TN","Tennessee","06",799813547,27751888
"1573","48","135","01383853","0500000US48135","48135","Ector","Ector County","TX","Texas","06",2325508554,10188915
"1574","48","055","01383813","0500000US48055","48055","Caldwell","Caldwell County","TX","Texas","06",1410355148,4949869
"1575","48","445","01384008","0500000US48445","48445","Terry","Terry County","TX","Texas","06",2302113089,5414060
"1576","39","089","01074057","0500000US39089","39089","Licking","Licking County","OH","Ohio","06",1767478816,12761091
"1577","39","165","01074094","0500000US39165","39165","Warren","Warren County","OH","Ohio","06",1039665894,15705152
"1578","39","119","01074072","0500000US39119","39119","Muskingum","Muskingum County","OH","Ohio","06",1721165824,20823924
"1582","05","113","00069175","0500000US05113","05113","Polk","Polk County","AR","Arkansas","06",2219200784,12520930
"1583","05","031","00066847","0500000US05031","05031","Craighead","Craighead County","AR","Arkansas","06",1831551609,14310137
"1584","48","497","01384034","0500000US48497","48497","Wise","Wise County","TX","Texas","06",2342525134,46883066
"1585","48","069","01383820","0500000US48069","48069","Castro","Castro County","TX","Texas","06",2316600394,12557414
"1586","48","309","01383946","0500000US48309","48309","McLennan","McLennan County","TX","Texas","06",2685015343,61002370
"1587","39","139","01074082","0500000US39139","39139","Richland","Richland County","OH","Ohio","06",1282631595,12560134
"1588","39","163","01074093","0500000US39163","39163","Vinton","Vinton County","OH","Ohio","06",1068008170,6781751
"1589","39","027","01074026","0500000US39027","39027","Clinton","Clinton County","OH","Ohio","06",1058609497,9329331
"1590","39","115","01074070","0500000US39115","39115","Morgan","Morgan County","OH","Ohio","06",1078538281,13868572
"1593","05","027","00063761","0500000US05027","05027","Columbia","Columbia County","AR","Arkansas","06",1984098878,1985830
"1597","48","331","01383951","0500000US48331","48331","Milam","Milam County","TX","Texas","06",2632349434,11831398
"1598","48","091","01383831","0500000US48091","48091","Comal","Comal County","TX","Texas","06",1449193858,39744161
"1599","48","183","01383877","0500000US48183","48183","Gregg","Gregg County","TX","Texas","06",708052134,6206460
"1600","39","131","01074078","0500000US39131","39131","Pike","Pike County","OH","Ohio","06",1140325074,9566957
"1601","40","063","01101819","0500000US40063","40063","Hughes","Hughes County","OK","Oklahoma","06",2083575246,26461993
"1602","40","019","01101797","0500000US40019","40019","Carter","Carter County","OK","Oklahoma","06",2129750449,29733323
"1603","40","137","01101856","0500000US40137","40137","Stephens","Stephens County","OK","Oklahoma","06",2253839275,54824812
"1607","01","021","00161536","0500000US01021","01021","Chilton","Chilton County","AL","Alabama","06",1794443235,20587728
"1608","21","163","00516928","0500000US21163","21163","Meade","Meade County","KY","Kentucky","06",791146216,49058513
"1609","48","195","01383883","0500000US48195","48195","Hansford","Hansford County","TX","Texas","06",2382296646,1548341
"1610","48","353","01383962","0500000US48353","48353","Nolan","Nolan County","TX","Texas","06",2362061769,5052159
"1611","48","031","01383801","0500000US48031","48031","Blanco","Blanco County","TX","Texas","06",1836953707,10813186
"1612","48","297","01383934","0500000US48297","48297","Live Oak","Live Oak County","TX","Texas","06",2692796908,101483818
"1613","48","179","01383875","0500000US48179","48179","Gray","Gray County","TX","Texas","06",2398261679,8700790
"1614","48","123","01383844","0500000US48123","48123","DeWitt","DeWitt County","TX","Texas","06",2354237964,3919919
"1615","40","099","01101837","0500000US40099","40099","Murray","Murray County","OK","Oklahoma","06",1078405800,22710693
"1616","40","057","01101816","0500000US40057","40057","Harmon","Harmon County","OK","Oklahoma","06",1391491971,3800411
"1617","40","029","01101802","0500000US40029","40029","Coal","Coal County","OK","Oklahoma","06",1338434465,12075986
"1622","48","285","01383928","0500000US48285","48285","Lavaca","Lavaca County","TX","Texas","06",2511535215,1882216
"1623","48","247","01383909","0500000US48247","48247","Jim Hogg","Jim Hogg County","TX","Texas","06",2942674728,92565
"1624","48","045","01383808","0500000US48045","48045","Briscoe","Briscoe County","TX","Texas","06",2330991073,4068657
"1625","48","383","01383977","0500000US48383","48383","Reagan","Reagan County","TX","Texas","06",3044049119,1792716
"1626","48","283","01383924","0500000US48283","48283","La Salle","La Salle County","TX","Texas","06",3850545746,19503739
"1627","48","205","01383888","0500000US48205","48205","Hartley","Hartley County","TX","Texas","06",3786445016,3013675
"1628","48","033","01383802","0500000US48033","48033","Borden","Borden County","TX","Texas","06",2324366072,22297606
"1635","29","017","00758463","0500000US29017","29017","Bollinger","Bollinger County","MO","Missouri","06",1600364576,8530122
"1636","29","139","00758524","0500000US29139","29139","Montgomery","Montgomery County","MO","Missouri","06",1385765128,14100641
"1637","29","179","00758544","0500000US29179","29179","Reynolds","Reynolds County","MO","Missouri","06",2093946390,15373678
"1640","42","019","01213661","0500000US42019","42019","Butler","Butler County","PA","Pennsylvania","06",2044750109,16004632
"1648","42","025","01213664","0500000US42025","42025","Carbon","Carbon County","PA","Pennsylvania","06",987706484,15918751
"1649","42","079","01209183","0500000US42079","42079","Luzerne","Luzerne County","PA","Pennsylvania","06",2304589532,42011601
"1658","42","087","01213679","0500000US42087","42087","Mifflin","Mifflin County","PA","Pennsylvania","06",1064581429,9507558
"1659","42","053","01213669","0500000US42053","42053","Forest","Forest County","PA","Pennsylvania","06",1106595595,8369676
"1668","45","037","01247999","0500000US45037","45037","Edgefield","Edgefield County","SC","South Carolina","06",1296776317,16307326
"1669","45","039","01248000","0500000US45039","45039","Fairfield","Fairfield County","SC","South Carolina","06",1777525447,61045167
"1679","29","067","00758488","0500000US29067","29067","Douglas","Douglas County","MO","Missouri","06",2107274104,2520175
"1680","29","151","00758530","0500000US29151","29151","Osage","Osage County","MO","Missouri","06",1571034361,17734586
"1681","29","121","00758514","0500000US29121","29121","Macon","Macon County","MO","Missouri","06",2075118027,28912941
"1682","39","099","01074062","0500000US39099","39099","Mahoning","Mahoning County","OH","Ohio","06",1065747115,35461694
"1683","40","001","01101788","0500000US40001","40001","Adair","Adair County","OK","Oklahoma","06",1486345558,8864933
"1684","05","125","00067102","0500000US05125","05125","Saline","Saline County","AR","Arkansas","06",1873898605,17955554
"1685","05","137","00069902","0500000US05137","05137","Stone","Stone County","AR","Arkansas","06",1570673289,8145444
"1691","29","061","00758485","0500000US29061","29061","Daviess","Daviess County","MO","Missouri","06",1458893650,14926596
"1692","29","049","00758479","0500000US29049","29049","Clinton","Clinton County","MO","Missouri","06",1085049761,11764909
"1693","29","063","00758486","0500000US29063","29063","DeKalb","DeKalb County","MO","Missouri","06",1091312448,11560688
"1694","40","041","01101808","0500000US40041","40041","Delaware","Delaware County","OK","Oklahoma","06",1910774937,140487351
"1695","40","115","01101845","0500000US40115","40115","Ottawa","Ottawa County","OK","Oklahoma","06",1219410535,35714103
"1697","05","051","00066855","0500000US05051","05051","Garland","Garland County","AR","Arkansas","06",1755013632,147452175
"1698","05","101","00069900","0500000US05101","05101","Newton","Newton County","AR","Arkansas","06",2126576324,5935910
"1699","05","109","00069173","0500000US05109","05109","Pike","Pike County","AR","Arkansas","06",1554861226,35284868
"1708","29","071","00758490","0500000US29071","29071","Franklin","Franklin County","MO","Missouri","06",2389741238,20929353
"1709","29","167","00758538","0500000US29167","29167","Polk","Polk County","MO","Missouri","06",1646006426,17837670
"1710","29","055","00758482","0500000US29055","29055","Crawford","Crawford County","MO","Missouri","06",1923005886,3306286
"1715","12","019","00295726","0500000US12019","12019","Clay","Clay County","FL","Florida","06",1565900894,100869769
"1722","42","117","01209189","0500000US42117","42117","Tioga","Tioga County","PA","Pennsylvania","06",2936765818,8279717
"1723","42","123","01213691","0500000US42123","42123","Warren","Warren County","PA","Pennsylvania","06",2290280115,37368144
"1724","45","073","01244832","0500000US45073","45073","Oconee","Oconee County","SC","South Carolina","06",1622797504,121709713
"1725","12","067","00295732","0500000US12067","12067","Lafayette","Lafayette County","FL","Florida","06",1407256302,11817999
"1726","13","057","01685718","0500000US13057","13057","Cherokee","Cherokee County","GA","Georgia","06",1090268755,34410017
"1729","21","157","00516922","0500000US21157","21157","Marshall","Marshall County","KY","Kentucky","06",782502718,98534943
"1730","21","211","00516952","0500000US21211","21211","Shelby","Shelby County","KY","Kentucky","06",983652098,15210924
"1731","28","059","00695753","0500000US28059","28059","Jackson","Jackson County","MS","Mississippi","06",1872109196,830292614
"1732","28","057","00695752","0500000US28057","28057","Itawamba","Itawamba County","MS","Mississippi","06",1379932999,19825536
"1734","47","131","01639779","0500000US47131","47131","Obion","Obion County","TN","Tennessee","06",1411149170,27448111
"1735","13","129","00356672","0500000US13129","13129","Gordon","Gordon County","GA","Georgia","06",923219316,5732775
"1736","13","231","00346482","0500000US13231","13231","Pike","Pike County","GA","Georgia","06",559660486,8595984
"1737","21","073","00516883","0500000US21073","21073","Franklin","Franklin County","KY","Kentucky","06",538483441,10615088
"1738","21","199","00516946","0500000US21199","21199","Pulaski","Pulaski County","KY","Kentucky","06",1704469863,49351349
"1739","21","215","00516954","0500000US21215","21215","Spencer","Spencer County","KY","Kentucky","06",483474851,12915727
"1740","28","093","00695770","0500000US28093","28093","Marshall","Marshall County","MS","Mississippi","06",1829027816,9173803
"1741","29","145","00758527","0500000US29145","29145","Newton","Newton County","MO","Missouri","06",1618106834,4714684
"1742","47","067","01648577","0500000US47067","47067","Hancock","Hancock County","TN","Tennessee","06",575816010,2988718
"1743","47","103","01639766","0500000US47103","47103","Lincoln","Lincoln County","TN","Tennessee","06",1477179214,971039
"1744","48","321","01383943","0500000US48321","48321","Matagorda","Matagorda County","TX","Texas","06",2831173989,1345214023
"1745","13","011","00349230","0500000US13011","13011","Banks","Banks County","GA","Georgia","06",602578150,4635946
"1746","13","167","00346664","0500000US13167","13167","Johnson","Johnson County","GA","Georgia","06",784815228,9256633
"1747","21","077","00516885","0500000US21077","21077","Gallatin","Gallatin County","KY","Kentucky","06",254548113,16451904
"1748","21","201","00516947","0500000US21201","21201","Robertson","Robertson County","KY","Kentucky","06",257938637,1333016
"1749","29","133","00758521","0500000US29133","29133","Mississippi","Mississippi County","MO","Missouri","06",1066029407,44515175
"1750","29","163","00758536","0500000US29163","29163","Pike","Pike County","MO","Missouri","06",1736428527,36976720
"1751","48","337","01383954","0500000US48337","48337","Montague","Montague County","TX","Texas","06",2411034611,19087359
"1752","48","077","01383824","0500000US48077","48077","Clay","Clay County","TX","Texas","06",2819873723,72504932
"1753","48","295","01383933","0500000US48295","48295","Lipscomb","Lipscomb County","TX","Texas","06",2414422645,298741
"1754","13","299","00357722","0500000US13299","13299","Ware","Ware County","GA","Georgia","06",2329024282,22651640
"1755","13","085","00351312","0500000US13085","13085","Dawson","Dawson County","GA","Georgia","06",546042252,9272655
"1756","13","227","01673011","0500000US13227","13227","Pickens","Pickens County","GA","Georgia","06",601019205,1690669
"1757","21","087","00516890","0500000US21087","21087","Green","Green County","KY","Kentucky","06",740640299,7328706
"1758","21","045","00516869","0500000US21045","21045","Casey","Casey County","KY","Kentucky","06",1150621984,3842017
"1759","29","081","00758495","0500000US29081","29081","Harrison","Harrison County","MO","Missouri","06",1871309888,10070644
"1760","29","217","00758561","0500000US29217","29217","Vernon","Vernon County","MO","Missouri","06",2140343862,27020859
"1762","48","079","01383825","0500000US48079","48079","Cochran","Cochran County","TX","Texas","06",2007453830,229068
"1763","48","487","01384029","0500000US48487","48487","Wilbarger","Wilbarger County","TX","Texas","06",2514738103,18202665
"1764","48","117","01383845","0500000US48117","48117","Deaf Smith","Deaf Smith County","TX","Texas","06",3876750569,3926557
"1766","13","125","00345642","0500000US13125","13125","Glascock","Glascock County","GA","Georgia","06",372299252,1832723
"1767","13","273","00352238","0500000US13273","13273","Terrell","Terrell County","GA","Georgia","06",869695790,4951325
"1768","21","039","00516866","0500000US21039","21039","Carlisle","Carlisle County","KY","Kentucky","06",490706561,24648733
"1769","22","089","01629449","0500000US22089","22089","St. Charles","St. Charles Parish","LA","Louisiana","15",719347894,308635082
"1774","50","005","01461759","0500000US50005","50005","Caledonia","Caledonia County","VT","Vermont","06",1681454161,22351442
"1775","50","001","01461757","0500000US50001","50001","Addison","Addison County","VT","Vermont","06",1984788915,107311070
"1776","13","173","00348102","0500000US13173","13173","Lanier","Lanier County","GA","Georgia","06",509030779,8418857
"1777","13","169","00345367","0500000US13169","13169","Jones","Jones County","GA","Georgia","06",1020304153,3820256
"1778","22","049","00558592","0500000US22049","22049","Jackson","Jackson Parish","LA","Louisiana","15",1474915028,28413854
"1779","23","001","00581286","0500000US23001","23001","Androscoggin","Androscoggin County","ME","Maine","06",1211995418,75541705
"1780","26","067","01622976","0500000US26067","26067","Ionia","Ionia County","MI","Michigan","06",1479710874,22590324
"1784","51","650","01498554","0500000US51650","51650","Hampton","Hampton city","VA","Virginia","25",133282615,219667964
"1785","51","169","01498172","0500000US51169","51169","Scott","Scott County","VA","Virginia","06",1387786258,8105326
"1786","13","199","00346892","0500000US13199","13199","Meriwether","Meriwether County","GA","Georgia","06",1297342088,10832501
"1787","26","025","01622955","0500000US26025","26025","Calhoun","Calhoun County","MI","Michigan","06",1829201515,31257733
"1788","26","015","01622950","0500000US26015","26015","Barry","Barry County","MI","Michigan","06",1432533270,61999481
"1789","26","075","01622980","0500000US26075","26075","Jackson","Jackson County","MI","Michigan","06",1817919505,55918789
"1792","33","005","00873176","0500000US33005","33005","Cheshire","Cheshire County","NH","New Hampshire","06",1830367239,57589060
"1793","34","005","00882272","0500000US34005","34005","Burlington","Burlington County","NJ","New Jersey","06",2070137466,54604075
"1795","51","740","01498556","0500000US51740","51740","Portsmouth","Portsmouth city","VA","Virginia","25",86248205,34658275
"1796","51","735","01498436","0500000US51735","51735","Poquoson","Poquoson city","VA","Virginia","25",39773690,163429842
"1797","13","177","00343390","0500000US13177","13177","Lee","Lee County","GA","Georgia","06",921632943,15408829
"1804","36","015","00974106","0500000US36015","36015","Chemung","Chemung County","NY","New York","06",1054988439,8875327
"1806","54","061","01550037","0500000US54061","54061","Monongalia","Monongalia County","WV","West Virginia","06",932637133,14987287
"1808","17","109","01784729","0500000US17109","17109","McDonough","McDonough County","IL","Illinois","06",1526291861,2060301
"1812","28","081","00695764","0500000US28081","28081","Lee","Lee County","MS","Mississippi","06",1165404266,8314457
"1813","28","133","00695787","0500000US28133","28133","Sunflower","Sunflower County","MS","Mississippi","06",1807187010,23747316
"1814","36","007","00974102","0500000US36007","36007","Broome","Broome County","NY","New York","06",1827626589,25078245
"1815","36","055","00974126","0500000US36055","36055","Monroe","Monroe County","NY","New York","06",1701477037,1838269506
"1816","54","029","01560574","0500000US54029","54029","Hancock","Hancock County","WV","West Virginia","06",213958964,13877476
"1817","55","093","01581107","0500000US55093","55093","Pierce","Pierce County","WI","Wisconsin","06",1486700534,48452323
"1818","17","021","00424212","0500000US17021","17021","Christian","Christian County","IL","Illinois","06",1837552894,16227346
"1819","17","135","01784866","0500000US17135","17135","Montgomery","Montgomery County","IL","Illinois","06",1822745315,15472187
"1820","17","191","00424296","0500000US17191","17191","Wayne","Wayne County","IL","Illinois","06",1848817749,4217594
"1821","28","015","00695732","0500000US28015","28015","Carroll","Carroll County","MS","Mississippi","06",1627517130,16050556
"1822","28","125","00695783","0500000US28125","28125","Sharkey","Sharkey County","MS","Mississippi","06",1118149684,8806463
"1823","28","069","00695758","0500000US28069","28069","Kemper","Kemper County","MS","Mississippi","06",1984403151,2182350
"1824","37","171","01008587","0500000US37171","37171","Surry","Surry County","NC","North Carolina","06",1379541809,10392704
"1825","37","045","01008547","0500000US37045","37045","Cleveland","Cleveland County","NC","North Carolina","06",1202409706,10168594
"1826","55","061","01581090","0500000US55061","55061","Kewaunee","Kewaunee County","WI","Wisconsin","06",886951785,1921336269
"1827","55","045","01581082","0500000US55045","55045","Green","Green County","WI","Wisconsin","06",1512667177,1313241
"1828","55","091","01581106","0500000US55091","55091","Pepin","Pepin County","WI","Wisconsin","06",600897313,43238611
"1829","18","053","00450355","0500000US18053","18053","Grant","Grant County","IN","Indiana","06",1072484434,2101803
"1830","18","085","00450367","0500000US18085","18085","Kosciusko","Kosciusko County","IN","Indiana","06",1376439341,59432000
"1831","18","045","00450351","0500000US18045","18045","Fountain","Fountain County","IN","Indiana","06",1024774339,5728993
"1832","18","103","00450373","0500000US18103","18103","Miami","Miami County","IN","Indiana","06",968246955,9184623
"1833","28","077","00695762","0500000US28077","28077","Lawrence","Lawrence County","MS","Mississippi","06",1115254005,13188412
"1834","28","129","00695785","0500000US28129","28129","Smith","Smith County","MS","Mississippi","06",1647926077,2599432
"1835","29","083","00758496","0500000US29083","29083","Henry","Henry County","MO","Missouri","06",1805056177,91656115
"1836","29","187","00758548","0500000US29187","29187","St. Francois","St. Francois County","MO","Missouri","06",1170380019,7218075
"1842","05","115","00069901","0500000US05115","05115","Pope","Pope County","AR","Arkansas","06",2100355865,50772506
"1843","18","131","00446852","0500000US18131","18131","Pulaski","Pulaski County","IN","Indiana","06",1123220666,2216959
"1844","18","095","00450370","0500000US18095","18095","Madison","Madison County","IN","Indiana","06",1170470094,2546828
"1845","18","055","00451676","0500000US18055","18055","Greene","Greene County","IN","Indiana","06",1404983932,8919619
"1846","18","073","00450494","0500000US18073","18073","Jasper","Jasper County","IN","Indiana","06",1449563753,4428654
"1847","29","089","00758499","0500000US29089","29089","Howard","Howard County","MO","Missouri","06",1201239500,19854374
"1848","29","077","00758493","0500000US29077","29077","Greene","Greene County","MO","Missouri","06",1749093456,6607713
"1849","29","223","00758564","0500000US29223","29223","Wayne","Wayne County","MO","Missouri","06",1966281375,38535344
"1850","39","001","01074014","0500000US39001","39001","Adams","Adams County","OH","Ohio","06",1512221259,6250109
"1851","39","081","01074053","0500000US39081","39081","Jefferson","Jefferson County","OH","Ohio","06",1057037102,7335056
"1852","05","149","00069908","0500000US05149","05149","Yell","Yell County","AR","Arkansas","06",2409688595,46994485
"1853","05","059","00066859","0500000US05059","05059","Hot Spring","Hot Spring County","AR","Arkansas","06",1592697307,18725590
"1854","18","121","00450380","0500000US18121","18121","Parke","Parke County","IN","Indiana","06",1151832460,13645018
"1855","18","117","00451681","0500000US18117","18117","Orange","Orange County","IN","Indiana","06",1031795759,25416478
"1858","18","105","00451680","0500000US18105","18105","Monroe","Monroe County","IN","Indiana","06",1021809763,43507762
"1863","50","017","01461765","0500000US50017","50017","Orange","Orange County","VT","Vermont","06",1779343340,12005265
"1864","50","007","01461760","0500000US50007","50007","Chittenden","Chittenden County","VT","Vermont","06",1390433441,217071279
"1865","54","059","01550036","0500000US54059","54059","Mingo","Mingo County","WV","West Virginia","06",1095856538,2177833
"1866","13","071","00343936","0500000US13071","13071","Colquitt","Colquitt County","GA","Georgia","06",1416897182,24791336
"1867","13","235","00347593","0500000US13235","13235","Pulaski","Pulaski County","GA","Georgia","06",645583958,5046606
"1868","13","243","00352242","0500000US13243","13243","Randolph","Randolph County","GA","Georgia","06",1109126228,6830041
"1869","17","063","00424233","0500000US17063","17063","Grundy","Grundy County","IL","Illinois","06",1082946289,32125990
"1870","17","139","01784885","0500000US17139","17139","Moultrie","Moultrie County","IL","Illinois","06",870127367,22111272
"1871","18","113","00450377","0500000US18113","18113","Noble","Noble County","IN","Indiana","06",1064077378,17068591
"1872","18","015","00450406","0500000US18015","18015","Carroll","Carroll County","IN","Indiana","06",964057411,7236323
"1879","50","021","01461767","0500000US50021","50021","Rutland","Rutland County","VT","Vermont","06",2410117478,38757463
"1880","13","091","00348116","0500000US13091","13091","Dodge","Dodge County","GA","Georgia","06",1284554870,18512260
"1881","13","165","00342985","0500000US13165","13165","Jenkins","Jenkins County","GA","Georgia","06",899705945,13195935
"1882","18","011","00450405","0500000US18011","18011","Boone","Boone County","IN","Indiana","06",1095260018,876741
"1883","18","149","00450389","0500000US18149","18149","Starke","Starke County","IN","Indiana","06",800679819,7929143
"1884","47","179","01639797","0500000US47179","47179","Washington","Washington County","TN","Tennessee","06",845756033,8485270
"1890","51","035","01480108","0500000US51035","51035","Carroll","Carroll County","VA","Virginia","06",1229575930,7586185
"1891","51","810","01498559","0500000US51810","51810","Virginia Beach","Virginia Beach city","VA","Virginia","25",633821986,654694007
"1897","47","017","01639729","0500000US47017","47017","Carroll","Carroll County","TN","Tennessee","06",1547925979,6308712
"1898","47","113","01639769","0500000US47113","47113","Madison","Madison County","TN","Tennessee","06",1443073933,3757608
"1899","47","071","01639751","0500000US47071","47071","Hardin","Hardin County","TN","Tennessee","06",1495684381,48706058
"1903","21","227","00516960","0500000US21227","21227","Warren","Warren County","KY","Kentucky","06",1403072921,15112097
"1904","51","590","01498421","0500000US51590","51590","Danville","Danville city","VA","Virginia","25",110858218,2327667
"1905","51","115","01480145","0500000US51115","51115","Mathews","Mathews County","VA","Virginia","06",222508057,430071655
"1909","47","043","01639740","0500000US47043","47043","Dickson","Dickson County","TN","Tennessee","06",1268833487,3679792
"1910","21","149","00516927","0500000US21149","21149","McLean","McLean County","KY","Kentucky","06",654037067,9610577
"1911","21","001","00516847","0500000US21001","21001","Adair","Adair County","KY","Kentucky","06",1049702547,18391917
"1912","51","800","01498560","0500000US51800","51800","Suffolk","Suffolk city","VA","Virginia","25",1033837944,77026744
"1913","51","025","01493961","0500000US51025","51025","Brunswick","Brunswick County","VA","Virginia","06",1466842628,8368077
"1917","47","007","01639725","0500000US47007","47007","Bledsoe","Bledsoe County","TN","Tennessee","06",1052973468,858669
"1918","47","153","01652643","0500000US47153","47153","Sequatchie","Sequatchie County","TN","Tennessee","06",688550847,498315
"1919","21","137","00516915","0500000US21137","21137","Lincoln","Lincoln County","KY","Kentucky","06",862216841,9035947
"1920","21","021","00516857","0500000US21021","21021","Boyle","Boyle County","KY","Kentucky","06",467067884,6486677
"1921","51","043","01690562","0500000US51043","51043","Clarke","Clarke County","VA","Virginia","06",455729730,5685740
"1924","36","001","00974099","0500000US36001","36001","Albany","Albany County","NY","New York","06",1354273425,26971925
"1925","54","009","01558262","0500000US54009","54009","Brooke","Brooke County","WV","West Virginia","06",231015797,8732461
"1926","54","089","01557805","0500000US54089","54089","Summers","Summers County","WV","West Virginia","06",933918959,18481563
"1927","21","129","00516911","0500000US21129","21129","Lee","Lee County","KY","Kentucky","06",540843067,6309608
"1928","21","233","00516963","0500000US21233","21233","Webster","Webster County","KY","Kentucky","06",859944623,9398697
"1929","54","055","01557645","0500000US54055","54055","Mercer","Mercer County","WV","West Virginia","06",1085106063,4442450
"1930","54","077","01558642","0500000US54077","54077","Preston","Preston County","WV","West Virginia","06",1680420301,6668159
"1931","37","001","01008531","0500000US37001","37001","Alamance","Alamance County","NC","North Carolina","06",1096763237,27913357
"1932","37","063","01008550","0500000US37063","37063","Durham","Durham County","NC","North Carolina","06",744748241,26712251
"1933","54","035","01559963","0500000US54035","54035","Jackson","Jackson County","WV","West Virginia","06",1202686618,18827431
"1934","55","127","01581123","0500000US55127","55127","Walworth","Walworth County","WI","Wisconsin","06",1438565987,54811398
"1935","21","171","00516932","0500000US21171","21171","Monroe","Monroe County","KY","Kentucky","06",853335722,6686907
"1936","21","091","00516892","0500000US21091","21091","Hancock","Hancock County","KY","Kentucky","06",486076270,29131626
"1937","54","069","01717163","0500000US54069","54069","Ohio","Ohio County","WV","West Virginia","06",274099990,8261185
"1938","05","053","00066856","0500000US05053","05053","Grant","Grant County","AR","Arkansas","06",1636581704,2896901
"1939","37","035","01008543","0500000US37035","37035","Catawba","Catawba County","NC","North Carolina","06",1039552776,37943182
"1940","37","109","01008569","0500000US37109","37109","Lincoln","Lincoln County","NC","North Carolina","06",766251553,23338524
"1941","55","089","01581105","0500000US55089","55089","Ozaukee","Ozaukee County","WI","Wisconsin","06",603495165,2287434584
"1942","55","009","01581064","0500000US55009","55009","Brown","Brown County","WI","Wisconsin","06",1372931376,221810753
"1945","05","083","00082850","0500000US05083","05083","Logan","Logan County","AR","Arkansas","06",1836599800,53969487
"1946","05","129","00069180","0500000US05129","05129","Searcy","Searcy County","AR","Arkansas","06",1724618501,6461828
"1950","55","083","01581102","0500000US55083","55083","Oconto","Oconto County","WI","Wisconsin","06",2583453832,392049247
"1951","55","071","01581095","0500000US55071","55071","Manitowoc","Manitowoc County","WI","Wisconsin","06",1526302545,2343337602
"1961","55","065","01581092","0500000US55065","55065","Lafayette","Lafayette County","WI","Wisconsin","06",1640985417,2539010
"1962","55","125","01581122","0500000US55125","55125","Vilas","Vilas County","WI","Wisconsin","06",2221459138,414414743
"1963","55","109","01581833","0500000US55109","55109","St. Croix","St. Croix County","WI","Wisconsin","06",1870380110,33740109
"1967","12","049","00295746","0500000US12049","12049","Hardee","Hardee County","FL","Florida","06",1651297014,1472455
"1968","12","077","00308549","0500000US12077","12077","Liberty","Liberty County","FL","Florida","06",2164099095,19582444
"1969","13","161","01687999","0500000US13161","13161","Jeff Davis","Jeff Davis County","GA","Georgia","06",857075892,11600966
"1970","13","197","00344107","0500000US13197","13197","Marion","Marion County","GA","Georgia","06",947213855,3785944
"1972","05","047","00066853","0500000US05047","05047","Franklin","Franklin County","AR","Arkansas","06",1577218107,28853849
"1973","05","123","00083331","0500000US05123","05123","St. Francis","St. Francis County","AR","Arkansas","06",1644082975,20017606
"1974","47","181","01639798","0500000US47181","47181","Wayne","Wayne County","TN","Tennessee","06",1901333937,4023436
"1975","13","175","00346568","0500000US13175","13175","Laurens","Laurens County","GA","Georgia","06",2090990052,28838459
"1976","13","081","00351607","0500000US13081","13081","Crisp","Crisp County","GA","Georgia","06",706237949,21408088
"1977","13","003","00345784","0500000US13003","13003","Atkinson","Atkinson County","GA","Georgia","06",887642157,4696298
"1978","01","007","00161529","0500000US01007","01007","Bibb","Bibb County","AL","Alabama","06",1612188713,9572302
"1981","29","091","00758500","0500000US29091","29091","Howell","Howell County","MO","Missouri","06",2401376472,2920041
"1982","47","115","01639770","0500000US47115","47115","Marion","Marion County","TN","Tennessee","06",1300637113,36481191
"1983","47","095","01639762","0500000US47095","47095","Lake","Lake County","TN","Tennessee","06",429381241,72799687
"1984","13","247","00357592","0500000US13247","13247","Rockdale","Rockdale County","GA","Georgia","06",336228524,5899671
"1985","13","015","00351604","0500000US13015","13015","Bartow","Bartow County","GA","Georgia","06",1188576977,27365992
"1986","17","169","01785037","0500000US17169","17169","Schuyler","Schuyler County","IL","Illinois","06",1132602762,10510632
"1988","29","209","00758557","0500000US29209","29209","Stone","Stone County","MO","Missouri","06",1201273288,121206420
"1990","17","015","00424209","0500000US17015","17015","Carroll","Carroll County","IL","Illinois","06",1153597400,55881822
"1991","47","125","01639777","0500000US47125","47125","Montgomery","Montgomery County","TN","Tennessee","06",1396441773,12068782
"1992","47","161","01639792","0500000US47161","47161","Stewart","Stewart County","TN","Tennessee","06",1190814528,86082696
"1993","13","097","01686467","0500000US13097","13097","Douglas","Douglas County","GA","Georgia","06",518350010,2379712
"1994","13","321","00343365","0500000US13321","13321","Worth","Worth County","GA","Georgia","06",1478084027,10525364
"1996","17","005","00424204","0500000US17005","17005","Bond","Bond County","IL","Illinois","06",985066646,6462629
"1997","17","187","01785134","0500000US17187","17187","Warren","Warren County","IL","Illinois","06",1404606956,1833971
"1998","17","145","01784940","0500000US17145","17145","Perry","Perry County","IL","Illinois","06",1144587283,13199036
"1999","17","065","00424234","0500000US17065","17065","Hamilton","Hamilton County","IL","Illinois","06",1125731581,3172088
"2001","18","047","00450352","0500000US18047","18047","Franklin","Franklin County","IN","Indiana","06",995659495,17154637
"2004","48","489","01384030","0500000US48489","48489","Willacy","Willacy County","TX","Texas","06",1529680708,502856285
"2005","48","479","01384025","0500000US48479","48479","Webb","Webb County","TX","Texas","06",8706239656,36502178
"2006","48","201","01383886","0500000US48201","48201","Harris","Harris County","TX","Texas","06",4421854725,181483397
"2007","48","165","01383868","0500000US48165","48165","Gaines","Gaines County","TX","Texas","06",3891102466,1262946
"2008","48","369","01383970","0500000US48369","48369","Parmer","Parmer County","TX","Texas","06",2281317977,11355762
"2009","13","063","01672399","0500000US13063","13063","Clayton","Clayton County","GA","Georgia","06",367009134,6914194
"2010","13","211","00346008","0500000US13211","13211","Morgan","Morgan County","GA","Georgia","06",899791082,18672325
"2011","17","159","00424281","0500000US17159","17159","Richland","Richland County","IL","Illinois","06",932484691,4874163
"2012","17","079","00424241","0500000US17079","17079","Jasper","Jasper County","IL","Illinois","06",1281043617,9334509
"2013","17","049","00424226","0500000US17049","17049","Effingham","Effingham County","IL","Illinois","06",1240005912,3174585
"2017","18","059","00450357","0500000US18059","18059","Hancock","Hancock County","IN","Indiana","06",792425271,2769690
"2018","48","147","01383859","0500000US48147","48147","Fannin","Fannin County","TX","Texas","06",2273850338,54247784
"2019","48","111","01383841","0500000US48111","48111","Dallam","Dallam County","TX","Texas","06",3893666619,4609040
"2020","50","019","01461766","0500000US50019","50019","Orleans","Orleans County","VT","Vermont","06",1798880704,71408888
"2021","13","005","00344784","0500000US13005","13005","Bacon","Bacon County","GA","Georgia","06",735776107,4500418
"2022","13","187","00357196","0500000US13187","13187","Lumpkin","Lumpkin County","GA","Georgia","06",732820611,3275560
"2023","18","099","00450372","0500000US18099","18099","Marshall","Marshall County","IN","Indiana","06",1148964732,15863826
"2033","33","003","00873175","0500000US33003","33003","Carroll","Carroll County","NH","New Hampshire","06",2413516774,159618928
"2034","33","019","00873183","0500000US33019","33019","Sullivan","Sullivan County","NH","New Hampshire","06",1393091317,36932078
"2037","26","073","01622979","0500000US26073","26073","Isabella","Isabella County","MI","Michigan","06",1483287228,12943517
"2047","42","039","01213666","0500000US42039","42039","Crawford","Crawford County","PA","Pennsylvania","06",2621988045,65390015
"2049","36","101","00974148","0500000US36101","36101","Steuben","Steuben County","NY","New York","06",3601403378,35034921
"2050","17","067","00424235","0500000US17067","17067","Hancock","Hancock County","IL","Illinois","06",2055798711,53563363
"2052","26","125","01623005","0500000US26125","26125","Oakland","Oakland County","MI","Michigan","06",2246553235,103179766
"2053","26","047","01622966","0500000US26047","26047","Emmet","Emmet County","MI","Michigan","06",1210937829,1073422144
"2054","17","179","01785094","0500000US17179","17179","Tazewell","Tazewell County","IL","Illinois","06",1674346575,29712323
"2059","42","015","01213660","0500000US42015","42015","Bradford","Bradford County","PA","Pennsylvania","06",2971688853,35331261
"2060","44","001","01219777","0500000US44001","44001","Bristol","Bristol County","RI","Rhode Island","06",62500773,53359134
"2061","45","033","01247993","0500000US45033","45033","Dillon","Dillon County","SC","South Carolina","06",1049143220,4515866
"2062","25","027","00606940","0500000US25027","25027","Worcester","Worcester County","MA","Massachusetts","06",3912636723,177350055
"2063","26","097","01622991","0500000US26097","26097","Mackinac","Mackinac County","MI","Michigan","06",2646654800,2793754478
"2066","26","035","01622960","0500000US26035","26035","Clare","Clare County","MI","Michigan","06",1461704502,28496223
"2069","39","143","01074084","0500000US39143","39143","Sandusky","Sandusky County","OH","Ohio","06",1057350441,24514231
"2070","22","023","00558488","0500000US22023","22023","Cameron","Cameron Parish","LA","Louisiana","15",3327199807,1688890170
"2071","26","083","01622984","0500000US26083","26083","Keweenaw","Keweenaw County","MI","Michigan","06",1398883240,14053673396
"2072","26","159","01623020","0500000US26159","26159","Van Buren","Van Buren County","MI","Michigan","06",1574177248,1248660328
"2073","26","149","01625034","0500000US26149","26149","St. Joseph","St. Joseph County","MI","Michigan","06",1296649452,52802551
"2075","17","085","00424244","0500000US17085","17085","Jo Daviess","Jo Daviess County","IL","Illinois","06",1556385358,45789931
"2080","22","027","00558505","0500000US22027","22027","Claiborne","Claiborne Parish","LA","Louisiana","15",1954908517,32473223
"2081","22","019","00558468","0500000US22019","22019","Calcasieu","Calcasieu Parish","LA","Louisiana","15",2755966342,77906134
"2082","24","021","01711211","0500000US24021","24021","Frederick","Frederick County","MD","Maryland","06",1711011017,17624710
"2083","26","153","01623017","0500000US26153","26153","Schoolcraft","Schoolcraft County","MI","Michigan","06",3035145673,1844210517
"2084","26","009","01622947","0500000US26009","26009","Antrim","Antrim County","MI","Michigan","06",1232002283,326537164
"2085","17","167","01785010","0500000US17167","17167","Sangamon","Sangamon County","IL","Illinois","06",2248704824,22747766
"2087","40","109","01101842","0500000US40109","40109","Oklahoma","Oklahoma County","OK","Oklahoma","06",1836043266,24713348
"2088","40","017","01101796","0500000US40017","40017","Canadian","Canadian County","OK","Oklahoma","06",2322112749,23146754
"2089","25","009","00606931","0500000US25009","25009","Essex","Essex County","MA","Massachusetts","06",1275604956,870173087
"2090","25","019","00606936","0500000US25019","25019","Nantucket","Nantucket County","MA","Massachusetts","06",119637317,666826385
"2091","36","073","00974135","0500000US36073","36073","Orleans","Orleans County","NY","New York","06",1013364725,1103744014
"2092","36","079","00974138","0500000US36079","36079","Putnam","Putnam County","NY","New York","06",596350119,41229629
"2096","17","133","01784865","0500000US17133","17133","Monroe","Monroe County","IL","Illinois","06",997924027,33755286
"2097","17","059","00424231","0500000US17059","17059","Gallatin","Gallatin County","IL","Illinois","06",836413648,13357002
"2098","40","015","01101795","0500000US40015","40015","Caddo","Caddo County","OK","Oklahoma","06",3309366434,32099077
"2099","01","011","00161531","0500000US01011","01011","Bullock","Bullock County","AL","Alabama","06",1613084322,6029813
"2101","36","081","00974139","0500000US36081","36081","Queens","Queens County","NY","New York","06",281594051,188444349
"2102","36","033","00974115","0500000US36033","36033","Franklin","Franklin County","NY","New York","06",4219857156,176622254
"2103","36","083","00974140","0500000US36083","36083","Rensselaer","Rensselaer County","NY","New York","06",1689861305,33524231
"2105","28","047","00695747","0500000US28047","28047","Harrison","Harrison County","MS","Mississippi","06",1485711451,1064620596
"2106","17","181","01785113","0500000US17181","17181","Union","Union County","IL","Illinois","06",1070731267,22540420
"2107","17","193","00424297","0500000US17193","17193","White","White County","IL","Illinois","06",1281999217,17833682
"2113","36","021","00974109","0500000US36021","36021","Columbia","Columbia County","NY","New York","06",1643770715,35071400
"2114","36","107","00974151","0500000US36107","36107","Tioga","Tioga County","NY","New York","06",1343600016,11044570
"2115","28","045","00711756","0500000US28045","28045","Hancock","Hancock County","MS","Mississippi","06",1227562871,204093898
"2116","28","153","00695797","0500000US28153","28153","Wayne","Wayne County","MS","Mississippi","06",2099745602,7255476
"2117","28","039","00695744","0500000US28039","28039","George","George County","MS","Mississippi","06",1239824223,12830813
"2118","17","101","00424252","0500000US17101","17101","Lawrence","Lawrence County","IL","Illinois","06",963938126,5076516
"2119","17","131","01784750","0500000US17131","17131","Mercer","Mercer County","IL","Illinois","06",1453604388,19411909
"2120","17","177","01785076","0500000US17177","17177","Stephenson","Stephenson County","IL","Illinois","06",1461392051,1350223
"2121","36","057","00974127","0500000US36057","36057","Montgomery","Montgomery County","NY","New York","06",1044052636,18613523
"2122","01","027","00161539","0500000US01027","01027","Clay","Clay County","AL","Alabama","06",1564255426,5281616
"2123","21","145","00516925","0500000US21145","21145","McCracken","McCracken County","KY","Kentucky","06",644352844,49601574
"2124","37","179","01008590","0500000US37179","37179","Union","Union County","NC","North Carolina","06",1638787125,17883271
"2125","29","119","00758518","0500000US29119","29119","McDonald","McDonald County","MO","Missouri","06",1397155461,520251
"2126","29","213","00758559","0500000US29213","29213","Taney","Taney County","MO","Missouri","06",1637553944,50101664
"2127","29","011","00758460","0500000US29011","29011","Barton","Barton County","MO","Missouri","06",1533351028,12152201
"2128","17","203","01785231","0500000US17203","17203","Woodford","Woodford County","IL","Illinois","06",1366366878,39858698
"2130","29","051","00758480","0500000US29051","29051","Cole","Cole County","MO","Missouri","06",1014062403,19148560
"2131","36","099","00974147","0500000US36099","36099","Seneca","Seneca County","NY","New York","06",838372771,172818533
"2132","21","117","00516905","0500000US21117","21117","Kenton","Kenton County","KY","Kentucky","06",415367448,10188508
"2133","37","011","01008536","0500000US37011","37011","Avery","Avery County","NC","North Carolina","06",640602137,445285
"2134","37","073","01026126","0500000US37073","37073","Gates","Gates County","NC","North Carolina","06",882181709,13292008
"2135","29","021","00758465","0500000US29021","29021","Buchanan","Buchanan County","MO","Missouri","06",1057361281,17942874
"2136","29","165","00758537","0500000US29165","29165","Platte","Platte County","MO","Missouri","06",1087335653,16896863
"2137","17","113","01784833","0500000US17113","17113","McLean","McLean County","IL","Illinois","06",3064597289,7804856
"2138","17","115","00424256","0500000US17115","17115","Macon","Macon County","IL","Illinois","06",1503613060,13477733
"2139","36","109","00974152","0500000US36109","36109","Tompkins","Tompkins County","NY","New York","06",1229321859,43780760
"2140","21","037","00516865","0500000US21037","21037","Campbell","Campbell County","KY","Kentucky","06",391916805,20943965
"2141","37","185","01008593","0500000US37185","37185","Warren","Warren County","NC","North Carolina","06",1112119289,38613740
"2143","39","135","01074080","0500000US39135","39135","Preble","Preble County","OH","Ohio","06",1098741137,6062721
"2144","29","147","00758528","0500000US29147","29147","Nodaway","Nodaway County","MO","Missouri","06",2271326611,2361588
"2145","29","111","00758510","0500000US29111","29111","Lewis","Lewis County","MO","Missouri","06",1307990186,14964046
"2146","29","097","00758503","0500000US29097","29097","Jasper","Jasper County","MO","Missouri","06",1653723328,7163884
"2148","21","041","00516867","0500000US21041","21041","Carroll","Carroll County","KY","Kentucky","06",333331353,22186044
"2149","48","085","01383828","0500000US48085","48085","Collin","Collin County","TX","Texas","06",2179124834,115254448
"2150","39","015","01074020","0500000US39015","39015","Brown","Brown County","OH","Ohio","06",1267911783,8879057
"2151","39","105","01074065","0500000US39105","39105","Meigs","Meigs County","OH","Ohio","06",1113957874,7519818
"2152","29","009","00758459","0500000US29009","29009","Barry","Barry County","MO","Missouri","06",2015326671,32912693
"2153","29","173","00758541","0500000US29173","29173","Ralls","Ralls County","MO","Missouri","06",1216759450,36364367
"2154","29","129","00758519","0500000US29129","29129","Mercer","Mercer County","MO","Missouri","06",1175427716,3302140
"2155","34","017","00882278","0500000US34017","34017","Hudson","Hudson County","NJ","New Jersey","06",119638045,41839269
"2156","18","171","00450400","0500000US18171","18171","Warren","Warren County","IN","Indiana","06",944543938,4442757
"2157","55","101","01581111","0500000US55101","55101","Racine","Racine County","WI","Wisconsin","06",861457778,1190182837
"2158","18","181","00450338","0500000US18181","18181","White","White County","IN","Indiana","06",1308307482,9165592
"2159","18","017","00450339","0500000US18017","18017","Cass","Cass County","IN","Indiana","06",1067448399,7002034
"2160","18","081","00450365","0500000US18081","18081","Johnson","Johnson County","IN","Indiana","06",829871094,3563561
"2161","39","111","01074068","0500000US39111","39111","Monroe","Monroe County","OH","Ohio","06",1180317743,4495411
"2162","39","029","01074027","0500000US39029","39029","Columbiana","Columbiana County","OH","Ohio","06",1377658468,7277033
"2167","17","019","00424211","0500000US17019","17019","Champaign","Champaign County","IL","Illinois","06",2579898012,6110542
"2169","18","039","00450348","0500000US18039","18039","Elkhart","Elkhart County","IN","Indiana","06",1199573658,12464379
"2170","18","067","00450360","0500000US18067","18067","Howard","Howard County","IN","Indiana","06",759058623,2194576
"2171","18","013","00451684","0500000US18013","18013","Brown","Brown County","IN","Indiana","06",808043847,12025990
"2172","18","109","00450375","0500000US18109","18109","Morgan","Morgan County","IN","Indiana","06",1045917300,14497513
"2173","18","003","00450402","0500000US18003","18003","Allen","Allen County","IN","Indiana","06",1702000549,7347952
"2174","18","169","00450399","0500000US18169","18169","Wabash","Wabash County","IN","Indiana","06",1068471084,21851089
"2175","39","093","01074059","0500000US39093","39093","Lorain","Lorain County","OH","Ohio","06",1270483156,1119495057
"2176","39","155","01074089","0500000US39155","39155","Trumbull","Trumbull County","OH","Ohio","06",1599552770,47777544
"2177","40","003","01101789","0500000US40003","40003","Alfalfa","Alfalfa County","OK","Oklahoma","06",2244392661,38546676
"2181","18","115","00450378","0500000US18115","18115","Ohio","Ohio County","IN","Indiana","06",223126824,3369528
"2182","18","177","00450336","0500000US18177","18177","Wayne","Wayne County","IN","Indiana","06",1040539369,6701882
"2183","18","135","00446853","0500000US18135","18135","Randolph","Randolph County","IN","Indiana","06",1171656770,2420288
"2184","18","137","00450385","0500000US18137","18137","Ripley","Ripley County","IN","Indiana","06",1156251882,4222327
"2185","18","023","00450342","0500000US18023","18023","Clinton","Clinton County","IN","Indiana","06",1049119187,461117
"2186","18","133","00450384","0500000US18133","18133","Putnam","Putnam County","IN","Indiana","06",1244583014,5588762
"2187","40","139","01101857","0500000US40139","40139","Texas","Texas County","OK","Oklahoma","06",5286923168,19169341
"2188","40","147","01101861","0500000US40147","40147","Washington","Washington County","OK","Oklahoma","06",1076201521,22871165
"2189","40","085","01101830","0500000US40085","40085","Love","Love County","OK","Oklahoma","06",1331031197,47500219
"2193","26","081","01622983","0500000US26081","26081","Kent","Kent County","MI","Michigan","06",2198722375,59597499
"2194","17","073","00424238","0500000US17073","17073","Henry","Henry County","IL","Illinois","06",2131719313,6804791
"2196","18","025","00451674","0500000US18025","18025","Crawford","Crawford County","IN","Indiana","06",791534795,8201106
"2197","18","119","00450379","0500000US18119","18119","Owen","Owen County","IN","Indiana","06",997909064,6568942
"2200","40","129","01101852","0500000US40129","40129","Roger Mills","Roger Mills County","OK","Oklahoma","06",2955524813,13688537
"2204","26","155","01623018","0500000US26155","26155","Shiawassee","Shiawassee County","MI","Michigan","06",1375198052,25833528
"2207","55","137","01581128","0500000US55137","55137","Waushara","Waushara County","WI","Wisconsin","06",1621749747,29096948
"2210","05","135","00069183","0500000US05135","05135","Sharp","Sharp County","AR","Arkansas","06",1566002724,5220542
"2211","21","023","00516858","0500000US21023","21023","Bracken","Bracken County","KY","Kentucky","06",524900457,16279752
"2212","25","007","00606930","0500000US25007","25007","Dukes","Dukes County","MA","Massachusetts","06",267292993,1004291415
"2213","25","003","00606928","0500000US25003","25003","Berkshire","Berkshire County","MA","Massachusetts","06",2400592147,50709767
"2214","17","137","00424270","0500000US17137","17137","Morgan","Morgan County","IL","Illinois","06",1473595808,9053547
"2215","05","035","00069162","0500000US05035","05035","Crittenden","Crittenden County","AR","Arkansas","06",1584585353,82932241
"2216","39","007","01074017","0500000US39007","39007","Ashtabula","Ashtabula County","OH","Ohio","06",1819252264,1724330055
"2219","05","055","00066857","0500000US05055","05055","Greene","Greene County","AR","Arkansas","06",1495304325,5273183
"2221","26","023","01622954","0500000US26023","26023","Branch","Branch County","MI","Michigan","06",1311597690,34428004
"2222","34","037","00882236","0500000US34037","34037","Sussex","Sussex County","NJ","New Jersey","06",1342879999,43881034
"2223","36","023","00974110","0500000US36023","36023","Cortland","Cortland County","NY","New York","06",1291817952,7110638
"2224","05","089","00069898","0500000US05089","05089","Marion","Marion County","AR","Arkansas","06",1545182806,112951239
"2225","42","105","01213684","0500000US42105","42105","Potter","Potter County","PA","Pennsylvania","06",2800422692,558970
"2226","42","085","01213678","0500000US42085","42085","Mercer","Mercer County","PA","Pennsylvania","06",1741866411,25964036
"2227","48","431","01384001","0500000US48431","48431","Sterling","Sterling County","TX","Texas","06",2391722770,167451
"2228","51","770","01498439","0500000US51770","51770","Roanoke","Roanoke city","VA","Virginia","25",110129888,855753
"2229","09","120","02830245","0500000US09120","09120","Greater Bridgeport","Greater Bridgeport Planning Region","CT","Connecticut","PL",363067866,253764138
"2230","12","011","00295753","0500000US12011","12011","Broward","Broward County","FL","Florida","06",3115495915,273317277
"2231","12","127","00306921","0500000US12127","12127","Volusia","Volusia County","FL","Florida","06",2851878125,858117923
"2232","36","097","00974146","0500000US36097","36097","Schuyler","Schuyler County","NY","New York","06",850405403,36246373
"2233","36","041","00974119","0500000US36041","36041","Hamilton","Hamilton County","NY","New York","06",4447989312,234204425
"2234","37","195","01008596","0500000US37195","37195","Wilson","Wilson County","NC","North Carolina","06",952012884,14332533
"2237","26","001","01622943","0500000US26001","26001","Alcona","Alcona County","MI","Michigan","06",1747349242,2890404966
"2238","51","011","01497238","0500000US51011","51011","Appomattox","Appomattox County","VA","Virginia","06",865635287,3206454
"2239","51","173","01500545","0500000US51173","51173","Smyth","Smyth County","VA","Virginia","06",1169221995,3289166
"2240","13","145","00326700","0500000US13145","13145","Harris","Harris County","GA","Georgia","06",1201282985,23668704
"2241","13","143","00350637","0500000US13143","13143","Haralson","Haralson County","GA","Georgia","06",730804597,2616531
"2242","13","083","00347465","0500000US13083","13083","Dade","Dade County","GA","Georgia","06",450855119,488463
"2243","37","003","01008532","0500000US37003","37003","Alexander","Alexander County","NC","North Carolina","06",673368516,9435656
"2244","37","189","01008594","0500000US37189","37189","Watauga","Watauga County","NC","North Carolina","06",809214845,2271720
"2245","28","075","00695761","0500000US28075","28075","Lauderdale","Lauderdale County","MS","Mississippi","06",1822511103,29727669
"2246","28","003","00711755","0500000US28003","28003","Alcorn","Alcorn County","MS","Mississippi","06",1036110409,3408033
"2247","28","011","00695730","0500000US28011","28011","Bolivar","Bolivar County","MS","Mississippi","06",2270141682,81446732
"2248","51","750","01498438","0500000US51750","51750","Radford","Radford city","VA","Virginia","25",25061729,858277
"2249","51","630","01498425","0500000US51630","51630","Fredericksburg","Fredericksburg city","VA","Virginia","25",27066498,178344
"2250","51","157","01673976","0500000US51157","51157","Rappahannock","Rappahannock County","VA","Virginia","06",689900923,2142396
"2251","51","670","01498428","0500000US51670","51670","Hopewell","Hopewell city","VA","Virginia","25",26817673,1228128
"2252","51","640","01498426","0500000US51640","51640","Galax","Galax city","VA","Virginia","25",21332077,105290
"2253","13","275","00343835","0500000US13275","13275","Thomas","Thomas County","GA","Georgia","06",1410592607,19645695
"2254","13","259","00347360","0500000US13259","13259","Stewart","Stewart County","GA","Georgia","06",1188198306,12553229
"2257","39","023","01074024","0500000US39023","39023","Clark","Clark County","OH","Ohio","06",1025322040,14608568
"2258","39","041","01074033","0500000US39041","39041","Delaware","Delaware County","OH","Ohio","06",1147743707,36698376
"2259","28","095","00695771","0500000US28095","28095","Monroe","Monroe County","MS","Mississippi","06",1981761824,17957023
"2261","55","053","01581086","0500000US55053","55053","Jackson","Jackson County","WI","Wisconsin","06",2558687748,32538319
"2262","55","015","01581067","0500000US55015","55015","Calumet","Calumet County","WI","Wisconsin","06",824263567,204161559
"2263","55","005","01581062","0500000US55005","55005","Barron","Barron County","WI","Wisconsin","06",2235299817,69176084
"2264","55","067","01581093","0500000US55067","55067","Langlade","Langlade County","WI","Wisconsin","06",2255076043,44299597
"2265","13","065","00351285","0500000US13065","13065","Clinch","Clinch County","GA","Georgia","06",2110841411,23291048
"2266","17","151","00424277","0500000US17151","17151","Pope","Pope County","IL","Illinois","06",955362039,14662240
"2267","17","023","00424213","0500000US17023","17023","Clark","Clark County","IL","Illinois","06",1298594815,8731439
"2268","39","109","01074067","0500000US39109","39109","Miami","Miami County","OH","Ohio","06",1053040432,7924793
"2269","39","159","01074091","0500000US39159","39159","Union","Union County","OH","Ohio","06",1118126415,13420716
"2270","39","019","01074022","0500000US39019","39019","Carroll","Carroll County","OH","Ohio","06",1022040905,11183048
"2271","47","075","01639753","0500000US47075","47075","Haywood","Haywood County","TN","Tennessee","06",1380741525,2472509
"2272","47","023","01639732","0500000US47023","47023","Chester","Chester County","TN","Tennessee","06",740053475,575590
"2273","26","091","01622988","0500000US26091","26091","Lenawee","Lenawee County","MI","Michigan","06",1941553493,30470229
"2274","26","151","01623016","0500000US26151","26151","Sanilac","Sanilac County","MI","Michigan","06",2493048507,1624879474
"2275","17","195","01785167","0500000US17195","17195","Whiteside","Whiteside County","IL","Illinois","06",1771808920,31883751
"2276","18","019","00450340","0500000US18019","18019","Clark","Clark County","IN","Indiana","06",964737729,10702951
"2277","40","083","01101829","0500000US40083","40083","Logan","Logan County","OK","Oklahoma","06",1926268078,13203700
"2278","40","091","01101836","0500000US40091","40091","McIntosh","McIntosh County","OK","Oklahoma","06",1601364434,242862429
"2279","47","101","01639765","0500000US47101","47101","Lewis","Lewis County","TN","Tennessee","06",730614741,1024940
"2280","47","133","01639780","0500000US47133","47133","Overton","Overton County","TN","Tennessee","06",1122727661,3486591
"2281","26","031","01622958","0500000US26031","26031","Cheboygan","Cheboygan County","MI","Michigan","06",1852563996,440607444
"2282","26","069","01622977","0500000US26069","26069","Iosco","Iosco County","MI","Michigan","06",1423138614,3472103967
"2283","18","153","00450391","0500000US18153","18153","Sullivan","Sullivan County","IN","Indiana","06",1158231909,17922659
"2284","18","077","00450363","0500000US18077","18077","Jefferson","Jefferson County","IN","Indiana","06",934205477,5991420
"2285","18","127","00450382","0500000US18127","18127","Porter","Porter County","IN","Indiana","06",1082907705,268619697
"2286","40","107","01101841","0500000US40107","40107","Okfuskee","Okfuskee County","OK","Oklahoma","06",1601800030,26649343
"2287","40","043","01101809","0500000US40043","40043","Dewey","Dewey County","OK","Oklahoma","06",2589024034,22668882
"2288","48","209","01383890","0500000US48209","48209","Hays","Hays County","TX","Texas","06",1753038663,5043723
"2289","48","121","01383847","0500000US48121","48121","Denton","Denton County","TX","Texas","06",2275952556,188838351
"2290","48","303","01383937","0500000US48303","48303","Lubbock","Lubbock County","TX","Texas","06",2319604088,13204477
"2291","48","399","01383985","0500000US48399","48399","Runnels","Runnels County","TX","Texas","06",2722259321,15604788
"2293","28","005","00695727","0500000US28005","28005","Amite","Amite County","MS","Mississippi","06",1890950868,3877823
"2294","18","075","00450362","0500000US18075","18075","Jay","Jay County","IN","Indiana","06",994310124,458556
"2295","18","163","00450396","0500000US18163","18163","Vanderburgh","Vanderburgh County","IN","Indiana","06",604507313,8954961
"2296","18","155","00450392","0500000US18155","18155","Switzerland","Switzerland County","IN","Indiana","06",571526245,7531844
"2298","42","077","01209182","0500000US42077","42077","Lehigh","Lehigh County","PA","Pennsylvania","06",894414857,7450564
"2299","48","259","01383915","0500000US48259","48259","Kendall","Kendall County","TX","Texas","06",1715747611,1496797
"2300","48","325","01383948","0500000US48325","48325","Medina","Medina County","TX","Texas","06",3432669702,23756267
"2301","48","249","01383910","0500000US48249","48249","Jim Wells","Jim Wells County","TX","Texas","06",2240795374,8723372
"2302","48","193","01383882","0500000US48193","48193","Hamilton","Hamilton County","TX","Texas","06",2165008743,1238628
"2303","28","027","00695738","0500000US28027","28027","Coahoma","Coahoma County","MS","Mississippi","06",1432526490,77525442
"2304","28","147","00695794","0500000US28147","28147","Walthall","Walthall County","MS","Mississippi","06",1046169275,1236552
"2305","29","153","00758531","0500000US29153","29153","Ozark","Ozark County","MO","Missouri","06",1929557613,26607427
"2306","26","139","01623012","0500000US26139","26139","Ottawa","Ottawa County","MI","Michigan","06",1459508865,2765824532
"2307","26","093","01622989","0500000US26093","26093","Livingston","Livingston County","MI","Michigan","06",1464078927,52115360
"2308","17","095","00424249","0500000US17095","17095","Knox","Knox County","IL","Illinois","06",1855351748,8914499
"2309","42","069","01213675","0500000US42069","42069","Lackawanna","Lackawanna County","PA","Pennsylvania","06",1188509486,15908159
"2310","42","093","01213681","0500000US42093","42093","Montour","Montour County","PA","Pennsylvania","06",337556585,5174320
"2312","48","293","01383932","0500000US48293","48293","Limestone","Limestone County","TX","Texas","06",2345053181,71830221
"2313","48","191","01383881","0500000US48191","48191","Hall","Hall County","TX","Texas","06",2288233614,53366403
"2314","48","305","01383938","0500000US48305","48305","Lynn","Lynn County","TX","Texas","06",2309924808,4169718
"2315","48","107","01383839","0500000US48107","48107","Crosby","Crosby County","TX","Texas","06",2331503444,3873557
"2316","48","137","01383854","0500000US48137","48137","Edwards","Edwards County","TX","Texas","06",5485263220,5196312
"2320","26","101","01622993","0500000US26101","26101","Manistee","Manistee County","MI","Michigan","06",1404616368,1912438857
"2322","26","161","01623021","0500000US26161","26161","Washtenaw","Washtenaw County","MI","Michigan","06",1828539923,42523115
"2328","01","037","00161544","0500000US01037","01037","Coosa","Coosa County","AL","Alabama","06",1685846963,39991153
"2329","22","009","00558424","0500000US22009","22009","Avoyelles","Avoyelles Parish","LA","Louisiana","15",2153219962,88761321
"2331","34","029","00882279","0500000US34029","34029","Ocean","Ocean County","NJ","New Jersey","06",1627264184,742150453
"2332","17","011","00424207","0500000US17011","17011","Bureau","Bureau County","IL","Illinois","06",2250884560,11523903
"2337","01","133","00161592","0500000US01133","01133","Winston","Winston County","AL","Alabama","06",1587660956,48870378
"2338","24","510","01702381","0500000US24510","24510","Baltimore","Baltimore city","MD","Maryland","25",209649328,28758743
"2339","48","027","01383799","0500000US48027","48027","Bell","Bell County","TX","Texas","06",2729423360,94370432
"2340","48","021","01383796","0500000US48021","48021","Bastrop","Bastrop County","TX","Texas","06",2300500051,19009784
"2341","48","441","01384006","0500000US48441","48441","Taylor","Taylor County","TX","Texas","06",2371228265,9760311
"2343","39","149","01074087","0500000US39149","39149","Shelby","Shelby County","OH","Ohio","06",1055922235,7802978
"2346","21","083","00516888","0500000US21083","21083","Graves","Graves County","KY","Kentucky","06",1429043468,13029522
"2349","12","061","00307624","0500000US12061","12061","Indian River","Indian River County","FL","Florida","06",1301606834,295447715
"2350","37","041","01025822","0500000US37041","37041","Chowan","Chowan County","NC","North Carolina","06",447179939,157966156
"2351","39","075","01074050","0500000US39075","39075","Holmes","Holmes County","OH","Ohio","06",1094566305,3694365
"2352","26","095","01622990","0500000US26095","26095","Luce","Luce County","MI","Michigan","06",2328593560,2624711552
"2355","28","099","00695772","0500000US28099","28099","Neshoba","Neshoba County","MS","Mississippi","06",1476641121,3830971
"2356","01","045","00161548","0500000US01045","01045","Dale","Dale County","AL","Alabama","06",1453276164,4051341
"2357","40","071","01101823","0500000US40071","40071","Kay","Kay County","OK","Oklahoma","06",2381778878,65545215
"2358","12","091","00306915","0500000US12091","12091","Okaloosa","Okaloosa County","FL","Florida","06",2408237041,820672838
"2359","13","099","00345041","0500000US13099","13099","Early","Early County","GA","Georgia","06",1327626624,9702714
"2360","37","143","01025841","0500000US37143","37143","Perquimans","Perquimans County","NC","North Carolina","06",640173980,211755191
"2363","28","009","00695729","0500000US28009","28009","Benton","Benton County","MS","Mississippi","06",1053131424,5279184
"2364","29","085","00758497","0500000US29085","29085","Hickory","Hickory County","MO","Missouri","06",1032908448,33454640
"2365","29","065","00758487","0500000US29065","29065","Dent","Dent County","MO","Missouri","06",1949641179,4518781
"2369","21","019","00516856","0500000US21019","21019","Boyd","Boyd County","KY","Kentucky","06",414051773,5571590
"2371","23","005","00581288","0500000US23005","23005","Cumberland","Cumberland County","ME","Maine","06",2165743897,987468030
"2372","13","101","00348092","0500000US13101","13101","Echols","Echols County","GA","Georgia","06",1088849470,809587
"2373","13","239","00350547","0500000US13239","13239","Quitman","Quitman County","GA","Georgia","06",391703077,24158295
"2374","39","087","01074056","0500000US39087","39087","Lawrence","Lawrence County","OH","Ohio","06",1174282179,10029914
"2375","39","053","01074039","0500000US39053","39053","Gallia","Gallia County","OH","Ohio","06",1208305869,12087309
"2376","39","039","01074032","0500000US39039","39039","Defiance","Defiance County","OH","Ohio","06",1065623073,7100811
"2379","55","131","01581125","0500000US55131","55131","Washington","Washington County","WI","Wisconsin","06",1115362169,12999404
"2380","55","077","01581098","0500000US55077","55077","Marquette","Marquette County","WI","Wisconsin","06",1180290400,22667821
"2381","48","291","01383931","0500000US48291","48291","Liberty","Liberty County","TX","Texas","06",3000401682,46340279
"2382","37","025","01008540","0500000US37025","37025","Cabarrus","Cabarrus County","NC","North Carolina","06",935587423,6985702
"2383","13","111","00351094","0500000US13111","13111","Fannin","Fannin County","GA","Georgia","06",1002600783,13470320
"2384","13","115","00353665","0500000US13115","13115","Floyd","Floyd County","GA","Georgia","06",1320461793,22356808
"2386","40","025","01101800","0500000US40025","40025","Cimarron","Cimarron County","OK","Oklahoma","06",4752131820,15923999
"2389","42","083","01210235","0500000US42083","42083","McKean","McKean County","PA","Pennsylvania","06",2537396734,13033864
"2390","54","105","01678877","0500000US54105","54105","Wirt","Wirt County","WV","West Virginia","06",602201076,5839709
"2391","55","097","01581109","0500000US55097","55097","Portage","Portage County","WI","Wisconsin","06",2074252978,56835086
"2392","55","047","01581083","0500000US55047","55047","Green Lake","Green Lake County","WI","Wisconsin","06",905306376,79211051
"2393","40","123","01101849","0500000US40123","40123","Pontotoc","Pontotoc County","OK","Oklahoma","06",1865705452,12725534
"2394","40","097","01101833","0500000US40097","40097","Mayes","Mayes County","OK","Oklahoma","06",1697286678,73073740
"2399","28","085","00695766","0500000US28085","28085","Lincoln","Lincoln County","MS","Mississippi","06",1518269754,5291052
"2400","42","115","01213688","0500000US42115","42115","Susquehanna","Susquehanna County","PA","Pennsylvania","06",2132840100,22389171
"2402","47","109","01639774","0500000US47109","47109","McNairy","McNairy County","TN","Tennessee","06",1457761041,1987307
"2403","47","027","01648573","0500000US47027","47027","Clay","Clay County","TN","Tennessee","06",612608183,59089285
"2404","55","107","01581114","0500000US55107","55107","Rusk","Rusk County","WI","Wisconsin","06",2365981757,44924197
"2405","55","021","01581070","0500000US55021","55021","Columbia","Columbia County","WI","Wisconsin","06",1982894138,78697071
"2406","40","149","01101862","0500000US40149","40149","Washita","Washita County","OK","Oklahoma","06",2597989577,14579003
"2407","40","131","01101853","0500000US40131","40131","Rogers","Rogers County","OK","Oklahoma","06",1750176499,92946097
"2408","40","127","01101851","0500000US40127","40127","Pushmataha","Pushmataha County","OK","Oklahoma","06",3614431958,69989390
"2409","28","079","00695763","0500000US28079","28079","Leake","Leake County","MS","Mississippi","06",1509697192,6376466
"2410","28","105","00695775","0500000US28105","28105","Oktibbeha","Oktibbeha County","MS","Mississippi","06",1186834308,9566078
"2411","28","067","00695757","0500000US28067","28067","Jones","Jones County","MS","Mississippi","06",1799639019,12681687
"2412","28","135","00695788","0500000US28135","28135","Tallahatchie","Tallahatchie County","MS","Mississippi","06",1672069540,16969517
"2413","05","119","00069177","0500000US05119","05119","Pulaski","Pulaski County","AR","Arkansas","06",1964166348,126982682
"2414","55","103","01581112","0500000US55103","55103","Richland","Richland County","WI","Wisconsin","06",1518120286,8153422
"2415","55","135","01581127","0500000US55135","55135","Waupaca","Waupaca County","WI","Wisconsin","06",1936538048,45253543
"2416","55","087","01581104","0500000US55087","55087","Outagamie","Outagamie County","WI","Wisconsin","06",1651266091,18260943
"2417","40","153","01101864","0500000US40153","40153","Woodward","Woodward County","OK","Oklahoma","06",3218801189,9693573
"2418","40","069","01101822","0500000US40069","40069","Johnston","Johnston County","OK","Oklahoma","06",1665492483,39645099
"2419","42","075","01214034","0500000US42075","42075","Lebanon","Lebanon County","PA","Pennsylvania","06",937148928,1722125
"2420","28","115","00695803","0500000US28115","28115","Pontotoc","Pontotoc County","MS","Mississippi","06",1289330915,8308394
"2421","28","123","00695782","0500000US28123","28123","Scott","Scott County","MS","Mississippi","06",1577902084,3001523
"2422","28","159","00695800","0500000US28159","28159","Winston","Winston County","MS","Mississippi","06",1572773192,7341897
"2423","28","043","00695746","0500000US28043","28043","Grenada","Grenada County","MS","Mississippi","06",1093291104,70659566
"2424","48","197","01383884","0500000US48197","48197","Hardeman","Hardeman County","TX","Texas","06",1800337386,4548860
"2425","48","483","01384027","0500000US48483","48483","Wheeler","Wheeler County","TX","Texas","06",2368629233,2455912
"2426","48","017","01383794","0500000US48017","48017","Bailey","Bailey County","TX","Texas","06",2141847189,1775275
"2427","47","175","01648584","0500000US47175","47175","Van Buren","Van Buren County","TN","Tennessee","06",708142395,2893456
"2428","48","439","01384005","0500000US48439","48439","Tarrant","Tarrant County","TX","Texas","06",2241282649,99486023
"2429","42","021","01213662","0500000US42021","42021","Cambria","Cambria County","PA","Pennsylvania","06",1781816295,13645124
"2430","42","081","01213677","0500000US42081","42081","Lycoming","Lycoming County","PA","Pennsylvania","06",3182887151,38917209
"2431","28","019","00695734","0500000US28019","28019","Choctaw","Choctaw County","MS","Mississippi","06",1083125336,4295085
"2432","29","101","00758505","0500000US29101","29101","Johnson","Johnson County","MO","Missouri","06",2147779483,10177071
"2433","29","203","00758554","0500000US29203","29203","Shannon","Shannon County","MO","Missouri","06",2599881424,464012
"2434","48","485","01384028","0500000US48485","48485","Wichita","Wichita County","TX","Texas","06",1625458205,13645957
"2436","51","099","01480137","0500000US51099","51099","King George","King George County","VA","Virginia","06",465234037,21087162
"2437","48","307","01383945","0500000US48307","48307","McCulloch","McCulloch County","TX","Texas","06",2759893532,20286193
"2438","48","177","01383874","0500000US48177","48177","Gonzales","Gonzales County","TX","Texas","06",2762704899,8204086
"2439","48","221","01383896","0500000US48221","48221","Hood","Hood County","TX","Texas","06",1089711889,41748777
"2440","42","065","01213674","0500000US42065","42065","Jefferson","Jefferson County","PA","Pennsylvania","06",1689811408,11294609
"2441","42","009","01209171","0500000US42009","42009","Bedford","Bedford County","PA","Pennsylvania","06",2621037920,11998904
"2442","29","073","00758491","0500000US29073","29073","Gasconade","Gasconade County","MO","Missouri","06",1344216318,18008168
"2443","29","109","00758509","0500000US29109","29109","Lawrence","Lawrence County","MO","Missouri","06",1584432304,4208314
"2444","29","079","00758494","0500000US29079","29079","Grundy","Grundy County","MO","Missouri","06",1127403257,7116081
"2445","29","215","00758560","0500000US29215","29215","Texas","Texas County","MO","Missouri","06",3049106816,5071079
"2446","51","089","01502770","0500000US51089","51089","Henry","Henry County","VA","Virginia","06",990284625,5269785
"2447","48","501","01384036","0500000US48501","48501","Yoakum","Yoakum County","TX","Texas","06",2071252477,34329
"2448","48","227","01383899","0500000US48227","48227","Howard","Howard County","TX","Texas","06",2333034781,8846149
"2449","48","099","01383835","0500000US48099","48099","Coryell","Coryell County","TX","Texas","06",2725307440,11833644
"2450","48","451","01384011","0500000US48451","48451","Tom Green","Tom Green County","TX","Texas","06",3942790948,47251782
"2451","48","149","01383860","0500000US48149","48149","Fayette","Fayette County","TX","Texas","06",2460316915,25574662
"2452","48","447","01384009","0500000US48447","48447","Throckmorton","Throckmorton County","TX","Texas","06",2363499444,7586186
"2453","48","009","01383790","0500000US48009","48009","Archer","Archer County","TX","Texas","06",2339508193,57767719
"2454","42","109","01213686","0500000US42109","42109","Snyder","Snyder County","PA","Pennsylvania","06",851547198,7158854
"2455","42","131","01209192","0500000US42131","42131","Wyoming","Wyoming County","PA","Pennsylvania","06",1028894328,20019505
"2456","29","175","00758542","0500000US29175","29175","Randolph","Randolph County","MO","Missouri","06",1250220621,13254192
"2457","29","117","00758513","0500000US29117","29117","Livingston","Livingston County","MO","Missouri","06",1378657549,16187907
"2458","29","125","00758516","0500000US29125","29125","Maries","Maries County","MO","Missouri","06",1364873607,7632374
"2459","29","205","00758555","0500000US29205","29205","Shelby","Shelby County","MO","Missouri","06",1297230223,3764606
"2460","51","077","01501196","0500000US51077","51077","Grayson","Grayson County","VA","Virginia","06",1144218745,9792930
"2462","48","013","01383792","0500000US48013","48013","Atascosa","Atascosa County","TX","Texas","06",3158599705,4992623
"2463","48","143","01383857","0500000US48143","48143","Erath","Erath County","TX","Texas","06",2805419712,17166727
"2464","48","375","01383973","0500000US48375","48375","Potter","Potter County","TX","Texas","06",2352725840,35182976
"2465","48","341","01383956","0500000US48341","48341","Moore","Moore County","TX","Texas","06",2330207190,25699789
"2466","48","233","01383902","0500000US48233","48233","Hutchinson","Hutchinson County","TX","Texas","06",2298418616,19497034
"2467","48","319","01383942","0500000US48319","48319","Mason","Mason County","TX","Texas","06",2405674102,8755301
"2468","45","011","01247983","0500000US45011","45011","Barnwell","Barnwell County","SC","South Carolina","06",1420305102,22997961
"2469","29","057","00758483","0500000US29057","29057","Dade","Dade County","MO","Missouri","06",1269120978,42072597
"2470","29","185","00758547","0500000US29185","29185","St. Clair","St. Clair County","MO","Missouri","06",1748193268,70137863
"2471","29","199","00758552","0500000US29199","29199","Scotland","Scotland County","MO","Missouri","06",1130548363,7217862
"2475","48","019","01383795","0500000US48019","48019","Bandera","Bandera County","TX","Texas","06",2048663908,17291422
"2476","48","279","01383926","0500000US48279","48279","Lamb","Lamb County","TX","Texas","06",2631897586,3973764
"2477","48","175","01383873","0500000US48175","48175","Goliad","Goliad County","TX","Texas","06",2206698612,19050015
"2478","48","023","01383797","0500000US48023","48023","Baylor","Baylor County","TX","Texas","06",2246764590,86991035
"2479","48","317","01383941","0500000US48317","48317","Martin","Martin County","TX","Texas","06",2369724588,1931832
"2480","45","081","01248016","0500000US45081","45081","Saluda","Saluda County","SC","South Carolina","06",1173694743,22987429
"2481","45","023","01247988","0500000US45023","45023","Chester","Chester County","SC","South Carolina","06",1504432381,14514845
"2486","54","053","01560254","0500000US54053","54053","Mason","Mason County","WV","West Virginia","06",1115683500,36124377
"2487","55","079","01581100","0500000US55079","55079","Milwaukee","Milwaukee County","WI","Wisconsin","06",625371986,2455452227
"2488","48","275","01383923","0500000US48275","48275","Knox","Knox County","TX","Texas","06",2203098613,12587673
"2489","48","425","01383998","0500000US48425","48425","Somervell","Somervell County","TX","Texas","06",482274684,14205924
"2490","48","163","01383867","0500000US48163","48163","Frio","Frio County","TX","Texas","06",2935753502,2193621
"2491","48","313","01383939","0500000US48313","48313","Madison","Madison County","TX","Texas","06",1207103458,16493254
"2492","48","411","01383991","0500000US48411","48411","San Saba","San Saba County","TX","Texas","06",2940447162,8300211
"2493","48","263","01383917","0500000US48263","48263","Kent","Kent County","TX","Texas","06",2337482031,1065195
"2502","55","063","01581091","0500000US55063","55063","La Crosse","La Crosse County","WI","Wisconsin","06",1170164969,73160503
"2503","55","123","01581121","0500000US55123","55123","Vernon","Vernon County","WI","Wisconsin","06",2050138651,64286576
"2504","48","075","01383823","0500000US48075","48075","Childress","Childress County","TX","Texas","06",1803954628,44560655
"2505","48","433","01384002","0500000US48433","48433","Stonewall","Stonewall County","TX","Texas","06",2373238700,10177387
"2514","05","111","00069174","0500000US05111","05111","Poinsett","Poinsett County","AR","Arkansas","06",1963975401,13892744
"2515","05","141","00069904","0500000US05141","05141","Van Buren","Van Buren County","AR","Arkansas","06",1837779987,37206288
"2516","05","079","00066873","0500000US05079","05079","Lincoln","Lincoln County","AR","Arkansas","06",1449008946,26693606
"2517","48","109","01383840","0500000US48109","48109","Culberson","Culberson County","TX","Texas","06",9873439555,556134
"2518","48","413","01383992","0500000US48413","48413","Schleicher","Schleicher County","TX","Texas","06",3394546068,87401
"2520","39","011","01074019","0500000US39011","39011","Auglaize","Auglaize County","OH","Ohio","06",1039590222,1339586
"2521","39","045","01074035","0500000US39045","39045","Fairfield","Fairfield County","OH","Ohio","06",1306299932,10869534
"2523","47","039","01639739","0500000US47039","47039","Decatur","Decatur County","TN","Tennessee","06",864741777,28501002
"2524","21","237","00516965","0500000US21237","21237","Wolfe","Wolfe County","KY","Kentucky","06",575390049,1534248
"2525","21","153","00516920","0500000US21153","21153","Magoffin","Magoffin County","KY","Kentucky","06",798864848,1848998
"2529","48","011","01383791","0500000US48011","48011","Armstrong","Armstrong County","TX","Texas","06",2354617584,12183672
"2530","48","095","01383833","0500000US48095","48095","Concho","Concho County","TX","Texas","06",2547914005,25740025
"2532","51","121","01674630","0500000US51121","51121","Montgomery","Montgomery County","VA","Virginia","06",1001932837,6278532
"2533","39","151","01065576","0500000US39151","39151","Stark","Stark County","OH","Ohio","06",1489777071,13614724
"2534","39","071","01074048","0500000US39071","39071","Highland","Highland County","OH","Ohio","06",1432479978,12194983
"2535","39","063","01074044","0500000US39063","39063","Hancock","Hancock County","OH","Ohio","06",1376122055,6024245
"2536","21","223","00516958","0500000US21223","21223","Trimble","Trimble County","KY","Kentucky","06",382724385,21257028
"2537","21","103","00516898","0500000US21103","21103","Henry","Henry County","KY","Kentucky","06",741386891,12616183
"2538","22","045","00558576","0500000US22045","22045","Iberia","Iberia Parish","LA","Louisiana","15",1488569313,1205961184
"2539","22","073","00558114","0500000US22073","22073","Ouachita","Ouachita Parish","LA","Louisiana","15",1580797958,55327711
"2543","51","683","01498430","0500000US51683","51683","Manassas","Manassas city","VA","Virginia","25",25493247,146287
"2544","51","049","01494109","0500000US51049","51049","Cumberland","Cumberland County","VA","Virginia","06",770454313,5917833
"2545","51","540","01789068","0500000US51540","51540","Charlottesville","Charlottesville city","VA","Virginia","25",26535237,46120
"2546","39","069","01074047","0500000US39069","39069","Henry","Henry County","OH","Ohio","06",1077469003,9680060
"2547","39","083","01074054","0500000US39083","39083","Knox","Knox County","OH","Ohio","06",1361036421,10721050
"2548","39","101","01074063","0500000US39101","39101","Marion","Marion County","OH","Ohio","06",1045855309,908577
"2549","39","117","01074071","0500000US39117","39117","Morrow","Morrow County","OH","Ohio","06",1051881045,2819351
"2550","39","055","01074040","0500000US39055","39055","Geauga","Geauga County","OH","Ohio","06",1037107805,20701156
"2551","22","121","00559570","0500000US22121","22121","West Baton Rouge","West Baton Rouge Parish","LA","Louisiana","15",498174685,29604698
"2552","23","011","00581291","0500000US23011","23011","Kennebec","Kennebec County","ME","Maine","06",2246739232,216791392
"2556","51","036","01480109","0500000US51036","51036","Charles City","Charles City County","VA","Virginia","06",473711550,55274680
"2557","51","045","01673664","0500000US51045","51045","Craig","Craig County","VA","Virginia","06",849770441,2793174
"2558","51","595","01498422","0500000US51595","51595","Emporia","Emporia city","VA","Virginia","25",17168108,124634
"2559","51","600","01789070","0500000US51600","51600","Fairfax","Fairfax city","VA","Virginia","25",16163924,84155
"2560","51","678","01789071","0500000US51678","51678","Lexington","Lexington city","VA","Virginia","25",6473000,67783
"2561","39","097","01074061","0500000US39097","39097","Madison","Madison County","OH","Ohio","06",1208715706,2129636
"2562","39","005","01074016","0500000US39005","39005","Ashland","Ashland County","OH","Ohio","06",1095528191,9969109
"2563","39","031","01074028","0500000US39031","39031","Coshocton","Coshocton County","OH","Ohio","06",1460521588,9127208
"2564","39","047","01074036","0500000US39047","39047","Fayette","Fayette County","OH","Ohio","06",1052469885,1694038
"2565","26","123","01623004","0500000US26123","26123","Newaygo","Newaygo County","MI","Michigan","06",2172706357,59083043
"2566","26","107","01622996","0500000US26107","26107","Mecosta","Mecosta County","MI","Michigan","06",1437843579,41665709
"2567","26","057","01622971","0500000US26057","26057","Gratiot","Gratiot County","MI","Michigan","06",1472105381,8362680
"2568","26","037","01622961","0500000US26037","26037","Clinton","Clinton County","MI","Michigan","06",1469427626,18687990
"2569","36","117","00974156","0500000US36117","36117","Wayne","Wayne County","NY","New York","06",1563913374,2018184725
"2570","36","089","00977309","0500000US36089","36089","St. Lawrence","St. Lawrence County","NY","New York","06",6939939685,366960962
"2571","51","580","01789069","0500000US51580","51580","Covington","Covington city","VA","Virginia","25",14163840,521492
"2572","51","720","01498434","0500000US51720","51720","Norton","Norton city","VA","Virginia","25",19366553,88961
"2573","54","049","01718173","0500000US54049","54049","Marion","Marion County","WV","West Virginia","06",799749350,7079303
"2574","40","103","01101839","0500000US40103","40103","Noble","Noble County","OK","Oklahoma","06",1895126491,28100441
"2575","40","055","01101815","0500000US40055","40055","Greer","Greer County","OK","Oklahoma","06",1655740226,11148547
"2576","26","133","01623009","0500000US26133","26133","Osceola","Osceola County","MI","Michigan","06",1466674408,17425113
"2577","26","039","01622962","0500000US26039","26039","Crawford","Crawford County","MI","Michigan","06",1441108448,17887265
"2579","37","181","01008591","0500000US37181","37181","Vance","Vance County","NC","North Carolina","06",653701482,42190675
"2580","37","157","01008582","0500000US37157","37157","Rockingham","Rockingham County","NC","North Carolina","06",1465006557,18434917
"2583","54","101","01550057","0500000US54101","54101","Webster","Webster County","WV","West Virginia","06",1433479488,7146543
"2584","54","079","01550046","0500000US54079","54079","Putnam","Putnam County","WV","West Virginia","06",895299121,12230139
"2585","40","051","01101813","0500000US40051","40051","Grady","Grady County","OK","Oklahoma","06",2850386656,11374380
"2590","39","025","01074025","0500000US39025","39025","Clermont","Clermont County","OH","Ohio","06",1172125416,19874908
"2591","39","037","01074031","0500000US39037","39037","Darke","Darke County","OH","Ohio","06",1549077539,4244898
"2592","40","053","01101814","0500000US40053","40053","Grant","Grant County","OK","Oklahoma","06",2591904430,7042653
"2594","47","111","01639768","0500000US47111","47111","Macon","Macon County","TN","Tennessee","06",795498343,246690
"2595","48","421","01383996","0500000US48421","48421","Sherman","Sherman County","TX","Texas","06",2390195607,425429
"2600","36","085","00974141","0500000US36085","36085","Richmond","Richmond County","NY","New York","06",148982679,117441532
"2601","01","123","00161587","0500000US01123","01123","Tallapoosa","Tallapoosa County","AL","Alabama","06",1855807728,128781251
"2602","18","021","00450341","0500000US18021","18021","Clay","Clay County","IN","Indiana","06",926180651,7047383
"2605","21","057","00516875","0500000US21057","21057","Cumberland","Cumberland County","KY","Kentucky","06",790326358,14920717
"2606","26","111","01622998","0500000US26111","26111","Midland","Midland County","MI","Michigan","06",1342738431,24953314
"2607","12","051","00307626","0500000US12051","12051","Hendry","Hendry County","FL","Florida","06",2993896405,86578552
"2608","13","297","00351264","0500000US13297","13297","Walton","Walton County","GA","Georgia","06",846460828,8234411
"2609","13","263","00326757","0500000US13263","13263","Talbot","Talbot County","GA","Georgia","06",1013662779,8766848
"2610","13","277","00344090","0500000US13277","13277","Tift","Tift County","GA","Georgia","06",675702322,20458292
"2611","48","365","01383968","0500000US48365","48365","Panola","Panola County","TX","Texas","06",2101400902,25810623
"2612","47","047","01639742","0500000US47047","47047","Fayette","Fayette County","TN","Tennessee","06",1823673514,3692989
"2613","37","005","01008533","0500000US37005","37005","Alleghany","Alleghany County","NC","North Carolina","06",608220278,3687222
"2619","17","051","00424227","0500000US17051","17051","Fayette","Fayette County","IL","Illinois","06",1855578066,22920396
"2620","51","071","01494551","0500000US51071","51071","Giles","Giles County","VA","Virginia","06",925207240,11232364
"2621","51","710","01498557","0500000US51710","51710","Norfolk","Norfolk city","VA","Virginia","25",137981434,111701531
"2622","29","105","00758507","0500000US29105","29105","Laclede","Laclede County","MO","Missouri","06",1980373786,8720826
"2623","50","013","01461763","0500000US50013","50013","Grand Isle","Grand Isle County","VT","Vermont","06",211782349,288954848
"2624","28","073","00695760","0500000US28073","28073","Lamar","Lamar County","MS","Mississippi","06",1286109795,8871408
"2625","05","065","00066860","0500000US05065","05065","Izard","Izard County","AR","Arkansas","06",1502713748,9576574
"2627","17","147","00424275","0500000US17147","17147","Piatt","Piatt County","IL","Illinois","06",1137492089,754122
"2628","17","103","00424253","0500000US17103","17103","Lee","Lee County","IL","Illinois","06",1877142077,9779872
"2629","17","171","00424286","0500000US17171","17171","Scott","Scott County","IL","Illinois","06",649542038,4814547
"2630","55","105","01581113","0500000US55105","55105","Rock","Rock County","WI","Wisconsin","06",1860046361,20694407
"2632","42","119","01213689","0500000US42119","42119","Union","Union County","PA","Pennsylvania","06",818323669,4611409
"2634","55","139","01581129","0500000US55139","55139","Winnebago","Winnebago County","WI","Wisconsin","06",1125861149,372630326
"2635","55","019","01581069","0500000US55019","55019","Clark","Clark County","WI","Wisconsin","06",3133102386,23238613
"2636","13","159","00346144","0500000US13159","13159","Jasper","Jasper County","GA","Georgia","06",954167639,13100767
"2637","17","165","00424283","0500000US17165","17165","Saline","Saline County","IL","Illinois","06",984184202,17965099
"2638","18","031","00450345","0500000US18031","18031","Decatur","Decatur County","IN","Indiana","06",964946131,1955432
"2640","17","009","00424206","0500000US17009","17009","Brown","Brown County","IL","Illinois","06",791828625,4144346
"2641","18","097","00450371","0500000US18097","18097","Marion","Marion County","IN","Indiana","06",1025624693,18162959
"2642","42","047","01213668","0500000US42047","42047","Elk","Elk County","PA","Pennsylvania","06",2141664026,12792134
"2643","26","085","01622985","0500000US26085","26085","Lake","Lake County","MI","Michigan","06",1470063806,17480501
"2644","28","017","00695733","0500000US28017","28017","Chickasaw","Chickasaw County","MS","Mississippi","06",1299608408,6380767
"2645","29","131","00758520","0500000US29131","29131","Miller","Miller County","MO","Missouri","06",1534756299,19216025
"2646","01","017","00161534","0500000US01017","01017","Chambers","Chambers County","AL","Alabama","06",1545068607,16988689
"2647","17","007","00424205","0500000US17007","17007","Boone","Boone County","IL","Illinois","06",727137089,3338156
"2648","18","091","00450507","0500000US18091","18091","LaPorte","LaPorte County","IN","Indiana","06",1549559364,38775325
"2649","29","115","00758512","0500000US29115","29115","Linn","Linn County","MO","Missouri","06",1594366554,14989603
"2650","29","103","00758506","0500000US29103","29103","Knox","Knox County","MO","Missouri","06",1305380273,7303439
"2653","37","105","01008567","0500000US37105","37105","Lee","Lee County","NC","North Carolina","06",660633151,10699612
"2654","29","135","00758522","0500000US29135","29135","Moniteau","Moniteau County","MO","Missouri","06",1074931226,9940393
"2659","05","087","00069165","0500000US05087","05087","Madison","Madison County","AR","Arkansas","06",2160665373,7455733
"2661","13","223","00349912","0500000US13223","13223","Paulding","Paulding County","GA","Georgia","06",809073023,5212127
"2662","37","107","01008568","0500000US37107","37107","Lenoir","Lenoir County","NC","North Carolina","06",1033630007,5900299
"2664","36","093","00974144","0500000US36093","36093","Schenectady","Schenectady County","NY","New York","06",530089711,12366944
"2665","37","135","01008576","0500000US37135","37135","Orange","Orange County","NC","North Carolina","06",1029631957,8848858
"2666","36","087","00974142","0500000US36087","36087","Rockland","Rockland County","NY","New York","06",449840998,66919666
"2667","01","057","00161554","0500000US01057","01057","Fayette","Fayette County","AL","Alabama","06",1625693253,4330881
"2668","26","019","01622952","0500000US26019","26019","Benzie","Benzie County","MI","Michigan","06",828011954,1398248181
"2669","13","193","00346957","0500000US13193","13193","Macon","Macon County","GA","Georgia","06",1037709939,13841916
"2671","37","061","01026132","0500000US37061","37061","Duplin","Duplin County","NC","North Carolina","06",2110115795,14237879
"2675","40","021","01101798","0500000US40021","40021","Cherokee","Cherokee County","OK","Oklahoma","06",1940229542,69660639
"2677","29","181","00758545","0500000US29181","29181","Ripley","Ripley County","MO","Missouri","06",1630438188,5455724
"2679","17","055","00424229","0500000US17055","17055","Franklin","Franklin County","IL","Illinois","06",1059114973,58391305
"2682","47","015","01648572","0500000US47015","47015","Cannon","Cannon County","TN","Tennessee","06",687992379,156144
"2683","48","265","01383918","0500000US48265","48265","Kerr","Kerr County","TX","Texas","06",2857619178,10230198
"2684","48","251","01383911","0500000US48251","48251","Johnson","Johnson County","TX","Texas","06",1877895037,23786930
"2685","48","035","01383803","0500000US48035","48035","Bosque","Bosque County","TX","Texas","06",2545883877,50838528
"2686","42","107","01213685","0500000US42107","42107","Schuylkill","Schuylkill County","PA","Pennsylvania","06",2016509901,10820294
"2688","47","083","01648578","0500000US47083","47083","Houston","Houston County","TN","Tennessee","06",518758194,17303404
"2689","48","081","01383826","0500000US48081","48081","Coke","Coke County","TX","Texas","06",2361153198,42331832
"2690","34","039","00882235","0500000US34039","34039","Union","Union County","NJ","New Jersey","06",266165786,6839053
"2691","39","085","01074055","0500000US39085","39085","Lake","Lake County","OH","Ohio","06",594129618,1942308103
"2692","37","037","01008544","0500000US37037","37037","Chatham","Chatham County","NC","North Carolina","06",1765030860,70580568
"2694","48","217","01383894","0500000US48217","48217","Hill","Hill County","TX","Texas","06",2483430537,69544386
"2695","48","363","01383967","0500000US48363","48363","Palo Pinto","Palo Pinto County","TX","Texas","06",2467090695,85364147
"2696","48","335","01383953","0500000US48335","48335","Mitchell","Mitchell County","TX","Texas","06",2359720445,12480258
"2697","48","189","01383880","0500000US48189","48189","Hale","Hale County","TX","Texas","06",2602109424,246678
"2698","48","159","01383865","0500000US48159","48159","Franklin","Franklin County","TX","Texas","06",736569934,26875120
"2699","48","101","01383836","0500000US48101","48101","Cottle","Cottle County","TX","Texas","06",2332448732,2723997
"2701","55","081","01581101","0500000US55081","55081","Monroe","Monroe County","WI","Wisconsin","06",2333329776,18586766
"2703","40","059","01101817","0500000US40059","40059","Harper","Harper County","OK","Oklahoma","06",2689919590,5259447
"2704","47","069","01639750","0500000US47069","47069","Hardeman","Hardeman County","TN","Tennessee","06",1729509835,6768751
"2706","48","171","01383871","0500000US48171","48171","Gillespie","Gillespie County","TX","Texas","06",2740733391,8998524
"2707","48","093","01383832","0500000US48093","48093","Comanche","Comanche County","TX","Texas","06",2428768926,25719485
"2708","48","049","01383810","0500000US48049","48049","Brown","Brown County","TX","Texas","06",2446120254,32375524
"2709","48","267","01383919","0500000US48267","48267","Kimble","Kimble County","TX","Texas","06",3240024038,505509
"2710","48","429","01384000","0500000US48429","48429","Stephens","Stephens County","TX","Texas","06",2322497234,64147705
"2711","48","235","01383903","0500000US48235","48235","Irion","Irion County","TX","Texas","06",2723485993,176317
"2712","48","065","01383818","0500000US48065","48065","Carson","Carson County","TX","Texas","06",2383397226,10026604
"2713","48","129","01383850","0500000US48129","48129","Donley","Donley County","TX","Texas","06",2401014207,15563758
"2714","39","103","01074064","0500000US39103","39103","Medina","Medina County","OH","Ohio","06",1091573518,4193803
"2715","39","091","01074058","0500000US39091","39091","Logan","Logan County","OH","Ohio","06",1187522540,21594566
"2716","39","175","01074099","0500000US39175","39175","Wyandot","Wyandot County","OH","Ohio","06",1053812244,1783532
"2719","39","107","01074066","0500000US39107","39107","Mercer","Mercer County","OH","Ohio","06",1197732211,28431995
"2720","40","009","01101792","0500000US40009","40009","Beckham","Beckham County","OK","Oklahoma","06",2335328722,5521744
"2721","42","007","01214112","0500000US42007","42007","Beaver","Beaver County","PA","Pennsylvania","06",1125854807,24162293
"2723","39","129","01074077","0500000US39129","39129","Pickaway","Pickaway County","OH","Ohio","06",1298270764,13694541
"2724","39","121","01074073","0500000US39121","39121","Noble","Noble County","OH","Ohio","06",1030846430,16984489
"2725","40","039","01101807","0500000US40039","40039","Custer","Custer County","OK","Oklahoma","06",2560924945,34326632
"2726","39","057","01074041","0500000US39057","39057","Greene","Greene County","OH","Ohio","06",1071302627,6798109
"2727","39","127","01074076","0500000US39127","39127","Perry","Perry County","OH","Ohio","06",1056560151,11774320
"2728","40","121","01101848","0500000US40121","40121","Pittsburg","Pittsburg County","OK","Oklahoma","06",3381261521,187443330
"2731","28","023","00695736","0500000US28023","28023","Clarke","Clarke County","MS","Mississippi","06",1791173034,5073931
"2732","29","149","00758529","0500000US29149","29149","Oregon","Oregon County","MO","Missouri","06",2045687595,4528441
"2733","29","005","00758457","0500000US29005","29005","Atchison","Atchison County","MO","Missouri","06",1417462628,7359186
"2738","18","101","00451679","0500000US18101","18101","Martin","Martin County","IN","Indiana","06",869615719,12033245
"2739","40","119","01101847","0500000US40119","40119","Payne","Payne County","OK","Oklahoma","06",1773885849,31991880
"2740","40","011","01101793","0500000US40011","40011","Blaine","Blaine County","OK","Oklahoma","06",2404706843,26921320
"2741","40","005","01101790","0500000US40005","40005","Atoka","Atoka County","OK","Oklahoma","06",2526412626,37269115
"2744","12","085","00308550","0500000US12085","12085","Martin","Martin County","FL","Florida","06",1408495775,542087071
"2746","17","089","00424246","0500000US17089","17089","Kane","Kane County","IL","Illinois","06",1344907944,12712197
"2747","21","207","00516950","0500000US21207","21207","Russell","Russell County","KY","Kentucky","06",655941463,76703032
"2749","29","229","00758567","0500000US29229","29229","Wright","Wright County","MO","Missouri","06",1765786969,3526470
"2755","13","053","00351012","0500000US13053","13053","Chattahoochee","Chattahoochee County","GA","Georgia","06",644225832,6277089
"2756","17","033","00424218","0500000US17033","17033","Crawford","Crawford County","IL","Illinois","06",1149031260,5744821
"2757","18","141","00452855","0500000US18141","18141","St. Joseph","St. Joseph County","IN","Indiana","06",1185646701,9336372
"2758","17","107","00424255","0500000US17107","17107","Logan","Logan County","IL","Illinois","06",1600748258,2262329
"2759","29","059","00758484","0500000US29059","29059","Dallas","Dallas County","MO","Missouri","06",1401057564,4909180
"2761","51","775","01789074","0500000US51775","51775","Salem","Salem city","VA","Virginia","25",37597966,275156
"2762","18","087","00450368","0500000US18087","18087","LaGrange","LaGrange County","IN","Indiana","06",983242853,18311996
"2763","22","003","00558397","0500000US22003","22003","Allen","Allen Parish","LA","Louisiana","15",1973790911,10455560
"2764","23","019","00581295","0500000US23019","23019","Penobscot","Penobscot County","ME","Maine","06",8798671486,414011334
"2765","26","045","01622965","0500000US26045","26045","Eaton","Eaton County","MI","Michigan","06",1489783264,10942054
"2766","05","033","00069161","0500000US05033","05033","Crawford","Crawford County","AR","Arkansas","06",1541738664,26917846
"2768","01","125","00161588","0500000US01125","01125","Tuscaloosa","Tuscaloosa County","AL","Alabama","06",3421003353,78680131
"2771","26","059","01622972","0500000US26059","26059","Hillsdale","Hillsdale County","MI","Michigan","06",1549207172,22939100
"2773","26","087","01622986","0500000US26087","26087","Lapeer","Lapeer County","MI","Michigan","06",1675677867,41080675
"2774","26","077","01622981","0500000US26077","26077","Kalamazoo","Kalamazoo County","MI","Michigan","06",1455466317,47506805
"2775","26","165","01623023","0500000US26165","26165","Wexford","Wexford County","MI","Michigan","06",1463146658,27184070
"2778","29","155","00758532","0500000US29155","29155","Pemiscot","Pemiscot County","MO","Missouri","06",1275841039,53915406
"2779","36","019","00974108","0500000US36019","36019","Clinton","Clinton County","NY","New York","06",2687763025,206581998
"2780","48","181","01383876","0500000US48181","48181","Grayson","Grayson County","TX","Texas","06",2416024355,120093895
"2781","51","700","01498555","0500000US51700","51700","Newport News","Newport News city","VA","Virginia","25",178698611,131131002
"2783","17","087","00424245","0500000US17087","17087","Johnson","Johnson County","IL","Illinois","06",890274204,12813837
"2784","17","123","00424260","0500000US17123","17123","Marshall","Marshall County","IL","Illinois","06",1001865238,30343574
"2786","36","123","00974159","0500000US36123","36123","Yates","Yates County","NY","New York","06",875777224,97488350
"2787","28","097","00711757","0500000US28097","28097","Montgomery","Montgomery County","MS","Mississippi","06",1054074831,2352156
"2788","37","077","01008556","0500000US37077","37077","Granville","Granville County","NC","North Carolina","06",1377850209,14503653
"2789","40","151","01101863","0500000US40151","40151","Woods","Woods County","OK","Oklahoma","06",3331971778,9081295
"2790","51","550","01498558","0500000US51550","51550","Chesapeake","Chesapeake city","VA","Virginia","25",876598055,32349712
"2791","51","510","01498415","0500000US51510","51510","Alexandria","Alexandria city","VA","Virginia","25",38682331,1069028
"2794","17","141","01784894","0500000US17141","17141","Ogle","Ogle County","IL","Illinois","06",1964903749,12378958
"2795","18","063","00450358","0500000US18063","18063","Hendricks","Hendricks County","IN","Indiana","06",1053849472,4880745
"2796","18","159","00450394","0500000US18159","18159","Tipton","Tipton County","IN","Indiana","06",674797600,68028
"2797","18","049","00450353","0500000US18049","18049","Fulton","Fulton County","IN","Indiana","06",954133332,7439345
"2798","28","127","00695784","0500000US28127","28127","Simpson","Simpson County","MS","Mississippi","06",1525930873,3378528
"2799","28","117","00695779","0500000US28117","28117","Prentiss","Prentiss County","MS","Mississippi","06",1074806610,8324262
"2800","28","107","00695776","0500000US28107","28107","Panola","Panola County","MS","Mississippi","06",1774607343,51674888
"2801","42","073","01213676","0500000US42073","42073","Lawrence","Lawrence County","PA","Pennsylvania","06",925634970,11380404
"2802","29","186","00765806","0500000US29186","29186","Ste. Genevieve","Ste. Genevieve County","MO","Missouri","06",1292827136,19712984
"2803","29","510","00767557","0500000US29510","29510","St. Louis","St. Louis city","MO","Missouri","25",159853177,11534970
"2804","55","031","01581075","0500000US55031","55031","Douglas","Douglas County","WI","Wisconsin","06",3378048644,454293036
"2805","05","071","00066863","0500000US05071","05071","Johnson","Johnson County","AR","Arkansas","06",1711955744,59529091
"2806","18","033","00450346","0500000US18033","18033","DeKalb","DeKalb County","IN","Indiana","06",939735804,2657419
"2811","28","037","00695743","0500000US28037","28037","Franklin","Franklin County","MS","Mississippi","06",1460658822,7250805
"2812","28","063","00695755","0500000US28063","28063","Jefferson","Jefferson County","MS","Mississippi","06",1346620554,18988092
"2816","55","049","01581084","0500000US55049","55049","Iowa","Iowa County","WI","Wisconsin","06",1975379654,13870580
"2823","29","141","00758525","0500000US29141","29141","Morgan","Morgan County","MO","Missouri","06",1547866671,42414965
"2827","33","011","00873179","0500000US33011","33011","Hillsborough","Hillsborough County","NH","New Hampshire","06",2270221473,41290396
"2837","17","183","01785114","0500000US17183","17183","Vermilion","Vermilion County","IL","Illinois","06",2326639022,7527080
"2838","17","091","00424247","0500000US17091","17091","Kankakee","Kankakee County","IL","Illinois","06",1752101331,12459008
"2843","21","009","00516851","0500000US21009","21009","Barren","Barren County","KY","Kentucky","06",1262269998,32723250
"2849","18","165","00450397","0500000US18165","18165","Vermillion","Vermillion County","IN","Indiana","06",665353010,7817397
"2853","21","143","00516918","0500000US21143","21143","Lyon","Lyon County","KY","Kentucky","06",553700579,110705475
"2854","21","173","00516933","0500000US21173","21173","Montgomery","Montgomery County","KY","Kentucky","06",511202049,3786799
"2855","51","021","01494613","0500000US51021","51021","Bland","Bland County","VA","Virginia","06",926296565,2561891
"2856","51","197","01501379","0500000US51197","51197","Wythe","Wythe County","VA","Virginia","06",1196450505,7232492
"2858","17","121","00424259","0500000US17121","17121","Marion","Marion County","IL","Illinois","06",1482865614,9234118
"2862","21","105","00516899","0500000US21105","21105","Hickman","Hickman County","KY","Kentucky","06",627634138,27735813
"2863","22","007","00558414","0500000US22007","22007","Assumption","Assumption Parish","LA","Louisiana","15",891009957,67104891
"2864","51","079","01480129","0500000US51079","51079","Greene","Greene County","VA","Virginia","06",403900921,1680092
"2869","22","061","00558077","0500000US22061","22061","Lincoln","Lincoln Parish","LA","Louisiana","15",1221532396,1897706
"2870","22","093","01629464","0500000US22093","22093","St. James","St. James Parish","LA","Louisiana","15",616057913,38773983
"2871","26","143","01623014","0500000US26143","26143","Roscommon","Roscommon County","MI","Michigan","06",1346526240,155723123
"2873","51","760","01789073","0500000US51760","51760","Richmond","Richmond city","VA","Virginia","25",155205068,6849165
"2874","51","135","01493928","0500000US51135","51135","Nottoway","Nottoway County","VA","Virginia","06",814265583,4297830
"2875","17","037","00422190","0500000US17037","17037","DeKalb","DeKalb County","IL","Illinois","06",1635155501,8560431
"2877","17","199","01785215","0500000US17199","17199","Williamson","Williamson County","IL","Illinois","06",1088339997,62469420
"2878","17","053","00424228","0500000US17053","17053","Ford","Ford County","IL","Illinois","06",1257690130,1640595
"2884","51","570","01498420","0500000US51570","51570","Colonial Heights","Colonial Heights city","VA","Virginia","25",19475360,709877
"2885","55","027","01581073","0500000US55027","55027","Dodge","Dodge County","WI","Wisconsin","06",2268049933,81331198
"2886","55","017","01581068","0500000US55017","55017","Chippewa","Chippewa County","WI","Wisconsin","06",2611628498,85233303
"2887","21","053","00516873","0500000US21053","21053","Clinton","Clinton County","KY","Kentucky","06",510391739,21636754
"2888","01","127","00161589","0500000US01127","01127","Walker","Walker County","AL","Alabama","06",2048761803,36678983
"2893","28","145","00695793","0500000US28145","28145","Union","Union County","MS","Mississippi","06",1076417817,3369003
"2894","28","035","00695742","0500000US28035","28035","Forrest","Forrest County","MS","Mississippi","06",1207042886,10872917
"2895","28","031","00695740","0500000US28031","28031","Covington","Covington County","MS","Mississippi","06",1071784951,2880713
"2896","55","041","01581080","0500000US55041","55041","Forest","Forest County","WI","Wisconsin","06",2626936117,83536591
"2897","55","033","01581076","0500000US55033","55033","Dunn","Dunn County","WI","Wisconsin","06",2201902873,35572579
"2898","40","033","01101804","0500000US40033","40033","Cotton","Cotton County","OK","Oklahoma","06",1638523151,23986260
"2899","36","027","00974112","0500000US36027","36027","Dutchess","Dutchess County","NY","New York","06",2060598611,76906718
"2900","13","069","00347456","0500000US13069","13069","Coffee","Coffee County","GA","Georgia","06",1533916511,26939607
"2901","28","061","00695754","0500000US28061","28061","Jasper","Jasper County","MS","Mississippi","06",1751636189,3130850
"2902","29","047","00758478","0500000US29047","29047","Clay","Clay County","MO","Missouri","06",1029930130,28484518
"2903","29","225","00758565","0500000US29225","29225","Webster","Webster County","MO","Missouri","06",1534731553,3109298
"2904","29","075","00758492","0500000US29075","29075","Gentry","Gentry County","MO","Missouri","06",1272776755,762384
"2905","01","081","00161566","0500000US01081","01081","Lee","Lee County","AL","Alabama","06",1573562418,21481149
"2907","09","150","02830250","0500000US09150","09150","Northeastern Connecticut","Northeastern Connecticut Planning Region","CT","Connecticut","PL",1434581261,23987846
"2908","48","493","01384032","0500000US48493","48493","Wilson","Wilson County","TX","Texas","06",2081664353,12109804
"2909","55","115","01581117","0500000US55115","55115","Shawano","Shawano County","WI","Wisconsin","06",2313441779,41883029
"2910","18","157","00450393","0500000US18157","18157","Tippecanoe","Tippecanoe County","IN","Indiana","06",1292138877,11255447
"2912","13","035","00352295","0500000US13035","13035","Butts","Butts County","GA","Georgia","06",475754795,11269640
"2913","13","117","01673358","0500000US13117","13117","Forsyth","Forsyth County","GA","Georgia","06",581754407,58405072
"2914","29","043","00758476","0500000US29043","29043","Christian","Christian County","MO","Missouri","06",1457134692,3048446
"2915","29","003","00758456","0500000US29003","29003","Andrew","Andrew County","MO","Missouri","06",1120518033,9669777
"2916","12","063","00295734","0500000US12063","12063","Jackson","Jackson County","FL","Florida","06",2378224425,94084424
"2917","17","077","00424240","0500000US17077","17077","Jackson","Jackson County","IL","Illinois","06",1511439596,48312243
"2924","13","255","00353055","0500000US13255","13255","Spalding","Spalding County","GA","Georgia","06",507561204,9375991
"2925","13","043","00342852","0500000US13043","13043","Candler","Candler County","GA","Georgia","06",629520842,15018189
"2926","29","219","00758562","0500000US29219","29219","Warren","Warren County","MO","Missouri","06",1110046954,23640753
"2927","29","053","00758481","0500000US29053","29053","Cooper","Cooper County","MO","Missouri","06",1462684613,11486534
"2928","29","093","00758501","0500000US29093","29093","Iron","Iron County","MO","Missouri","06",1425174276,4665920
"2929","17","001","00424202","0500000US17001","17001","Adams","Adams County","IL","Illinois","06",2214831297,41749180
"2932","21","113","00516903","0500000US21113","21113","Jessamine","Jessamine County","KY","Kentucky","06",445769723,6118923
"2933","21","191","00516942","0500000US21191","21191","Pendleton","Pendleton County","KY","Kentucky","06",717810240,12332855
"2934","13","155","00352302","0500000US13155","13155","Irwin","Irwin County","GA","Georgia","06",917795237,21756147
"2935","13","287","00343238","0500000US13287","13287","Turner","Turner County","GA","Georgia","06",739227758,11818093
"2940","21","213","00516953","0500000US21213","21213","Simpson","Simpson County","KY","Kentucky","06",606511229,5930957
"2941","55","025","01581072","0500000US55025","55025","Dane","Dane County","WI","Wisconsin","06",3098912243,106204015
"2942","21","221","00516957","0500000US21221","21221","Trigg","Trigg County","KY","Kentucky","06",1143305434,103336732
"2943","47","139","01639782","0500000US47139","47139","Polk","Polk County","TN","Tennessee","06",1125622665,19906880
"2944","47","137","01648580","0500000US47137","47137","Pickett","Pickett County","TN","Tennessee","06",422090560,29845401
"2945","13","109","00345923","0500000US13109","13109","Evans","Evans County","GA","Georgia","06",473690212,10299805
"2946","13","007","00342832","0500000US13007","13007","Baker","Baker County","GA","Georgia","06",885665382,18598653
"2952","39","017","01074021","0500000US39017","39017","Butler","Butler County","OH","Ohio","06",1208270096,9196537
"2958","28","111","00695778","0500000US28111","28111","Perry","Perry County","MS","Mississippi","06",1676452290,7561701
"2959","29","137","00758523","0500000US29137","29137","Monroe","Monroe County","MO","Missouri","06",1677380360,58339267
"2960","29","107","00758508","0500000US29107","29107","Lafayette","Lafayette County","MO","Missouri","06",1627247046,27063919
"2963","29","001","00765805","0500000US29001","29001","Adair","Adair County","MO","Missouri","06",1469362058,5468507
"2965","36","035","00974116","0500000US36035","36035","Fulton","Fulton County","NY","New York","06",1283234687,96916403
"2966","47","099","01639764","0500000US47099","47099","Lawrence","Lawrence County","TN","Tennessee","06",1598359119,2218403
"2968","17","069","00424236","0500000US17069","17069","Hardin","Hardin County","IL","Illinois","06",459435094,10485761
"2969","39","033","01074029","0500000US39033","39033","Crawford","Crawford County","OH","Ohio","06",1040619655,2359514
"2970","40","081","01101828","0500000US40081","40081","Lincoln","Lincoln County","OK","Oklahoma","06",2466632863,34719571
"2972","48","253","01383912","0500000US48253","48253","Jones","Jones County","TX","Texas","06",2405078243,22095884
"2973","48","417","01383994","0500000US48417","48417","Shackelford","Shackelford County","TX","Texas","06",2367989254,3268209
"2974","42","037","01213665","0500000US42037","42037","Columbia","Columbia County","PA","Pennsylvania","06",1251636166,18574480
"2977","28","091","00695769","0500000US28091","28091","Marion","Marion County","MS","Mississippi","06",1404709660,16209882
"2978","28","025","00695737","0500000US28025","28025","Clay","Clay County","MS","Mississippi","06",1062098110,15361008
"2979","29","035","00758472","0500000US29035","29035","Carter","Carter County","MO","Missouri","06",1314052440,4304986
"2982","21","075","00516884","0500000US21075","21075","Fulton","Fulton County","KY","Kentucky","06",533360972,64082320
"2984","51","520","01498416","0500000US51520","51520","Bristol","Bristol city","VA","Virginia","25",33336228,322412
"2985","40","007","01101791","0500000US40007","40007","Beaver","Beaver County","OK","Oklahoma","06",4700407089,7347161
"2986","50","011","01461762","0500000US50011","50011","Franklin","Franklin County","VT","Vermont","06",1634181032,150651912
"2987","54","051","01717539","0500000US54051","54051","Marshall","Marshall County","WV","West Virginia","06",791061884,17425191
"2988","55","013","01581066","0500000US55013","55013","Burnett","Burnett County","WI","Wisconsin","06",2127924604,151846361
"2990","51","820","01498443","0500000US51820","51820","Waynesboro","Waynesboro city","VA","Virginia","25",38771594,364644
"2991","55","069","01581094","0500000US55069","55069","Lincoln","Lincoln County","WI","Wisconsin","06",2275848027,72729582
"2992","01","029","00161540","0500000US01029","01029","Cleburne","Cleburne County","AL","Alabama","06",1450669160,2349509
"2994","37","067","01008552","0500000US37067","37067","Forsyth","Forsyth County","NC","North Carolina","06",1056834341,11644419
"2996","12","109","00308371","0500000US12109","12109","St. Johns","St. Johns County","FL","Florida","06",1555662349,572103932
"2997","48","385","01383978","0500000US48385","48385","Real","Real County","TX","Texas","06",1810814896,2344242
"2998","40","073","01101824","0500000US40073","40073","Kingfisher","Kingfisher County","OK","Oklahoma","06",2326031241,20586906
"2999","26","113","01622999","0500000US26113","26113","Missaukee","Missaukee County","MI","Michigan","06",1462793664,23588781
"3001","40","037","01101806","0500000US40037","40037","Creek","Creek County","OK","Oklahoma","06",2460214797,50817254
"3002","37","069","01008553","0500000US37069","37069","Franklin","Franklin County","NC","North Carolina","06",1273761678,7173998
"3003","39","141","01074083","0500000US39141","39141","Ross","Ross County","OH","Ohio","06",1784931094,9994410
"3006","29","127","00758517","0500000US29127","29127","Marion","Marion County","MO","Missouri","06",1131646179,19090885
"3008","18","111","00450376","0500000US18111","18111","Newton","Newton County","IN","Indiana","06",1040539826,4349506
"3009","26","005","01622945","0500000US26005","26005","Allegan","Allegan County","MI","Michigan","06",2137395687,2610802937
"3010","47","073","01639752","0500000US47073","47073","Hawkins","Hawkins County","TN","Tennessee","06",1261468092,32541837
"3011","51","081","01501122","0500000US51081","51081","Greensville","Greensville County","VA","Virginia","06",765023848,4132842
"3013","37","097","01008565","0500000US37097","37097","Iredell","Iredell County","NC","North Carolina","06",1487784939,59453223
"3014","42","013","01213659","0500000US42013","42013","Blair","Blair County","PA","Pennsylvania","06",1359916301,3294803
"3018","18","079","00450364","0500000US18079","18079","Jennings","Jennings County","IN","Indiana","06",975382327,4528274
"3019","40","093","01101831","0500000US40093","40093","Major","Major County","OK","Oklahoma","06",2473438572,7651009
"3021","13","257","00350028","0500000US13257","13257","Stephens","Stephens County","GA","Georgia","06",463250301,13039270
"3022","23","009","00581290","0500000US23009","23009","Hancock","Hancock County","ME","Maine","06",4110645606,1962696193
"3023","48","255","01383913","0500000US48255","48255","Karnes","Karnes County","TX","Texas","06",1936669680,15010315
"3024","26","065","01622975","0500000US26065","26065","Ingham","Ingham County","MI","Michigan","06",1440243334,11999082
"3025","40","031","01101803","0500000US40031","40031","Comanche","Comanche County","OK","Oklahoma","06",2769531015,37661894
"3026","18","005","00451683","0500000US18005","18005","Bartholomew","Bartholomew County","IN","Indiana","06",1053968865,6715105
"3027","47","171","01648582","0500000US47171","47171","Unicoi","Unicoi County","TN","Tennessee","06",481902934,825726
"3031","42","121","01213690","0500000US42121","42121","Venango","Venango County","PA","Pennsylvania","06",1746337769,22149577
"3033","39","137","01074081","0500000US39137","39137","Putnam","Putnam County","OH","Ohio","06",1249784147,4544339
"3037","26","129","01623007","0500000US26129","26129","Ogemaw","Ogemaw County","MI","Michigan","06",1459473135,29634783
"3040","13","293","00346759","0500000US13293","13293","Upson","Upson County","GA","Georgia","06",837774877,10585407
"3041","28","071","00695759","0500000US28071","28071","Lafayette","Lafayette County","MS","Mississippi","06",1636088510,123105438
"3042","29","211","00758558","0500000US29211","29211","Sullivan","Sullivan County","MO","Missouri","06",1678265912,9121738
"3046","37","187","01026331","0500000US37187","37187","Washington","Washington County","NC","North Carolina","06",897456201,195282199
"3047","21","015","00516854","0500000US21015","21015","Boone","Boone County","KY","Kentucky","06",637830300,26513521
"3049","39","009","01074018","0500000US39009","39009","Athens","Athens County","OH","Ohio","06",1304429460,12364206
"3053","17","083","00424243","0500000US17083","17083","Jersey","Jersey County","IL","Illinois","06",957144908,20332592
"3054","17","081","00424242","0500000US17081","17081","Jefferson","Jefferson County","IL","Illinois","06",1479490501,32550293
"3055","17","041","00424222","0500000US17041","17041","Douglas","Douglas County","IL","Illinois","06",1079117765,1441160
"3058","50","023","01461768","0500000US50023","50023","Washington","Washington County","VT","Vermont","06",1779477067,21517931
"3059","51","610","01498423","0500000US51610","51610","Falls Church","Falls Church city","VA","Virginia","25",5300262,32
"3063","12","035","00308547","0500000US12035","12035","Flagler","Flagler County","FL","Florida","06",1259229653,219207667
"3064","13","147","01687995","0500000US13147","13147","Hart","Hart County","GA","Georgia","06",601970607,63521436
"3066","18","037","00451675","0500000US18037","18037","Dubois","Dubois County","IN","Indiana","06",1106616363,20892924
"3070","55","073","01581096","0500000US55073","55073","Marathon","Marathon County","WI","Wisconsin","06",4002148704,80538130
"3071","01","067","00161559","0500000US01067","01067","Henry","Henry County","AL","Alabama","06",1455293386,16620066
"3072","17","173","01785051","0500000US17173","17173","Shelby","Shelby County","IL","Illinois","06",1964526141,24749348
"3073","48","505","01384038","0500000US48505","48505","Zapata","Zapata County","TX","Texas","06",2585876042,154371160
"3074","50","025","01461769","0500000US50025","50025","Windham","Windham County","VT","Vermont","06",2035623279,32917049
"3076","05","143","00069905","0500000US05143","05143","Washington","Washington County","AR","Arkansas","06",2438377043,27867454
"3080","47","011","01639727","0500000US47011","47011","Bradley","Bradley County","TN","Tennessee","06",851489211,6959141
"3082","29","177","00758543","0500000US29177","29177","Ray","Ray County","MO","Missouri","06",1473649199,13418136
"3083","01","031","00161541","0500000US01031","01031","Coffee","Coffee County","AL","Alabama","06",1758565928,3907189
"3084","22","109","00559517","0500000US22109","22109","Terrebonne","Terrebonne Parish","LA","Louisiana","15",3185395697,2207589251
"3086","48","357","01383964","0500000US48357","48357","Ochiltree","Ochiltree County","TX","Texas","06",2376792063,1331778
"3087","39","113","01074069","0500000US39113","39113","Montgomery","Montgomery County","OH","Ohio","06",1194894576,7494894
"3088","37","071","01008554","0500000US37071","37071","Gaston","Gaston County","NC","North Carolina","06",921389625,20549066
"3090","48","097","01383834","0500000US48097","48097","Cooke","Cooke County","TX","Texas","06",2265789888,61319327
"3092","12","043","00295743","0500000US12043","12043","Glades","Glades County","FL","Florida","06",2089658561,467294728
"3093","47","129","01639778","0500000US47129","47129","Morgan","Morgan County","TN","Tennessee","06",1352439680,823018
"3094","48","115","01383843","0500000US48115","48115","Dawson","Dawson County","TX","Texas","06",2331781562,4720730
"3095","39","145","01074085","0500000US39145","39145","Scioto","Scioto County","OH","Ohio","06",1580293392,16072294
"3096","29","045","00758477","0500000US29045","29045","Clark","Clark County","MO","Missouri","06",1306924728,18695974
"3099","51","013","01480097","0500000US51013","51013","Arlington","Arlington County","VA","Virginia","06",67332991,273562
"3100","39","051","01074038","0500000US39051","39051","Fulton","Fulton County","OH","Ohio","06",1050110444,4579039
"3101","40","045","01101810","0500000US40045","40045","Ellis","Ellis County","OK","Oklahoma","06",3189509979,952235
"3103","13","095","00351259","0500000US13095","13095","Dougherty","Dougherty County","GA","Georgia","06",851183382,15352851
"3104","13","059","01672699","0500000US13059","13059","Clarke","Clarke County","GA","Georgia","06",308985565,4776726
"3105","42","001","01213656","0500000US42001","42001","Adams","Adams County","PA","Pennsylvania","06",1343104820,8147590
"3107","55","117","01581118","0500000US55117","55117","Sheboygan","Sheboygan County","WI","Wisconsin","06",1324828371,1967670377
"3108","13","017","00351606","0500000US13017","13017","Ben Hill","Ben Hill County","GA","Georgia","06",647802704,9813798
"3110","26","131","01623008","0500000US26131","26131","Ontonagon","Ontonagon County","MI","Michigan","06",3395416358,6292279244
"3111","13","037","00344074","0500000US13037","13037","Calhoun","Calhoun County","GA","Georgia","06",726191507,8271470
"3112","33","001","00873174","0500000US33001","33001","Belknap","Belknap County","NH","New Hampshire","06",1040786578,176534288
"3113","48","381","01383976","0500000US48381","48381","Randall","Randall County","TX","Texas","06",2363910008,25202440
"3114","48","207","01383889","0500000US48207","48207","Haskell","Haskell County","TX","Texas","06",2339103808,18465208
"3115","48","281","01383927","0500000US48281","48281","Lampasas","Lampasas County","TX","Texas","06",1845440046,2749903
"3116","48","271","01383921","0500000US48271","48271","Kinney","Kinney County","TX","Texas","06",3523765248,11885327
"3118","13","225","00343153","0500000US13225","13225","Peach","Peach County","GA","Georgia","06",389233786,2678497
"3119","17","061","00424232","0500000US17061","17061","Greene","Greene County","IL","Illinois","06",1406736598,8423898
"3122","28","141","00695791","0500000US28141","28141","Tishomingo","Tishomingo County","MS","Mississippi","06",1098925142,52373918
"3123","29","227","00758566","0500000US29227","29227","Worth","Worth County","MO","Missouri","06",690564983,493903
"3125","39","157","01074090","0500000US39157","39157","Tuscarawas","Tuscarawas County","OH","Ohio","06",1469987543,10363043
"3126","39","125","01074075","0500000US39125","39125","Paulding","Paulding County","OH","Ohio","06",1078561236,6245396
"3127","40","061","01101818","0500000US40061","40061","Haskell","Haskell County","OK","Oklahoma","06",1493711222,126247870
"3128","54","091","01689856","0500000US54091","54091","Taylor","Taylor County","WV","West Virginia","06",447475054,7532835
"3135","21","169","00516931","0500000US21169","21169","Metcalfe","Metcalfe County","KY","Kentucky","06",750193213,3985177
"3136","18","173","00450335","0500000US18173","18173","Warrick","Warrick County","IN","Indiana","06",996186009,16631845
"3137","17","143","01784920","0500000US17143","17143","Peoria","Peoria County","IL","Illinois","06",1602412929,29919375
"3141","21","035","00516864","0500000US21035","21035","Calloway","Calloway County","KY","Kentucky","06",996789154,66909731
"3142","13","093","00351608","0500000US13093","13093","Dooly","Dooly County","GA","Georgia","06",1016908643,12141885
"3145","22","095","01629472","0500000US22095","22095","St. John the Baptist","St. John the Baptist Parish","LA","Louisiana","15",555484723,506440075
"3147","28","065","00695756","0500000US28065","28065","Jefferson Davis","Jefferson Davis County","MS","Mississippi","06",1057871277,1791496
"3148","29","025","00758467","0500000US29025","29025","Caldwell","Caldwell County","MO","Missouri","06",1104353494,8399237
"3151","21","219","00516956","0500000US21219","21219","Todd","Todd County","KY","Kentucky","06",969984710,6586059
"3152","47","051","01639744","0500000US47051","47051","Franklin","Franklin County","TN","Tennessee","06",1425977401,55050145
"3153","48","359","01383965","0500000US48359","48359","Oldham","Oldham County","TX","Texas","06",3886337114,2339716
"3154","50","003","01461758","0500000US50003","50003","Bennington","Bennington County","VT","Vermont","06",1746266392,6896313
"3155","29","221","00758563","0500000US29221","29221","Washington","Washington County","MO","Missouri","06",1968043965,6791224
"3160","36","121","00974158","0500000US36121","36121","Wyoming","Wyoming County","NY","New York","06",1535086366,9085228
"3161","21","047","00516870","0500000US21047","21047","Christian","Christian County","KY","Kentucky","06",1858731000,16530508
"3162","18","093","00451703","0500000US18093","18093","Lawrence","Lawrence County","IN","Indiana","06",1163282516,7207557
"3163","18","179","00450337","0500000US18179","18179","Wells","Wells County","IN","Indiana","06",953341278,5596377
"3165","55","059","01581089","0500000US55059","55059","Kenosha","Kenosha County","WI","Wisconsin","06",704044388,1248872159
"3166","55","095","01581108","0500000US55095","55095","Polk","Polk County","WI","Wisconsin","06",2368076538,109026970
"3167","55","129","01581124","0500000US55129","55129","Washburn","Washburn County","WI","Wisconsin","06",2064515983,145563874
"3168","17","111","01784815","0500000US17111","17111","McHenry","McHenry County","IL","Illinois","06",1562790266,19871806
"3170","18","009","00450404","0500000US18009","18009","Blackford","Blackford County","IN","Indiana","06",427559406,1298757
"3171","39","079","01074052","0500000US39079","39079","Jackson","Jackson County","OH","Ohio","06",1088598926,3167846
"3172","42","057","01213671","0500000US42057","42057","Fulton","Fulton County","PA","Pennsylvania","06",1133252799,1305486
"3173","45","001","01245666","0500000US45001","45001","Abbeville","Abbeville County","SC","South Carolina","06",1272188745,53216416
"3176","21","081","00516887","0500000US21081","21081","Grant","Grant County","KY","Kentucky","06",668154706,7246425
"3178","55","085","01581103","0500000US55085","55085","Oneida","Oneida County","WI","Wisconsin","06",2885102804,317602358
"3179","05","043","00066851","0500000US05043","05043","Drew","Drew County","AR","Arkansas","06",2146237578,18789748
"3181","17","029","00424216","0500000US17029","17029","Coles","Coles County","IL","Illinois","06",1316418029,4650073
"3182","47","089","01639759","0500000US47089","47089","Jefferson","Jefferson County","TN","Tennessee","06",712648025,101427377
"3185","13","207","00343073","0500000US13207","13207","Monroe","Monroe County","GA","Georgia","06",1025872454,5643846
"3187","48","113","01383842","0500000US48113","48113","Dallas","Dallas County","TX","Texas","06",2261472801,91902249
"3188","48","083","01383827","0500000US48083","48083","Coleman","Coleman County","TX","Texas","06",3270933230,47963343
"3191","47","177","01639796","0500000US47177","47177","Warren","Warren County","TN","Tennessee","06",1120619164,3524883
"3192","47","169","01648581","0500000US47169","47169","Trousdale","Trousdale County","TN","Tennessee","06",296143586,5960709
"3193","48","367","01383969","0500000US48367","48367","Parker","Parker County","TX","Texas","06",2340620307,16513787
"3194","22","069","00558108","0500000US22069","22069","Natchitoches","Natchitoches Parish","LA","Louisiana","15",3245276855,120549024
"3196","01","053","00161552","0500000US01053","01053","Escambia","Escambia County","AL","Alabama","06",2448595164,20024887
"3197","48","299","01383935","0500000US48299","48299","Llano","Llano County","TX","Texas","06",2419218258,82338318
"3198","48","047","01383809","0500000US48047","48047","Brooks","Brooks County","TX","Texas","06",2443277014,741627
"3201","48","397","01383984","0500000US48397","48397","Rockwall","Rockwall County","TX","Texas","06",329472424,56261334
"3202","48","059","01383815","0500000US48059","48059","Callahan","Callahan County","TX","Texas","06",2329363243,4898783
"3203","48","145","01383858","0500000US48145","48145","Falls","Falls County","TX","Texas","06",1982623104,21693054
"3206","13","055","00352213","0500000US13055","13055","Chattooga","Chattooga County","GA","Georgia","06",811512397,570806
"3207","17","075","00424239","0500000US17075","17075","Iroquois","Iroquois County","IL","Illinois","06",2894039688,4241183
"3210","55","039","01581079","0500000US55039","55039","Fond du Lac","Fond du Lac County","WI","Wisconsin","06",1863667254,119853822
"3211","05","049","00066854","0500000US05049","05049","Fulton","Fulton County","AR","Arkansas","06",1600597359,6357861
"3213","37","033","01008542","0500000US37033","37033","Caswell","Caswell County","NC","North Carolina","06",1101995790,8340796
"3214","39","169","01074096","0500000US39169","39169","Wayne","Wayne County","OH","Ohio","06",1436897058,5040384
"3215","39","133","01074079","0500000US39133","39133","Portage","Portage County","OH","Ohio","06",1262380881,43125138
"3216","40","047","01101811","0500000US40047","40047","Garfield","Garfield County","OK","Oklahoma","06",2741521324,4075930
"3218","18","143","00450386","0500000US18143","18143","Scott","Scott County","IN","Indiana","06",493140265,6074951
"3221","40","105","01101840","0500000US40105","40105","Nowata","Nowata County","OK","Oklahoma","06",1465460409,38903890
"3222","44","003","01219778","0500000US44003","44003","Kent","Kent County","RI","Rhode Island","06",436588768,50686110
"3223","28","041","00695745","0500000US28041","28041","Greene","Greene County","MS","Mississippi","06",1845983901,15430619
"3224","42","011","01209172","0500000US42011","42011","Berks","Berks County","PA","Pennsylvania","06",2218077223,24220126
"3227","01","079","00161565","0500000US01079","01079","Lawrence","Lawrence County","AL","Alabama","06",1788864892,68681744
"3228","48","231","01383901","0500000US48231","48231","Hunt","Hunt County","TX","Texas","06",2176683250,107758299
"3232","17","119","00424258","0500000US17119","17119","Madison","Madison County","IL","Illinois","06",1853186559,63511490
"3233","28","155","00695798","0500000US28155","28155","Webster","Webster County","MS","Mississippi","06",1090793737,5364867
"3234","29","161","00758535","0500000US29161","29161","Phelps","Phelps County","MO","Missouri","06",1739921375,6564700
"3235","29","007","00758458","0500000US29007","29007","Audrain","Audrain County","MO","Missouri","06",1792918420,11843439
