Date,Tree,Species,Direction,Cover Class,Notes
8/23/2021,969,Buckthorn,N,1,
8/23/2021,969,Multiflora Rose,N,0,
8/23/2021,969,Honeysuckle,N,0,
8/23/2021,969,Privot,N,0,
8/23/2021,969,Spicebush,N,0,
8/23/2021,969,Rubus,N,0,
8/23/2021,969,Mapleleaf Viburnum,N,0,
8/23/2021,969,Buckthorn,S,0,
8/23/2021,969,Multiflora Rose,S,1,
8/23/2021,969,Honeysuckle,S,0,
8/23/2021,969,Privot,S,0,
8/23/2021,969,Spicebush,S,0,
8/23/2021,969,Rubus,S,0,
8/23/2021,969,Mapleleaf Viburnum,S,0,
8/23/2021,282,Buckthorn,N,0,
8/23/2021,282,Multiflora Rose,N,0,
8/23/2021,282,Honeysuckle,N,0,
8/23/2021,282,Privot,N,0,
8/23/2021,282,Spicebush,N,0,
8/23/2021,282,Rubus,N,0,
8/23/2021,282,Mapleleaf Viburnum,N,0,
8/23/2021,282,Buckthorn,S,1,
8/23/2021,282,Multiflora Rose,S,0,
8/23/2021,282,Honeysuckle,S,0,
8/23/2021,282,Privot,S,0,
8/23/2021,282,Spicebush,S,0,
8/23/2021,282,Rubus,S,0,
8/23/2021,282,Mapleleaf Viburnum,S,2,
8/23/2021,283,Buckthorn,N,1,
8/23/2021,283,Multiflora Rose,N,0,
8/23/2021,283,Honeysuckle,N,0,
8/23/2021,283,Privot,N,0,
8/23/2021,283,Spicebush,N,0,
8/23/2021,283,Rubus,N,0,
8/23/2021,283,Mapleleaf Viburnum,N,0,
8/23/2021,251,Buckthorn,N,2,
8/23/2021,251,Multiflora Rose,N,3,
8/23/2021,251,Honeysuckle,N,2,
8/23/2021,251,Privot,N,0,
8/23/2021,251,Spicebush,N,0,
8/23/2021,251,Rubus,N,1,
8/23/2021,251,Mapleleaf Viburnum,N,0,
8/23/2021,251,Buckthorn,S,1,
8/23/2021,251,Multiflora Rose,S,3,
8/23/2021,251,Honeysuckle,S,0,
8/23/2021,251,Privot,S,0,
8/23/2021,251,Spicebush,S,0,
8/23/2021,251,Rubus,S,1,
8/23/2021,251,Mapleleaf Viburnum,S,0,
8/23/2021,280,Buckthorn,N,1,
8/23/2021,280,Multiflora Rose,N,3,
8/23/2021,280,Honeysuckle,N,1,
8/23/2021,280,Privot,N,1,
8/23/2021,280,Spicebush,N,0,
8/23/2021,280,Rubus,N,2,
8/23/2021,280,Mapleleaf Viburnum,N,0,
8/23/2021,280,Buckthorn,S,1,
8/23/2021,280,Multiflora Rose,S,3,
8/23/2021,280,Honeysuckle,S,1,
8/23/2021,280,Privot,S,0,
8/23/2021,280,Spicebush,S,0,
8/23/2021,280,Rubus,S,2,
8/23/2021,280,Mapleleaf Viburnum,S,0,
8/23/2021,274,Buckthorn,N,2,
8/23/2021,274,Multiflora Rose,N,2,
8/23/2021,274,Honeysuckle,N,0,
8/23/2021,274,Privot,N,0,
8/23/2021,274,Spicebush,N,0,
8/23/2021,274,Rubus,N,2,
8/23/2021,274,Mapleleaf Viburnum,N,0,
8/23/2021,274,Buckthorn,S,2,
8/23/2021,274,Multiflora Rose,S,2,
8/23/2021,274,Honeysuckle,S,0,
8/23/2021,274,Privot,S,0,
8/23/2021,274,Spicebush,S,0,
8/23/2021,274,Rubus,S,2,
8/23/2021,274,Mapleleaf Viburnum,S,0,
8/23/2021,273,Buckthorn,N,2,
8/23/2021,273,Multiflora Rose,N,3,
8/23/2021,273,Honeysuckle,N,0,
8/23/2021,273,Privot,N,0,
8/23/2021,273,Spicebush,N,0,
8/23/2021,273,Rubus,N,2,
8/23/2021,273,Mapleleaf Viburnum,N,0,
8/23/2021,273,Buckthorn,S,1,
8/23/2021,273,Multiflora Rose,S,2,
8/23/2021,273,Honeysuckle,S,0,
8/23/2021,273,Privot,S,1,
8/23/2021,273,Spicebush,S,2,
8/23/2021,273,Rubus,S,0,
8/23/2021,273,Mapleleaf Viburnum,S,0,
8/23/2021,308,Buckthorn,N,2,
8/23/2021,308,Multiflora Rose,N,3,
8/23/2021,308,Honeysuckle,N,0,
8/23/2021,308,Privot,N,0,
8/23/2021,308,Spicebush,N,0,
8/23/2021,308,Rubus,N,2,
8/23/2021,308,Mapleleaf Viburnum,N,0,
8/24/2021,263,Buckthorn,S,1,
8/24/2021,263,Multiflora Rose,S,0,
8/24/2021,263,Honeysuckle,S,0,
8/24/2021,263,Privot,S,0,
8/24/2021,263,Spicebush,S,0,
8/24/2021,263,Rubus,S,0,
8/24/2021,263,Mapleleaf Viburnum,S,0,
8/24/2021,404,Buckthorn,N,0,
8/24/2021,404,Multiflora Rose,N,1,
8/24/2021,404,Honeysuckle,N,0,
8/24/2021,404,Privot,N,0,
8/24/2021,404,Spicebush,N,0,
8/24/2021,404,Rubus,N,0,
8/24/2021,404,Mapleleaf Viburnum,N,0,
8/24/2021,404,Buckthorn,S,0,
8/24/2021,404,Multiflora Rose,S,2,
8/24/2021,404,Honeysuckle,S,0,
8/24/2021,404,Privot,S,1,
8/24/2021,404,Spicebush,S,0,
8/24/2021,404,Rubus,S,0,
8/24/2021,404,Mapleleaf Viburnum,S,0,
8/24/2021,262,Buckthorn,N,1,
8/24/2021,262,Multiflora Rose,N,0,
8/24/2021,262,Honeysuckle,N,0,
8/24/2021,262,Privot,N,0,
8/24/2021,262,Spicebush,N,0,
8/24/2021,262,Rubus,N,0,
8/24/2021,262,Mapleleaf Viburnum,N,0,
8/24/2021,262,Buckthorn,S,0,
8/24/2021,262,Multiflora Rose,S,0,
8/24/2021,262,Honeysuckle,S,0,
8/24/2021,262,Privot,S,0,
8/24/2021,262,Spicebush,S,0,
8/24/2021,262,Rubus,S,0,
8/24/2021,262,Mapleleaf Viburnum,S,0,
8/24/2021,264,Buckthorn,N,0,
8/24/2021,264,Multiflora Rose,N,0,
8/24/2021,264,Honeysuckle,N,1,
8/24/2021,264,Privot,N,0,
8/24/2021,264,Spicebush,N,0,
8/24/2021,264,Rubus,N,0,
8/24/2021,264,Mapleleaf Viburnum,N,0,
8/24/2021,264,Buckthorn,S,0,
8/24/2021,264,Multiflora Rose,S,0,
8/24/2021,264,Honeysuckle,S,1,
8/24/2021,264,Privot,S,0,
8/24/2021,264,Spicebush,S,0,
8/24/2021,264,Rubus,S,0,
8/24/2021,264,Mapleleaf Viburnum,S,0,
8/24/2021,266,Buckthorn,N,0,
8/24/2021,266,Multiflora Rose,N,0,
8/24/2021,266,Honeysuckle,N,0,
8/24/2021,266,Privot,N,0,
8/24/2021,266,Spicebush,N,0,
8/24/2021,266,Rubus,N,0,
8/24/2021,266,Mapleleaf Viburnum,N,0,
8/24/2021,266,Buckthorn,S,0,
8/24/2021,266,Multiflora Rose,S,0,
8/24/2021,266,Honeysuckle,S,0,
8/24/2021,266,Privot,S,0,
8/24/2021,266,Spicebush,S,0,
8/24/2021,266,Rubus,S,0,
8/24/2021,266,Mapleleaf Viburnum,S,0,
8/24/2021,263,Buckthorn,N,1,
8/24/2021,263,Multiflora Rose,N,0,
8/24/2021,263,Honeysuckle,N,0,
8/24/2021,263,Privot,N,2,
8/24/2021,263,Spicebush,N,0,
8/24/2021,263,Rubus,N,0,
8/24/2021,263,Mapleleaf Viburnum,N,0,
8/24/2021,412,Buckthorn,S,0,
8/24/2021,412,Multiflora Rose,S,0,
8/24/2021,412,Honeysuckle,S,0,
8/24/2021,412,Privot,S,0,
8/24/2021,412,Spicebush,S,0,
8/24/2021,412,Rubus,S,1,
8/24/2021,412,Mapleleaf Viburnum,S,0,
8/24/2021,401,Buckthorn,N,0,
8/24/2021,401,Multiflora Rose,N,0,
8/24/2021,401,Honeysuckle,N,0,
8/24/2021,401,Privot,N,0,
8/24/2021,401,Spicebush,N,0,
8/24/2021,401,Rubus,N,0,
8/24/2021,401,Mapleleaf Viburnum,N,0,
8/24/2021,401,Buckthorn,S,0,
8/24/2021,401,Multiflora Rose,S,0,
8/24/2021,401,Honeysuckle,S,1,
8/24/2021,401,Privot,S,0,
8/24/2021,401,Spicebush,S,0,
8/24/2021,401,Rubus,S,0,
8/24/2021,401,Mapleleaf Viburnum,S,0,
8/24/2021,265,Buckthorn,N,0,
8/24/2021,265,Multiflora Rose,N,0,
8/24/2021,265,Honeysuckle,N,0,
8/24/2021,265,Privot,N,0,
8/24/2021,265,Spicebush,N,0,
8/24/2021,265,Rubus,N,0,
8/24/2021,265,Mapleleaf Viburnum,N,0,
8/24/2021,265,Buckthorn,S,0,
8/24/2021,265,Multiflora Rose,S,0,
8/24/2021,265,Honeysuckle,S,0,
8/24/2021,265,Privot,S,0,
8/24/2021,265,Spicebush,S,0,
8/24/2021,265,Rubus,S,0,
8/24/2021,265,Mapleleaf Viburnum,S,0,
8/24/2021,409,Buckthorn,N,0,target tree crushed by multiple fallen trees
8/24/2021,409,Multiflora Rose,N,0,
8/24/2021,409,Honeysuckle,N,0,
8/24/2021,409,Privot,N,0,
8/24/2021,409,Spicebush,N,0,
8/24/2021,409,Rubus,N,0,
8/24/2021,409,Mapleleaf Viburnum,N,0,
8/24/2021,409,Buckthorn,S,0,
8/24/2021,409,Multiflora Rose,S,0,
8/24/2021,409,Honeysuckle,S,0,
8/24/2021,409,Privot,S,0,
8/24/2021,409,Spicebush,S,0,
8/24/2021,409,Rubus,S,0,
8/24/2021,409,Mapleleaf Viburnum,S,0,
8/24/2021,411,Buckthorn,N,1,
8/24/2021,411,Multiflora Rose,N,0,
8/24/2021,411,Honeysuckle,N,0,
8/24/2021,411,Privot,N,0,
8/24/2021,411,Spicebush,N,0,
8/24/2021,411,Rubus,N,0,
8/24/2021,411,Mapleleaf Viburnum,N,0,
8/24/2021,411,Buckthorn,S,0,
8/24/2021,411,Multiflora Rose,S,0,
8/24/2021,411,Honeysuckle,S,0,
8/24/2021,411,Privot,S,0,
8/24/2021,411,Spicebush,S,0,
8/24/2021,411,Rubus,S,0,
8/24/2021,411,Mapleleaf Viburnum,S,0,
8/24/2021,412,Buckthorn,N,0,
8/24/2021,412,Multiflora Rose,N,0,
8/24/2021,412,Honeysuckle,N,0,
8/24/2021,412,Privot,N,0,
8/24/2021,412,Spicebush,N,0,
8/24/2021,412,Rubus,N,0,
8/24/2021,412,Mapleleaf Viburnum,N,0,
8/24/2021,270,Buckthorn,S,0,
8/24/2021,270,Multiflora Rose,S,0,
8/24/2021,270,Honeysuckle,S,1,
8/24/2021,270,Privot,S,0,
8/24/2021,270,Spicebush,S,0,
8/24/2021,270,Rubus,S,0,
8/24/2021,270,Mapleleaf Viburnum,S,0,
8/24/2021,269,Buckthorn,N,0,
8/24/2021,269,Multiflora Rose,N,0,
8/24/2021,269,Honeysuckle,N,1,
8/24/2021,269,Privot,N,0,
8/24/2021,269,Spicebush,N,1,
8/24/2021,269,Rubus,N,0,
8/24/2021,269,Mapleleaf Viburnum,N,0,
8/24/2021,269,Buckthorn,S,0,
8/24/2021,269,Multiflora Rose,S,1,
8/24/2021,269,Honeysuckle,S,1,
8/24/2021,269,Privot,S,0,
8/24/2021,269,Spicebush,S,1,
8/24/2021,269,Rubus,S,0,
8/24/2021,269,Mapleleaf Viburnum,S,0,
8/24/2021,410,Buckthorn,N,0,
8/24/2021,410,Multiflora Rose,N,1,
8/24/2021,410,Honeysuckle,N,0,
8/24/2021,410,Privot,N,0,
8/24/2021,410,Spicebush,N,2,
8/24/2021,410,Rubus,N,0,
8/24/2021,410,Mapleleaf Viburnum,N,0,
8/24/2021,410,Buckthorn,S,0,
8/24/2021,410,Multiflora Rose,S,0,
8/24/2021,410,Honeysuckle,S,0,
8/24/2021,410,Privot,S,0,
8/24/2021,410,Spicebush,S,1,
8/24/2021,410,Rubus,S,0,
8/24/2021,410,Mapleleaf Viburnum,S,0,
8/24/2021,405,Buckthorn,N,0,
8/24/2021,405,Multiflora Rose,N,0,
8/24/2021,405,Honeysuckle,N,0,
8/24/2021,405,Privot,N,0,
8/24/2021,405,Spicebush,N,0,
8/24/2021,405,Rubus,N,0,
8/24/2021,405,Mapleleaf Viburnum,N,0,
8/24/2021,405,Buckthorn,S,0,
8/24/2021,405,Multiflora Rose,S,0,
8/24/2021,405,Honeysuckle,S,0,
8/24/2021,405,Privot,S,0,
8/24/2021,405,Spicebush,S,0,
8/24/2021,405,Rubus,S,0,
8/24/2021,405,Mapleleaf Viburnum,S,0,
8/24/2021,406,Buckthorn,N,0,
8/24/2021,406,Multiflora Rose,N,0,
8/24/2021,406,Honeysuckle,N,0,
8/24/2021,406,Privot,N,0,
8/24/2021,406,Spicebush,N,0,
8/24/2021,406,Rubus,N,0,
8/24/2021,406,Mapleleaf Viburnum,N,0,
8/24/2021,406,Buckthorn,S,0,
8/24/2021,406,Multiflora Rose,S,0,
8/24/2021,406,Honeysuckle,S,0,
8/24/2021,406,Privot,S,0,
8/24/2021,406,Spicebush,S,0,
8/24/2021,406,Rubus,S,0,
8/24/2021,406,Mapleleaf Viburnum,S,1,
8/24/2021,270,Buckthorn,N,0,
8/24/2021,270,Multiflora Rose,N,0,
8/24/2021,270,Honeysuckle,N,0,
8/24/2021,270,Privot,N,0,
8/24/2021,270,Spicebush,N,0,
8/24/2021,270,Rubus,N,0,
8/24/2021,270,Mapleleaf Viburnum,N,0,
8/24/2021,408,Buckthorn,S,0,
8/24/2021,408,Multiflora Rose,S,2,
8/24/2021,408,Honeysuckle,S,0,
8/24/2021,408,Privot,S,0,
8/24/2021,408,Spicebush,S,0,
8/24/2021,408,Rubus,S,0,
8/24/2021,408,Mapleleaf Viburnum,S,0,
8/24/2021,260,Buckthorn,N,2,
8/24/2021,260,Multiflora Rose,N,0,
8/24/2021,260,Honeysuckle,N,0,
8/24/2021,260,Privot,N,0,
8/24/2021,260,Spicebush,N,0,
8/24/2021,260,Rubus,N,0,
8/24/2021,260,Mapleleaf Viburnum,N,0,
8/24/2021,260,Buckthorn,S,0,
8/24/2021,260,Multiflora Rose,S,1,
8/24/2021,260,Honeysuckle,S,0,
8/24/2021,260,Privot,S,0,
8/24/2021,260,Spicebush,S,0,
8/24/2021,260,Rubus,S,0,
8/24/2021,260,Mapleleaf Viburnum,S,0,
8/24/2021,187,Buckthorn,N,0,
8/24/2021,187,Multiflora Rose,N,2,
8/24/2021,187,Honeysuckle,N,0,
8/24/2021,187,Privot,N,0,
8/24/2021,187,Spicebush,N,0,
8/24/2021,187,Rubus,N,0,
8/24/2021,187,Mapleleaf Viburnum,N,0,
8/24/2021,187,Buckthorn,S,0,
8/24/2021,187,Multiflora Rose,S,2,
8/24/2021,187,Honeysuckle,S,0,
8/24/2021,187,Privot,S,0,
8/24/2021,187,Spicebush,S,0,
8/24/2021,187,Rubus,S,0,
8/24/2021,187,Mapleleaf Viburnum,S,0,
8/24/2021,288,Buckthorn,N,0,
8/24/2021,288,Multiflora Rose,N,0,
8/24/2021,288,Honeysuckle,N,0,
8/24/2021,288,Privot,N,0,
8/24/2021,288,Spicebush,N,0,
8/24/2021,288,Rubus,N,0,
8/24/2021,288,Mapleleaf Viburnum,N,0,
8/24/2021,288,Buckthorn,S,1,
8/24/2021,288,Multiflora Rose,S,0,
8/24/2021,288,Honeysuckle,S,0,
8/24/2021,288,Privot,S,0,
8/24/2021,288,Spicebush,S,0,
8/24/2021,288,Rubus,S,0,
8/24/2021,288,Mapleleaf Viburnum,S,0,
8/24/2021,200,Buckthorn,N,0,
8/24/2021,200,Multiflora Rose,N,0,
8/24/2021,200,Honeysuckle,N,0,
8/24/2021,200,Privot,N,0,
8/24/2021,200,Spicebush,N,0,
8/24/2021,200,Rubus,N,0,
8/24/2021,200,Mapleleaf Viburnum,N,0,
8/24/2021,200,Buckthorn,S,0,
8/24/2021,200,Multiflora Rose,S,0,
8/24/2021,200,Honeysuckle,S,1,
8/24/2021,200,Privot,S,0,
8/24/2021,200,Spicebush,S,0,
8/24/2021,200,Rubus,S,0,
8/24/2021,200,Mapleleaf Viburnum,S,1,
8/24/2021,408,Buckthorn,N,1,
8/24/2021,408,Multiflora Rose,N,0,
8/24/2021,408,Honeysuckle,N,0,
8/24/2021,408,Privot,N,0,
8/24/2021,408,Spicebush,N,0,
8/24/2021,408,Rubus,N,0,
8/24/2021,408,Mapleleaf Viburnum,N,1,
8/24/2021,357,Buckthorn,S,1,
8/24/2021,357,Multiflora Rose,S,1,
8/24/2021,357,Honeysuckle,S,0,
8/24/2021,357,Privot,S,0,
8/24/2021,357,Spicebush,S,0,
8/24/2021,357,Rubus,S,0,
8/24/2021,357,Mapleleaf Viburnum,S,2,
8/24/2021,258,Buckthorn,N,1,
8/24/2021,258,Multiflora Rose,N,0,
8/24/2021,258,Honeysuckle,N,0,
8/24/2021,258,Privot,N,0,
8/24/2021,258,Spicebush,N,0,
8/24/2021,258,Rubus,N,0,
8/24/2021,258,Mapleleaf Viburnum,N,0,
8/24/2021,258,Buckthorn,S,0,
8/24/2021,258,Multiflora Rose,S,0,
8/24/2021,258,Honeysuckle,S,0,
8/24/2021,258,Privot,S,0,
8/24/2021,258,Spicebush,S,0,
8/24/2021,258,Rubus,S,0,
8/24/2021,258,Mapleleaf Viburnum,S,0,
8/24/2021,398,Buckthorn,N,0,
8/24/2021,398,Multiflora Rose,N,0,
8/24/2021,398,Honeysuckle,N,0,
8/24/2021,398,Privot,N,0,
8/24/2021,398,Spicebush,N,0,
8/24/2021,398,Rubus,N,0,
8/24/2021,398,Mapleleaf Viburnum,N,0,
8/24/2021,398,Buckthorn,S,0,
8/24/2021,398,Multiflora Rose,S,0,
8/24/2021,398,Honeysuckle,S,0,
8/24/2021,398,Privot,S,0,
8/24/2021,398,Spicebush,S,0,
8/24/2021,398,Rubus,S,0,
8/24/2021,398,Mapleleaf Viburnum,S,0,
8/24/2021,199,Buckthorn,N,1,
8/24/2021,199,Multiflora Rose,N,0,
8/24/2021,199,Honeysuckle,N,0,
8/24/2021,199,Privot,N,0,
8/24/2021,199,Spicebush,N,0,
8/24/2021,199,Rubus,N,0,
8/24/2021,199,Mapleleaf Viburnum,N,0,
8/24/2021,199,Buckthorn,S,1,
8/24/2021,199,Multiflora Rose,S,0,
8/24/2021,199,Honeysuckle,S,0,
8/24/2021,199,Privot,S,0,
8/24/2021,199,Spicebush,S,0,
8/24/2021,199,Rubus,S,0,
8/24/2021,199,Mapleleaf Viburnum,S,0,
8/24/2021,355,Buckthorn,N,1,
8/24/2021,355,Multiflora Rose,N,0,
8/24/2021,355,Honeysuckle,N,0,
8/24/2021,355,Privot,N,0,
8/24/2021,355,Spicebush,N,0,
8/24/2021,355,Rubus,N,0,
8/24/2021,355,Mapleleaf Viburnum,N,0,
8/24/2021,355,Buckthorn,S,0,
8/24/2021,355,Multiflora Rose,S,1,
8/24/2021,355,Honeysuckle,S,0,
8/24/2021,355,Privot,S,0,
8/24/2021,355,Spicebush,S,0,
8/24/2021,355,Rubus,S,0,
8/24/2021,355,Mapleleaf Viburnum,S,0,
8/24/2021,357,Buckthorn,N,0,target tree didn't have tag on it
8/24/2021,357,Multiflora Rose,N,1,
8/24/2021,357,Honeysuckle,N,0,
8/24/2021,357,Privot,N,0,
8/24/2021,357,Spicebush,N,0,
8/24/2021,357,Rubus,N,0,
8/24/2021,357,Mapleleaf Viburnum,N,1,
8/24/2021,359,Buckthorn,S,2,
8/24/2021,359,Multiflora Rose,S,0,
8/24/2021,359,Honeysuckle,S,0,
8/24/2021,359,Privot,S,0,
8/24/2021,359,Spicebush,S,0,
8/24/2021,359,Rubus,S,0,
8/24/2021,359,Mapleleaf Viburnum,S,0,
8/24/2021,356,Buckthorn,N,1,
8/24/2021,356,Multiflora Rose,N,0,
8/24/2021,356,Honeysuckle,N,0,
8/24/2021,356,Privot,N,0,
8/24/2021,356,Spicebush,N,0,
8/24/2021,356,Rubus,N,0,
8/24/2021,356,Mapleleaf Viburnum,N,0,
8/24/2021,356,Buckthorn,S,2,
8/24/2021,356,Multiflora Rose,S,0,
8/24/2021,356,Honeysuckle,S,0,
8/24/2021,356,Privot,S,0,
8/24/2021,356,Spicebush,S,0,
8/24/2021,356,Rubus,S,0,
8/24/2021,356,Mapleleaf Viburnum,S,0,
8/24/2021,363,Buckthorn,N,2,
8/24/2021,363,Multiflora Rose,N,0,
8/24/2021,363,Honeysuckle,N,0,
8/24/2021,363,Privot,N,0,
8/24/2021,363,Spicebush,N,0,
8/24/2021,363,Rubus,N,0,
8/24/2021,363,Mapleleaf Viburnum,N,0,
8/24/2021,363,Buckthorn,S,1,
8/24/2021,363,Multiflora Rose,S,0,
8/24/2021,363,Honeysuckle,S,0,
8/24/2021,363,Privot,S,0,
8/24/2021,363,Spicebush,S,0,
8/24/2021,363,Rubus,S,0,
8/24/2021,363,Mapleleaf Viburnum,S,0,
8/24/2021,255,Buckthorn,N,2,
8/24/2021,255,Multiflora Rose,N,0,
8/24/2021,255,Honeysuckle,N,0,
8/24/2021,255,Privot,N,0,
8/24/2021,255,Spicebush,N,0,
8/24/2021,255,Rubus,N,0,
8/24/2021,255,Mapleleaf Viburnum,N,0,
8/24/2021,255,Buckthorn,S,1,
8/24/2021,255,Multiflora Rose,S,0,
8/24/2021,255,Honeysuckle,S,0,
8/24/2021,255,Privot,S,0,
8/24/2021,255,Spicebush,S,0,
8/24/2021,255,Rubus,S,0,
8/24/2021,255,Mapleleaf Viburnum,S,0,
8/24/2021,372,Buckthorn,N,1,
8/24/2021,372,Multiflora Rose,N,0,
8/24/2021,372,Honeysuckle,N,0,
8/24/2021,372,Privot,N,0,
8/24/2021,372,Spicebush,N,0,
8/24/2021,372,Rubus,N,0,
8/24/2021,372,Mapleleaf Viburnum,N,0,
8/24/2021,372,Buckthorn,S,1,
8/24/2021,372,Multiflora Rose,S,0,
8/24/2021,372,Honeysuckle,S,0,
8/24/2021,372,Privot,S,0,
8/24/2021,372,Spicebush,S,0,
8/24/2021,372,Rubus,S,0,
8/24/2021,372,Mapleleaf Viburnum,S,0,
8/24/2021,359,Buckthorn,N,2,
8/24/2021,359,Multiflora Rose,N,0,
8/24/2021,359,Honeysuckle,N,0,
8/24/2021,359,Privot,N,0,
8/24/2021,359,Spicebush,N,0,
8/24/2021,359,Rubus,N,0,
8/24/2021,359,Mapleleaf Viburnum,N,1,
8/24/2021,362,Buckthorn,S,1,
8/24/2021,362,Multiflora Rose,S,0,
8/24/2021,362,Honeysuckle,S,0,
8/24/2021,362,Privot,S,0,
8/24/2021,362,Spicebush,S,0,
8/24/2021,362,Rubus,S,0,
8/24/2021,362,Mapleleaf Viburnum,S,0,
8/24/2021,375,Buckthorn,N,1,
8/24/2021,375,Multiflora Rose,N,1,
8/24/2021,375,Honeysuckle,N,0,
8/24/2021,375,Privot,N,0,
8/24/2021,375,Spicebush,N,0,
8/24/2021,375,Rubus,N,0,
8/24/2021,375,Mapleleaf Viburnum,N,0,
8/24/2021,375,Buckthorn,S,0,
8/24/2021,375,Multiflora Rose,S,0,
8/24/2021,375,Honeysuckle,S,0,
8/24/2021,375,Privot,S,0,
8/24/2021,375,Spicebush,S,0,
8/24/2021,375,Rubus,S,0,
8/24/2021,375,Mapleleaf Viburnum,S,0,
8/24/2021,254,Buckthorn,N,1,
8/24/2021,254,Multiflora Rose,N,0,
8/24/2021,254,Honeysuckle,N,0,
8/24/2021,254,Privot,N,0,
8/24/2021,254,Spicebush,N,0,
8/24/2021,254,Rubus,N,0,
8/24/2021,254,Mapleleaf Viburnum,N,0,
8/24/2021,254,Buckthorn,S,1,
8/24/2021,254,Multiflora Rose,S,1,
8/24/2021,254,Honeysuckle,S,0,
8/24/2021,254,Privot,S,0,
8/24/2021,254,Spicebush,S,0,
8/24/2021,254,Rubus,S,0,
8/24/2021,254,Mapleleaf Viburnum,S,0,
8/24/2021,350,Buckthorn,N,2,
8/24/2021,350,Multiflora Rose,N,0,
8/24/2021,350,Honeysuckle,N,0,
8/24/2021,350,Privot,N,0,
8/24/2021,350,Spicebush,N,0,
8/24/2021,350,Rubus,N,2,
8/24/2021,350,Mapleleaf Viburnum,N,0,
8/24/2021,350,Buckthorn,S,2,
8/24/2021,350,Multiflora Rose,S,0,
8/24/2021,350,Honeysuckle,S,0,
8/24/2021,350,Privot,S,2,
8/24/2021,350,Spicebush,S,0,
8/24/2021,350,Rubus,S,0,
8/24/2021,350,Mapleleaf Viburnum,S,1,
8/24/2021,373,Buckthorn,N,0,
8/24/2021,373,Multiflora Rose,N,0,
8/24/2021,373,Honeysuckle,N,0,
8/24/2021,373,Privot,N,0,
8/24/2021,373,Spicebush,N,0,
8/24/2021,373,Rubus,N,0,
8/24/2021,373,Mapleleaf Viburnum,N,0,
8/24/2021,373,Buckthorn,S,1,
8/24/2021,373,Multiflora Rose,S,1,
8/24/2021,373,Honeysuckle,S,0,
8/24/2021,373,Privot,S,0,
8/24/2021,373,Spicebush,S,0,
8/24/2021,373,Rubus,S,0,
8/24/2021,373,Mapleleaf Viburnum,S,0,
8/24/2021,362,Buckthorn,N,1,
8/24/2021,362,Multiflora Rose,N,0,
8/24/2021,362,Honeysuckle,N,0,
8/24/2021,362,Privot,N,0,
8/24/2021,362,Spicebush,N,0,
8/24/2021,362,Rubus,N,0,
8/24/2021,362,Mapleleaf Viburnum,N,0,
8/24/2021,259,Buckthorn,S,2,
8/24/2021,259,Multiflora Rose,S,3,
8/24/2021,259,Honeysuckle,S,2,
8/24/2021,259,Privot,S,0,
8/24/2021,259,Spicebush,S,0,
8/24/2021,259,Rubus,S,0,
8/24/2021,259,Mapleleaf Viburnum,S,0,
8/24/2021,354,Buckthorn,N,2,
8/24/2021,354,Multiflora Rose,N,2,
8/24/2021,354,Honeysuckle,N,0,
8/24/2021,354,Privot,N,0,
8/24/2021,354,Spicebush,N,0,
8/24/2021,354,Rubus,N,0,
8/24/2021,354,Mapleleaf Viburnum,N,1,
8/24/2021,354,Buckthorn,S,2,
8/24/2021,354,Multiflora Rose,S,2,
8/24/2021,354,Honeysuckle,S,0,
8/24/2021,354,Privot,S,2,
8/24/2021,354,Spicebush,S,0,
8/24/2021,354,Rubus,S,0,
8/24/2021,354,Mapleleaf Viburnum,S,0,
8/24/2021,346,Buckthorn,N,2,
8/24/2021,346,Multiflora Rose,N,0,
8/24/2021,346,Honeysuckle,N,0,
8/24/2021,346,Privot,N,0,
8/24/2021,346,Spicebush,N,0,
8/24/2021,346,Rubus,N,0,
8/24/2021,346,Mapleleaf Viburnum,N,0,
8/24/2021,346,Buckthorn,S,2,
8/24/2021,346,Multiflora Rose,S,1,
8/24/2021,346,Honeysuckle,S,1,
8/24/2021,346,Privot,S,1,
8/24/2021,346,Spicebush,S,0,
8/24/2021,346,Rubus,S,0,
8/24/2021,346,Mapleleaf Viburnum,S,0,
8/24/2021,360,Buckthorn,N,1,
8/24/2021,360,Multiflora Rose,N,0,
8/24/2021,360,Honeysuckle,N,0,
8/24/2021,360,Privot,N,0,
8/24/2021,360,Spicebush,N,0,
8/24/2021,360,Rubus,N,0,
8/24/2021,360,Mapleleaf Viburnum,N,1,
8/24/2021,360,Buckthorn,S,1,
8/24/2021,360,Multiflora Rose,S,0,
8/24/2021,360,Honeysuckle,S,0,
8/24/2021,360,Privot,S,1,
8/24/2021,360,Spicebush,S,1,
8/24/2021,360,Rubus,S,0,
8/24/2021,360,Mapleleaf Viburnum,S,0,
8/24/2021,198,Buckthorn,N,1,
8/24/2021,198,Multiflora Rose,N,0,
8/24/2021,198,Honeysuckle,N,0,
8/24/2021,198,Privot,N,1,
8/24/2021,198,Spicebush,N,0,
8/24/2021,198,Rubus,N,0,
8/24/2021,198,Mapleleaf Viburnum,N,0,
8/24/2021,198,Buckthorn,S,1,
8/24/2021,198,Multiflora Rose,S,2,
8/24/2021,198,Honeysuckle,S,0,
8/24/2021,198,Privot,S,0,
8/24/2021,198,Spicebush,S,0,
8/24/2021,198,Rubus,S,0,
8/24/2021,198,Mapleleaf Viburnum,S,0,
8/24/2021,259,Buckthorn,N,1,
8/24/2021,259,Multiflora Rose,N,3,
8/24/2021,259,Honeysuckle,N,3,
8/24/2021,259,Privot,N,0,
8/24/2021,259,Spicebush,N,0,
8/24/2021,259,Rubus,N,0,
8/24/2021,259,Mapleleaf Viburnum,N,0,
8/24/2021,376,Buckthorn,S,2,
8/24/2021,376,Multiflora Rose,S,3,
8/24/2021,376,Honeysuckle,S,0,
8/24/2021,376,Privot,S,0,
8/24/2021,376,Spicebush,S,0,
8/24/2021,376,Rubus,S,0,
8/24/2021,376,Mapleleaf Viburnum,S,0,
8/24/2021,290,Buckthorn,N,0,
8/24/2021,290,Multiflora Rose,N,0,
8/24/2021,290,Honeysuckle,N,0,
8/24/2021,290,Privot,N,0,
8/24/2021,290,Spicebush,N,0,
8/24/2021,290,Rubus,N,0,
8/24/2021,290,Mapleleaf Viburnum,N,0,
8/24/2021,290,Buckthorn,S,0,
8/24/2021,290,Multiflora Rose,S,0,
8/24/2021,290,Honeysuckle,S,0,
8/24/2021,290,Privot,S,0,
8/24/2021,290,Spicebush,S,0,
8/24/2021,290,Rubus,S,0,
8/24/2021,290,Mapleleaf Viburnum,S,0,
8/24/2021,292,Buckthorn,N,0,
8/24/2021,292,Multiflora Rose,N,0,
8/24/2021,292,Honeysuckle,N,0,
8/24/2021,292,Privot,N,0,
8/24/2021,292,Spicebush,N,0,
8/24/2021,292,Rubus,N,0,
8/24/2021,292,Mapleleaf Viburnum,N,0,
8/24/2021,292,Buckthorn,S,0,
8/24/2021,292,Multiflora Rose,S,0,
8/24/2021,292,Honeysuckle,S,0,
8/24/2021,292,Privot,S,0,
8/24/2021,292,Spicebush,S,0,
8/24/2021,292,Rubus,S,0,
8/24/2021,292,Mapleleaf Viburnum,S,0,
8/24/2021,883,Buckthorn,N,0,
8/24/2021,883,Multiflora Rose,N,1,
8/24/2021,883,Honeysuckle,N,1,
8/24/2021,883,Privot,N,0,
8/24/2021,883,Spicebush,N,0,
8/24/2021,883,Rubus,N,0,
8/24/2021,883,Mapleleaf Viburnum,N,0,
8/24/2021,883,Buckthorn,S,1,
8/24/2021,883,Multiflora Rose,S,1,
8/24/2021,883,Honeysuckle,S,2,
8/24/2021,883,Privot,S,0,
8/24/2021,883,Spicebush,S,0,
8/24/2021,883,Rubus,S,0,
8/24/2021,883,Mapleleaf Viburnum,S,0,
8/24/2021,358,Buckthorn,N,1,
8/24/2021,358,Multiflora Rose,N,2,
8/24/2021,358,Honeysuckle,N,2,
8/24/2021,358,Privot,N,0,
8/24/2021,358,Spicebush,N,0,
8/24/2021,358,Rubus,N,2,
8/24/2021,358,Mapleleaf Viburnum,N,0,
8/24/2021,358,Buckthorn,S,2,
8/24/2021,358,Multiflora Rose,S,3,
8/24/2021,358,Honeysuckle,S,0,
8/24/2021,358,Privot,S,0,
8/24/2021,358,Spicebush,S,0,
8/24/2021,358,Rubus,S,2,
8/24/2021,358,Mapleleaf Viburnum,S,1,
8/24/2021,376,Buckthorn,N,2,
8/24/2021,376,Multiflora Rose,N,2,
8/24/2021,376,Honeysuckle,N,0,
8/24/2021,376,Privot,N,0,
8/24/2021,376,Spicebush,N,0,
8/24/2021,376,Rubus,N,2,
8/24/2021,376,Mapleleaf Viburnum,N,0,
8/20/2021,898,Buckthorn,S,1,
8/20/2021,898,Multiflora Rose,S,0,
8/20/2021,898,Honeysuckle,S,0,
8/20/2021,898,Privot,S,1,
8/20/2021,898,Spicebush,S,0,
8/20/2021,898,Rubus,S,0,
8/20/2021,898,Mapleleaf Viburnum,S,0,
8/20/2021,864,Buckthorn,N,1,
8/20/2021,864,Multiflora Rose,N,1,
8/20/2021,864,Honeysuckle,N,0,
8/20/2021,864,Privot,N,0,
8/20/2021,864,Spicebush,N,0,
8/20/2021,864,Rubus,N,0,
8/20/2021,864,Mapleleaf Viburnum,N,0,
8/20/2021,864,Buckthorn,S,1,
8/20/2021,864,Multiflora Rose,S,0,
8/20/2021,864,Honeysuckle,S,0,
8/20/2021,864,Privot,S,0,
8/20/2021,864,Spicebush,S,0,
8/20/2021,864,Rubus,S,0,
8/20/2021,864,Mapleleaf Viburnum,S,0,
8/20/2021,300,Buckthorn,N,0,
8/20/2021,300,Multiflora Rose,N,2,
8/20/2021,300,Honeysuckle,N,0,
8/20/2021,300,Privot,N,1,
8/20/2021,300,Spicebush,N,0,
8/20/2021,300,Rubus,N,2,
8/20/2021,300,Mapleleaf Viburnum,N,0,
8/20/2021,300,Buckthorn,S,1,
8/20/2021,300,Multiflora Rose,S,3,
8/20/2021,300,Honeysuckle,S,0,
8/20/2021,300,Privot,S,1,
8/20/2021,300,Spicebush,S,0,
8/20/2021,300,Rubus,S,2,
8/20/2021,300,Mapleleaf Viburnum,S,0,
8/20/2021,332,Buckthorn,N,1,
8/20/2021,332,Multiflora Rose,N,1,
8/20/2021,332,Honeysuckle,N,0,
8/20/2021,332,Privot,N,0,
8/20/2021,332,Spicebush,N,0,
8/20/2021,332,Rubus,N,0,
8/20/2021,332,Mapleleaf Viburnum,N,0,
8/20/2021,332,Buckthorn,S,2,
8/20/2021,332,Multiflora Rose,S,0,
8/20/2021,332,Honeysuckle,S,0,
8/20/2021,332,Privot,S,0,
8/20/2021,332,Spicebush,S,0,
8/20/2021,332,Rubus,S,0,
8/20/2021,332,Mapleleaf Viburnum,S,0,
8/20/2021,380,Buckthorn,N,1,
8/20/2021,380,Multiflora Rose,N,1,
8/20/2021,380,Honeysuckle,N,0,
8/20/2021,380,Privot,N,0,
8/20/2021,380,Spicebush,N,0,
8/20/2021,380,Rubus,N,0,
8/20/2021,380,Mapleleaf Viburnum,N,0,
8/20/2021,380,Buckthorn,S,1,
8/20/2021,380,Multiflora Rose,S,1,
8/20/2021,380,Honeysuckle,S,0,
8/20/2021,380,Privot,S,0,
8/20/2021,380,Spicebush,S,0,
8/20/2021,380,Rubus,S,0,
8/20/2021,380,Mapleleaf Viburnum,S,0,
8/20/2021,382,Buckthorn,N,1,
8/20/2021,382,Multiflora Rose,N,0,
8/20/2021,382,Honeysuckle,N,1,
8/20/2021,382,Privot,N,1,
8/20/2021,382,Spicebush,N,0,
8/20/2021,382,Rubus,N,0,
8/20/2021,382,Mapleleaf Viburnum,N,0,
8/23/2021,364,Buckthorn,S,0,
8/23/2021,364,Multiflora Rose,S,0,
8/23/2021,364,Honeysuckle,S,0,
8/23/2021,364,Privot,S,0,
8/23/2021,364,Spicebush,S,0,
8/23/2021,364,Rubus,S,0,
8/23/2021,364,Mapleleaf Viburnum,S,0,
8/23/2021,365,Buckthorn,N,2,
8/23/2021,365,Multiflora Rose,N,0,
8/23/2021,365,Honeysuckle,N,0,
8/23/2021,365,Privot,N,0,
8/23/2021,365,Spicebush,N,0,
8/23/2021,365,Rubus,N,0,
8/23/2021,365,Mapleleaf Viburnum,N,0,
8/23/2021,365,Buckthorn,S,1,
8/23/2021,365,Multiflora Rose,S,0,
8/23/2021,365,Honeysuckle,S,0,
8/23/2021,365,Privot,S,0,
8/23/2021,365,Spicebush,S,0,
8/23/2021,365,Rubus,S,0,
8/23/2021,365,Mapleleaf Viburnum,S,0,
8/23/2021,257,Buckthorn,N,1,
8/23/2021,257,Multiflora Rose,N,1,
8/23/2021,257,Honeysuckle,N,0,
8/23/2021,257,Privot,N,0,
8/23/2021,257,Spicebush,N,0,
8/23/2021,257,Rubus,N,0,
8/23/2021,257,Mapleleaf Viburnum,N,0,
8/23/2021,257,Buckthorn,S,0,
8/23/2021,257,Multiflora Rose,S,1,
8/23/2021,257,Honeysuckle,S,0,
8/23/2021,257,Privot,S,0,
8/23/2021,257,Spicebush,S,0,
8/23/2021,257,Rubus,S,0,
8/23/2021,257,Mapleleaf Viburnum,S,0,
8/23/2021,284,Buckthorn,N,0,
8/23/2021,284,Multiflora Rose,N,0,
8/23/2021,284,Honeysuckle,N,0,
8/23/2021,284,Privot,N,0,
8/23/2021,284,Spicebush,N,0,
8/23/2021,284,Rubus,N,0,
8/23/2021,284,Mapleleaf Viburnum,N,0,
8/23/2021,284,Buckthorn,S,1,
8/23/2021,284,Multiflora Rose,S,0,
8/23/2021,284,Honeysuckle,S,0,
8/23/2021,284,Privot,S,0,
8/23/2021,284,Spicebush,S,0,
8/23/2021,284,Rubus,S,0,
8/23/2021,284,Mapleleaf Viburnum,S,0,
8/23/2021,882,Buckthorn,N,0,
8/23/2021,882,Multiflora Rose,N,1,
8/23/2021,882,Honeysuckle,N,0,
8/23/2021,882,Privot,N,0,
8/23/2021,882,Spicebush,N,0,
8/23/2021,882,Rubus,N,2,
8/23/2021,882,Mapleleaf Viburnum,N,0,
8/23/2021,882,Buckthorn,S,0,
8/23/2021,882,Multiflora Rose,S,1,
8/23/2021,882,Honeysuckle,S,0,
8/23/2021,882,Privot,S,0,
8/23/2021,882,Spicebush,S,0,
8/23/2021,882,Rubus,S,1,
8/23/2021,882,Mapleleaf Viburnum,S,0,
8/23/2021,364,Buckthorn,N,0,
8/23/2021,364,Multiflora Rose,N,0,
8/23/2021,364,Honeysuckle,N,0,
8/23/2021,364,Privot,N,0,
8/23/2021,364,Spicebush,N,0,
8/23/2021,364,Rubus,N,0,
8/23/2021,364,Mapleleaf Viburnum,N,0,
8/23/2021,188,Buckthorn,S,1,
8/23/2021,188,Multiflora Rose,S,1,
8/23/2021,188,Honeysuckle,S,0,
8/23/2021,188,Privot,S,0,
8/23/2021,188,Spicebush,S,0,
8/23/2021,188,Rubus,S,0,
8/23/2021,188,Mapleleaf Viburnum,S,0,
8/23/2021,349,Buckthorn,N,2,
8/23/2021,349,Multiflora Rose,N,2,
8/23/2021,349,Honeysuckle,N,0,
8/23/2021,349,Privot,N,0,
8/23/2021,349,Spicebush,N,0,
8/23/2021,349,Rubus,N,1,
8/23/2021,349,Mapleleaf Viburnum,N,0,
8/23/2021,349,Buckthorn,S,1,
8/23/2021,349,Multiflora Rose,S,1,
8/23/2021,349,Honeysuckle,S,0,
8/23/2021,349,Privot,S,0,
8/23/2021,349,Spicebush,S,0,
8/23/2021,349,Rubus,S,0,
8/23/2021,349,Mapleleaf Viburnum,S,1,
8/23/2021,196,Buckthorn,N,0,
8/23/2021,196,Multiflora Rose,N,0,
8/23/2021,196,Honeysuckle,N,0,
8/23/2021,196,Privot,N,0,
8/23/2021,196,Spicebush,N,0,
8/23/2021,196,Rubus,N,0,
8/23/2021,196,Mapleleaf Viburnum,N,0,
8/23/2021,196,Buckthorn,S,1,
8/23/2021,196,Multiflora Rose,S,0,
8/23/2021,196,Honeysuckle,S,0,
8/23/2021,196,Privot,S,0,
8/23/2021,196,Spicebush,S,0,
8/23/2021,196,Rubus,S,0,
8/23/2021,196,Mapleleaf Viburnum,S,2,
8/23/2021,293,Buckthorn,N,1,
8/23/2021,293,Multiflora Rose,N,0,
8/23/2021,293,Honeysuckle,N,1,
8/23/2021,293,Privot,N,0,
8/23/2021,293,Spicebush,N,0,
8/23/2021,293,Rubus,N,1,
8/23/2021,293,Mapleleaf Viburnum,N,0,
8/23/2021,293,Buckthorn,S,2,
8/23/2021,293,Multiflora Rose,S,0,
8/23/2021,293,Honeysuckle,S,0,
8/23/2021,293,Privot,S,0,
8/23/2021,293,Spicebush,S,0,
8/23/2021,293,Rubus,S,0,
8/23/2021,293,Mapleleaf Viburnum,S,0,
8/23/2021,299,Buckthorn,N,2,
8/23/2021,299,Multiflora Rose,N,2,
8/23/2021,299,Honeysuckle,N,0,
8/23/2021,299,Privot,N,2,
8/23/2021,299,Spicebush,N,0,
8/23/2021,299,Rubus,N,2,
8/23/2021,299,Mapleleaf Viburnum,N,0,
8/23/2021,299,Buckthorn,S,2,
8/23/2021,299,Multiflora Rose,S,2,
8/23/2021,299,Honeysuckle,S,0,
8/23/2021,299,Privot,S,1,
8/23/2021,299,Spicebush,S,0,
8/23/2021,299,Rubus,S,2,
8/23/2021,299,Mapleleaf Viburnum,S,0,
8/23/2021,188,Buckthorn,N,1,
8/23/2021,188,Multiflora Rose,N,1,
8/23/2021,188,Honeysuckle,N,0,
8/23/2021,188,Privot,N,0,
8/23/2021,188,Spicebush,N,0,
8/23/2021,188,Rubus,N,0,
8/23/2021,188,Mapleleaf Viburnum,N,0,
8/23/2021,361,Buckthorn,N,2,
8/23/2021,361,Multiflora Rose,N,3,
8/23/2021,361,Honeysuckle,N,0,
8/23/2021,361,Privot,N,0,
8/23/2021,361,Spicebush,N,0,
8/23/2021,361,Rubus,N,0,
8/23/2021,361,Mapleleaf Viburnum,N,0,
8/23/2021,361,Buckthorn,S,2,
8/23/2021,361,Multiflora Rose,S,2,
8/23/2021,361,Honeysuckle,S,0,
8/23/2021,361,Privot,S,0,
8/23/2021,361,Spicebush,S,0,
8/23/2021,361,Rubus,S,0,
8/23/2021,361,Mapleleaf Viburnum,S,0,
8/23/2021,400,Buckthorn,N,2,
8/23/2021,400,Multiflora Rose,N,0,
8/23/2021,400,Honeysuckle,N,0,
8/23/2021,400,Privot,N,1,
8/23/2021,400,Spicebush,N,0,
8/23/2021,400,Rubus,N,1,
8/23/2021,400,Mapleleaf Viburnum,N,0,
8/23/2021,400,Buckthorn,S,2,
8/23/2021,400,Multiflora Rose,S,0,
8/23/2021,400,Honeysuckle,S,0,
8/23/2021,400,Privot,S,0,
8/23/2021,400,Spicebush,S,0,
8/23/2021,400,Rubus,S,0,
8/23/2021,400,Mapleleaf Viburnum,S,0,
8/23/2021,352,Buckthorn,N,2,
8/23/2021,352,Multiflora Rose,N,2,
8/23/2021,352,Honeysuckle,N,0,
8/23/2021,352,Privot,N,0,
8/23/2021,352,Spicebush,N,0,
8/23/2021,352,Rubus,N,0,
8/23/2021,352,Mapleleaf Viburnum,N,0,
8/23/2021,252,Buckthorn,S,2,
8/23/2021,252,Multiflora Rose,S,0,
8/23/2021,252,Honeysuckle,S,2,
8/23/2021,252,Privot,S,0,
8/23/2021,252,Spicebush,S,0,
8/23/2021,252,Rubus,S,0,
8/23/2021,252,Mapleleaf Viburnum,S,1,
8/23/2021,272,Buckthorn,N,2,
8/23/2021,272,Multiflora Rose,N,2,
8/23/2021,272,Honeysuckle,N,2,
8/23/2021,272,Privot,N,0,
8/23/2021,272,Spicebush,N,0,
8/23/2021,272,Rubus,N,1,
8/23/2021,272,Mapleleaf Viburnum,N,2,
8/23/2021,272,Buckthorn,S,2,
8/23/2021,272,Multiflora Rose,S,1,
8/23/2021,272,Honeysuckle,S,1,
8/23/2021,272,Privot,S,0,
8/23/2021,272,Spicebush,S,0,
8/23/2021,272,Rubus,S,1,
8/23/2021,272,Mapleleaf Viburnum,S,1,
8/23/2021,353,Buckthorn,N,2,
8/23/2021,353,Multiflora Rose,N,1,
8/23/2021,353,Honeysuckle,N,0,
8/23/2021,353,Privot,N,0,
8/23/2021,353,Spicebush,N,0,
8/23/2021,353,Rubus,N,2,
8/23/2021,353,Mapleleaf Viburnum,N,0,
8/23/2021,353,Buckthorn,S,1,
8/23/2021,353,Multiflora Rose,S,1,
8/23/2021,353,Honeysuckle,S,0,
8/23/2021,353,Privot,S,0,
8/23/2021,353,Spicebush,S,2,
8/23/2021,353,Rubus,S,1,
8/23/2021,353,Mapleleaf Viburnum,S,0,
8/23/2021,253,Buckthorn,N,2,
8/23/2021,253,Multiflora Rose,N,2,
8/23/2021,253,Honeysuckle,N,0,
8/23/2021,253,Privot,N,2,
8/23/2021,253,Spicebush,N,1,
8/23/2021,253,Rubus,N,0,
8/23/2021,253,Mapleleaf Viburnum,N,0,
8/23/2021,253,Buckthorn,S,2,
8/23/2021,253,Multiflora Rose,S,1,
8/23/2021,253,Honeysuckle,S,2,
8/23/2021,253,Privot,S,1,
8/23/2021,253,Spicebush,S,0,
8/23/2021,253,Rubus,S,0,
8/23/2021,253,Mapleleaf Viburnum,S,0,
8/23/2021,348,Buckthorn,N,2,
8/23/2021,348,Multiflora Rose,N,0,
8/23/2021,348,Honeysuckle,N,2,
8/23/2021,348,Privot,N,0,
8/23/2021,348,Spicebush,N,0,
8/23/2021,348,Rubus,N,0,
8/23/2021,348,Mapleleaf Viburnum,N,0,
8/23/2021,348,Buckthorn,S,2,
8/23/2021,348,Multiflora Rose,S,0,
8/23/2021,348,Honeysuckle,S,0,
8/23/2021,348,Privot,S,2,
8/23/2021,348,Spicebush,S,0,
8/23/2021,348,Rubus,S,0,
8/23/2021,348,Mapleleaf Viburnum,S,1,
8/23/2021,252,Buckthorn,N,2,
8/23/2021,252,Multiflora Rose,N,0,
8/23/2021,252,Honeysuckle,N,0,
8/23/2021,252,Privot,N,0,
8/23/2021,252,Spicebush,N,0,
8/23/2021,252,Rubus,N,0,
8/23/2021,252,Mapleleaf Viburnum,N,0,
8/23/2021,894,Buckthorn,S,3,
8/23/2021,894,Multiflora Rose,S,0,
8/23/2021,894,Honeysuckle,S,1,
8/23/2021,894,Privot,S,1,
8/23/2021,894,Spicebush,S,0,
8/23/2021,894,Rubus,S,1,
8/23/2021,894,Mapleleaf Viburnum,S,0,
8/23/2021,351,Buckthorn,N,3,
8/23/2021,351,Multiflora Rose,N,0,
8/23/2021,351,Honeysuckle,N,0,
8/23/2021,351,Privot,N,0,
8/23/2021,351,Spicebush,N,0,
8/23/2021,351,Rubus,N,0,
8/23/2021,351,Mapleleaf Viburnum,N,1,
8/23/2021,351,Buckthorn,S,2,
8/23/2021,351,Multiflora Rose,S,1,
8/23/2021,351,Honeysuckle,S,2,
8/23/2021,351,Privot,S,0,
8/23/2021,351,Spicebush,S,0,
8/23/2021,351,Rubus,S,0,
8/23/2021,351,Mapleleaf Viburnum,S,0,
8/23/2021,371,Buckthorn,N,2,
8/23/2021,371,Multiflora Rose,N,0,
8/23/2021,371,Honeysuckle,N,0,
8/23/2021,371,Privot,N,0,
8/23/2021,371,Spicebush,N,2,
8/23/2021,371,Rubus,N,0,
8/23/2021,371,Mapleleaf Viburnum,N,0,
8/23/2021,371,Buckthorn,S,2,
8/23/2021,371,Multiflora Rose,S,1,
8/23/2021,371,Honeysuckle,S,2,
8/23/2021,371,Privot,S,0,
8/23/2021,371,Spicebush,S,0,
8/23/2021,371,Rubus,S,0,
8/23/2021,371,Mapleleaf Viburnum,S,0,
8/23/2021,892,Buckthorn,N,2,
8/23/2021,892,Multiflora Rose,N,2,
8/23/2021,892,Honeysuckle,N,0,
8/23/2021,892,Privot,N,1,
8/23/2021,892,Spicebush,N,0,
8/23/2021,892,Rubus,N,0,
8/23/2021,892,Mapleleaf Viburnum,N,1,
8/23/2021,892,Buckthorn,S,2,
8/23/2021,892,Multiflora Rose,S,2,
8/23/2021,892,Honeysuckle,S,0,
8/23/2021,892,Privot,S,1,
8/23/2021,892,Spicebush,S,0,
8/23/2021,892,Rubus,S,0,
8/23/2021,892,Mapleleaf Viburnum,S,1,
8/23/2021,893,Buckthorn,N,2,
8/23/2021,893,Multiflora Rose,N,2,
8/23/2021,893,Honeysuckle,N,0,
8/23/2021,893,Privot,N,0,
8/23/2021,893,Spicebush,N,0,
8/23/2021,893,Rubus,N,0,
8/23/2021,893,Mapleleaf Viburnum,N,0,
8/23/2021,893,Buckthorn,S,2,
8/23/2021,893,Multiflora Rose,S,3,
8/23/2021,893,Honeysuckle,S,2,
8/23/2021,893,Privot,S,0,
8/23/2021,893,Spicebush,S,0,
8/23/2021,893,Rubus,S,0,
8/23/2021,893,Mapleleaf Viburnum,S,1,
8/23/2021,894,Buckthorn,N,2,
8/23/2021,894,Multiflora Rose,N,0,
8/23/2021,894,Honeysuckle,N,0,
8/23/2021,894,Privot,N,0,
8/23/2021,894,Spicebush,N,0,
8/23/2021,894,Rubus,N,0,
8/23/2021,894,Mapleleaf Viburnum,N,0,
8/23/2021,886,Buckthorn,S,0,
8/23/2021,886,Multiflora Rose,S,0,
8/23/2021,886,Honeysuckle,S,0,
8/23/2021,886,Privot,S,0,
8/23/2021,886,Spicebush,S,0,
8/23/2021,886,Rubus,S,0,
8/23/2021,886,Mapleleaf Viburnum,S,0,
8/23/2021,368,Buckthorn,N,1,
8/23/2021,368,Multiflora Rose,N,0,
8/23/2021,368,Honeysuckle,N,0,
8/23/2021,368,Privot,N,0,
8/23/2021,368,Spicebush,N,0,
8/23/2021,368,Rubus,N,0,
8/23/2021,368,Mapleleaf Viburnum,N,0,
8/23/2021,368,Buckthorn,S,1,
8/23/2021,368,Multiflora Rose,S,0,
8/23/2021,368,Honeysuckle,S,0,
8/23/2021,368,Privot,S,0,
8/23/2021,368,Spicebush,S,0,
8/23/2021,368,Rubus,S,0,
8/23/2021,368,Mapleleaf Viburnum,S,0,
8/23/2021,889,Buckthorn,N,1,supposed to be target tree 889
8/23/2021,889,Multiflora Rose,N,0,
8/23/2021,889,Honeysuckle,N,0,
8/23/2021,889,Privot,N,0,
8/23/2021,889,Spicebush,N,0,
8/23/2021,889,Rubus,N,0,
8/23/2021,889,Mapleleaf Viburnum,N,0,
8/23/2021,889,Buckthorn,S,1,
8/23/2021,889,Multiflora Rose,S,0,
8/23/2021,889,Honeysuckle,S,0,
8/23/2021,889,Privot,S,0,
8/23/2021,889,Spicebush,S,0,
8/23/2021,889,Rubus,S,0,
8/23/2021,889,Mapleleaf Viburnum,S,0,
8/23/2021,366,Buckthorn,N,1,
8/23/2021,366,Multiflora Rose,N,0,
8/23/2021,366,Honeysuckle,N,0,
8/23/2021,366,Privot,N,0,
8/23/2021,366,Spicebush,N,0,
8/23/2021,366,Rubus,N,0,
8/23/2021,366,Mapleleaf Viburnum,N,0,
8/23/2021,366,Buckthorn,S,0,
8/23/2021,366,Multiflora Rose,S,0,
8/23/2021,366,Honeysuckle,S,0,
8/23/2021,366,Privot,S,0,
8/23/2021,366,Spicebush,S,0,
8/23/2021,366,Rubus,S,1,
8/23/2021,366,Mapleleaf Viburnum,S,0,
8/23/2021,256,Buckthorn,N,0,
8/23/2021,256,Multiflora Rose,N,0,
8/23/2021,256,Honeysuckle,N,0,
8/23/2021,256,Privot,N,0,
8/23/2021,256,Spicebush,N,0,
8/23/2021,256,Rubus,N,0,
8/23/2021,256,Mapleleaf Viburnum,N,0,
8/23/2021,256,Buckthorn,S,0,
8/23/2021,256,Multiflora Rose,S,0,
8/23/2021,256,Honeysuckle,S,0,
8/23/2021,256,Privot,S,0,
8/23/2021,256,Spicebush,S,0,
8/23/2021,256,Rubus,S,0,
8/23/2021,256,Mapleleaf Viburnum,S,0,
8/23/2021,886,Buckthorn,N,0,
8/23/2021,886,Multiflora Rose,N,0,
8/23/2021,886,Honeysuckle,N,0,
8/23/2021,886,Privot,N,0,
8/23/2021,886,Spicebush,N,0,
8/23/2021,886,Rubus,N,0,
8/23/2021,886,Mapleleaf Viburnum,N,1,
8/23/2021,396,Buckthorn,S,1,
8/23/2021,396,Multiflora Rose,S,1,
8/23/2021,396,Honeysuckle,S,0,
8/23/2021,396,Privot,S,0,
8/23/2021,396,Spicebush,S,0,
8/23/2021,396,Rubus,S,0,
8/23/2021,396,Mapleleaf Viburnum,S,0,
8/23/2021,891,Buckthorn,N,1,
8/23/2021,891,Multiflora Rose,N,0,
8/23/2021,891,Honeysuckle,N,0,
8/23/2021,891,Privot,N,0,
8/23/2021,891,Spicebush,N,0,
8/23/2021,891,Rubus,N,0,
8/23/2021,891,Mapleleaf Viburnum,N,0,
8/23/2021,891,Buckthorn,S,1,
8/23/2021,891,Multiflora Rose,S,1,
8/23/2021,891,Honeysuckle,S,0,
8/23/2021,891,Privot,S,0,
8/23/2021,891,Spicebush,S,0,
8/23/2021,891,Rubus,S,0,
8/23/2021,891,Mapleleaf Viburnum,S,0,
8/23/2021,296,Buckthorn,N,1,
8/23/2021,296,Multiflora Rose,N,0,
8/23/2021,296,Honeysuckle,N,0,
8/23/2021,296,Privot,N,0,
8/23/2021,296,Spicebush,N,0,
8/23/2021,296,Rubus,N,0,
8/23/2021,296,Mapleleaf Viburnum,N,0,
8/23/2021,296,Buckthorn,S,1,
8/23/2021,296,Multiflora Rose,S,2,
8/23/2021,296,Honeysuckle,S,0,
8/23/2021,296,Privot,S,0,
8/23/2021,296,Spicebush,S,0,
8/23/2021,296,Rubus,S,2,
8/23/2021,296,Mapleleaf Viburnum,S,0,
8/23/2021,369,Buckthorn,N,1,
8/23/2021,369,Multiflora Rose,N,0,
8/23/2021,369,Honeysuckle,N,0,
8/23/2021,369,Privot,N,0,
8/23/2021,369,Spicebush,N,0,
8/23/2021,369,Rubus,N,0,
8/23/2021,369,Mapleleaf Viburnum,N,0,
8/23/2021,369,Buckthorn,S,0,
8/23/2021,369,Multiflora Rose,S,0,
8/23/2021,369,Honeysuckle,S,0,
8/23/2021,369,Privot,S,0,
8/23/2021,369,Spicebush,S,0,
8/23/2021,369,Rubus,S,0,
8/23/2021,369,Mapleleaf Viburnum,S,0,
8/23/2021,261,Buckthorn,N,1,target tree girdled
8/23/2021,261,Multiflora Rose,N,0,
8/23/2021,261,Honeysuckle,N,0,
8/23/2021,261,Privot,N,0,
8/23/2021,261,Spicebush,N,0,
8/23/2021,261,Rubus,N,0,
8/23/2021,261,Mapleleaf Viburnum,N,1,
8/23/2021,261,Buckthorn,S,0,
8/23/2021,261,Multiflora Rose,S,0,
8/23/2021,261,Honeysuckle,S,0,
8/23/2021,261,Privot,S,0,
8/23/2021,261,Spicebush,S,0,
8/23/2021,261,Rubus,S,0,
8/23/2021,261,Mapleleaf Viburnum,S,0,
8/23/2021,396,Buckthorn,N,1,
8/23/2021,396,Multiflora Rose,N,2,
8/23/2021,396,Honeysuckle,N,0,
8/23/2021,396,Privot,N,0,
8/23/2021,396,Spicebush,N,0,
8/23/2021,396,Rubus,N,0,
8/23/2021,396,Mapleleaf Viburnum,N,0,
8/23/2021,397,Buckthorn,S,1,
8/23/2021,397,Multiflora Rose,S,0,
8/23/2021,397,Honeysuckle,S,0,
8/23/2021,397,Privot,S,0,
8/23/2021,397,Spicebush,S,0,
8/23/2021,397,Rubus,S,0,
8/23/2021,397,Mapleleaf Viburnum,S,0,
8/23/2021,890,Buckthorn,N,2,
8/23/2021,890,Multiflora Rose,N,0,
8/23/2021,890,Honeysuckle,N,0,
8/23/2021,890,Privot,N,0,
8/23/2021,890,Spicebush,N,0,
8/23/2021,890,Rubus,N,0,
8/23/2021,890,Mapleleaf Viburnum,N,0,
8/23/2021,890,Buckthorn,S,1,
8/23/2021,890,Multiflora Rose,S,0,
8/23/2021,890,Honeysuckle,S,0,
8/23/2021,890,Privot,S,0,
8/23/2021,890,Spicebush,S,0,
8/23/2021,890,Rubus,S,0,
8/23/2021,890,Mapleleaf Viburnum,S,1,
8/23/2021,367,Buckthorn,N,1,
8/23/2021,367,Multiflora Rose,N,0,
8/23/2021,367,Honeysuckle,N,0,
8/23/2021,367,Privot,N,0,
8/23/2021,367,Spicebush,N,0,
8/23/2021,367,Rubus,N,0,
8/23/2021,367,Mapleleaf Viburnum,N,0,
8/23/2021,367,Buckthorn,S,1,
8/23/2021,367,Multiflora Rose,S,0,
8/23/2021,367,Honeysuckle,S,0,
8/23/2021,367,Privot,S,0,
8/23/2021,367,Spicebush,S,0,
8/23/2021,367,Rubus,S,0,
8/23/2021,367,Mapleleaf Viburnum,S,0,
8/23/2021,189,Buckthorn,N,1,
8/23/2021,189,Multiflora Rose,N,0,
8/23/2021,189,Honeysuckle,N,0,
8/23/2021,189,Privot,N,0,
8/23/2021,189,Spicebush,N,0,
8/23/2021,189,Rubus,N,0,
8/23/2021,189,Mapleleaf Viburnum,N,1,
8/23/2021,189,Buckthorn,S,1,
8/23/2021,189,Multiflora Rose,S,0,
8/23/2021,189,Honeysuckle,S,0,
8/23/2021,189,Privot,S,0,
8/23/2021,189,Spicebush,S,0,
8/23/2021,189,Rubus,S,0,
8/23/2021,189,Mapleleaf Viburnum,S,0,
8/23/2021,190,Buckthorn,N,0,
8/23/2021,190,Multiflora Rose,N,0,
8/23/2021,190,Honeysuckle,N,0,
8/23/2021,190,Privot,N,0,
8/23/2021,190,Spicebush,N,0,
8/23/2021,190,Rubus,N,0,
8/23/2021,190,Mapleleaf Viburnum,N,0,
8/23/2021,190,Buckthorn,S,1,
8/23/2021,190,Multiflora Rose,S,0,
8/23/2021,190,Honeysuckle,S,0,
8/23/2021,190,Privot,S,0,
8/23/2021,190,Spicebush,S,0,
8/23/2021,190,Rubus,S,0,
8/23/2021,190,Mapleleaf Viburnum,S,1,
8/23/2021,397,Buckthorn,N,1,
8/23/2021,397,Multiflora Rose,N,0,
8/23/2021,397,Honeysuckle,N,0,
8/23/2021,397,Privot,N,0,
8/23/2021,397,Spicebush,N,0,
8/23/2021,397,Rubus,N,0,
8/23/2021,397,Mapleleaf Viburnum,N,1,
8/23/2021,279,Buckthorn,S,1,
8/23/2021,279,Multiflora Rose,S,0,
8/23/2021,279,Honeysuckle,S,0,
8/23/2021,279,Privot,S,0,
8/23/2021,279,Spicebush,S,0,
8/23/2021,279,Rubus,S,0,
8/23/2021,279,Mapleleaf Viburnum,S,0,
8/23/2021,310,Buckthorn,N,0,
8/23/2021,310,Multiflora Rose,N,0,
8/23/2021,310,Honeysuckle,N,0,
8/23/2021,310,Privot,N,0,
8/23/2021,310,Spicebush,N,0,
8/23/2021,310,Rubus,N,0,
8/23/2021,310,Mapleleaf Viburnum,N,0,
8/23/2021,310,Buckthorn,S,0,
8/23/2021,310,Multiflora Rose,S,0,
8/23/2021,310,Honeysuckle,S,0,
8/23/2021,310,Privot,S,0,
8/23/2021,310,Spicebush,S,0,
8/23/2021,310,Rubus,S,0,
8/23/2021,310,Mapleleaf Viburnum,S,0,
8/23/2021,309,Buckthorn,N,2,
8/23/2021,309,Multiflora Rose,N,0,
8/23/2021,309,Honeysuckle,N,0,
8/23/2021,309,Privot,N,0,
8/23/2021,309,Spicebush,N,0,
8/23/2021,309,Rubus,N,0,
8/23/2021,309,Mapleleaf Viburnum,N,0,
8/23/2021,309,Buckthorn,S,0,
8/23/2021,309,Multiflora Rose,S,0,
8/23/2021,309,Honeysuckle,S,0,
8/23/2021,309,Privot,S,0,
8/23/2021,309,Spicebush,S,0,
8/23/2021,309,Rubus,S,0,
8/23/2021,309,Mapleleaf Viburnum,S,0,
8/23/2021,395,Buckthorn,N,0,
8/23/2021,395,Multiflora Rose,N,2,
8/23/2021,395,Honeysuckle,N,0,
8/23/2021,395,Privot,N,0,
8/23/2021,395,Spicebush,N,0,
8/23/2021,395,Rubus,N,0,
8/23/2021,395,Mapleleaf Viburnum,N,0,
8/23/2021,395,Buckthorn,S,0,
8/23/2021,395,Multiflora Rose,S,1,
8/23/2021,395,Honeysuckle,S,0,
8/23/2021,395,Privot,S,0,
8/23/2021,395,Spicebush,S,0,
8/23/2021,395,Rubus,S,0,
8/23/2021,395,Mapleleaf Viburnum,S,1,
8/23/2021,394,Buckthorn,N,0,
8/23/2021,394,Multiflora Rose,N,0,
8/23/2021,394,Honeysuckle,N,0,
8/23/2021,394,Privot,N,0,
8/23/2021,394,Spicebush,N,0,
8/23/2021,394,Rubus,N,0,
8/23/2021,394,Mapleleaf Viburnum,N,0,
8/23/2021,394,Buckthorn,S,0,
8/23/2021,394,Multiflora Rose,S,0,
8/23/2021,394,Honeysuckle,S,0,
8/23/2021,394,Privot,S,0,
8/23/2021,394,Spicebush,S,0,
8/23/2021,394,Rubus,S,0,
8/23/2021,394,Mapleleaf Viburnum,S,0,
8/23/2021,279,Buckthorn,N,1,
8/23/2021,279,Multiflora Rose,N,0,
8/23/2021,279,Honeysuckle,N,0,
8/23/2021,279,Privot,N,0,
8/23/2021,279,Spicebush,N,0,
8/23/2021,279,Rubus,N,0,
8/23/2021,279,Mapleleaf Viburnum,N,0,
8/23/2021,283,Buckthorn,S,1,
8/23/2021,283,Multiflora Rose,S,0,
8/23/2021,283,Honeysuckle,S,0,
8/23/2021,283,Privot,S,0,
8/23/2021,283,Spicebush,S,0,
8/23/2021,283,Rubus,S,0,
8/23/2021,283,Mapleleaf Viburnum,S,0,
8/23/2021,277,Buckthorn,N,1,
8/23/2021,277,Multiflora Rose,N,0,
8/23/2021,277,Honeysuckle,N,0,
8/23/2021,277,Privot,N,0,
8/23/2021,277,Spicebush,N,0,
8/23/2021,277,Rubus,N,1,
8/23/2021,277,Mapleleaf Viburnum,N,0,
8/23/2021,277,Buckthorn,S,2,
8/23/2021,277,Multiflora Rose,S,0,
8/23/2021,277,Honeysuckle,S,0,
8/23/2021,277,Privot,S,0,
8/23/2021,277,Spicebush,S,0,
8/23/2021,277,Rubus,S,1,
8/23/2021,277,Mapleleaf Viburnum,S,0,
8/23/2021,191,Buckthorn,N,0,
8/23/2021,191,Multiflora Rose,N,0,
8/23/2021,191,Honeysuckle,N,0,
8/23/2021,191,Privot,N,0,
8/23/2021,191,Spicebush,N,0,
8/23/2021,191,Rubus,N,0,
8/23/2021,191,Mapleleaf Viburnum,N,1,
8/23/2021,191,Buckthorn,S,2,
8/23/2021,191,Multiflora Rose,S,0,
8/23/2021,191,Honeysuckle,S,0,
8/23/2021,191,Privot,S,0,
8/23/2021,191,Spicebush,S,0,
8/23/2021,191,Rubus,S,1,
8/23/2021,191,Mapleleaf Viburnum,S,0,
8/19/2021,379,Buckthorn,N,1,
8/19/2021,379,Multiflora Rose,N,1,
8/19/2021,379,Honeysuckle,N,1,
8/19/2021,379,Privot,N,0,
8/19/2021,379,Spicebush,N,0,
8/19/2021,379,Rubus,N,2,
8/19/2021,379,Mapleleaf Viburnum,N,0,
8/19/2021,379,Buckthorn,S,1,
8/19/2021,379,Multiflora Rose,S,2,
8/19/2021,379,Honeysuckle,S,0,
8/19/2021,379,Privot,S,0,
8/19/2021,379,Spicebush,S,0,
8/19/2021,379,Rubus,S,2,
8/19/2021,379,Mapleleaf Viburnum,S,0,
8/19/2021,303,Buckthorn,N,1,
8/19/2021,303,Multiflora Rose,N,2,
8/19/2021,303,Honeysuckle,N,0,
8/19/2021,303,Privot,N,0,
8/19/2021,303,Spicebush,N,0,
8/19/2021,303,Rubus,N,2,
8/19/2021,303,Mapleleaf Viburnum,N,0,
8/19/2021,303,Buckthorn,S,0,
8/19/2021,303,Multiflora Rose,S,2,
8/19/2021,303,Honeysuckle,S,2,
8/19/2021,303,Privot,S,0,
8/19/2021,303,Spicebush,S,0,
8/19/2021,303,Rubus,S,2,
8/19/2021,303,Mapleleaf Viburnum,S,0,
8/19/2021,339,Buckthorn,N,1,
8/19/2021,339,Multiflora Rose,N,1,
8/19/2021,339,Honeysuckle,N,0,
8/19/2021,339,Privot,N,0,
8/19/2021,339,Spicebush,N,0,
8/19/2021,339,Rubus,N,2,
8/19/2021,339,Mapleleaf Viburnum,N,0,
8/19/2021,247,Buckthorn,S,2,
8/19/2021,247,Multiflora Rose,S,4,
8/19/2021,247,Honeysuckle,S,0,
8/19/2021,247,Privot,S,0,
8/19/2021,247,Spicebush,S,0,
8/19/2021,247,Rubus,S,2,
8/19/2021,247,Mapleleaf Viburnum,S,0,
8/19/2021,91,Buckthorn,N,1,
8/19/2021,91,Multiflora Rose,N,0,
8/19/2021,91,Honeysuckle,N,0,
8/19/2021,91,Privot,N,0,
8/19/2021,91,Spicebush,N,0,
8/19/2021,91,Rubus,N,1,
8/19/2021,91,Mapleleaf Viburnum,N,0,
8/19/2021,91,Buckthorn,S,1,
8/19/2021,91,Multiflora Rose,S,1,
8/19/2021,91,Honeysuckle,S,0,
8/19/2021,91,Privot,S,0,
8/19/2021,91,Spicebush,S,0,
8/19/2021,91,Rubus,S,1,
8/19/2021,91,Mapleleaf Viburnum,S,0,
8/19/2021,302,Buckthorn,N,2,
8/19/2021,302,Multiflora Rose,N,2,
8/19/2021,302,Honeysuckle,N,0,
8/19/2021,302,Privot,N,0,
8/19/2021,302,Spicebush,N,0,
8/19/2021,302,Rubus,N,2,
8/19/2021,302,Mapleleaf Viburnum,N,0,
8/19/2021,302,Buckthorn,S,1,
8/19/2021,302,Multiflora Rose,S,2,
8/19/2021,302,Honeysuckle,S,1,
8/19/2021,302,Privot,S,0,
8/19/2021,302,Spicebush,S,0,
8/19/2021,302,Rubus,S,0,
8/19/2021,302,Mapleleaf Viburnum,S,1,
8/19/2021,240,Buckthorn,N,2,
8/19/2021,240,Multiflora Rose,N,3,
8/19/2021,240,Honeysuckle,N,0,
8/19/2021,240,Privot,N,0,
8/19/2021,240,Spicebush,N,0,
8/19/2021,240,Rubus,N,2,
8/19/2021,240,Mapleleaf Viburnum,N,0,
8/19/2021,240,Buckthorn,S,2,
8/19/2021,240,Multiflora Rose,S,3,
8/19/2021,240,Honeysuckle,S,0,
8/19/2021,240,Privot,S,0,
8/19/2021,240,Spicebush,S,0,
8/19/2021,240,Rubus,S,2,
8/19/2021,240,Mapleleaf Viburnum,S,0,
8/19/2021,234,Buckthorn,N,2,
8/19/2021,234,Multiflora Rose,N,4,
8/19/2021,234,Honeysuckle,N,0,
8/19/2021,234,Privot,N,0,
8/19/2021,234,Spicebush,N,0,
8/19/2021,234,Rubus,N,2,
8/19/2021,234,Mapleleaf Viburnum,N,0,
8/19/2021,234,Buckthorn,S,2,
8/19/2021,234,Multiflora Rose,S,3,
8/19/2021,234,Honeysuckle,S,0,
8/19/2021,234,Privot,S,0,
8/19/2021,234,Spicebush,S,0,
8/19/2021,234,Rubus,S,2,
8/19/2021,234,Mapleleaf Viburnum,S,0,
8/19/2021,247,Buckthorn,N,1,
8/19/2021,247,Multiflora Rose,N,4,
8/19/2021,247,Honeysuckle,N,1,
8/19/2021,247,Privot,N,0,
8/19/2021,247,Spicebush,N,0,
8/19/2021,247,Rubus,N,2,
8/19/2021,247,Mapleleaf Viburnum,N,0,
8/19/2021,107,Buckthorn,S,2,
8/19/2021,107,Multiflora Rose,S,3,
8/19/2021,107,Honeysuckle,S,1,
8/19/2021,107,Privot,S,0,
8/19/2021,107,Spicebush,S,0,
8/19/2021,107,Rubus,S,2,
8/19/2021,107,Mapleleaf Viburnum,S,0,
8/19/2021,106,Buckthorn,N,2,
8/19/2021,106,Multiflora Rose,N,3,
8/19/2021,106,Honeysuckle,N,2,
8/19/2021,106,Privot,N,0,
8/19/2021,106,Spicebush,N,0,
8/19/2021,106,Rubus,N,2,
8/19/2021,106,Mapleleaf Viburnum,N,0,
8/19/2021,106,Buckthorn,S,2,
8/19/2021,106,Multiflora Rose,S,4,
8/19/2021,106,Honeysuckle,S,0,
8/19/2021,106,Privot,S,0,
8/19/2021,106,Spicebush,S,0,
8/19/2021,106,Rubus,S,2,
8/19/2021,106,Mapleleaf Viburnum,S,0,
8/19/2021,231,Buckthorn,N,1,target tree fallen
8/19/2021,231,Multiflora Rose,N,2,
8/19/2021,231,Honeysuckle,N,3,
8/19/2021,231,Privot,N,0,
8/19/2021,231,Spicebush,N,0,
8/19/2021,231,Rubus,N,2,
8/19/2021,231,Mapleleaf Viburnum,N,0,
8/19/2021,231,Buckthorn,S,2,
8/19/2021,231,Multiflora Rose,S,3,
8/19/2021,231,Honeysuckle,S,3,
8/19/2021,231,Privot,S,0,
8/19/2021,231,Spicebush,S,0,
8/19/2021,231,Rubus,S,2,
8/19/2021,231,Mapleleaf Viburnum,S,0,
8/19/2021,109,Buckthorn,N,2,
8/19/2021,109,Multiflora Rose,N,3,
8/19/2021,109,Honeysuckle,N,2,
8/19/2021,109,Privot,N,2,
8/19/2021,109,Spicebush,N,0,
8/19/2021,109,Rubus,N,1,
8/19/2021,109,Mapleleaf Viburnum,N,0,
8/19/2021,109,Buckthorn,S,2,
8/19/2021,109,Multiflora Rose,S,3,
8/19/2021,109,Honeysuckle,S,2,
8/19/2021,109,Privot,S,0,
8/19/2021,109,Spicebush,S,0,
8/19/2021,109,Rubus,S,2,
8/19/2021,109,Mapleleaf Viburnum,S,0,
8/19/2021,108,Buckthorn,N,2,
8/19/2021,108,Multiflora Rose,N,3,
8/19/2021,108,Honeysuckle,N,2,
8/19/2021,108,Privot,N,0,
8/19/2021,108,Spicebush,N,0,
8/19/2021,108,Rubus,N,2,
8/19/2021,108,Mapleleaf Viburnum,N,0,
8/19/2021,108,Buckthorn,S,1,
8/19/2021,108,Multiflora Rose,S,4,
8/19/2021,108,Honeysuckle,S,1,
8/19/2021,108,Privot,S,0,
8/19/2021,108,Spicebush,S,0,
8/19/2021,108,Rubus,S,2,
8/19/2021,108,Mapleleaf Viburnum,S,0,
8/19/2021,107,Buckthorn,N,2,
8/19/2021,107,Multiflora Rose,N,3,
8/19/2021,107,Honeysuckle,N,2,
8/19/2021,107,Privot,N,0,
8/19/2021,107,Spicebush,N,0,
8/19/2021,107,Rubus,N,2,
8/19/2021,107,Mapleleaf Viburnum,N,0,
8/19/2021,249,Buckthorn,S,2,
8/19/2021,249,Multiflora Rose,S,4,
8/19/2021,249,Honeysuckle,S,2,
8/19/2021,249,Privot,S,0,
8/19/2021,249,Spicebush,S,0,
8/19/2021,249,Rubus,S,2,
8/19/2021,249,Mapleleaf Viburnum,S,0,
8/19/2021,133,Buckthorn,N,2,
8/19/2021,133,Multiflora Rose,N,4,
8/19/2021,133,Honeysuckle,N,2,
8/19/2021,133,Privot,N,0,
8/19/2021,133,Spicebush,N,0,
8/19/2021,133,Rubus,N,3,
8/19/2021,133,Mapleleaf Viburnum,N,0,
8/19/2021,133,Buckthorn,S,2,
8/19/2021,133,Multiflora Rose,S,3,
8/19/2021,133,Honeysuckle,S,0,
8/19/2021,133,Privot,S,0,
8/19/2021,133,Spicebush,S,0,
8/19/2021,133,Rubus,S,2,
8/19/2021,133,Mapleleaf Viburnum,S,0,
8/19/2021,117,Buckthorn,N,2,
8/19/2021,117,Multiflora Rose,N,3,
8/19/2021,117,Honeysuckle,N,2,
8/19/2021,117,Privot,N,0,
8/19/2021,117,Spicebush,N,0,
8/19/2021,117,Rubus,N,2,
8/19/2021,117,Mapleleaf Viburnum,N,0,
8/19/2021,117,Buckthorn,S,2,
8/19/2021,117,Multiflora Rose,S,3,
8/19/2021,117,Honeysuckle,S,1,
8/19/2021,117,Privot,S,2,
8/19/2021,117,Spicebush,S,0,
8/19/2021,117,Rubus,S,1,
8/19/2021,117,Mapleleaf Viburnum,S,0,
8/19/2021,105,Buckthorn,N,2,
8/19/2021,105,Multiflora Rose,N,4,
8/19/2021,105,Honeysuckle,N,2,
8/19/2021,105,Privot,N,0,
8/19/2021,105,Spicebush,N,0,
8/19/2021,105,Rubus,N,2,
8/19/2021,105,Mapleleaf Viburnum,N,0,
8/19/2021,105,Buckthorn,S,2,
8/19/2021,105,Multiflora Rose,S,4,
8/19/2021,105,Honeysuckle,S,0,
8/19/2021,105,Privot,S,0,
8/19/2021,105,Spicebush,S,0,
8/19/2021,105,Rubus,S,2,
8/19/2021,105,Mapleleaf Viburnum,S,0,
8/19/2021,246,Buckthorn,N,2,
8/19/2021,246,Multiflora Rose,N,4,
8/19/2021,246,Honeysuckle,N,0,
8/19/2021,246,Privot,N,0,
8/19/2021,246,Spicebush,N,0,
8/19/2021,246,Rubus,N,2,
8/19/2021,246,Mapleleaf Viburnum,N,0,
8/19/2021,246,Buckthorn,S,2,
8/19/2021,246,Multiflora Rose,S,4,
8/19/2021,246,Honeysuckle,S,2,
8/19/2021,246,Privot,S,0,
8/19/2021,246,Spicebush,S,0,
8/19/2021,246,Rubus,S,2,
8/19/2021,246,Mapleleaf Viburnum,S,0,
8/19/2021,249,Buckthorn,N,1,
8/19/2021,249,Multiflora Rose,N,4,
8/19/2021,249,Honeysuckle,N,1,
8/19/2021,249,Privot,N,0,
8/19/2021,249,Spicebush,N,0,
8/19/2021,249,Rubus,N,2,
8/19/2021,249,Mapleleaf Viburnum,N,1,
8/19/2021,102,Buckthorn,S,2,
8/19/2021,102,Multiflora Rose,S,3,
8/19/2021,102,Honeysuckle,S,2,
8/19/2021,102,Privot,S,0,
8/19/2021,102,Spicebush,S,0,
8/19/2021,102,Rubus,S,2,
8/19/2021,102,Mapleleaf Viburnum,S,0,
8/19/2021,143,Buckthorn,N,2,
8/19/2021,143,Multiflora Rose,N,3,
8/19/2021,143,Honeysuckle,N,2,
8/19/2021,143,Privot,N,0,
8/19/2021,143,Spicebush,N,0,
8/19/2021,143,Rubus,N,2,
8/19/2021,143,Mapleleaf Viburnum,N,0,
8/19/2021,143,Buckthorn,S,2,
8/19/2021,143,Multiflora Rose,S,4,
8/19/2021,143,Honeysuckle,S,0,
8/19/2021,143,Privot,S,0,
8/19/2021,143,Spicebush,S,0,
8/19/2021,143,Rubus,S,2,
8/19/2021,143,Mapleleaf Viburnum,S,0,
8/19/2021,229,Buckthorn,N,2,
8/19/2021,229,Multiflora Rose,N,3,
8/19/2021,229,Honeysuckle,N,1,
8/19/2021,229,Privot,N,0,
8/19/2021,229,Spicebush,N,0,
8/19/2021,229,Rubus,N,2,
8/19/2021,229,Mapleleaf Viburnum,N,0,
8/19/2021,229,Buckthorn,S,2,
8/19/2021,229,Multiflora Rose,S,3,
8/19/2021,229,Honeysuckle,S,0,
8/19/2021,229,Privot,S,0,
8/19/2021,229,Spicebush,S,0,
8/19/2021,229,Rubus,S,2,
8/19/2021,229,Mapleleaf Viburnum,S,0,
8/19/2021,125,Buckthorn,S,2,
8/19/2021,125,Multiflora Rose,S,3,
8/19/2021,125,Honeysuckle,S,2,
8/19/2021,125,Privot,S,0,
8/19/2021,125,Spicebush,S,0,
8/19/2021,125,Rubus,S,2,
8/19/2021,125,Mapleleaf Viburnum,S,0,
8/19/2021,104,Buckthorn,N,1,target tree fell down
8/19/2021,104,Multiflora Rose,N,3,
8/19/2021,104,Honeysuckle,N,1,
8/19/2021,104,Privot,N,0,
8/19/2021,104,Spicebush,N,0,
8/19/2021,104,Rubus,N,2,
8/19/2021,104,Mapleleaf Viburnum,N,2,
8/19/2021,104,Buckthorn,S,2,
8/19/2021,104,Multiflora Rose,S,4,
8/19/2021,104,Honeysuckle,S,0,
8/19/2021,104,Privot,S,1,
8/19/2021,104,Spicebush,S,0,
8/19/2021,104,Rubus,S,3,
8/19/2021,104,Mapleleaf Viburnum,S,2,
8/19/2021,233,Buckthorn,N,2,
8/19/2021,233,Multiflora Rose,N,3,
8/19/2021,233,Honeysuckle,N,2,
8/19/2021,233,Privot,N,0,
8/19/2021,233,Spicebush,N,0,
8/19/2021,233,Rubus,N,2,
8/19/2021,233,Mapleleaf Viburnum,N,0,
8/19/2021,233,Buckthorn,S,2,
8/19/2021,233,Multiflora Rose,S,3,
8/19/2021,233,Honeysuckle,S,1,
8/19/2021,233,Privot,S,1,
8/19/2021,233,Spicebush,S,0,
8/19/2021,233,Rubus,S,2,
8/19/2021,233,Mapleleaf Viburnum,S,0,
8/19/2021,120,Buckthorn,N,2,
8/19/2021,120,Multiflora Rose,N,2,
8/19/2021,120,Honeysuckle,N,0,
8/19/2021,120,Privot,N,0,
8/19/2021,120,Spicebush,N,0,
8/19/2021,120,Rubus,N,0,
8/19/2021,120,Mapleleaf Viburnum,N,1,
8/19/2021,120,Buckthorn,S,0,
8/19/2021,120,Multiflora Rose,S,2,
8/19/2021,120,Honeysuckle,S,2,
8/19/2021,120,Privot,S,0,
8/19/2021,120,Spicebush,S,0,
8/19/2021,120,Rubus,S,1,
8/19/2021,120,Mapleleaf Viburnum,S,1,
8/19/2021,112,Buckthorn,N,1,
8/19/2021,112,Multiflora Rose,N,3,
8/19/2021,112,Honeysuckle,N,0,
8/19/2021,112,Privot,N,0,
8/19/2021,112,Spicebush,N,0,
8/19/2021,112,Rubus,N,2,
8/19/2021,112,Mapleleaf Viburnum,N,2,
8/19/2021,112,Buckthorn,S,2,
8/19/2021,112,Multiflora Rose,S,3,
8/19/2021,112,Honeysuckle,S,1,
8/19/2021,112,Privot,S,0,
8/19/2021,112,Spicebush,S,0,
8/19/2021,112,Rubus,S,1,
8/19/2021,112,Mapleleaf Viburnum,S,0,
8/19/2021,125,Buckthorn,N,2,
8/19/2021,125,Multiflora Rose,N,4,
8/19/2021,125,Honeysuckle,N,1,
8/19/2021,125,Privot,N,0,
8/19/2021,125,Spicebush,N,0,
8/19/2021,125,Rubus,N,2,
8/19/2021,125,Mapleleaf Viburnum,N,0,
8/19/2021,119,Buckthorn,S,2,
8/19/2021,119,Multiflora Rose,S,2,
8/19/2021,119,Honeysuckle,S,0,
8/19/2021,119,Privot,S,0,
8/19/2021,119,Spicebush,S,0,
8/19/2021,119,Rubus,S,3,
8/19/2021,119,Mapleleaf Viburnum,S,0,
8/19/2021,114,Buckthorn,N,1,
8/19/2021,114,Multiflora Rose,N,1,
8/19/2021,114,Honeysuckle,N,0,
8/19/2021,114,Privot,N,0,
8/19/2021,114,Spicebush,N,0,
8/19/2021,114,Rubus,N,1,
8/19/2021,114,Mapleleaf Viburnum,N,2,
8/19/2021,114,Buckthorn,S,2,
8/19/2021,114,Multiflora Rose,S,2,
8/19/2021,114,Honeysuckle,S,1,
8/19/2021,114,Privot,S,0,
8/19/2021,114,Spicebush,S,0,
8/19/2021,114,Rubus,S,1,
8/19/2021,114,Mapleleaf Viburnum,S,1,
8/19/2021,115,Buckthorn,N,1,
8/19/2021,115,Multiflora Rose,N,1,
8/19/2021,115,Honeysuckle,N,0,
8/19/2021,115,Privot,N,0,
8/19/2021,115,Spicebush,N,0,
8/19/2021,115,Rubus,N,1,
8/19/2021,115,Mapleleaf Viburnum,N,1,
8/19/2021,115,Buckthorn,S,1,
8/19/2021,115,Multiflora Rose,S,0,
8/19/2021,115,Honeysuckle,S,0,
8/19/2021,115,Privot,S,0,
8/19/2021,115,Spicebush,S,0,
8/19/2021,115,Rubus,S,0,
8/19/2021,115,Mapleleaf Viburnum,S,2,
8/20/2021,197,Buckthorn,N,1,
8/20/2021,197,Multiflora Rose,N,0,
8/20/2021,197,Honeysuckle,N,0,
8/20/2021,197,Privot,N,1,
8/20/2021,197,Spicebush,N,0,
8/20/2021,197,Rubus,N,0,
8/20/2021,197,Mapleleaf Viburnum,N,0,
8/20/2021,197,Buckthorn,S,0,
8/20/2021,197,Multiflora Rose,S,1,
8/20/2021,197,Honeysuckle,S,0,
8/20/2021,197,Privot,S,0,
8/20/2021,197,Spicebush,S,0,
8/20/2021,197,Rubus,S,0,
8/20/2021,197,Mapleleaf Viburnum,S,0,
8/19/2021,236,Buckthorn,N,1,
8/19/2021,236,Multiflora Rose,N,3,
8/19/2021,236,Honeysuckle,N,0,
8/19/2021,236,Privot,N,0,
8/19/2021,236,Spicebush,N,0,
8/19/2021,236,Rubus,N,2,
8/19/2021,236,Mapleleaf Viburnum,N,1,
8/19/2021,236,Buckthorn,S,2,
8/19/2021,236,Multiflora Rose,S,3,
8/19/2021,236,Honeysuckle,S,0,
8/19/2021,236,Privot,S,2,
8/19/2021,236,Spicebush,S,0,
8/19/2021,236,Rubus,S,2,
8/19/2021,236,Mapleleaf Viburnum,S,1,
8/19/2021,232,Buckthorn,N,2,
8/19/2021,232,Multiflora Rose,N,1,
8/19/2021,232,Honeysuckle,N,1,
8/19/2021,232,Privot,N,0,
8/19/2021,232,Spicebush,N,0,
8/19/2021,232,Rubus,N,2,
8/19/2021,232,Mapleleaf Viburnum,N,1,
8/19/2021,232,Buckthorn,S,1,
8/19/2021,232,Multiflora Rose,S,1,
8/19/2021,232,Honeysuckle,S,0,
8/19/2021,232,Privot,S,1,
8/19/2021,232,Spicebush,S,0,
8/19/2021,232,Rubus,S,2,
8/19/2021,232,Mapleleaf Viburnum,S,0,
8/19/2021,119,Buckthorn,N,1,
8/19/2021,119,Multiflora Rose,N,2,
8/19/2021,119,Honeysuckle,N,2,
8/19/2021,119,Privot,N,0,
8/19/2021,119,Spicebush,N,0,
8/19/2021,119,Rubus,N,2,
8/19/2021,119,Mapleleaf Viburnum,N,0,
8/20/2021,326,Buckthorn,S,1,
8/20/2021,326,Multiflora Rose,S,1,
8/20/2021,326,Honeysuckle,S,0,
8/20/2021,326,Privot,S,0,
8/20/2021,326,Spicebush,S,0,
8/20/2021,326,Rubus,S,0,
8/20/2021,326,Mapleleaf Viburnum,S,0,
8/20/2021,307,Buckthorn,N,0,
8/20/2021,307,Multiflora Rose,N,0,
8/20/2021,307,Honeysuckle,N,0,
8/20/2021,307,Privot,N,0,
8/20/2021,307,Spicebush,N,0,
8/20/2021,307,Rubus,N,0,
8/20/2021,307,Mapleleaf Viburnum,N,0,
8/20/2021,307,Buckthorn,S,0,
8/20/2021,307,Multiflora Rose,S,0,
8/20/2021,307,Honeysuckle,S,0,
8/20/2021,307,Privot,S,0,
8/20/2021,307,Spicebush,S,0,
8/20/2021,307,Rubus,S,0,
8/20/2021,307,Mapleleaf Viburnum,S,0,
8/20/2021,287,Buckthorn,N,0,
8/20/2021,287,Multiflora Rose,N,1,
8/20/2021,287,Honeysuckle,N,0,
8/20/2021,287,Privot,N,0,
8/20/2021,287,Spicebush,N,0,
8/20/2021,287,Rubus,N,0,
8/20/2021,287,Mapleleaf Viburnum,N,0,
8/20/2021,287,Buckthorn,S,1,
8/20/2021,287,Multiflora Rose,S,2,
8/20/2021,287,Honeysuckle,S,0,
8/20/2021,287,Privot,S,0,
8/20/2021,287,Spicebush,S,0,
8/20/2021,287,Rubus,S,1,
8/20/2021,287,Mapleleaf Viburnum,S,0,
8/20/2021,333,Buckthorn,N,1,
8/20/2021,333,Multiflora Rose,N,0,
8/20/2021,333,Honeysuckle,N,0,
8/20/2021,333,Privot,N,0,
8/20/2021,333,Spicebush,N,0,
8/20/2021,333,Rubus,N,0,
8/20/2021,333,Mapleleaf Viburnum,N,0,
8/20/2021,333,Buckthorn,S,1,
8/20/2021,333,Multiflora Rose,S,0,
8/20/2021,333,Honeysuckle,S,0,
8/20/2021,333,Privot,S,0,
8/20/2021,333,Spicebush,S,0,
8/20/2021,333,Rubus,S,0,
8/20/2021,333,Mapleleaf Viburnum,S,0,
8/20/2021,340,Buckthorn,N,1,
8/20/2021,340,Multiflora Rose,N,1,
8/20/2021,340,Honeysuckle,N,0,
8/20/2021,340,Privot,N,0,
8/20/2021,340,Spicebush,N,0,
8/20/2021,340,Rubus,N,0,
8/20/2021,340,Mapleleaf Viburnum,N,0,
8/20/2021,340,Buckthorn,S,1,
8/20/2021,340,Multiflora Rose,S,1,
8/20/2021,340,Honeysuckle,S,0,
8/20/2021,340,Privot,S,0,
8/20/2021,340,Spicebush,S,0,
8/20/2021,340,Rubus,S,0,
8/20/2021,340,Mapleleaf Viburnum,S,0,
8/20/2021,326,Buckthorn,N,1,
8/20/2021,326,Multiflora Rose,N,1,
8/20/2021,326,Honeysuckle,N,0,
8/20/2021,326,Privot,N,0,
8/20/2021,326,Spicebush,N,0,
8/20/2021,326,Rubus,N,0,
8/20/2021,326,Mapleleaf Viburnum,N,0,
8/20/2021,897,Buckthorn,S,1,
8/20/2021,897,Multiflora Rose,S,1,
8/20/2021,897,Honeysuckle,S,0,
8/20/2021,897,Privot,S,0,
8/20/2021,897,Spicebush,S,0,
8/20/2021,897,Rubus,S,0,
8/20/2021,897,Mapleleaf Viburnum,S,0,
8/20/2021,996,Buckthorn,N,1,
8/20/2021,996,Multiflora Rose,N,0,
8/20/2021,996,Honeysuckle,N,0,
8/20/2021,996,Privot,N,0,
8/20/2021,996,Spicebush,N,0,
8/20/2021,996,Rubus,N,0,
8/20/2021,996,Mapleleaf Viburnum,N,0,
8/20/2021,996,Buckthorn,S,1,
8/20/2021,996,Multiflora Rose,S,0,
8/20/2021,996,Honeysuckle,S,0,
8/20/2021,996,Privot,S,0,
8/20/2021,996,Spicebush,S,0,
8/20/2021,996,Rubus,S,0,
8/20/2021,996,Mapleleaf Viburnum,S,0,
8/20/2021,291,Buckthorn,N,1,
8/20/2021,291,Multiflora Rose,N,0,
8/20/2021,291,Honeysuckle,N,0,
8/20/2021,291,Privot,N,0,
8/20/2021,291,Spicebush,N,0,
8/20/2021,291,Rubus,N,0,
8/20/2021,291,Mapleleaf Viburnum,N,0,
8/20/2021,291,Buckthorn,S,1,
8/20/2021,291,Multiflora Rose,S,1,
8/20/2021,291,Honeysuckle,S,0,
8/20/2021,291,Privot,S,0,
8/20/2021,291,Spicebush,S,0,
8/20/2021,291,Rubus,S,0,
8/20/2021,291,Mapleleaf Viburnum,S,0,
8/20/2021,381,Buckthorn,N,2,
8/20/2021,381,Multiflora Rose,N,2,
8/20/2021,381,Honeysuckle,N,1,
8/20/2021,381,Privot,N,0,
8/20/2021,381,Spicebush,N,0,
8/20/2021,381,Rubus,N,1,
8/20/2021,381,Mapleleaf Viburnum,N,0,
8/20/2021,381,Buckthorn,S,2,
8/20/2021,381,Multiflora Rose,S,1,
8/20/2021,381,Honeysuckle,S,2,
8/20/2021,381,Privot,S,0,
8/20/2021,381,Spicebush,S,0,
8/20/2021,381,Rubus,S,1,
8/20/2021,381,Mapleleaf Viburnum,S,0,
8/20/2021,331,Buckthorn,N,2,
8/20/2021,331,Multiflora Rose,N,2,
8/20/2021,331,Honeysuckle,N,0,
8/20/2021,331,Privot,N,0,
8/20/2021,331,Spicebush,N,0,
8/20/2021,331,Rubus,N,0,
8/20/2021,331,Mapleleaf Viburnum,N,0,
8/20/2021,331,Buckthorn,S,1,
8/20/2021,331,Multiflora Rose,S,1,
8/20/2021,331,Honeysuckle,S,0,
8/20/2021,331,Privot,S,0,
8/20/2021,331,Spicebush,S,0,
8/20/2021,331,Rubus,S,0,
8/20/2021,331,Mapleleaf Viburnum,S,0,
8/20/2021,897,Buckthorn,N,1,
8/20/2021,897,Multiflora Rose,N,0,
8/20/2021,897,Honeysuckle,N,0,
8/20/2021,897,Privot,N,0,
8/20/2021,897,Spicebush,N,0,
8/20/2021,897,Rubus,N,0,
8/20/2021,897,Mapleleaf Viburnum,N,0,
8/20/2021,335,Buckthorn,S,0,
8/20/2021,335,Multiflora Rose,S,1,
8/20/2021,335,Honeysuckle,S,0,
8/20/2021,335,Privot,S,0,
8/20/2021,335,Spicebush,S,0,
8/20/2021,335,Rubus,S,2,
8/20/2021,335,Mapleleaf Viburnum,S,0,
8/20/2021,378,Buckthorn,N,0,
8/20/2021,378,Multiflora Rose,N,1,
8/20/2021,378,Honeysuckle,N,1,
8/20/2021,378,Privot,N,0,
8/20/2021,378,Spicebush,N,0,
8/20/2021,378,Rubus,N,2,
8/20/2021,378,Mapleleaf Viburnum,N,0,
8/20/2021,378,Buckthorn,S,1,
8/20/2021,378,Multiflora Rose,S,2,
8/20/2021,378,Honeysuckle,S,0,
8/20/2021,378,Privot,S,0,
8/20/2021,378,Spicebush,S,0,
8/20/2021,378,Rubus,S,2,
8/20/2021,378,Mapleleaf Viburnum,S,1,
8/20/2021,185,Buckthorn,N,1,
8/20/2021,185,Multiflora Rose,N,0,
8/20/2021,185,Honeysuckle,N,0,
8/20/2021,185,Privot,N,0,
8/20/2021,185,Spicebush,N,0,
8/20/2021,185,Rubus,N,0,
8/20/2021,185,Mapleleaf Viburnum,N,0,
8/20/2021,185,Buckthorn,S,1,
8/20/2021,185,Multiflora Rose,S,1,
8/20/2021,185,Honeysuckle,S,0,
8/20/2021,185,Privot,S,0,
8/20/2021,185,Spicebush,S,0,
8/20/2021,185,Rubus,S,0,
8/20/2021,185,Mapleleaf Viburnum,S,0,
8/20/2021,195,Buckthorn,N,1,
8/20/2021,195,Multiflora Rose,N,0,
8/20/2021,195,Honeysuckle,N,0,
8/20/2021,195,Privot,N,0,
8/20/2021,195,Spicebush,N,0,
8/20/2021,195,Rubus,N,2,
8/20/2021,195,Mapleleaf Viburnum,N,0,
8/20/2021,195,Buckthorn,S,1,
8/20/2021,195,Multiflora Rose,S,1,
8/20/2021,195,Honeysuckle,S,0,
8/20/2021,195,Privot,S,0,
8/20/2021,195,Spicebush,S,0,
8/20/2021,195,Rubus,S,2,
8/20/2021,195,Mapleleaf Viburnum,S,0,
8/20/2021,343,Buckthorn,N,1,
8/20/2021,343,Multiflora Rose,N,1,
8/20/2021,343,Honeysuckle,N,0,
8/20/2021,343,Privot,N,0,
8/20/2021,343,Spicebush,N,0,
8/20/2021,343,Rubus,N,2,
8/20/2021,343,Mapleleaf Viburnum,N,0,
8/20/2021,343,Buckthorn,S,0,
8/20/2021,343,Multiflora Rose,S,0,
8/20/2021,343,Honeysuckle,S,0,
8/20/2021,343,Privot,S,0,
8/20/2021,343,Spicebush,S,0,
8/20/2021,343,Rubus,S,2,
8/20/2021,343,Mapleleaf Viburnum,S,0,
8/20/2021,335,Buckthorn,N,0,
8/20/2021,335,Multiflora Rose,N,2,
8/20/2021,335,Honeysuckle,N,0,
8/20/2021,335,Privot,N,1,
8/20/2021,335,Spicebush,N,0,
8/20/2021,335,Rubus,N,1,
8/20/2021,335,Mapleleaf Viburnum,N,0,
8/20/2021,289,Buckthorn,S,1,
8/20/2021,289,Multiflora Rose,S,1,
8/20/2021,289,Honeysuckle,S,0,
8/20/2021,289,Privot,S,0,
8/20/2021,289,Spicebush,S,0,
8/20/2021,289,Rubus,S,1,
8/20/2021,289,Mapleleaf Viburnum,S,1,
8/20/2021,337,Buckthorn,N,1,
8/20/2021,337,Multiflora Rose,N,1,
8/20/2021,337,Honeysuckle,N,0,
8/20/2021,337,Privot,N,0,
8/20/2021,337,Spicebush,N,0,
8/20/2021,337,Rubus,N,2,
8/20/2021,337,Mapleleaf Viburnum,N,0,
8/20/2021,337,Buckthorn,S,0,
8/20/2021,337,Multiflora Rose,S,1,
8/20/2021,337,Honeysuckle,S,0,
8/20/2021,337,Privot,S,0,
8/20/2021,337,Spicebush,S,0,
8/20/2021,337,Rubus,S,2,
8/20/2021,337,Mapleleaf Viburnum,S,2,
8/20/2021,325,Buckthorn,N,1,
8/20/2021,325,Multiflora Rose,N,1,
8/20/2021,325,Honeysuckle,N,0,
8/20/2021,325,Privot,N,0,
8/20/2021,325,Spicebush,N,0,
8/20/2021,325,Rubus,N,0,
8/20/2021,325,Mapleleaf Viburnum,N,0,
8/20/2021,325,Buckthorn,S,1,
8/20/2021,325,Multiflora Rose,S,2,
8/20/2021,325,Honeysuckle,S,0,
8/20/2021,325,Privot,S,0,
8/20/2021,325,Spicebush,S,0,
8/20/2021,325,Rubus,S,2,
8/20/2021,325,Mapleleaf Viburnum,S,0,
8/20/2021,192,Buckthorn,N,1,
8/20/2021,192,Multiflora Rose,N,0,
8/20/2021,192,Honeysuckle,N,0,
8/20/2021,192,Privot,N,0,
8/20/2021,192,Spicebush,N,0,
8/20/2021,192,Rubus,N,0,
8/20/2021,192,Mapleleaf Viburnum,N,0,
8/20/2021,192,Buckthorn,S,1,
8/20/2021,192,Multiflora Rose,S,0,
8/20/2021,192,Honeysuckle,S,1,
8/20/2021,192,Privot,S,1,
8/20/2021,192,Spicebush,S,0,
8/20/2021,192,Rubus,S,0,
8/20/2021,192,Mapleleaf Viburnum,S,0,
8/20/2021,345,Buckthorn,N,0,
8/20/2021,345,Multiflora Rose,N,1,
8/20/2021,345,Honeysuckle,N,0,
8/20/2021,345,Privot,N,0,
8/20/2021,345,Spicebush,N,0,
8/20/2021,345,Rubus,N,0,
8/20/2021,345,Mapleleaf Viburnum,N,0,
8/20/2021,345,Buckthorn,S,1,
8/20/2021,345,Multiflora Rose,S,1,
8/20/2021,345,Honeysuckle,S,0,
8/20/2021,345,Privot,S,1,
8/20/2021,345,Spicebush,S,0,
8/20/2021,345,Rubus,S,0,
8/20/2021,345,Mapleleaf Viburnum,S,0,
8/20/2021,289,Buckthorn,N,1,
8/20/2021,289,Multiflora Rose,N,2,
8/20/2021,289,Honeysuckle,N,0,
8/20/2021,289,Privot,N,0,
8/20/2021,289,Spicebush,N,0,
8/20/2021,289,Rubus,N,1,
8/20/2021,289,Mapleleaf Viburnum,N,0,
8/20/2021,278,Buckthorn,S,1,
8/20/2021,278,Multiflora Rose,S,1,
8/20/2021,278,Honeysuckle,S,0,
8/20/2021,278,Privot,S,0,
8/20/2021,278,Spicebush,S,0,
8/20/2021,278,Rubus,S,0,
8/20/2021,278,Mapleleaf Viburnum,S,0,
8/20/2021,336,Buckthorn,N,1,
8/20/2021,336,Multiflora Rose,N,1,
8/20/2021,336,Honeysuckle,N,1,
8/20/2021,336,Privot,N,0,
8/20/2021,336,Spicebush,N,0,
8/20/2021,336,Rubus,N,0,
8/20/2021,336,Mapleleaf Viburnum,N,0,
8/20/2021,336,Buckthorn,S,1,
8/20/2021,336,Multiflora Rose,S,1,
8/20/2021,336,Honeysuckle,S,0,
8/20/2021,336,Privot,S,0,
8/20/2021,336,Spicebush,S,0,
8/20/2021,336,Rubus,S,0,
8/20/2021,336,Mapleleaf Viburnum,S,0,
8/20/2021,338,Buckthorn,N,1,
8/20/2021,338,Multiflora Rose,N,0,
8/20/2021,338,Honeysuckle,N,0,
8/20/2021,338,Privot,N,0,
8/20/2021,338,Spicebush,N,0,
8/20/2021,338,Rubus,N,1,
8/20/2021,338,Mapleleaf Viburnum,N,0,
8/20/2021,338,Buckthorn,S,1,
8/20/2021,338,Multiflora Rose,S,0,
8/20/2021,338,Honeysuckle,S,0,
8/20/2021,338,Privot,S,0,
8/20/2021,338,Spicebush,S,0,
8/20/2021,338,Rubus,S,0,
8/20/2021,338,Mapleleaf Viburnum,S,0,
8/20/2021,330,Buckthorn,N,1,
8/20/2021,330,Multiflora Rose,N,1,
8/20/2021,330,Honeysuckle,N,2,
8/20/2021,330,Privot,N,0,
8/20/2021,330,Spicebush,N,0,
8/20/2021,330,Rubus,N,1,
8/20/2021,330,Mapleleaf Viburnum,N,1,
8/20/2021,330,Buckthorn,S,1,
8/20/2021,330,Multiflora Rose,S,0,
8/20/2021,330,Honeysuckle,S,1,
8/20/2021,330,Privot,S,0,
8/20/2021,330,Spicebush,S,0,
8/20/2021,330,Rubus,S,0,
8/20/2021,330,Mapleleaf Viburnum,S,0,
8/20/2021,931,Buckthorn,N,1,
8/20/2021,931,Multiflora Rose,N,2,
8/20/2021,931,Honeysuckle,N,0,
8/20/2021,931,Privot,N,0,
8/20/2021,931,Spicebush,N,0,
8/20/2021,931,Rubus,N,0,
8/20/2021,931,Mapleleaf Viburnum,N,0,
8/20/2021,931,Buckthorn,S,1,
8/20/2021,931,Multiflora Rose,S,0,
8/20/2021,931,Honeysuckle,S,1,
8/20/2021,931,Privot,S,0,
8/20/2021,931,Spicebush,S,0,
8/20/2021,931,Rubus,S,0,
8/20/2021,931,Mapleleaf Viburnum,S,1,
8/20/2021,278,Buckthorn,N,1,
8/20/2021,278,Multiflora Rose,N,0,
8/20/2021,278,Honeysuckle,N,0,
8/20/2021,278,Privot,N,1,
8/20/2021,278,Spicebush,N,0,
8/20/2021,278,Rubus,N,0,
8/20/2021,278,Mapleleaf Viburnum,N,0,
8/20/2021,382,Buckthorn,S,1,
8/20/2021,382,Multiflora Rose,S,1,
8/20/2021,382,Honeysuckle,S,1,
8/20/2021,382,Privot,S,0,
8/20/2021,382,Spicebush,S,2,
8/20/2021,382,Rubus,S,1,
8/20/2021,382,Mapleleaf Viburnum,S,0,
8/20/2021,318,Buckthorn,N,2,
8/20/2021,318,Multiflora Rose,N,0,
8/20/2021,318,Honeysuckle,N,2,
8/20/2021,318,Privot,N,0,
8/20/2021,318,Spicebush,N,0,
8/20/2021,318,Rubus,N,0,
8/20/2021,318,Mapleleaf Viburnum,N,0,
8/20/2021,318,Buckthorn,S,2,
8/20/2021,318,Multiflora Rose,S,1,
8/20/2021,318,Honeysuckle,S,0,
8/20/2021,318,Privot,S,0,
8/20/2021,318,Spicebush,S,0,
8/20/2021,318,Rubus,S,0,
8/20/2021,318,Mapleleaf Viburnum,S,0,
8/20/2021,383,Buckthorn,N,2,
8/20/2021,383,Multiflora Rose,N,0,
8/20/2021,383,Honeysuckle,N,2,
8/20/2021,383,Privot,N,0,
8/20/2021,383,Spicebush,N,1,
8/20/2021,383,Rubus,N,0,
8/20/2021,383,Mapleleaf Viburnum,N,0,
8/20/2021,383,Buckthorn,S,2,
8/20/2021,383,Multiflora Rose,S,0,
8/20/2021,383,Honeysuckle,S,2,
8/20/2021,383,Privot,S,0,
8/20/2021,383,Spicebush,S,1,
8/20/2021,383,Rubus,S,0,
8/20/2021,383,Mapleleaf Viburnum,S,0,
8/20/2021,999,Buckthorn,N,1,
8/20/2021,999,Multiflora Rose,N,1,
8/20/2021,999,Honeysuckle,N,2,
8/20/2021,999,Privot,N,0,
8/20/2021,999,Spicebush,N,0,
8/20/2021,999,Rubus,N,2,
8/20/2021,999,Mapleleaf Viburnum,N,1,
8/20/2021,999,Buckthorn,S,1,
8/20/2021,999,Multiflora Rose,S,2,
8/20/2021,999,Honeysuckle,S,0,
8/20/2021,999,Privot,S,1,
8/20/2021,999,Spicebush,S,0,
8/20/2021,999,Rubus,S,2,
8/20/2021,999,Mapleleaf Viburnum,S,1,
8/20/2021,885,Buckthorn,N,0,
8/20/2021,885,Multiflora Rose,N,1,
8/20/2021,885,Honeysuckle,N,1,
8/20/2021,885,Privot,N,0,
8/20/2021,885,Spicebush,N,0,
8/20/2021,885,Rubus,N,0,
8/20/2021,885,Mapleleaf Viburnum,N,0,
8/20/2021,885,Buckthorn,S,1,
8/20/2021,885,Multiflora Rose,S,1,
8/20/2021,885,Honeysuckle,S,1,
8/20/2021,885,Privot,S,0,
8/20/2021,885,Spicebush,S,0,
8/20/2021,885,Rubus,S,0,
8/20/2021,885,Mapleleaf Viburnum,S,0,
8/20/2021,297,Buckthorn,N,2,
8/20/2021,297,Multiflora Rose,N,0,
8/20/2021,297,Honeysuckle,N,0,
8/20/2021,297,Privot,N,0,
8/20/2021,297,Spicebush,N,0,
8/20/2021,297,Rubus,N,0,
8/20/2021,297,Mapleleaf Viburnum,N,0,
8/20/2021,297,Buckthorn,S,1,
8/20/2021,297,Multiflora Rose,S,0,
8/20/2021,297,Honeysuckle,S,0,
8/20/2021,297,Privot,S,0,
8/20/2021,297,Spicebush,S,0,
8/20/2021,297,Rubus,S,0,
8/20/2021,297,Mapleleaf Viburnum,S,0,
8/20/2021,898,Buckthorn,N,0,
8/20/2021,898,Multiflora Rose,N,1,
8/20/2021,898,Honeysuckle,N,0,
8/20/2021,898,Privot,N,0,
8/20/2021,898,Spicebush,N,0,
8/20/2021,898,Rubus,N,0,
8/20/2021,898,Mapleleaf Viburnum,N,0,
8/13/2021,180,Buckthorn,S,1,
8/13/2021,180,Multiflora Rose,S,1,
8/13/2021,180,Honeysuckle,S,0,
8/13/2021,180,Privot,S,0,
8/13/2021,180,Spicebush,S,0,
8/13/2021,180,Rubus,S,1,
8/13/2021,180,Mapleleaf Viburnum,S,0,
8/13/2021,385,Buckthorn,N,2,baneberry present
8/13/2021,385,Multiflora Rose,N,0,
8/13/2021,385,Honeysuckle,N,0,
8/13/2021,385,Privot,N,0,
8/13/2021,385,Spicebush,N,0,
8/13/2021,385,Rubus,N,0,
8/13/2021,385,Mapleleaf Viburnum,N,2,
8/13/2021,385,Buckthorn,S,1,
8/13/2021,385,Multiflora Rose,S,1,
8/13/2021,385,Honeysuckle,S,1,
8/13/2021,385,Privot,S,0,
8/13/2021,385,Spicebush,S,0,
8/13/2021,385,Rubus,S,0,
8/13/2021,385,Mapleleaf Viburnum,S,2,
8/19/2021,103,Buckthorn,N,2,
8/19/2021,103,Multiflora Rose,N,3,
8/19/2021,103,Honeysuckle,N,0,
8/19/2021,103,Privot,N,0,
8/19/2021,103,Spicebush,N,0,
8/19/2021,103,Rubus,N,2,
8/19/2021,103,Mapleleaf Viburnum,N,0,
8/19/2021,103,Buckthorn,S,2,
8/19/2021,103,Multiflora Rose,S,4,
8/19/2021,103,Honeysuckle,S,0,
8/19/2021,103,Privot,S,1,
8/19/2021,103,Spicebush,S,0,
8/19/2021,103,Rubus,S,2,
8/19/2021,103,Mapleleaf Viburnum,S,0,
8/19/2021,165,Buckthorn,N,1,
8/19/2021,165,Multiflora Rose,N,3,
8/19/2021,165,Honeysuckle,N,0,
8/19/2021,165,Privot,N,1,
8/19/2021,165,Spicebush,N,0,
8/19/2021,165,Rubus,N,2,
8/19/2021,165,Mapleleaf Viburnum,N,0,
8/19/2021,165,Buckthorn,S,2,
8/19/2021,165,Multiflora Rose,S,4,
8/19/2021,165,Honeysuckle,S,1,
8/19/2021,165,Privot,S,0,
8/19/2021,165,Spicebush,S,0,
8/19/2021,165,Rubus,S,2,
8/19/2021,165,Mapleleaf Viburnum,S,0,
8/19/2021,102,Buckthorn,N,2,
8/19/2021,102,Multiflora Rose,N,4,
8/19/2021,102,Honeysuckle,N,1,
8/19/2021,102,Privot,N,0,
8/19/2021,102,Spicebush,N,0,
8/19/2021,102,Rubus,N,2,
8/19/2021,102,Mapleleaf Viburnum,N,0,
8/17/2021,239,Buckthorn,S,0,
8/17/2021,239,Multiflora Rose,S,4,
8/17/2021,239,Honeysuckle,S,0,
8/17/2021,239,Privot,S,0,
8/17/2021,239,Spicebush,S,0,
8/17/2021,239,Rubus,S,2,
8/17/2021,239,Mapleleaf Viburnum,S,0,
8/17/2021,242,Buckthorn,N,1,
8/17/2021,242,Multiflora Rose,N,3,
8/17/2021,242,Honeysuckle,N,0,
8/17/2021,242,Privot,N,0,
8/17/2021,242,Spicebush,N,0,
8/17/2021,242,Rubus,N,1,
8/17/2021,242,Mapleleaf Viburnum,N,0,
8/17/2021,242,Buckthorn,S,1,
8/17/2021,242,Multiflora Rose,S,4,
8/17/2021,242,Honeysuckle,S,0,
8/17/2021,242,Privot,S,0,
8/17/2021,242,Spicebush,S,0,
8/17/2021,242,Rubus,S,1,
8/17/2021,242,Mapleleaf Viburnum,S,0,
8/17/2021,238,Buckthorn,N,2,
8/17/2021,238,Multiflora Rose,N,3,
8/17/2021,238,Honeysuckle,N,0,
8/17/2021,238,Privot,N,0,
8/17/2021,238,Spicebush,N,0,
8/17/2021,238,Rubus,N,1,
8/17/2021,238,Mapleleaf Viburnum,N,0,
8/17/2021,238,Buckthorn,S,1,
8/17/2021,238,Multiflora Rose,S,3,
8/17/2021,238,Honeysuckle,S,0,
8/17/2021,238,Privot,S,0,
8/17/2021,238,Spicebush,S,0,
8/17/2021,238,Rubus,S,2,
8/17/2021,238,Mapleleaf Viburnum,S,0,
8/17/2021,135,Buckthorn,N,0,
8/17/2021,135,Multiflora Rose,N,0,
8/17/2021,135,Honeysuckle,N,0,
8/17/2021,135,Privot,N,0,
8/17/2021,135,Spicebush,N,0,
8/17/2021,135,Rubus,N,0,
8/17/2021,135,Mapleleaf Viburnum,N,0,
8/17/2021,135,Buckthorn,S,1,
8/17/2021,135,Multiflora Rose,S,0,
8/17/2021,135,Honeysuckle,S,0,
8/17/2021,135,Privot,S,0,
8/17/2021,135,Spicebush,S,0,
8/17/2021,135,Rubus,S,0,
8/17/2021,135,Mapleleaf Viburnum,S,0,
8/17/2021,100,Buckthorn,N,0,
8/17/2021,100,Multiflora Rose,N,0,
8/17/2021,100,Honeysuckle,N,0,
8/17/2021,100,Privot,N,0,
8/17/2021,100,Spicebush,N,0,
8/17/2021,100,Rubus,N,0,
8/17/2021,100,Mapleleaf Viburnum,N,0,
8/17/2021,100,Buckthorn,S,0,
8/17/2021,100,Multiflora Rose,S,0,
8/17/2021,100,Honeysuckle,S,0,
8/17/2021,100,Privot,S,0,
8/17/2021,100,Spicebush,S,0,
8/17/2021,100,Rubus,S,0,
8/17/2021,100,Mapleleaf Viburnum,S,1,
8/17/2021,239,Buckthorn,N,0,
8/17/2021,239,Multiflora Rose,N,4,
8/17/2021,239,Honeysuckle,N,1,
8/17/2021,239,Privot,N,0,
8/17/2021,239,Spicebush,N,0,
8/17/2021,239,Rubus,N,2,
8/17/2021,239,Mapleleaf Viburnum,N,0,
8/17/2021,92,Buckthorn,S,2,
8/17/2021,92,Multiflora Rose,S,2,
8/17/2021,92,Honeysuckle,S,0,
8/17/2021,92,Privot,S,0,
8/17/2021,92,Spicebush,S,0,
8/17/2021,92,Rubus,S,2,
8/17/2021,92,Mapleleaf Viburnum,S,0,
8/17/2021,90,Buckthorn,N,0,
8/17/2021,90,Multiflora Rose,N,0,
8/17/2021,90,Honeysuckle,N,0,
8/17/2021,90,Privot,N,0,
8/17/2021,90,Spicebush,N,0,
8/17/2021,90,Rubus,N,0,
8/17/2021,90,Mapleleaf Viburnum,N,0,
8/17/2021,90,Buckthorn,S,2,
8/17/2021,90,Multiflora Rose,S,0,
8/17/2021,90,Honeysuckle,S,0,
8/17/2021,90,Privot,S,0,
8/17/2021,90,Spicebush,S,0,
8/17/2021,90,Rubus,S,0,
8/17/2021,90,Mapleleaf Viburnum,S,0,
8/17/2021,111,Buckthorn,N,1,
8/17/2021,111,Multiflora Rose,N,0,
8/17/2021,111,Honeysuckle,N,0,
8/17/2021,111,Privot,N,0,
8/17/2021,111,Spicebush,N,0,
8/17/2021,111,Rubus,N,0,
8/17/2021,111,Mapleleaf Viburnum,N,0,
8/17/2021,111,Buckthorn,S,1,
8/17/2021,111,Multiflora Rose,S,2,
8/17/2021,111,Honeysuckle,S,0,
8/17/2021,111,Privot,S,1,
8/17/2021,111,Spicebush,S,0,
8/17/2021,111,Rubus,S,2,
8/17/2021,111,Mapleleaf Viburnum,S,0,
8/17/2021,859,Buckthorn,N,1,
8/17/2021,859,Multiflora Rose,N,0,
8/17/2021,859,Honeysuckle,N,0,
8/17/2021,859,Privot,N,0,
8/17/2021,859,Spicebush,N,0,
8/17/2021,859,Rubus,N,0,
8/17/2021,859,Mapleleaf Viburnum,N,0,
8/17/2021,859,Buckthorn,S,2,
8/17/2021,859,Multiflora Rose,S,0,
8/17/2021,859,Honeysuckle,S,0,
8/17/2021,859,Privot,S,0,
8/17/2021,859,Spicebush,S,0,
8/17/2021,859,Rubus,S,0,
8/17/2021,859,Mapleleaf Viburnum,S,0,
8/17/2021,89,Buckthorn,N,3,target tree fell
8/17/2021,89,Multiflora Rose,N,0,
8/17/2021,89,Honeysuckle,N,0,
8/17/2021,89,Privot,N,0,
8/17/2021,89,Spicebush,N,0,
8/17/2021,89,Rubus,N,0,
8/17/2021,89,Mapleleaf Viburnum,N,0,
8/17/2021,89,Buckthorn,S,3,
8/17/2021,89,Multiflora Rose,S,0,
8/17/2021,89,Honeysuckle,S,0,
8/17/2021,89,Privot,S,0,
8/17/2021,89,Spicebush,S,0,
8/17/2021,89,Rubus,S,2,
8/17/2021,89,Mapleleaf Viburnum,S,0,
8/17/2021,92,Buckthorn,N,2,
8/17/2021,92,Multiflora Rose,N,3,
8/17/2021,92,Honeysuckle,N,0,
8/17/2021,92,Privot,N,0,
8/17/2021,92,Spicebush,N,0,
8/17/2021,92,Rubus,N,3,
8/17/2021,92,Mapleleaf Viburnum,N,0,
8/17/2021,80,Buckthorn,S,1,
8/17/2021,80,Multiflora Rose,S,0,
8/17/2021,80,Honeysuckle,S,0,
8/17/2021,80,Privot,S,0,
8/17/2021,80,Spicebush,S,0,
8/17/2021,80,Rubus,S,0,
8/17/2021,80,Mapleleaf Viburnum,S,2,
8/17/2021,86,Buckthorn,N,1,
8/17/2021,86,Multiflora Rose,N,0,
8/17/2021,86,Honeysuckle,N,0,
8/17/2021,86,Privot,N,0,
8/17/2021,86,Spicebush,N,0,
8/17/2021,86,Rubus,N,0,
8/17/2021,86,Mapleleaf Viburnum,N,2,
8/17/2021,86,Buckthorn,S,1,
8/17/2021,86,Multiflora Rose,S,0,
8/17/2021,86,Honeysuckle,S,0,
8/17/2021,86,Privot,S,0,
8/17/2021,86,Spicebush,S,0,
8/17/2021,86,Rubus,S,0,
8/17/2021,86,Mapleleaf Viburnum,S,2,
8/17/2021,87,Buckthorn,N,1,
8/17/2021,87,Multiflora Rose,N,0,
8/17/2021,87,Honeysuckle,N,0,
8/17/2021,87,Privot,N,0,
8/17/2021,87,Spicebush,N,0,
8/17/2021,87,Rubus,N,0,
8/17/2021,87,Mapleleaf Viburnum,N,2,
8/17/2021,87,Buckthorn,S,1,
8/17/2021,87,Multiflora Rose,S,0,
8/17/2021,87,Honeysuckle,S,0,
8/17/2021,87,Privot,S,0,
8/17/2021,87,Spicebush,S,0,
8/17/2021,87,Rubus,S,0,
8/17/2021,87,Mapleleaf Viburnum,S,0,
8/17/2021,82,Buckthorn,N,1,
8/17/2021,82,Multiflora Rose,N,0,
8/17/2021,82,Honeysuckle,N,0,
8/17/2021,82,Privot,N,0,
8/17/2021,82,Spicebush,N,0,
8/17/2021,82,Rubus,N,0,
8/17/2021,82,Mapleleaf Viburnum,N,0,
8/17/2021,82,Buckthorn,S,1,
8/17/2021,82,Multiflora Rose,S,0,
8/17/2021,82,Honeysuckle,S,0,
8/17/2021,82,Privot,S,0,
8/17/2021,82,Spicebush,S,0,
8/17/2021,82,Rubus,S,1,
8/17/2021,82,Mapleleaf Viburnum,S,0,
8/17/2021,81,Buckthorn,N,1,
8/17/2021,81,Multiflora Rose,N,0,
8/17/2021,81,Honeysuckle,N,0,
8/17/2021,81,Privot,N,0,
8/17/2021,81,Spicebush,N,0,
8/17/2021,81,Rubus,N,1,
8/17/2021,81,Mapleleaf Viburnum,N,2,
8/17/2021,81,Buckthorn,S,1,
8/17/2021,81,Multiflora Rose,S,0,
8/17/2021,81,Honeysuckle,S,0,
8/17/2021,81,Privot,S,0,
8/17/2021,81,Spicebush,S,0,
8/17/2021,81,Rubus,S,1,
8/17/2021,81,Mapleleaf Viburnum,S,0,
8/17/2021,80,Buckthorn,N,1,
8/17/2021,80,Multiflora Rose,N,0,
8/17/2021,80,Honeysuckle,N,0,
8/17/2021,80,Privot,N,0,
8/17/2021,80,Spicebush,N,0,
8/17/2021,80,Rubus,N,0,
8/17/2021,80,Mapleleaf Viburnum,N,2,
8/17/2021,76,Buckthorn,S,1,
8/17/2021,76,Multiflora Rose,S,4,
8/17/2021,76,Honeysuckle,S,0,
8/17/2021,76,Privot,S,0,
8/17/2021,76,Spicebush,S,0,
8/17/2021,76,Rubus,S,1,
8/17/2021,76,Mapleleaf Viburnum,S,0,
8/17/2021,84,Buckthorn,N,2,
8/17/2021,84,Multiflora Rose,N,3,
8/17/2021,84,Honeysuckle,N,0,
8/17/2021,84,Privot,N,0,
8/17/2021,84,Spicebush,N,0,
8/17/2021,84,Rubus,N,2,
8/17/2021,84,Mapleleaf Viburnum,N,0,
8/17/2021,84,Buckthorn,S,3,
8/17/2021,84,Multiflora Rose,S,0,
8/17/2021,84,Honeysuckle,S,2,
8/17/2021,84,Privot,S,0,
8/17/2021,84,Spicebush,S,0,
8/17/2021,84,Rubus,S,0,
8/17/2021,84,Mapleleaf Viburnum,S,0,
8/17/2021,83,Buckthorn,N,1,
8/17/2021,83,Multiflora Rose,N,0,
8/17/2021,83,Honeysuckle,N,0,
8/17/2021,83,Privot,N,0,
8/17/2021,83,Spicebush,N,0,
8/17/2021,83,Rubus,N,3,
8/17/2021,83,Mapleleaf Viburnum,N,0,
8/17/2021,83,Buckthorn,S,1,
8/17/2021,83,Multiflora Rose,S,0,
8/17/2021,83,Honeysuckle,S,0,
8/17/2021,83,Privot,S,0,
8/17/2021,83,Spicebush,S,0,
8/17/2021,83,Rubus,S,2,
8/17/2021,83,Mapleleaf Viburnum,S,0,
8/16/2021,73,Buckthorn,N,2,
8/16/2021,73,Multiflora Rose,N,3,
8/16/2021,73,Honeysuckle,N,0,
8/16/2021,73,Privot,N,0,
8/16/2021,73,Spicebush,N,0,
8/16/2021,73,Rubus,N,0,
8/16/2021,73,Mapleleaf Viburnum,N,0,
8/16/2021,73,Buckthorn,S,2,
8/16/2021,73,Multiflora Rose,S,2,
8/16/2021,73,Honeysuckle,S,0,
8/16/2021,73,Privot,S,0,
8/16/2021,73,Spicebush,S,0,
8/16/2021,73,Rubus,S,1,
8/16/2021,73,Mapleleaf Viburnum,S,0,
8/16/2021,884,Buckthorn,N,1,
8/16/2021,884,Multiflora Rose,N,3,
8/16/2021,884,Honeysuckle,N,0,
8/16/2021,884,Privot,N,0,
8/16/2021,884,Spicebush,N,0,
8/16/2021,884,Rubus,N,1,
8/16/2021,884,Mapleleaf Viburnum,N,0,
8/16/2021,884,Buckthorn,S,2,
8/16/2021,884,Multiflora Rose,S,3,
8/16/2021,884,Honeysuckle,S,0,
8/16/2021,884,Privot,S,0,
8/16/2021,884,Spicebush,S,0,
8/16/2021,884,Rubus,S,1,
8/16/2021,884,Mapleleaf Viburnum,S,0,
8/16/2021,76,Buckthorn,N,2,
8/16/2021,76,Multiflora Rose,N,4,
8/16/2021,76,Honeysuckle,N,0,
8/16/2021,76,Privot,N,0,
8/16/2021,76,Spicebush,N,0,
8/16/2021,76,Rubus,N,0,
8/16/2021,76,Mapleleaf Viburnum,N,0,
8/17/2021,116,Buckthorn,S,2,
8/17/2021,116,Multiflora Rose,S,3,
8/17/2021,116,Honeysuckle,S,0,
8/17/2021,116,Privot,S,0,
8/17/2021,116,Spicebush,S,0,
8/17/2021,116,Rubus,S,1,
8/17/2021,116,Mapleleaf Viburnum,S,0,
8/17/2021,113,Buckthorn,N,2,
8/17/2021,113,Multiflora Rose,N,3,
8/17/2021,113,Honeysuckle,N,2,
8/17/2021,113,Privot,N,0,
8/17/2021,113,Spicebush,N,0,
8/17/2021,113,Rubus,N,2,
8/17/2021,113,Mapleleaf Viburnum,N,0,
8/17/2021,113,Buckthorn,S,2,
8/17/2021,113,Multiflora Rose,S,3,
8/17/2021,113,Honeysuckle,S,0,
8/17/2021,113,Privot,S,0,
8/17/2021,113,Spicebush,S,0,
8/17/2021,113,Rubus,S,0,
8/17/2021,113,Mapleleaf Viburnum,S,0,
8/17/2021,79,Buckthorn,N,2,
8/17/2021,79,Multiflora Rose,N,4,
8/17/2021,79,Honeysuckle,N,0,
8/17/2021,79,Privot,N,0,
8/17/2021,79,Spicebush,N,0,
8/17/2021,79,Rubus,N,0,
8/17/2021,79,Mapleleaf Viburnum,N,0,
8/17/2021,79,Buckthorn,S,1,
8/17/2021,79,Multiflora Rose,S,3,
8/17/2021,79,Honeysuckle,S,1,
8/17/2021,79,Privot,S,0,
8/17/2021,79,Spicebush,S,0,
8/17/2021,79,Rubus,S,0,
8/17/2021,79,Mapleleaf Viburnum,S,0,
8/17/2021,122,Buckthorn,N,0,
8/17/2021,122,Multiflora Rose,N,2,
8/17/2021,122,Honeysuckle,N,2,
8/17/2021,122,Privot,N,0,
8/17/2021,122,Spicebush,N,0,
8/17/2021,122,Rubus,N,2,
8/17/2021,122,Mapleleaf Viburnum,N,0,
8/17/2021,122,Buckthorn,S,0,
8/17/2021,122,Multiflora Rose,S,1,
8/17/2021,122,Honeysuckle,S,0,
8/17/2021,122,Privot,S,1,
8/17/2021,122,Spicebush,S,0,
8/17/2021,122,Rubus,S,2,
8/17/2021,122,Mapleleaf Viburnum,S,0,
8/17/2021,230,Buckthorn,N,0,
8/17/2021,230,Multiflora Rose,N,4,
8/17/2021,230,Honeysuckle,N,0,
8/17/2021,230,Privot,N,0,
8/17/2021,230,Spicebush,N,0,
8/17/2021,230,Rubus,N,1,
8/17/2021,230,Mapleleaf Viburnum,N,0,
8/17/2021,230,Buckthorn,S,0,
8/17/2021,230,Multiflora Rose,S,2,
8/17/2021,230,Honeysuckle,S,1,
8/17/2021,230,Privot,S,1,
8/17/2021,230,Spicebush,S,0,
8/17/2021,230,Rubus,S,1,
8/17/2021,230,Mapleleaf Viburnum,S,0,
8/17/2021,116,Buckthorn,N,2,
8/17/2021,116,Multiflora Rose,N,3,
8/17/2021,116,Honeysuckle,N,0,
8/17/2021,116,Privot,N,0,
8/17/2021,116,Spicebush,N,1,
8/17/2021,116,Rubus,N,2,
8/17/2021,116,Mapleleaf Viburnum,N,0,
8/17/2021,118,Buckthorn,S,0,
8/17/2021,118,Multiflora Rose,S,2,
8/17/2021,118,Honeysuckle,S,0,
8/17/2021,118,Privot,S,0,
8/17/2021,118,Spicebush,S,0,
8/17/2021,118,Rubus,S,2,
8/17/2021,118,Mapleleaf Viburnum,S,0,
8/17/2021,888,Buckthorn,N,1,
8/17/2021,888,Multiflora Rose,N,4,
8/17/2021,888,Honeysuckle,N,0,
8/17/2021,888,Privot,N,0,
8/17/2021,888,Spicebush,N,0,
8/17/2021,888,Rubus,N,2,
8/17/2021,888,Mapleleaf Viburnum,N,0,
8/17/2021,888,Buckthorn,S,2,
8/17/2021,888,Multiflora Rose,S,2,
8/17/2021,888,Honeysuckle,S,0,
8/17/2021,888,Privot,S,0,
8/17/2021,888,Spicebush,S,0,
8/17/2021,888,Rubus,S,2,
8/17/2021,888,Mapleleaf Viburnum,S,0,
8/17/2021,227,Buckthorn,N,1,
8/17/2021,227,Multiflora Rose,N,3,
8/17/2021,227,Honeysuckle,N,0,
8/17/2021,227,Privot,N,0,
8/17/2021,227,Spicebush,N,0,
8/17/2021,227,Rubus,N,2,
8/17/2021,227,Mapleleaf Viburnum,N,0,
8/17/2021,227,Buckthorn,S,1,
8/17/2021,227,Multiflora Rose,S,0,
8/17/2021,227,Honeysuckle,S,0,
8/17/2021,227,Privot,S,2,
8/17/2021,227,Spicebush,S,0,
8/17/2021,227,Rubus,S,2,
8/17/2021,227,Mapleleaf Viburnum,S,0,
8/17/2021,123,Buckthorn,N,1,
8/17/2021,123,Multiflora Rose,N,0,
8/17/2021,123,Honeysuckle,N,0,
8/17/2021,123,Privot,N,0,
8/17/2021,123,Spicebush,N,0,
8/17/2021,123,Rubus,N,0,
8/17/2021,123,Mapleleaf Viburnum,N,0,
8/17/2021,123,Buckthorn,S,1,
8/17/2021,123,Multiflora Rose,S,0,
8/17/2021,123,Honeysuckle,S,0,
8/17/2021,123,Privot,S,0,
8/17/2021,123,Spicebush,S,0,
8/17/2021,123,Rubus,S,1,
8/17/2021,123,Mapleleaf Viburnum,S,0,
8/17/2021,124,Buckthorn,N,1,
8/17/2021,124,Multiflora Rose,N,1,
8/17/2021,124,Honeysuckle,N,0,
8/17/2021,124,Privot,N,0,
8/17/2021,124,Spicebush,N,0,
8/17/2021,124,Rubus,N,1,
8/17/2021,124,Mapleleaf Viburnum,N,0,
8/17/2021,124,Buckthorn,S,2,
8/17/2021,124,Multiflora Rose,S,3,
8/17/2021,124,Honeysuckle,S,0,
8/17/2021,124,Privot,S,0,
8/17/2021,124,Spicebush,S,0,
8/17/2021,124,Rubus,S,0,
8/17/2021,124,Mapleleaf Viburnum,S,0,
8/17/2021,118,Buckthorn,N,1,
8/17/2021,118,Multiflora Rose,N,2,
8/17/2021,118,Honeysuckle,N,0,
8/17/2021,118,Privot,N,0,
8/17/2021,118,Spicebush,N,0,
8/17/2021,118,Rubus,N,2,
8/17/2021,118,Mapleleaf Viburnum,N,0,
8/18/2021,900,Buckthorn,S,2,
8/18/2021,900,Multiflora Rose,S,4,
8/18/2021,900,Honeysuckle,S,0,
8/18/2021,900,Privot,S,0,
8/18/2021,900,Spicebush,S,0,
8/18/2021,900,Rubus,S,0,
8/18/2021,900,Mapleleaf Viburnum,S,0,
8/18/2021,235,Buckthorn,N,2,
8/18/2021,235,Multiflora Rose,N,3,
8/18/2021,235,Honeysuckle,N,0,
8/18/2021,235,Privot,N,0,
8/18/2021,235,Spicebush,N,0,
8/18/2021,235,Rubus,N,2,
8/18/2021,235,Mapleleaf Viburnum,N,0,
8/18/2021,235,Buckthorn,S,2,
8/18/2021,235,Multiflora Rose,S,4,
8/18/2021,235,Honeysuckle,S,0,
8/18/2021,235,Privot,S,0,
8/18/2021,235,Spicebush,S,0,
8/18/2021,235,Rubus,S,0,
8/18/2021,235,Mapleleaf Viburnum,S,0,
8/18/2021,241,Buckthorn,N,2,
8/18/2021,241,Multiflora Rose,N,3,
8/18/2021,241,Honeysuckle,N,0,
8/18/2021,241,Privot,N,0,
8/18/2021,241,Spicebush,N,0,
8/18/2021,241,Rubus,N,1,
8/18/2021,241,Mapleleaf Viburnum,N,0,
8/18/2021,241,Buckthorn,S,2,
8/18/2021,241,Multiflora Rose,S,1,
8/18/2021,241,Honeysuckle,S,0,
8/18/2021,241,Privot,S,0,
8/18/2021,241,Spicebush,S,0,
8/18/2021,241,Rubus,S,0,
8/18/2021,241,Mapleleaf Viburnum,S,0,
8/18/2021,88,Buckthorn,N,2,
8/18/2021,88,Multiflora Rose,N,3,
8/18/2021,88,Honeysuckle,N,0,
8/18/2021,88,Privot,N,0,
8/18/2021,88,Spicebush,N,0,
8/18/2021,88,Rubus,N,2,
8/18/2021,88,Mapleleaf Viburnum,N,1,
8/18/2021,88,Buckthorn,S,2,
8/18/2021,88,Multiflora Rose,S,4,
8/18/2021,88,Honeysuckle,S,0,
8/18/2021,88,Privot,S,0,
8/18/2021,88,Spicebush,S,0,
8/18/2021,88,Rubus,S,0,
8/18/2021,88,Mapleleaf Viburnum,S,1,
8/18/2021,93,Buckthorn,N,2,
8/18/2021,93,Multiflora Rose,N,2,
8/18/2021,93,Honeysuckle,N,0,
8/18/2021,93,Privot,N,0,
8/18/2021,93,Spicebush,N,0,
8/18/2021,93,Rubus,N,2,
8/18/2021,93,Mapleleaf Viburnum,N,1,
8/18/2021,93,Buckthorn,S,2,
8/18/2021,93,Multiflora Rose,S,2,
8/18/2021,93,Honeysuckle,S,0,
8/18/2021,93,Privot,S,0,
8/18/2021,93,Spicebush,S,0,
8/18/2021,93,Rubus,S,0,
8/18/2021,93,Mapleleaf Viburnum,S,0,
8/18/2021,900,Buckthorn,N,2,
8/18/2021,900,Multiflora Rose,N,3,
8/18/2021,900,Honeysuckle,N,0,
8/18/2021,900,Privot,N,0,
8/18/2021,900,Spicebush,N,0,
8/18/2021,900,Rubus,N,2,
8/18/2021,900,Mapleleaf Viburnum,N,0,
8/18/2021,244,Buckthorn,S,2,
8/18/2021,244,Multiflora Rose,S,4,
8/18/2021,244,Honeysuckle,S,0,
8/18/2021,244,Privot,S,0,
8/18/2021,244,Spicebush,S,0,
8/18/2021,244,Rubus,S,3,
8/18/2021,244,Mapleleaf Viburnum,S,0,
8/18/2021,245,Buckthorn,N,2,
8/18/2021,245,Multiflora Rose,N,3,
8/18/2021,245,Honeysuckle,N,1,
8/18/2021,245,Privot,N,0,
8/18/2021,245,Spicebush,N,0,
8/18/2021,245,Rubus,N,2,
8/18/2021,245,Mapleleaf Viburnum,N,0,
8/18/2021,245,Buckthorn,S,2,
8/18/2021,245,Multiflora Rose,S,3,
8/18/2021,245,Honeysuckle,S,0,
8/18/2021,245,Privot,S,0,
8/18/2021,245,Spicebush,S,0,
8/18/2021,245,Rubus,S,2,
8/18/2021,245,Mapleleaf Viburnum,S,0,
8/18/2021,243,Buckthorn,N,2,target tree fallen
8/18/2021,243,Multiflora Rose,N,4,
8/18/2021,243,Honeysuckle,N,0,
8/18/2021,243,Privot,N,0,
8/18/2021,243,Spicebush,N,0,
8/18/2021,243,Rubus,N,2,
8/18/2021,243,Mapleleaf Viburnum,N,0,
8/18/2021,243,Buckthorn,S,3,
8/18/2021,243,Multiflora Rose,S,3,
8/18/2021,243,Honeysuckle,S,1,
8/18/2021,243,Privot,S,0,
8/18/2021,243,Spicebush,S,0,
8/18/2021,243,Rubus,S,2,
8/18/2021,243,Mapleleaf Viburnum,S,0,
8/18/2021,94,Buckthorn,N,2,
8/18/2021,94,Multiflora Rose,N,3,
8/18/2021,94,Honeysuckle,N,0,
8/18/2021,94,Privot,N,0,
8/18/2021,94,Spicebush,N,0,
8/18/2021,94,Rubus,N,2,
8/18/2021,94,Mapleleaf Viburnum,N,0,
8/18/2021,94,Buckthorn,S,2,
8/18/2021,94,Multiflora Rose,S,4,
8/18/2021,94,Honeysuckle,S,0,
8/18/2021,94,Privot,S,0,
8/18/2021,94,Spicebush,S,0,
8/18/2021,94,Rubus,S,3,
8/18/2021,94,Mapleleaf Viburnum,S,1,
8/18/2021,295,Buckthorn,N,0,
8/18/2021,295,Multiflora Rose,N,3,
8/18/2021,295,Honeysuckle,N,0,
8/18/2021,295,Privot,N,0,
8/18/2021,295,Spicebush,N,0,
8/18/2021,295,Rubus,N,2,
8/18/2021,295,Mapleleaf Viburnum,N,1,
8/18/2021,295,Buckthorn,S,0,
8/18/2021,295,Multiflora Rose,S,5,
8/18/2021,295,Honeysuckle,S,1,
8/18/2021,295,Privot,S,0,
8/18/2021,295,Spicebush,S,0,
8/18/2021,295,Rubus,S,2,
8/18/2021,295,Mapleleaf Viburnum,S,0,
8/18/2021,244,Buckthorn,N,2,
8/18/2021,244,Multiflora Rose,N,4,
8/18/2021,244,Honeysuckle,N,0,
8/18/2021,244,Privot,N,0,
8/18/2021,244,Spicebush,N,0,
8/18/2021,244,Rubus,N,2,
8/18/2021,244,Mapleleaf Viburnum,N,1,
8/18/2021,96,Buckthorn,S,2,
8/18/2021,96,Multiflora Rose,S,4,
8/18/2021,96,Honeysuckle,S,0,
8/18/2021,96,Privot,S,0,
8/18/2021,96,Spicebush,S,0,
8/18/2021,96,Rubus,S,2,
8/18/2021,96,Mapleleaf Viburnum,S,0,
8/18/2021,881,Buckthorn,N,2,
8/18/2021,881,Multiflora Rose,N,3,
8/18/2021,881,Honeysuckle,N,0,
8/18/2021,881,Privot,N,0,
8/18/2021,881,Spicebush,N,0,
8/18/2021,881,Rubus,N,2,
8/18/2021,881,Mapleleaf Viburnum,N,0,
8/18/2021,881,Buckthorn,S,2,
8/18/2021,881,Multiflora Rose,S,4,
8/18/2021,881,Honeysuckle,S,2,
8/18/2021,881,Privot,S,0,
8/18/2021,881,Spicebush,S,0,
8/18/2021,881,Rubus,S,2,
8/18/2021,881,Mapleleaf Viburnum,S,0,
8/18/2021,95,Buckthorn,N,2,
8/18/2021,95,Multiflora Rose,N,3,
8/18/2021,95,Honeysuckle,N,2,
8/18/2021,95,Privot,N,0,
8/18/2021,95,Spicebush,N,0,
8/18/2021,95,Rubus,N,2,
8/18/2021,95,Mapleleaf Viburnum,N,0,
8/18/2021,95,Buckthorn,S,2,
8/18/2021,95,Multiflora Rose,S,3,
8/18/2021,95,Honeysuckle,S,0,
8/18/2021,95,Privot,S,0,
8/18/2021,95,Spicebush,S,0,
8/18/2021,95,Rubus,S,2,
8/18/2021,95,Mapleleaf Viburnum,S,1,
8/18/2021,101,Buckthorn,N,0,
8/18/2021,101,Multiflora Rose,N,4,
8/18/2021,101,Honeysuckle,N,3,
8/18/2021,101,Privot,N,0,
8/18/2021,101,Spicebush,N,0,
8/18/2021,101,Rubus,N,0,
8/18/2021,101,Mapleleaf Viburnum,N,0,
8/18/2021,101,Buckthorn,S,0,
8/18/2021,101,Multiflora Rose,S,2,
8/18/2021,101,Honeysuckle,S,0,
8/18/2021,101,Privot,S,0,
8/18/2021,101,Spicebush,S,0,
8/18/2021,101,Rubus,S,2,
8/18/2021,101,Mapleleaf Viburnum,S,0,
8/18/2021,110,Buckthorn,N,2,
8/18/2021,110,Multiflora Rose,N,3,
8/18/2021,110,Honeysuckle,N,0,
8/18/2021,110,Privot,N,2,
8/18/2021,110,Spicebush,N,0,
8/18/2021,110,Rubus,N,2,
8/18/2021,110,Mapleleaf Viburnum,N,0,
8/18/2021,110,Buckthorn,S,1,
8/18/2021,110,Multiflora Rose,S,3,
8/18/2021,110,Honeysuckle,S,0,
8/18/2021,110,Privot,S,0,
8/18/2021,110,Spicebush,S,0,
8/18/2021,110,Rubus,S,2,
8/18/2021,110,Mapleleaf Viburnum,S,0,
8/18/2021,96,Buckthorn,N,2,
8/18/2021,96,Multiflora Rose,N,3,
8/18/2021,96,Honeysuckle,N,0,
8/18/2021,96,Privot,N,1,
8/18/2021,96,Spicebush,N,0,
8/18/2021,96,Rubus,N,2,
8/18/2021,96,Mapleleaf Viburnum,N,0,
8/18/2021,393,Buckthorn,S,0,
8/18/2021,393,Multiflora Rose,S,1,
8/18/2021,393,Honeysuckle,S,0,
8/18/2021,393,Privot,S,0,
8/18/2021,393,Spicebush,S,0,
8/18/2021,393,Rubus,S,0,
8/18/2021,393,Mapleleaf Viburnum,S,0,
8/18/2021,306,Buckthorn,N,0,
8/18/2021,306,Multiflora Rose,N,0,
8/18/2021,306,Honeysuckle,N,0,
8/18/2021,306,Privot,N,0,
8/18/2021,306,Spicebush,N,0,
8/18/2021,306,Rubus,N,0,
8/18/2021,306,Mapleleaf Viburnum,N,0,
8/18/2021,306,Buckthorn,S,0,
8/18/2021,306,Multiflora Rose,S,0,
8/18/2021,306,Honeysuckle,S,0,
8/18/2021,306,Privot,S,0,
8/18/2021,306,Spicebush,S,0,
8/18/2021,306,Rubus,S,0,
8/18/2021,306,Mapleleaf Viburnum,S,0,
8/18/2021,305,Buckthorn,N,0,
8/18/2021,305,Multiflora Rose,N,0,
8/18/2021,305,Honeysuckle,N,0,
8/18/2021,305,Privot,N,0,
8/18/2021,305,Spicebush,N,0,
8/18/2021,305,Rubus,N,0,
8/18/2021,305,Mapleleaf Viburnum,N,0,
8/18/2021,305,Buckthorn,S,0,
8/18/2021,305,Multiflora Rose,S,0,
8/18/2021,305,Honeysuckle,S,0,
8/18/2021,305,Privot,S,0,
8/18/2021,305,Spicebush,S,0,
8/18/2021,305,Rubus,S,0,
8/18/2021,305,Mapleleaf Viburnum,S,0,
8/18/2021,393,Buckthorn,N,0,
8/18/2021,393,Multiflora Rose,N,0,
8/18/2021,393,Honeysuckle,N,0,
8/18/2021,393,Privot,N,0,
8/18/2021,393,Spicebush,N,0,
8/18/2021,393,Rubus,N,0,
8/18/2021,393,Mapleleaf Viburnum,N,0,
8/18/2021,304,Buckthorn,S,0,
8/18/2021,304,Multiflora Rose,S,1,
8/18/2021,304,Honeysuckle,S,0,
8/18/2021,304,Privot,S,0,
8/18/2021,304,Spicebush,S,0,
8/18/2021,304,Rubus,S,0,
8/18/2021,304,Mapleleaf Viburnum,S,0,
8/18/2021,929,Buckthorn,N,0,
8/18/2021,929,Multiflora Rose,N,1,
8/18/2021,929,Honeysuckle,N,0,
8/18/2021,929,Privot,N,0,
8/18/2021,929,Spicebush,N,0,
8/18/2021,929,Rubus,N,0,
8/18/2021,929,Mapleleaf Viburnum,N,0,
8/18/2021,929,Buckthorn,S,0,
8/18/2021,929,Multiflora Rose,S,0,
8/18/2021,929,Honeysuckle,S,0,
8/18/2021,929,Privot,S,0,
8/18/2021,929,Spicebush,S,0,
8/18/2021,929,Rubus,S,0,
8/18/2021,929,Mapleleaf Viburnum,S,0,
8/18/2021,978,Buckthorn,N,0,
8/18/2021,978,Multiflora Rose,N,0,
8/18/2021,978,Honeysuckle,N,0,
8/18/2021,978,Privot,N,0,
8/18/2021,978,Spicebush,N,0,
8/18/2021,978,Rubus,N,0,
8/18/2021,978,Mapleleaf Viburnum,N,0,
8/18/2021,978,Buckthorn,S,0,
8/18/2021,978,Multiflora Rose,S,0,
8/18/2021,978,Honeysuckle,S,0,
8/18/2021,978,Privot,S,0,
8/18/2021,978,Spicebush,S,0,
8/18/2021,978,Rubus,S,0,
8/18/2021,978,Mapleleaf Viburnum,S,0,
8/18/2021,961,Buckthorn,N,2,
8/18/2021,961,Multiflora Rose,N,2,
8/18/2021,961,Honeysuckle,N,0,
8/18/2021,961,Privot,N,0,
8/18/2021,961,Spicebush,N,0,
8/18/2021,961,Rubus,N,2,
8/18/2021,961,Mapleleaf Viburnum,N,0,
8/18/2021,961,Buckthorn,S,2,
8/18/2021,961,Multiflora Rose,S,2,
8/18/2021,961,Honeysuckle,S,3,
8/18/2021,961,Privot,S,0,
8/18/2021,961,Spicebush,S,0,
8/18/2021,961,Rubus,S,2,
8/18/2021,961,Mapleleaf Viburnum,S,0,
8/18/2021,286,Buckthorn,N,0,
8/18/2021,286,Multiflora Rose,N,1,
8/18/2021,286,Honeysuckle,N,0,
8/18/2021,286,Privot,N,0,
8/18/2021,286,Spicebush,N,0,
8/18/2021,286,Rubus,N,1,
8/18/2021,286,Mapleleaf Viburnum,N,0,
8/18/2021,286,Buckthorn,S,0,
8/18/2021,286,Multiflora Rose,S,2,
8/18/2021,286,Honeysuckle,S,0,
8/18/2021,286,Privot,S,0,
8/18/2021,286,Spicebush,S,0,
8/18/2021,286,Rubus,S,2,
8/18/2021,286,Mapleleaf Viburnum,S,0,
8/18/2021,304,Buckthorn,N,1,
8/18/2021,304,Multiflora Rose,N,0,
8/18/2021,304,Honeysuckle,N,0,
8/18/2021,304,Privot,N,0,
8/18/2021,304,Spicebush,N,0,
8/18/2021,304,Rubus,N,1,
8/18/2021,304,Mapleleaf Viburnum,N,0,
8/18/2021,281,Buckthorn,S,1,
8/18/2021,281,Multiflora Rose,S,2,
8/18/2021,281,Honeysuckle,S,2,
8/18/2021,281,Privot,S,0,
8/18/2021,281,Spicebush,S,0,
8/18/2021,281,Rubus,S,1,
8/18/2021,281,Mapleleaf Viburnum,S,0,
8/18/2021,276,Buckthorn,N,2,
8/18/2021,276,Multiflora Rose,N,4,
8/18/2021,276,Honeysuckle,N,0,
8/18/2021,276,Privot,N,0,
8/18/2021,276,Spicebush,N,0,
8/18/2021,276,Rubus,N,2,
8/18/2021,276,Mapleleaf Viburnum,N,1,
8/18/2021,276,Buckthorn,S,1,
8/18/2021,276,Multiflora Rose,S,2,
8/18/2021,276,Honeysuckle,S,2,
8/18/2021,276,Privot,S,0,
8/18/2021,276,Spicebush,S,0,
8/18/2021,276,Rubus,S,1,
8/18/2021,276,Mapleleaf Viburnum,S,0,
8/18/2021,275,Buckthorn,N,2,
8/18/2021,275,Multiflora Rose,N,3,
8/18/2021,275,Honeysuckle,N,0,
8/18/2021,275,Privot,N,0,
8/18/2021,275,Spicebush,N,0,
8/18/2021,275,Rubus,N,2,
8/18/2021,275,Mapleleaf Viburnum,N,0,
8/18/2021,275,Buckthorn,S,2,
8/18/2021,275,Multiflora Rose,S,3,
8/18/2021,275,Honeysuckle,S,0,
8/18/2021,275,Privot,S,0,
8/18/2021,275,Spicebush,S,0,
8/18/2021,275,Rubus,S,1,
8/18/2021,275,Mapleleaf Viburnum,S,0,
8/18/2021,392,Buckthorn,N,0,
8/18/2021,392,Multiflora Rose,N,3,
8/18/2021,392,Honeysuckle,N,0,
8/18/2021,392,Privot,N,0,
8/18/2021,392,Spicebush,N,0,
8/18/2021,392,Rubus,N,2,
8/18/2021,392,Mapleleaf Viburnum,N,0,
8/18/2021,392,Buckthorn,S,0,
8/18/2021,392,Multiflora Rose,S,1,
8/18/2021,392,Honeysuckle,S,1,
8/18/2021,392,Privot,S,0,
8/18/2021,392,Spicebush,S,0,
8/18/2021,392,Rubus,S,0,
8/18/2021,392,Mapleleaf Viburnum,S,0,
8/18/2021,285,Buckthorn,N,0,
8/18/2021,285,Multiflora Rose,N,3,
8/18/2021,285,Honeysuckle,N,0,
8/18/2021,285,Privot,N,0,
8/18/2021,285,Spicebush,N,0,
8/18/2021,285,Rubus,N,2,
8/18/2021,285,Mapleleaf Viburnum,N,0,
8/18/2021,285,Buckthorn,S,0,
8/18/2021,285,Multiflora Rose,S,2,
8/18/2021,285,Honeysuckle,S,0,
8/18/2021,285,Privot,S,0,
8/18/2021,285,Spicebush,S,0,
8/18/2021,285,Rubus,S,1,
8/18/2021,285,Mapleleaf Viburnum,S,0,
8/18/2021,281,Buckthorn,N,0,
8/18/2021,281,Multiflora Rose,N,1,
8/18/2021,281,Honeysuckle,N,2,
8/18/2021,281,Privot,N,0,
8/18/2021,281,Spicebush,N,0,
8/18/2021,281,Rubus,N,1,
8/18/2021,281,Mapleleaf Viburnum,N,0,
8/18/2021,98,Buckthorn,S,2,
8/18/2021,98,Multiflora Rose,S,2,
8/18/2021,98,Honeysuckle,S,0,
8/18/2021,98,Privot,S,0,
8/18/2021,98,Spicebush,S,0,
8/18/2021,98,Rubus,S,1,
8/18/2021,98,Mapleleaf Viburnum,S,0,
8/18/2021,97,Buckthorn,N,2,
8/18/2021,97,Multiflora Rose,N,1,
8/18/2021,97,Honeysuckle,N,0,
8/18/2021,97,Privot,N,0,
8/18/2021,97,Spicebush,N,0,
8/18/2021,97,Rubus,N,2,
8/18/2021,97,Mapleleaf Viburnum,N,0,
8/18/2021,97,Buckthorn,S,2,
8/18/2021,97,Multiflora Rose,S,3,
8/18/2021,97,Honeysuckle,S,0,
8/18/2021,97,Privot,S,0,
8/18/2021,97,Spicebush,S,0,
8/18/2021,97,Rubus,S,2,
8/18/2021,97,Mapleleaf Viburnum,S,0,
8/18/2021,237,Buckthorn,N,1,
8/18/2021,237,Multiflora Rose,N,4,
8/18/2021,237,Honeysuckle,N,0,
8/18/2021,237,Privot,N,0,
8/18/2021,237,Spicebush,N,0,
8/18/2021,237,Rubus,N,3,
8/18/2021,237,Mapleleaf Viburnum,N,0,
8/18/2021,237,Buckthorn,S,0,
8/18/2021,237,Multiflora Rose,S,4,
8/18/2021,237,Honeysuckle,S,0,
8/18/2021,237,Privot,S,0,
8/18/2021,237,Spicebush,S,0,
8/18/2021,237,Rubus,S,2,
8/18/2021,237,Mapleleaf Viburnum,S,2,
8/18/2021,99,Buckthorn,N,2,
8/18/2021,99,Multiflora Rose,N,3,
8/18/2021,99,Honeysuckle,N,0,
8/18/2021,99,Privot,N,0,
8/18/2021,99,Spicebush,N,0,
8/18/2021,99,Rubus,N,2,
8/18/2021,99,Mapleleaf Viburnum,N,0,
8/18/2021,99,Buckthorn,S,2,
8/18/2021,99,Multiflora Rose,S,3,
8/18/2021,99,Honeysuckle,S,0,
8/18/2021,99,Privot,S,0,
8/18/2021,99,Spicebush,S,0,
8/18/2021,99,Rubus,S,2,
8/18/2021,99,Mapleleaf Viburnum,S,0,
8/18/2021,228,Buckthorn,N,2,
8/18/2021,228,Multiflora Rose,N,3,
8/18/2021,228,Honeysuckle,N,0,
8/18/2021,228,Privot,N,0,
8/18/2021,228,Spicebush,N,0,
8/18/2021,228,Rubus,N,2,
8/18/2021,228,Mapleleaf Viburnum,N,0,
8/18/2021,228,Buckthorn,S,2,
8/18/2021,228,Multiflora Rose,S,0,
8/18/2021,228,Honeysuckle,S,0,
8/18/2021,228,Privot,S,0,
8/18/2021,228,Spicebush,S,0,
8/18/2021,228,Rubus,S,2,
8/18/2021,228,Mapleleaf Viburnum,S,0,
8/18/2021,98,Buckthorn,N,2,
8/18/2021,98,Multiflora Rose,N,2,
8/18/2021,98,Honeysuckle,N,0,
8/18/2021,98,Privot,N,0,
8/18/2021,98,Spicebush,N,0,
8/18/2021,98,Rubus,N,3,
8/18/2021,98,Mapleleaf Viburnum,N,0,
8/19/2021,377,Buckthorn,S,1,
8/19/2021,377,Multiflora Rose,S,1,
8/19/2021,377,Honeysuckle,S,0,
8/19/2021,377,Privot,S,1,
8/19/2021,377,Spicebush,S,0,
8/19/2021,377,Rubus,S,2,
8/19/2021,377,Mapleleaf Viburnum,S,0,
8/19/2021,936,Buckthorn,N,1,
8/19/2021,936,Multiflora Rose,N,1,
8/19/2021,936,Honeysuckle,N,0,
8/19/2021,936,Privot,N,0,
8/19/2021,936,Spicebush,N,0,
8/19/2021,936,Rubus,N,0,
8/19/2021,936,Mapleleaf Viburnum,N,0,
8/19/2021,936,Buckthorn,S,1,
8/19/2021,936,Multiflora Rose,S,1,
8/19/2021,936,Honeysuckle,S,0,
8/19/2021,936,Privot,S,0,
8/19/2021,936,Spicebush,S,0,
8/19/2021,936,Rubus,S,2,
8/19/2021,936,Mapleleaf Viburnum,S,0,
8/19/2021,178,Buckthorn,N,2,
8/19/2021,178,Multiflora Rose,N,1,
8/19/2021,178,Honeysuckle,N,2,
8/19/2021,178,Privot,N,1,
8/19/2021,178,Spicebush,N,0,
8/19/2021,178,Rubus,N,0,
8/19/2021,178,Mapleleaf Viburnum,N,0,
8/19/2021,178,Buckthorn,S,1,
8/19/2021,178,Multiflora Rose,S,2,
8/19/2021,178,Honeysuckle,S,2,
8/19/2021,178,Privot,S,1,
8/19/2021,178,Spicebush,S,0,
8/19/2021,178,Rubus,S,0,
8/19/2021,178,Mapleleaf Viburnum,S,0,
8/19/2021,342,Buckthorn,N,1,
8/19/2021,342,Multiflora Rose,N,1,
8/19/2021,342,Honeysuckle,N,0,
8/19/2021,342,Privot,N,0,
8/19/2021,342,Spicebush,N,0,
8/19/2021,342,Rubus,N,2,
8/19/2021,342,Mapleleaf Viburnum,N,0,
8/19/2021,342,Buckthorn,S,0,
8/19/2021,342,Multiflora Rose,S,1,
8/19/2021,342,Honeysuckle,S,0,
8/19/2021,342,Privot,S,1,
8/19/2021,342,Spicebush,S,0,
8/19/2021,342,Rubus,S,2,
8/19/2021,342,Mapleleaf Viburnum,S,0,
8/19/2021,301,Buckthorn,N,2,
8/19/2021,301,Multiflora Rose,N,1,
8/19/2021,301,Honeysuckle,N,0,
8/19/2021,301,Privot,N,0,
8/19/2021,301,Spicebush,N,0,
8/19/2021,301,Rubus,N,2,
8/19/2021,301,Mapleleaf Viburnum,N,0,
8/19/2021,301,Buckthorn,S,1,
8/19/2021,301,Multiflora Rose,S,1,
8/19/2021,301,Honeysuckle,S,0,
8/19/2021,301,Privot,S,0,
8/19/2021,301,Spicebush,S,0,
8/19/2021,301,Rubus,S,2,
8/19/2021,301,Mapleleaf Viburnum,S,0,
8/19/2021,377,Buckthorn,N,1,
8/19/2021,377,Multiflora Rose,N,2,
8/19/2021,377,Honeysuckle,N,1,
8/19/2021,377,Privot,N,0,
8/19/2021,377,Spicebush,N,0,
8/19/2021,377,Rubus,N,1,
8/19/2021,377,Mapleleaf Viburnum,N,0,
8/5/2021,31,Buckthorn,S,1,
8/5/2021,31,Multiflora Rose,S,1,
8/5/2021,31,Honeysuckle,S,0,
8/5/2021,31,Privot,S,0,
8/5/2021,31,Spicebush,S,0,
8/5/2021,31,Rubus,S,1,
8/5/2021,31,Mapleleaf Viburnum,S,0,
8/5/2021,25,Buckthorn,N,2,
8/5/2021,25,Multiflora Rose,N,2,
8/5/2021,25,Honeysuckle,N,1,
8/5/2021,25,Privot,N,2,
8/5/2021,25,Spicebush,N,0,
8/5/2021,25,Rubus,N,1,
8/5/2021,25,Mapleleaf Viburnum,N,0,
8/5/2021,25,Buckthorn,S,1,
8/5/2021,25,Multiflora Rose,S,1,
8/5/2021,25,Honeysuckle,S,0,
8/5/2021,25,Privot,S,0,
8/5/2021,25,Spicebush,S,0,
8/5/2021,25,Rubus,S,2,
8/5/2021,25,Mapleleaf Viburnum,S,0,
8/5/2021,24,Buckthorn,N,2,
8/5/2021,24,Multiflora Rose,N,1,
8/5/2021,24,Honeysuckle,N,0,
8/5/2021,24,Privot,N,0,
8/5/2021,24,Spicebush,N,0,
8/5/2021,24,Rubus,N,0,
8/5/2021,24,Mapleleaf Viburnum,N,0,
8/5/2021,24,Buckthorn,S,0,
8/5/2021,24,Multiflora Rose,S,1,
8/5/2021,24,Honeysuckle,S,0,
8/5/2021,24,Privot,S,0,
8/5/2021,24,Spicebush,S,0,
8/5/2021,24,Rubus,S,1,
8/5/2021,24,Mapleleaf Viburnum,S,0,
8/5/2021,901,Buckthorn,N,3,
8/5/2021,901,Multiflora Rose,N,3,
8/5/2021,901,Honeysuckle,N,0,
8/5/2021,901,Privot,N,0,
8/5/2021,901,Spicebush,N,0,
8/5/2021,901,Rubus,N,0,
8/5/2021,901,Mapleleaf Viburnum,N,0,
8/5/2021,901,Buckthorn,S,2,
8/5/2021,901,Multiflora Rose,S,0,
8/5/2021,901,Honeysuckle,S,0,
8/5/2021,901,Privot,S,1,
8/5/2021,901,Spicebush,S,0,
8/5/2021,901,Rubus,S,1,
8/5/2021,901,Mapleleaf Viburnum,S,0,
8/5/2021,75,Buckthorn,N,3,
8/5/2021,75,Multiflora Rose,N,3,
8/5/2021,75,Honeysuckle,N,1,
8/5/2021,75,Privot,N,0,
8/5/2021,75,Spicebush,N,0,
8/5/2021,75,Rubus,N,0,
8/5/2021,75,Mapleleaf Viburnum,N,0,
8/5/2021,75,Buckthorn,S,2,
8/5/2021,75,Multiflora Rose,S,1,
8/5/2021,75,Honeysuckle,S,1,
8/5/2021,75,Privot,S,0,
8/5/2021,75,Spicebush,S,0,
8/5/2021,75,Rubus,S,1,
8/5/2021,75,Mapleleaf Viburnum,S,0,
8/5/2021,902,Buckthorn,N,1,
8/5/2021,902,Multiflora Rose,N,3,
8/5/2021,902,Honeysuckle,N,0,
8/5/2021,902,Privot,N,0,
8/5/2021,902,Spicebush,N,0,
8/5/2021,902,Rubus,N,0,
8/5/2021,902,Mapleleaf Viburnum,N,0,
8/5/2021,902,Buckthorn,S,2,
8/5/2021,902,Multiflora Rose,S,2,
8/5/2021,902,Honeysuckle,S,0,
8/5/2021,902,Privot,S,0,
8/5/2021,902,Spicebush,S,1,
8/5/2021,902,Rubus,S,1,
8/5/2021,902,Mapleleaf Viburnum,S,0,
8/5/2021,72,Buckthorn,N,1,
8/5/2021,72,Multiflora Rose,N,1,
8/5/2021,72,Honeysuckle,N,1,
8/5/2021,72,Privot,N,1,
8/5/2021,72,Spicebush,N,2,
8/5/2021,72,Rubus,N,0,
8/5/2021,72,Mapleleaf Viburnum,N,0,
8/5/2021,72,Buckthorn,S,2,
8/5/2021,72,Multiflora Rose,S,1,
8/5/2021,72,Honeysuckle,S,1,
8/5/2021,72,Privot,S,1,
8/5/2021,72,Spicebush,S,3,
8/5/2021,72,Rubus,S,1,
8/5/2021,72,Mapleleaf Viburnum,S,0,
8/5/2021,68,Buckthorn,N,0,
8/5/2021,68,Multiflora Rose,N,1,
8/5/2021,68,Honeysuckle,N,0,
8/5/2021,68,Privot,N,0,
8/5/2021,68,Spicebush,N,2,
8/5/2021,68,Rubus,N,1,
8/5/2021,68,Mapleleaf Viburnum,N,0,
8/5/2021,68,Buckthorn,S,1,
8/5/2021,68,Multiflora Rose,S,0,
8/5/2021,68,Honeysuckle,S,0,
8/5/2021,68,Privot,S,0,
8/5/2021,68,Spicebush,S,3,
8/5/2021,68,Rubus,S,1,
8/5/2021,68,Mapleleaf Viburnum,S,0,
8/5/2021,77,Buckthorn,N,0,
8/5/2021,77,Multiflora Rose,N,2,
8/5/2021,77,Honeysuckle,N,0,
8/5/2021,77,Privot,N,0,
8/5/2021,77,Spicebush,N,0,
8/5/2021,77,Rubus,N,1,
8/5/2021,77,Mapleleaf Viburnum,N,0,
8/5/2021,77,Buckthorn,S,1,
8/5/2021,77,Multiflora Rose,S,1,
8/5/2021,77,Honeysuckle,S,0,
8/5/2021,77,Privot,S,0,
8/5/2021,77,Spicebush,S,3,
8/5/2021,77,Rubus,S,1,
8/5/2021,77,Mapleleaf Viburnum,S,0,
8/5/2021,74,Buckthorn,N,1,
8/5/2021,74,Multiflora Rose,N,3,
8/5/2021,74,Honeysuckle,N,0,
8/5/2021,74,Privot,N,0,
8/5/2021,74,Spicebush,N,1,
8/5/2021,74,Rubus,N,1,
8/5/2021,74,Mapleleaf Viburnum,N,0,
8/5/2021,74,Buckthorn,S,1,
8/5/2021,74,Multiflora Rose,S,5,
8/5/2021,74,Honeysuckle,S,0,
8/5/2021,74,Privot,S,0,
8/5/2021,74,Spicebush,S,1,
8/5/2021,74,Rubus,S,1,
8/5/2021,74,Mapleleaf Viburnum,S,0,
8/5/2021,27,Buckthorn,N,1,
8/5/2021,27,Multiflora Rose,N,2,
8/5/2021,27,Honeysuckle,N,1,
8/5/2021,27,Privot,N,0,
8/5/2021,27,Spicebush,N,1,
8/5/2021,27,Rubus,N,0,
8/5/2021,27,Mapleleaf Viburnum,N,0,
8/5/2021,27,Buckthorn,S,1,
8/5/2021,27,Multiflora Rose,S,1,
8/5/2021,27,Honeysuckle,S,0,
8/5/2021,27,Privot,S,0,
8/5/2021,27,Spicebush,S,1,
8/5/2021,27,Rubus,S,0,
8/5/2021,27,Mapleleaf Viburnum,S,0,
8/5/2021,26,Buckthorn,N,1,
8/5/2021,26,Multiflora Rose,N,2,
8/5/2021,26,Honeysuckle,N,1,
8/5/2021,26,Privot,N,0,
8/5/2021,26,Spicebush,N,0,
8/5/2021,26,Rubus,N,0,
8/5/2021,26,Mapleleaf Viburnum,N,0,
8/5/2021,26,Buckthorn,S,2,
8/5/2021,26,Multiflora Rose,S,1,
8/5/2021,26,Honeysuckle,S,0,
8/5/2021,26,Privot,S,0,
8/5/2021,26,Spicebush,S,2,
8/5/2021,26,Rubus,S,0,
8/5/2021,26,Mapleleaf Viburnum,S,0,
8/5/2021,31,Buckthorn,N,1,
8/5/2021,31,Multiflora Rose,N,2,
8/5/2021,31,Honeysuckle,N,0,
8/5/2021,31,Privot,N,0,
8/5/2021,31,Spicebush,N,0,
8/5/2021,31,Rubus,N,1,
8/5/2021,31,Mapleleaf Viburnum,N,0,
8/10/2021,201,Buckthorn,S,1,
8/10/2021,201,Multiflora Rose,S,1,
8/10/2021,201,Honeysuckle,S,0,
8/10/2021,201,Privot,S,0,
8/10/2021,201,Spicebush,S,0,
8/10/2021,201,Rubus,S,0,
8/10/2021,201,Mapleleaf Viburnum,S,0,
8/10/2021,216,Buckthorn,N,0,
8/10/2021,216,Multiflora Rose,N,1,
8/10/2021,216,Honeysuckle,N,0,
8/10/2021,216,Privot,N,0,
8/10/2021,216,Spicebush,N,0,
8/10/2021,216,Rubus,N,0,
8/10/2021,216,Mapleleaf Viburnum,N,0,
8/10/2021,216,Buckthorn,S,0,
8/10/2021,216,Multiflora Rose,S,1,
8/10/2021,216,Honeysuckle,S,0,
8/10/2021,216,Privot,S,0,
8/10/2021,216,Spicebush,S,0,
8/10/2021,216,Rubus,S,1,
8/10/2021,216,Mapleleaf Viburnum,S,0,
8/10/2021,212,Buckthorn,N,0,
8/10/2021,212,Multiflora Rose,N,1,
8/10/2021,212,Honeysuckle,N,0,
8/10/2021,212,Privot,N,0,
8/10/2021,212,Spicebush,N,0,
8/10/2021,212,Rubus,N,0,
8/10/2021,212,Mapleleaf Viburnum,N,0,
8/10/2021,212,Buckthorn,S,1,
8/10/2021,212,Multiflora Rose,S,1,
8/10/2021,212,Honeysuckle,S,0,
8/10/2021,212,Privot,S,0,
8/10/2021,212,Spicebush,S,0,
8/10/2021,212,Rubus,S,0,
8/10/2021,212,Mapleleaf Viburnum,S,0,
8/10/2021,202,Buckthorn,N,0,
8/10/2021,202,Multiflora Rose,N,0,
8/10/2021,202,Honeysuckle,N,0,
8/10/2021,202,Privot,N,0,
8/10/2021,202,Spicebush,N,0,
8/10/2021,202,Rubus,N,0,
8/10/2021,202,Mapleleaf Viburnum,N,0,
8/10/2021,202,Buckthorn,S,0,
8/10/2021,202,Multiflora Rose,S,1,
8/10/2021,202,Honeysuckle,S,1,
8/10/2021,202,Privot,S,0,
8/10/2021,202,Spicebush,S,0,
8/10/2021,202,Rubus,S,0,
8/10/2021,202,Mapleleaf Viburnum,S,0,
8/10/2021,217,Buckthorn,N,0,
8/10/2021,217,Multiflora Rose,N,0,
8/10/2021,217,Honeysuckle,N,1,
8/10/2021,217,Privot,N,0,
8/10/2021,217,Spicebush,N,0,
8/10/2021,217,Rubus,N,0,
8/10/2021,217,Mapleleaf Viburnum,N,0,
8/10/2021,217,Buckthorn,S,0,
8/10/2021,217,Multiflora Rose,S,1,
8/10/2021,217,Honeysuckle,S,1,
8/10/2021,217,Privot,S,0,
8/10/2021,217,Spicebush,S,0,
8/10/2021,217,Rubus,S,0,
8/10/2021,217,Mapleleaf Viburnum,S,0,
8/10/2021,201,Buckthorn,N,1,
8/10/2021,201,Multiflora Rose,N,0,
8/10/2021,201,Honeysuckle,N,1,
8/10/2021,201,Privot,N,0,
8/10/2021,201,Spicebush,N,0,
8/10/2021,201,Rubus,N,0,
8/10/2021,201,Mapleleaf Viburnum,N,0,
8/10/2021,861,Buckthorn,S,0,
8/10/2021,861,Multiflora Rose,S,1,
8/10/2021,861,Honeysuckle,S,0,
8/10/2021,861,Privot,S,0,
8/10/2021,861,Spicebush,S,0,
8/10/2021,861,Rubus,S,0,
8/10/2021,861,Mapleleaf Viburnum,S,0,
8/10/2021,218,Buckthorn,N,0,
8/10/2021,218,Multiflora Rose,N,0,
8/10/2021,218,Honeysuckle,N,0,
8/10/2021,218,Privot,N,0,
8/10/2021,218,Spicebush,N,0,
8/10/2021,218,Rubus,N,0,
8/10/2021,218,Mapleleaf Viburnum,N,0,
8/10/2021,218,Buckthorn,S,1,
8/10/2021,218,Multiflora Rose,S,1,
8/10/2021,218,Honeysuckle,S,0,
8/10/2021,218,Privot,S,1,
8/10/2021,218,Spicebush,S,0,
8/10/2021,218,Rubus,S,0,
8/10/2021,218,Mapleleaf Viburnum,S,0,
8/10/2021,140,Buckthorn,N,0,
8/10/2021,140,Multiflora Rose,N,1,
8/10/2021,140,Honeysuckle,N,0,
8/10/2021,140,Privot,N,0,
8/10/2021,140,Spicebush,N,0,
8/10/2021,140,Rubus,N,0,
8/10/2021,140,Mapleleaf Viburnum,N,0,
8/10/2021,140,Buckthorn,S,0,
8/10/2021,140,Multiflora Rose,S,0,
8/10/2021,140,Honeysuckle,S,0,
8/10/2021,140,Privot,S,0,
8/10/2021,140,Spicebush,S,0,
8/10/2021,140,Rubus,S,0,
8/10/2021,140,Mapleleaf Viburnum,S,0,
8/10/2021,222,Buckthorn,N,0,
8/10/2021,222,Multiflora Rose,N,0,
8/10/2021,222,Honeysuckle,N,0,
8/10/2021,222,Privot,N,0,
8/10/2021,222,Spicebush,N,0,
8/10/2021,222,Rubus,N,0,
8/10/2021,222,Mapleleaf Viburnum,N,0,
8/10/2021,222,Buckthorn,S,0,
8/10/2021,222,Multiflora Rose,S,0,
8/10/2021,222,Honeysuckle,S,0,
8/10/2021,222,Privot,S,0,
8/10/2021,222,Spicebush,S,0,
8/10/2021,222,Rubus,S,0,
8/10/2021,222,Mapleleaf Viburnum,S,0,
8/10/2021,136,Buckthorn,N,0,
8/10/2021,136,Multiflora Rose,N,0,
8/10/2021,136,Honeysuckle,N,0,
8/10/2021,136,Privot,N,0,
8/10/2021,136,Spicebush,N,0,
8/10/2021,136,Rubus,N,0,
8/10/2021,136,Mapleleaf Viburnum,N,0,
8/10/2021,136,Buckthorn,S,1,
8/10/2021,136,Multiflora Rose,S,0,
8/10/2021,136,Honeysuckle,S,0,
8/10/2021,136,Privot,S,0,
8/10/2021,136,Spicebush,S,0,
8/10/2021,136,Rubus,S,0,
8/10/2021,136,Mapleleaf Viburnum,S,0,
8/10/2021,861,Buckthorn,N,1,
8/10/2021,861,Multiflora Rose,N,0,
8/10/2021,861,Honeysuckle,N,0,
8/10/2021,861,Privot,N,0,
8/10/2021,861,Spicebush,N,0,
8/10/2021,861,Rubus,N,0,
8/10/2021,861,Mapleleaf Viburnum,N,0,
8/10/2021,225,Buckthorn,S,1,
8/10/2021,225,Multiflora Rose,S,2,
8/10/2021,225,Honeysuckle,S,0,
8/10/2021,225,Privot,S,0,
8/10/2021,225,Spicebush,S,1,
8/10/2021,225,Rubus,S,1,
8/10/2021,225,Mapleleaf Viburnum,S,0,
8/10/2021,1,Buckthorn,N,1,
8/10/2021,1,Multiflora Rose,N,1,
8/10/2021,1,Honeysuckle,N,0,
8/10/2021,1,Privot,N,0,
8/10/2021,1,Spicebush,N,0,
8/10/2021,1,Rubus,N,0,
8/10/2021,1,Mapleleaf Viburnum,N,0,
8/10/2021,1,Buckthorn,S,1,
8/10/2021,1,Multiflora Rose,S,1,
8/10/2021,1,Honeysuckle,S,1,
8/10/2021,1,Privot,S,0,
8/10/2021,1,Spicebush,S,1,
8/10/2021,1,Rubus,S,1,
8/10/2021,1,Mapleleaf Viburnum,S,0,
8/10/2021,141,Buckthorn,N,1,
8/10/2021,141,Multiflora Rose,N,0,
8/10/2021,141,Honeysuckle,N,0,
8/10/2021,141,Privot,N,0,
8/10/2021,141,Spicebush,N,0,
8/10/2021,141,Rubus,N,0,
8/10/2021,141,Mapleleaf Viburnum,N,0,
8/10/2021,141,Buckthorn,S,1,
8/10/2021,141,Multiflora Rose,S,0,
8/10/2021,141,Honeysuckle,S,0,
8/10/2021,141,Privot,S,0,
8/10/2021,141,Spicebush,S,0,
8/10/2021,141,Rubus,S,1,
8/10/2021,141,Mapleleaf Viburnum,S,0,
8/10/2021,224,Buckthorn,N,1,
8/10/2021,224,Multiflora Rose,N,1,
8/10/2021,224,Honeysuckle,N,0,
8/10/2021,224,Privot,N,0,
8/10/2021,224,Spicebush,N,0,
8/10/2021,224,Rubus,N,0,
8/10/2021,224,Mapleleaf Viburnum,N,0,
8/10/2021,224,Buckthorn,S,0,
8/10/2021,224,Multiflora Rose,S,1,
8/10/2021,224,Honeysuckle,S,0,
8/10/2021,224,Privot,S,0,
8/10/2021,224,Spicebush,S,0,
8/10/2021,224,Rubus,S,0,
8/10/2021,224,Mapleleaf Viburnum,S,0,
8/10/2021,857,Buckthorn,N,1,
8/10/2021,857,Multiflora Rose,N,0,
8/10/2021,857,Honeysuckle,N,0,
8/10/2021,857,Privot,N,0,
8/10/2021,857,Spicebush,N,0,
8/10/2021,857,Rubus,N,0,
8/10/2021,857,Mapleleaf Viburnum,N,0,
8/10/2021,857,Buckthorn,S,1,
8/10/2021,857,Multiflora Rose,S,1,
8/10/2021,857,Honeysuckle,S,0,
8/10/2021,857,Privot,S,0,
8/10/2021,857,Spicebush,S,0,
8/10/2021,857,Rubus,S,1,
8/10/2021,857,Mapleleaf Viburnum,S,0,
8/10/2021,23,Buckthorn,N,1,
8/10/2021,23,Multiflora Rose,N,1,
8/10/2021,23,Honeysuckle,N,0,
8/10/2021,23,Privot,N,0,
8/10/2021,23,Spicebush,N,0,
8/10/2021,23,Rubus,N,1,
8/10/2021,23,Mapleleaf Viburnum,N,0,
8/10/2021,23,Buckthorn,S,1,
8/10/2021,23,Multiflora Rose,S,1,
8/10/2021,23,Honeysuckle,S,0,
8/10/2021,23,Privot,S,0,
8/10/2021,23,Spicebush,S,0,
8/10/2021,23,Rubus,S,1,
8/10/2021,23,Mapleleaf Viburnum,S,0,
8/10/2021,6,Buckthorn,N,1,
8/10/2021,6,Multiflora Rose,N,1,
8/10/2021,6,Honeysuckle,N,0,
8/10/2021,6,Privot,N,0,
8/10/2021,6,Spicebush,N,0,
8/10/2021,6,Rubus,N,0,
8/10/2021,6,Mapleleaf Viburnum,N,0,
8/10/2021,6,Buckthorn,S,1,
8/10/2021,6,Multiflora Rose,S,1,
8/10/2021,6,Honeysuckle,S,0,
8/10/2021,6,Privot,S,0,
8/10/2021,6,Spicebush,S,0,
8/10/2021,6,Rubus,S,0,
8/10/2021,6,Mapleleaf Viburnum,S,0,
8/10/2021,10,Buckthorn,N,1,
8/10/2021,10,Multiflora Rose,N,1,
8/10/2021,10,Honeysuckle,N,0,
8/10/2021,10,Privot,N,0,
8/10/2021,10,Spicebush,N,0,
8/10/2021,10,Rubus,N,0,
8/10/2021,10,Mapleleaf Viburnum,N,0,
8/10/2021,10,Buckthorn,S,1,
8/10/2021,10,Multiflora Rose,S,1,
8/10/2021,10,Honeysuckle,S,0,
8/10/2021,10,Privot,S,0,
8/10/2021,10,Spicebush,S,0,
8/10/2021,10,Rubus,S,0,
8/10/2021,10,Mapleleaf Viburnum,S,0,
8/10/2021,5,Buckthorn,N,1,
8/10/2021,5,Multiflora Rose,N,1,
8/10/2021,5,Honeysuckle,N,0,
8/10/2021,5,Privot,N,0,
8/10/2021,5,Spicebush,N,0,
8/10/2021,5,Rubus,N,0,
8/10/2021,5,Mapleleaf Viburnum,N,0,
8/10/2021,5,Buckthorn,S,1,
8/10/2021,5,Multiflora Rose,S,0,
8/10/2021,5,Honeysuckle,S,0,
8/10/2021,5,Privot,S,0,
8/10/2021,5,Spicebush,S,1,
8/10/2021,5,Rubus,S,0,
8/10/2021,5,Mapleleaf Viburnum,S,0,
8/10/2021,219,Buckthorn,N,1,
8/10/2021,219,Multiflora Rose,N,0,
8/10/2021,219,Honeysuckle,N,0,
8/10/2021,219,Privot,N,0,
8/10/2021,219,Spicebush,N,0,
8/10/2021,219,Rubus,N,0,
8/10/2021,219,Mapleleaf Viburnum,N,0,
8/10/2021,219,Buckthorn,S,0,
8/10/2021,219,Multiflora Rose,S,1,
8/10/2021,219,Honeysuckle,S,0,
8/10/2021,219,Privot,S,0,
8/10/2021,219,Spicebush,S,0,
8/10/2021,219,Rubus,S,1,
8/10/2021,219,Mapleleaf Viburnum,S,0,
8/10/2021,220,Buckthorn,N,1,
8/10/2021,220,Multiflora Rose,N,0,
8/10/2021,220,Honeysuckle,N,0,
8/10/2021,220,Privot,N,0,
8/10/2021,220,Spicebush,N,0,
8/10/2021,220,Rubus,N,0,
8/10/2021,220,Mapleleaf Viburnum,N,0,
8/10/2021,220,Buckthorn,S,1,
8/10/2021,220,Multiflora Rose,S,1,
8/10/2021,220,Honeysuckle,S,0,
8/10/2021,220,Privot,S,0,
8/10/2021,220,Spicebush,S,0,
8/10/2021,220,Rubus,S,1,
8/10/2021,220,Mapleleaf Viburnum,S,0,
8/10/2021,134,Buckthorn,N,0,
8/10/2021,134,Multiflora Rose,N,0,
8/10/2021,134,Honeysuckle,N,0,
8/10/2021,134,Privot,N,0,
8/10/2021,134,Spicebush,N,0,
8/10/2021,134,Rubus,N,0,
8/10/2021,134,Mapleleaf Viburnum,N,0,
8/10/2021,134,Buckthorn,S,1,
8/10/2021,134,Multiflora Rose,S,1,
8/10/2021,134,Honeysuckle,S,0,
8/10/2021,134,Privot,S,0,
8/10/2021,134,Spicebush,S,0,
8/10/2021,134,Rubus,S,0,
8/10/2021,134,Mapleleaf Viburnum,S,0,
8/10/2021,221,Buckthorn,N,0,
8/10/2021,221,Multiflora Rose,N,0,
8/10/2021,221,Honeysuckle,N,0,
8/10/2021,221,Privot,N,0,
8/10/2021,221,Spicebush,N,0,
8/10/2021,221,Rubus,N,0,
8/10/2021,221,Mapleleaf Viburnum,N,0,
8/10/2021,221,Buckthorn,S,1,
8/10/2021,221,Multiflora Rose,S,0,
8/10/2021,221,Honeysuckle,S,0,
8/10/2021,221,Privot,S,0,
8/10/2021,221,Spicebush,S,0,
8/10/2021,221,Rubus,S,0,
8/10/2021,221,Mapleleaf Viburnum,S,0,
8/10/2021,226,Buckthorn,N,1,
8/10/2021,226,Multiflora Rose,N,1,
8/10/2021,226,Honeysuckle,N,1,
8/10/2021,226,Privot,N,0,
8/10/2021,226,Spicebush,N,1,
8/10/2021,226,Rubus,N,1,
8/10/2021,226,Mapleleaf Viburnum,N,0,
8/10/2021,226,Buckthorn,S,1,
8/10/2021,226,Multiflora Rose,S,1,
8/10/2021,226,Honeysuckle,S,1,
8/10/2021,226,Privot,S,1,
8/10/2021,226,Spicebush,S,1,
8/10/2021,226,Rubus,S,1,
8/10/2021,226,Mapleleaf Viburnum,S,0,
8/10/2021,166,Buckthorn,N,1,
8/10/2021,166,Multiflora Rose,N,1,
8/10/2021,166,Honeysuckle,N,0,
8/10/2021,166,Privot,N,0,
8/10/2021,166,Spicebush,N,0,
8/10/2021,166,Rubus,N,1,
8/10/2021,166,Mapleleaf Viburnum,N,0,
8/10/2021,166,Buckthorn,S,1,
8/10/2021,166,Multiflora Rose,S,1,
8/10/2021,166,Honeysuckle,S,0,
8/10/2021,166,Privot,S,0,
8/10/2021,166,Spicebush,S,0,
8/10/2021,166,Rubus,S,0,
8/10/2021,166,Mapleleaf Viburnum,S,0,
8/10/2021,225,Buckthorn,N,1,
8/10/2021,225,Multiflora Rose,N,1,
8/10/2021,225,Honeysuckle,N,0,
8/10/2021,225,Privot,N,0,
8/10/2021,225,Spicebush,N,1,
8/10/2021,225,Rubus,N,1,
8/10/2021,225,Mapleleaf Viburnum,N,0,
8/19/2021,339,Buckthorn,S,0,
8/19/2021,339,Multiflora Rose,S,1,
8/19/2021,339,Honeysuckle,S,2,
8/19/2021,339,Privot,S,0,
8/19/2021,339,Spicebush,S,0,
8/19/2021,339,Rubus,S,3,
8/19/2021,339,Mapleleaf Viburnum,S,0,
8/19/2021,981,Buckthorn,N,0,
8/19/2021,981,Multiflora Rose,N,0,
8/19/2021,981,Honeysuckle,N,0,
8/19/2021,981,Privot,N,0,
8/19/2021,981,Spicebush,N,0,
8/19/2021,981,Rubus,N,2,
8/19/2021,981,Mapleleaf Viburnum,N,0,
8/19/2021,981,Buckthorn,S,0,
8/19/2021,981,Multiflora Rose,S,1,
8/19/2021,981,Honeysuckle,S,1,
8/19/2021,981,Privot,S,0,
8/19/2021,981,Spicebush,S,0,
8/19/2021,981,Rubus,S,1,
8/19/2021,981,Mapleleaf Viburnum,S,2,
8/19/2021,341,Buckthorn,N,1,
8/19/2021,341,Multiflora Rose,N,1,
8/19/2021,341,Honeysuckle,N,0,
8/19/2021,341,Privot,N,0,
8/19/2021,341,Spicebush,N,0,
8/19/2021,341,Rubus,N,2,
8/19/2021,341,Mapleleaf Viburnum,N,0,
8/19/2021,341,Buckthorn,S,1,
8/19/2021,341,Multiflora Rose,S,1,
8/19/2021,341,Honeysuckle,S,1,
8/19/2021,341,Privot,S,0,
8/19/2021,341,Spicebush,S,0,
8/19/2021,341,Rubus,S,3,
8/19/2021,341,Mapleleaf Viburnum,S,0,
8/10/2021,215,Buckthorn,N,0,
8/10/2021,215,Multiflora Rose,N,2,
8/10/2021,215,Honeysuckle,N,0,
8/10/2021,215,Privot,N,0,
8/10/2021,215,Spicebush,N,0,
8/10/2021,215,Rubus,N,0,
8/10/2021,215,Mapleleaf Viburnum,N,0,
8/10/2021,215,Buckthorn,S,1,
8/10/2021,215,Multiflora Rose,S,1,
8/10/2021,215,Honeysuckle,S,0,
8/10/2021,215,Privot,S,0,
8/10/2021,215,Spicebush,S,0,
8/10/2021,215,Rubus,S,0,
8/10/2021,215,Mapleleaf Viburnum,S,0,
8/10/2021,137,Buckthorn,N,0,
8/10/2021,137,Multiflora Rose,N,1,
8/10/2021,137,Honeysuckle,N,0,
8/10/2021,137,Privot,N,0,
8/10/2021,137,Spicebush,N,0,
8/10/2021,137,Rubus,N,0,
8/10/2021,137,Mapleleaf Viburnum,N,0,
8/10/2021,137,Buckthorn,S,0,
8/10/2021,137,Multiflora Rose,S,1,
8/10/2021,137,Honeysuckle,S,0,
8/10/2021,137,Privot,S,0,
8/10/2021,137,Spicebush,S,0,
8/10/2021,137,Rubus,S,0,
8/10/2021,137,Mapleleaf Viburnum,S,0,
8/12/2021,65,Buckthorn,N,2,
8/12/2021,65,Multiflora Rose,N,1,
8/12/2021,65,Honeysuckle,N,0,
8/12/2021,65,Privot,N,0,
8/12/2021,65,Spicebush,N,1,
8/12/2021,65,Rubus,N,2,
8/12/2021,65,Mapleleaf Viburnum,N,0,
8/12/2021,65,Buckthorn,S,2,
8/12/2021,65,Multiflora Rose,S,0,
8/12/2021,65,Honeysuckle,S,0,
8/12/2021,65,Privot,S,0,
8/12/2021,65,Spicebush,S,0,
8/12/2021,65,Rubus,S,3,
8/12/2021,65,Mapleleaf Viburnum,S,0,
8/12/2021,903,Buckthorn,N,2,
8/12/2021,903,Multiflora Rose,N,0,
8/12/2021,903,Honeysuckle,N,0,
8/12/2021,903,Privot,N,0,
8/12/2021,903,Spicebush,N,2,
8/12/2021,903,Rubus,N,2,
8/12/2021,903,Mapleleaf Viburnum,N,0,
8/12/2021,903,Buckthorn,S,3,
8/12/2021,903,Multiflora Rose,S,1,
8/12/2021,903,Honeysuckle,S,0,
8/12/2021,903,Privot,S,0,
8/12/2021,903,Spicebush,S,0,
8/12/2021,903,Rubus,S,2,
8/12/2021,903,Mapleleaf Viburnum,S,0,
8/12/2021,905,Buckthorn,N,2,
8/12/2021,905,Multiflora Rose,N,0,
8/12/2021,905,Honeysuckle,N,0,
8/12/2021,905,Privot,N,0,
8/12/2021,905,Spicebush,N,2,
8/12/2021,905,Rubus,N,2,
8/12/2021,905,Mapleleaf Viburnum,N,0,
8/12/2021,905,Buckthorn,S,3,
8/12/2021,905,Multiflora Rose,S,1,
8/12/2021,905,Honeysuckle,S,0,
8/12/2021,905,Privot,S,0,
8/12/2021,905,Spicebush,S,0,
8/12/2021,905,Rubus,S,2,
8/12/2021,905,Mapleleaf Viburnum,S,0,
8/12/2021,67,Buckthorn,N,2,
8/12/2021,67,Multiflora Rose,N,3,
8/12/2021,67,Honeysuckle,N,0,
8/12/2021,67,Privot,N,0,
8/12/2021,67,Spicebush,N,1,
8/12/2021,67,Rubus,N,2,
8/12/2021,67,Mapleleaf Viburnum,N,0,
8/12/2021,67,Buckthorn,S,1,
8/12/2021,67,Multiflora Rose,S,3,
8/12/2021,67,Honeysuckle,S,0,
8/12/2021,67,Privot,S,0,
8/12/2021,67,Spicebush,S,1,
8/12/2021,67,Rubus,S,3,
8/12/2021,67,Mapleleaf Viburnum,S,0,
8/12/2021,904,Buckthorn,N,2,
8/12/2021,904,Multiflora Rose,N,3,
8/12/2021,904,Honeysuckle,N,0,
8/12/2021,904,Privot,N,0,
8/12/2021,904,Spicebush,N,2,
8/12/2021,904,Rubus,N,2,
8/12/2021,904,Mapleleaf Viburnum,N,0,
8/12/2021,904,Buckthorn,S,2,labeled as 904 north in data sheet
8/12/2021,904,Multiflora Rose,S,2,
8/12/2021,904,Honeysuckle,S,0,
8/12/2021,904,Privot,S,0,
8/12/2021,904,Spicebush,S,1,
8/12/2021,904,Rubus,S,3,
8/12/2021,904,Mapleleaf Viburnum,S,0,
8/12/2021,60,Buckthorn,N,2,
8/12/2021,60,Multiflora Rose,N,1,
8/12/2021,60,Honeysuckle,N,0,
8/12/2021,60,Privot,N,0,
8/12/2021,60,Spicebush,N,0,
8/12/2021,60,Rubus,N,2,
8/12/2021,60,Mapleleaf Viburnum,N,0,
8/12/2021,60,Buckthorn,S,3,
8/12/2021,60,Multiflora Rose,S,2,
8/12/2021,60,Honeysuckle,S,1,
8/12/2021,60,Privot,S,0,
8/12/2021,60,Spicebush,S,0,
8/12/2021,60,Rubus,S,1,
8/12/2021,60,Mapleleaf Viburnum,S,0,
8/12/2021,907,Buckthorn,N,4,
8/12/2021,907,Multiflora Rose,N,2,
8/12/2021,907,Honeysuckle,N,0,
8/12/2021,907,Privot,N,0,
8/12/2021,907,Spicebush,N,0,
8/12/2021,907,Rubus,N,0,
8/12/2021,907,Mapleleaf Viburnum,N,0,
8/12/2021,907,Buckthorn,S,3,
8/12/2021,907,Multiflora Rose,S,2,
8/12/2021,907,Honeysuckle,S,0,
8/12/2021,907,Privot,S,2,
8/12/2021,907,Spicebush,S,1,
8/12/2021,907,Rubus,S,0,
8/12/2021,907,Mapleleaf Viburnum,S,0,
8/12/2021,908,Buckthorn,N,4,
8/12/2021,908,Multiflora Rose,N,2,
8/12/2021,908,Honeysuckle,N,0,
8/12/2021,908,Privot,N,2,
8/12/2021,908,Spicebush,N,1,
8/12/2021,908,Rubus,N,0,
8/12/2021,908,Mapleleaf Viburnum,N,0,
8/12/2021,908,Buckthorn,S,3,
8/12/2021,908,Multiflora Rose,S,1,
8/12/2021,908,Honeysuckle,S,0,
8/12/2021,908,Privot,S,0,
8/12/2021,908,Spicebush,S,1,
8/12/2021,908,Rubus,S,0,
8/12/2021,908,Mapleleaf Viburnum,S,0,
8/12/2021,906,Buckthorn,N,4,
8/12/2021,906,Multiflora Rose,N,2,
8/12/2021,906,Honeysuckle,N,0,
8/12/2021,906,Privot,N,0,
8/12/2021,906,Spicebush,N,1,
8/12/2021,906,Rubus,N,1,
8/12/2021,906,Mapleleaf Viburnum,N,0,
8/12/2021,906,Buckthorn,S,3,
8/12/2021,906,Multiflora Rose,S,2,
8/12/2021,906,Honeysuckle,S,0,
8/12/2021,906,Privot,S,1,
8/12/2021,906,Spicebush,S,1,
8/12/2021,906,Rubus,S,0,
8/12/2021,906,Mapleleaf Viburnum,S,0,
8/12/2021,66,Buckthorn,N,2,
8/12/2021,66,Multiflora Rose,N,1,
8/12/2021,66,Honeysuckle,N,0,
8/12/2021,66,Privot,N,0,
8/12/2021,66,Spicebush,N,0,
8/12/2021,66,Rubus,N,0,
8/12/2021,66,Mapleleaf Viburnum,N,1,
8/12/2021,66,Buckthorn,S,2,
8/12/2021,66,Multiflora Rose,S,0,
8/12/2021,66,Honeysuckle,S,1,
8/12/2021,66,Privot,S,0,
8/12/2021,66,Spicebush,S,2,
8/12/2021,66,Rubus,S,1,
8/12/2021,66,Mapleleaf Viburnum,S,0,
8/12/2021,62,Buckthorn,N,2,
8/12/2021,62,Multiflora Rose,N,2,
8/12/2021,62,Honeysuckle,N,1,
8/12/2021,62,Privot,N,0,
8/12/2021,62,Spicebush,N,0,
8/12/2021,62,Rubus,N,1,
8/12/2021,62,Mapleleaf Viburnum,N,0,
8/12/2021,62,Buckthorn,S,2,
8/12/2021,62,Multiflora Rose,S,3,
8/12/2021,62,Honeysuckle,S,1,
8/12/2021,62,Privot,S,0,
8/12/2021,62,Spicebush,S,0,
8/12/2021,62,Rubus,S,0,
8/12/2021,62,Mapleleaf Viburnum,S,0,
8/12/2021,58,Buckthorn,N,3,
8/12/2021,58,Multiflora Rose,N,1,
8/12/2021,58,Honeysuckle,N,0,
8/12/2021,58,Privot,N,1,
8/12/2021,58,Spicebush,N,0,
8/12/2021,58,Rubus,N,1,
8/12/2021,58,Mapleleaf Viburnum,N,0,
8/12/2021,58,Buckthorn,S,2,
8/12/2021,58,Multiflora Rose,S,3,
8/12/2021,58,Honeysuckle,S,0,
8/12/2021,58,Privot,S,0,
8/12/2021,58,Spicebush,S,1,
8/12/2021,58,Rubus,S,1,
8/12/2021,58,Mapleleaf Viburnum,S,0,
8/12/2021,61,Buckthorn,N,1,
8/12/2021,61,Multiflora Rose,N,1,
8/12/2021,61,Honeysuckle,N,0,
8/12/2021,61,Privot,N,0,
8/12/2021,61,Spicebush,N,2,
8/12/2021,61,Rubus,N,2,
8/12/2021,61,Mapleleaf Viburnum,N,0,
8/12/2021,61,Buckthorn,S,2,
8/12/2021,61,Multiflora Rose,S,3,
8/12/2021,61,Honeysuckle,S,0,
8/12/2021,61,Privot,S,0,
8/12/2021,61,Spicebush,S,1,
8/12/2021,61,Rubus,S,0,
8/12/2021,61,Mapleleaf Viburnum,S,0,
8/12/2021,49,Buckthorn,N,0,
8/12/2021,49,Multiflora Rose,N,0,
8/12/2021,49,Honeysuckle,N,0,
8/12/2021,49,Privot,N,0,
8/12/2021,49,Spicebush,N,0,
8/12/2021,49,Rubus,N,1,
8/12/2021,49,Mapleleaf Viburnum,N,1,
8/12/2021,49,Buckthorn,S,1,
8/12/2021,49,Multiflora Rose,S,1,
8/12/2021,49,Honeysuckle,S,0,
8/12/2021,49,Privot,S,0,
8/12/2021,49,Spicebush,S,1,
8/12/2021,49,Rubus,S,0,
8/12/2021,49,Mapleleaf Viburnum,S,0,
8/12/2021,48,Buckthorn,N,1,
8/12/2021,48,Multiflora Rose,N,1,
8/12/2021,48,Honeysuckle,N,0,
8/12/2021,48,Privot,N,0,
8/12/2021,48,Spicebush,N,1,
8/12/2021,48,Rubus,N,1,
8/12/2021,48,Mapleleaf Viburnum,N,1,
8/12/2021,48,Buckthorn,S,2,
8/12/2021,48,Multiflora Rose,S,1,
8/12/2021,48,Honeysuckle,S,0,
8/12/2021,48,Privot,S,0,
8/12/2021,48,Spicebush,S,2,
8/12/2021,48,Rubus,S,1,
8/12/2021,48,Mapleleaf Viburnum,S,0,
8/12/2021,57,Buckthorn,N,2,
8/12/2021,57,Multiflora Rose,N,1,
8/12/2021,57,Honeysuckle,N,1,
8/12/2021,57,Privot,N,0,
8/12/2021,57,Spicebush,N,1,
8/12/2021,57,Rubus,N,1,
8/12/2021,57,Mapleleaf Viburnum,N,0,
8/12/2021,57,Buckthorn,S,2,
8/12/2021,57,Multiflora Rose,S,3,
8/12/2021,57,Honeysuckle,S,0,
8/12/2021,57,Privot,S,0,
8/12/2021,57,Spicebush,S,2,
8/12/2021,57,Rubus,S,1,
8/12/2021,57,Mapleleaf Viburnum,S,1,
8/12/2021,909,Buckthorn,N,1,
8/12/2021,909,Multiflora Rose,N,1,
8/12/2021,909,Honeysuckle,N,0,
8/12/2021,909,Privot,N,0,
8/12/2021,909,Spicebush,N,2,
8/12/2021,909,Rubus,N,2,
8/12/2021,909,Mapleleaf Viburnum,N,0,
8/12/2021,909,Buckthorn,S,2,
8/12/2021,909,Multiflora Rose,S,2,
8/12/2021,909,Honeysuckle,S,0,
8/12/2021,909,Privot,S,0,
8/12/2021,909,Spicebush,S,1,
8/12/2021,909,Rubus,S,2,
8/12/2021,909,Mapleleaf Viburnum,S,0,
8/12/2021,910,Buckthorn,N,1,
8/12/2021,910,Multiflora Rose,N,1,
8/12/2021,910,Honeysuckle,N,0,
8/12/2021,910,Privot,N,0,
8/12/2021,910,Spicebush,N,0,
8/12/2021,910,Rubus,N,1,
8/12/2021,910,Mapleleaf Viburnum,N,0,
8/12/2021,910,Buckthorn,S,1,
8/12/2021,910,Multiflora Rose,S,1,
8/12/2021,910,Honeysuckle,S,0,
8/12/2021,910,Privot,S,0,
8/12/2021,910,Spicebush,S,1,
8/12/2021,910,Rubus,S,2,
8/12/2021,910,Mapleleaf Viburnum,S,0,
8/12/2021,59,Buckthorn,N,1,
8/12/2021,59,Multiflora Rose,N,0,
8/12/2021,59,Honeysuckle,N,0,
8/12/2021,59,Privot,N,0,
8/12/2021,59,Spicebush,N,1,
8/12/2021,59,Rubus,N,2,
8/12/2021,59,Mapleleaf Viburnum,N,0,
8/12/2021,59,Buckthorn,S,3,
8/12/2021,59,Multiflora Rose,S,1,
8/12/2021,59,Honeysuckle,S,1,
8/12/2021,59,Privot,S,0,
8/12/2021,59,Spicebush,S,1,
8/12/2021,59,Rubus,S,1,
8/12/2021,59,Mapleleaf Viburnum,S,0,
8/12/2021,56,Buckthorn,N,2,
8/12/2021,56,Multiflora Rose,N,3,
8/12/2021,56,Honeysuckle,N,0,
8/12/2021,56,Privot,N,0,
8/12/2021,56,Spicebush,N,0,
8/12/2021,56,Rubus,N,1,
8/12/2021,56,Mapleleaf Viburnum,N,0,
8/12/2021,56,Buckthorn,S,2,
8/12/2021,56,Multiflora Rose,S,2,
8/12/2021,56,Honeysuckle,S,0,
8/12/2021,56,Privot,S,0,
8/12/2021,56,Spicebush,S,1,
8/12/2021,56,Rubus,S,3,
8/12/2021,56,Mapleleaf Viburnum,S,0,
8/12/2021,895,Buckthorn,N,2,
8/12/2021,895,Multiflora Rose,N,0,
8/12/2021,895,Honeysuckle,N,0,
8/12/2021,895,Privot,N,0,
8/12/2021,895,Spicebush,N,2,
8/12/2021,895,Rubus,N,2,
8/12/2021,895,Mapleleaf Viburnum,N,0,
8/12/2021,895,Buckthorn,S,3,
8/12/2021,895,Multiflora Rose,S,0,
8/12/2021,895,Honeysuckle,S,0,
8/12/2021,895,Privot,S,0,
8/12/2021,895,Spicebush,S,1,
8/12/2021,895,Rubus,S,1,
8/12/2021,895,Mapleleaf Viburnum,S,1,
8/12/2021,64,Buckthorn,N,2,
8/12/2021,64,Multiflora Rose,N,3,
8/12/2021,64,Honeysuckle,N,0,
8/12/2021,64,Privot,N,0,
8/12/2021,64,Spicebush,N,1,
8/12/2021,64,Rubus,N,0,
8/12/2021,64,Mapleleaf Viburnum,N,0,
8/12/2021,64,Buckthorn,S,2,
8/12/2021,64,Multiflora Rose,S,1,
8/12/2021,64,Honeysuckle,S,0,
8/12/2021,64,Privot,S,0,
8/12/2021,64,Spicebush,S,2,
8/12/2021,64,Rubus,S,0,
8/12/2021,64,Mapleleaf Viburnum,S,0,
8/12/2021,70,Buckthorn,N,2,
8/12/2021,70,Multiflora Rose,N,3,
8/12/2021,70,Honeysuckle,N,0,
8/12/2021,70,Privot,N,0,
8/12/2021,70,Spicebush,N,1,
8/12/2021,70,Rubus,N,0,
8/12/2021,70,Mapleleaf Viburnum,N,0,
8/12/2021,70,Buckthorn,S,2,
8/12/2021,70,Multiflora Rose,S,2,
8/12/2021,70,Honeysuckle,S,0,
8/12/2021,70,Privot,S,0,
8/12/2021,70,Spicebush,S,2,
8/12/2021,70,Rubus,S,0,
8/12/2021,70,Mapleleaf Viburnum,S,0,
8/12/2021,71,Buckthorn,N,2,
8/12/2021,71,Multiflora Rose,N,1,
8/12/2021,71,Honeysuckle,N,0,
8/12/2021,71,Privot,N,0,
8/12/2021,71,Spicebush,N,0,
8/12/2021,71,Rubus,N,2,
8/12/2021,71,Mapleleaf Viburnum,N,0,
8/12/2021,71,Buckthorn,S,2,
8/12/2021,71,Multiflora Rose,S,2,
8/12/2021,71,Honeysuckle,S,0,
8/12/2021,71,Privot,S,0,
8/12/2021,71,Spicebush,S,0,
8/12/2021,71,Rubus,S,1,
8/12/2021,71,Mapleleaf Viburnum,S,0,
8/12/2021,880,Buckthorn,N,3,
8/12/2021,880,Multiflora Rose,N,2,
8/12/2021,880,Honeysuckle,N,0,
8/12/2021,880,Privot,N,0,
8/12/2021,880,Spicebush,N,1,
8/12/2021,880,Rubus,N,2,
8/12/2021,880,Mapleleaf Viburnum,N,1,
8/12/2021,880,Buckthorn,S,2,
8/12/2021,880,Multiflora Rose,S,1,
8/12/2021,880,Honeysuckle,S,0,
8/12/2021,880,Privot,S,0,
8/12/2021,880,Spicebush,S,0,
8/12/2021,880,Rubus,S,1,
8/12/2021,880,Mapleleaf Viburnum,S,0,
8/12/2021,69,Buckthorn,N,2,
8/12/2021,69,Multiflora Rose,N,1,
8/12/2021,69,Honeysuckle,N,0,
8/12/2021,69,Privot,N,0,
8/12/2021,69,Spicebush,N,0,
8/12/2021,69,Rubus,N,0,
8/12/2021,69,Mapleleaf Viburnum,N,0,
8/12/2021,69,Buckthorn,S,1,
8/12/2021,69,Multiflora Rose,S,2,
8/12/2021,69,Honeysuckle,S,0,
8/12/2021,69,Privot,S,0,
8/12/2021,69,Spicebush,S,0,
8/12/2021,69,Rubus,S,1,
8/12/2021,69,Mapleleaf Viburnum,S,0,
8/12/2021,386,Buckthorn,N,1,
8/12/2021,386,Multiflora Rose,N,1,
8/12/2021,386,Honeysuckle,N,0,
8/12/2021,386,Privot,N,0,
8/12/2021,386,Spicebush,N,0,
8/12/2021,386,Rubus,N,0,
8/12/2021,386,Mapleleaf Viburnum,N,0,
8/12/2021,386,Buckthorn,S,1,
8/12/2021,386,Multiflora Rose,S,1,
8/12/2021,386,Honeysuckle,S,0,
8/12/2021,386,Privot,S,0,
8/12/2021,386,Spicebush,S,0,
8/12/2021,386,Rubus,S,0,
8/12/2021,386,Mapleleaf Viburnum,S,0,
8/12/2021,316,Buckthorn,N,3,
8/12/2021,316,Multiflora Rose,N,1,
8/12/2021,316,Honeysuckle,N,0,
8/12/2021,316,Privot,N,0,
8/12/2021,316,Spicebush,N,0,
8/12/2021,316,Rubus,N,0,
8/12/2021,316,Mapleleaf Viburnum,N,0,
8/12/2021,316,Buckthorn,S,4,
8/12/2021,316,Multiflora Rose,S,2,
8/12/2021,316,Honeysuckle,S,0,
8/12/2021,316,Privot,S,0,
8/12/2021,316,Spicebush,S,0,
8/12/2021,316,Rubus,S,1,
8/12/2021,316,Mapleleaf Viburnum,S,0,
8/12/2021,344,Buckthorn,N,1,
8/12/2021,344,Multiflora Rose,N,0,
8/12/2021,344,Honeysuckle,N,0,
8/12/2021,344,Privot,N,0,
8/12/2021,344,Spicebush,N,0,
8/12/2021,344,Rubus,N,0,
8/12/2021,344,Mapleleaf Viburnum,N,0,
8/12/2021,344,Buckthorn,S,2,
8/12/2021,344,Multiflora Rose,S,0,
8/12/2021,344,Honeysuckle,S,0,
8/12/2021,344,Privot,S,0,
8/12/2021,344,Spicebush,S,1,
8/12/2021,344,Rubus,S,0,
8/12/2021,344,Mapleleaf Viburnum,S,0,
8/12/2021,177,Buckthorn,N,2,
8/12/2021,177,Multiflora Rose,N,1,
8/12/2021,177,Honeysuckle,N,0,
8/12/2021,177,Privot,N,0,
8/12/2021,177,Spicebush,N,0,
8/12/2021,177,Rubus,N,0,
8/12/2021,177,Mapleleaf Viburnum,N,0,
8/12/2021,177,Buckthorn,S,1,
8/12/2021,177,Multiflora Rose,S,0,
8/12/2021,177,Honeysuckle,S,0,
8/12/2021,177,Privot,S,0,
8/12/2021,177,Spicebush,S,0,
8/12/2021,177,Rubus,S,0,
8/12/2021,177,Mapleleaf Viburnum,S,0,
8/13/2021,319,Buckthorn,N,2,
8/13/2021,319,Multiflora Rose,N,2,
8/13/2021,319,Honeysuckle,N,1,
8/13/2021,319,Privot,N,0,
8/13/2021,319,Spicebush,N,0,
8/13/2021,319,Rubus,N,1,
8/13/2021,319,Mapleleaf Viburnum,N,0,
8/13/2021,319,Buckthorn,S,2,
8/13/2021,319,Multiflora Rose,S,1,
8/13/2021,319,Honeysuckle,S,0,
8/13/2021,319,Privot,S,0,
8/13/2021,319,Spicebush,S,0,
8/13/2021,319,Rubus,S,0,
8/13/2021,319,Mapleleaf Viburnum,S,0,
8/13/2021,387,Buckthorn,N,2,
8/13/2021,387,Multiflora Rose,N,3,
8/13/2021,387,Honeysuckle,N,1,
8/13/2021,387,Privot,N,0,
8/13/2021,387,Spicebush,N,0,
8/13/2021,387,Rubus,N,1,
8/13/2021,387,Mapleleaf Viburnum,N,0,
8/13/2021,387,Buckthorn,S,2,
8/13/2021,387,Multiflora Rose,S,2,
8/13/2021,387,Honeysuckle,S,0,
8/13/2021,387,Privot,S,1,
8/13/2021,387,Spicebush,S,0,
8/13/2021,387,Rubus,S,1,
8/13/2021,387,Mapleleaf Viburnum,S,0,
8/13/2021,313,Buckthorn,N,2,
8/13/2021,313,Multiflora Rose,N,2,
8/13/2021,313,Honeysuckle,N,1,
8/13/2021,313,Privot,N,0,
8/13/2021,313,Spicebush,N,0,
8/13/2021,313,Rubus,N,1,
8/13/2021,313,Mapleleaf Viburnum,N,0,
8/13/2021,182,Buckthorn,S,2,
8/13/2021,182,Multiflora Rose,S,1,
8/13/2021,182,Honeysuckle,S,1,
8/13/2021,182,Privot,S,0,
8/13/2021,182,Spicebush,S,1,
8/13/2021,182,Rubus,S,1,
8/13/2021,182,Mapleleaf Viburnum,S,0,
8/13/2021,181,Buckthorn,N,2,
8/13/2021,181,Multiflora Rose,N,2,
8/13/2021,181,Honeysuckle,N,0,
8/13/2021,181,Privot,N,0,
8/13/2021,181,Spicebush,N,0,
8/13/2021,181,Rubus,N,2,
8/13/2021,181,Mapleleaf Viburnum,N,0,
8/13/2021,181,Buckthorn,S,2,
8/13/2021,181,Multiflora Rose,S,2,
8/13/2021,181,Honeysuckle,S,1,
8/13/2021,181,Privot,S,0,
8/13/2021,181,Spicebush,S,0,
8/13/2021,181,Rubus,S,1,
8/13/2021,181,Mapleleaf Viburnum,S,0,
8/13/2021,315,Buckthorn,N,2,
8/13/2021,315,Multiflora Rose,N,1,
8/13/2021,315,Honeysuckle,N,0,
8/13/2021,315,Privot,N,0,
8/13/2021,315,Spicebush,N,0,
8/13/2021,315,Rubus,N,0,
8/13/2021,315,Mapleleaf Viburnum,N,0,
8/13/2021,315,Buckthorn,S,2,
8/13/2021,315,Multiflora Rose,S,0,
8/13/2021,315,Honeysuckle,S,0,
8/13/2021,315,Privot,S,0,
8/13/2021,315,Spicebush,S,1,
8/13/2021,315,Rubus,S,0,
8/13/2021,315,Mapleleaf Viburnum,S,0,
8/13/2021,193,Buckthorn,N,2,
8/13/2021,193,Multiflora Rose,N,0,
8/13/2021,193,Honeysuckle,N,0,
8/13/2021,193,Privot,N,0,
8/13/2021,193,Spicebush,N,0,
8/13/2021,193,Rubus,N,0,
8/13/2021,193,Mapleleaf Viburnum,N,0,
8/13/2021,193,Buckthorn,S,3,
8/13/2021,193,Multiflora Rose,S,1,
8/13/2021,193,Honeysuckle,S,2,
8/13/2021,193,Privot,S,0,
8/13/2021,193,Spicebush,S,0,
8/13/2021,193,Rubus,S,2,
8/13/2021,193,Mapleleaf Viburnum,S,0,
8/13/2021,172,Buckthorn,N,2,
8/13/2021,172,Multiflora Rose,N,0,
8/13/2021,172,Honeysuckle,N,0,
8/13/2021,172,Privot,N,0,
8/13/2021,172,Spicebush,N,0,
8/13/2021,172,Rubus,N,1,
8/13/2021,172,Mapleleaf Viburnum,N,0,
8/13/2021,172,Buckthorn,S,2,
8/13/2021,172,Multiflora Rose,S,1,
8/13/2021,172,Honeysuckle,S,0,
8/13/2021,172,Privot,S,0,
8/13/2021,172,Spicebush,S,0,
8/13/2021,172,Rubus,S,0,
8/13/2021,172,Mapleleaf Viburnum,S,0,
8/13/2021,182,Buckthorn,N,2,
8/13/2021,182,Multiflora Rose,N,2,
8/13/2021,182,Honeysuckle,N,0,
8/13/2021,182,Privot,N,0,
8/13/2021,182,Spicebush,N,0,
8/13/2021,182,Rubus,N,1,
8/13/2021,182,Mapleleaf Viburnum,N,0,
8/13/2021,388,Buckthorn,S,2,
8/13/2021,388,Multiflora Rose,S,2,
8/13/2021,388,Honeysuckle,S,0,
8/13/2021,388,Privot,S,0,
8/13/2021,388,Spicebush,S,0,
8/13/2021,388,Rubus,S,2,
8/13/2021,388,Mapleleaf Viburnum,S,0,
8/13/2021,194,Buckthorn,N,2,
8/13/2021,194,Multiflora Rose,N,1,
8/13/2021,194,Honeysuckle,N,0,
8/13/2021,194,Privot,N,0,
8/13/2021,194,Spicebush,N,0,
8/13/2021,194,Rubus,N,0,
8/13/2021,194,Mapleleaf Viburnum,N,0,
8/13/2021,194,Buckthorn,S,2,
8/13/2021,194,Multiflora Rose,S,1,
8/13/2021,194,Honeysuckle,S,0,
8/13/2021,194,Privot,S,2,
8/13/2021,194,Spicebush,S,0,
8/13/2021,194,Rubus,S,0,
8/13/2021,194,Mapleleaf Viburnum,S,1,
8/13/2021,314,Buckthorn,N,2,
8/13/2021,314,Multiflora Rose,N,0,
8/13/2021,314,Honeysuckle,N,2,
8/13/2021,314,Privot,N,0,
8/13/2021,314,Spicebush,N,0,
8/13/2021,314,Rubus,N,0,
8/13/2021,314,Mapleleaf Viburnum,N,0,
8/13/2021,314,Buckthorn,S,2,
8/13/2021,314,Multiflora Rose,S,0,
8/13/2021,314,Honeysuckle,S,2,
8/13/2021,314,Privot,S,0,
8/13/2021,314,Spicebush,S,0,
8/13/2021,314,Rubus,S,0,
8/13/2021,314,Mapleleaf Viburnum,S,0,
8/13/2021,389,Buckthorn,N,0,
8/13/2021,389,Multiflora Rose,N,0,
8/13/2021,389,Honeysuckle,N,2,
8/13/2021,389,Privot,N,0,
8/13/2021,389,Spicebush,N,0,
8/13/2021,389,Rubus,N,1,
8/13/2021,389,Mapleleaf Viburnum,N,0,
8/13/2021,389,Buckthorn,S,2,
8/13/2021,389,Multiflora Rose,S,2,
8/13/2021,389,Honeysuckle,S,0,
8/13/2021,389,Privot,S,0,
8/13/2021,389,Spicebush,S,0,
8/13/2021,389,Rubus,S,1,
8/13/2021,389,Mapleleaf Viburnum,S,1,
8/13/2021,186,Buckthorn,N,2,
8/13/2021,186,Multiflora Rose,N,4,
8/13/2021,186,Honeysuckle,N,0,
8/13/2021,186,Privot,N,0,
8/13/2021,186,Spicebush,N,0,
8/13/2021,186,Rubus,N,1,
8/13/2021,186,Mapleleaf Viburnum,N,2,
8/13/2021,186,Buckthorn,S,2,
8/13/2021,186,Multiflora Rose,S,3,
8/13/2021,186,Honeysuckle,S,1,
8/13/2021,186,Privot,S,0,
8/13/2021,186,Spicebush,S,0,
8/13/2021,186,Rubus,S,1,
8/13/2021,186,Mapleleaf Viburnum,S,2,
8/13/2021,388,Buckthorn,N,3,
8/13/2021,388,Multiflora Rose,N,2,
8/13/2021,388,Honeysuckle,N,0,
8/13/2021,388,Privot,N,0,
8/13/2021,388,Spicebush,N,0,
8/13/2021,388,Rubus,N,2,
8/13/2021,388,Mapleleaf Viburnum,N,0,
8/13/2021,313,Buckthorn,S,2,
8/13/2021,313,Multiflora Rose,S,1,
8/13/2021,313,Honeysuckle,S,2,
8/13/2021,313,Privot,S,0,
8/13/2021,313,Spicebush,S,0,
8/13/2021,313,Rubus,S,2,
8/13/2021,313,Mapleleaf Viburnum,S,0,
8/13/2021,320,Buckthorn,N,2,
8/13/2021,320,Multiflora Rose,N,1,
8/13/2021,320,Honeysuckle,N,2,
8/13/2021,320,Privot,N,0,
8/13/2021,320,Spicebush,N,0,
8/13/2021,320,Rubus,N,1,
8/13/2021,320,Mapleleaf Viburnum,N,0,
8/13/2021,320,Buckthorn,S,3,
8/13/2021,320,Multiflora Rose,S,1,
8/13/2021,320,Honeysuckle,S,1,
8/13/2021,320,Privot,S,1,
8/13/2021,320,Spicebush,S,0,
8/13/2021,320,Rubus,S,2,
8/13/2021,320,Mapleleaf Viburnum,S,0,
8/13/2021,317,Buckthorn,N,1,
8/13/2021,317,Multiflora Rose,N,2,
8/13/2021,317,Honeysuckle,N,0,
8/13/2021,317,Privot,N,0,
8/13/2021,317,Spicebush,N,0,
8/13/2021,317,Rubus,N,2,
8/13/2021,317,Mapleleaf Viburnum,N,0,
8/13/2021,317,Buckthorn,S,0,
8/13/2021,317,Multiflora Rose,S,3,
8/13/2021,317,Honeysuckle,S,0,
8/13/2021,317,Privot,S,0,
8/13/2021,317,Spicebush,S,0,
8/13/2021,317,Rubus,S,1,
8/13/2021,317,Mapleleaf Viburnum,S,0,
8/13/2021,311,Buckthorn,N,0,
8/13/2021,311,Multiflora Rose,N,3,
8/13/2021,311,Honeysuckle,N,0,
8/13/2021,311,Privot,N,0,
8/13/2021,311,Spicebush,N,0,
8/13/2021,311,Rubus,N,1,
8/13/2021,311,Mapleleaf Viburnum,N,0,
8/13/2021,311,Buckthorn,S,1,
8/13/2021,311,Multiflora Rose,S,2,
8/13/2021,311,Honeysuckle,S,2,
8/13/2021,311,Privot,S,0,
8/13/2021,311,Spicebush,S,0,
8/13/2021,311,Rubus,S,1,
8/13/2021,311,Mapleleaf Viburnum,S,0,
8/13/2021,391,Buckthorn,N,3,
8/13/2021,391,Multiflora Rose,N,1,
8/13/2021,391,Honeysuckle,N,2,
8/13/2021,391,Privot,N,0,
8/13/2021,391,Spicebush,N,0,
8/13/2021,391,Rubus,N,0,
8/13/2021,391,Mapleleaf Viburnum,N,0,
8/13/2021,391,Buckthorn,S,2,
8/13/2021,391,Multiflora Rose,S,1,
8/13/2021,391,Honeysuckle,S,1,
8/13/2021,391,Privot,S,0,
8/13/2021,391,Spicebush,S,0,
8/13/2021,391,Rubus,S,2,
8/13/2021,391,Mapleleaf Viburnum,S,0,
8/13/2021,390,Buckthorn,N,2,
8/13/2021,390,Multiflora Rose,N,2,
8/13/2021,390,Honeysuckle,N,0,
8/13/2021,390,Privot,N,1,
8/13/2021,390,Spicebush,N,0,
8/13/2021,390,Rubus,N,2,
8/13/2021,390,Mapleleaf Viburnum,N,0,
8/13/2021,390,Buckthorn,S,2,
8/13/2021,390,Multiflora Rose,S,1,
8/13/2021,390,Honeysuckle,S,2,
8/13/2021,390,Privot,S,2,
8/13/2021,390,Spicebush,S,0,
8/13/2021,390,Rubus,S,1,
8/13/2021,390,Mapleleaf Viburnum,S,0,
8/13/2021,324,Buckthorn,N,2,
8/13/2021,324,Multiflora Rose,N,1,
8/13/2021,324,Honeysuckle,N,0,
8/13/2021,324,Privot,N,1,
8/13/2021,324,Spicebush,N,0,
8/13/2021,324,Rubus,N,0,
8/13/2021,324,Mapleleaf Viburnum,N,0,
8/13/2021,324,Buckthorn,S,2,
8/13/2021,324,Multiflora Rose,S,0,
8/13/2021,324,Honeysuckle,S,0,
8/13/2021,324,Privot,S,1,
8/13/2021,324,Spicebush,S,0,
8/13/2021,324,Rubus,S,0,
8/13/2021,324,Mapleleaf Viburnum,S,0,
8/13/2021,183,Buckthorn,N,2,
8/13/2021,183,Multiflora Rose,N,1,
8/13/2021,183,Honeysuckle,N,1,
8/13/2021,183,Privot,N,0,
8/13/2021,183,Spicebush,N,2,
8/13/2021,183,Rubus,N,0,
8/13/2021,183,Mapleleaf Viburnum,N,0,
8/13/2021,183,Buckthorn,S,2,
8/13/2021,183,Multiflora Rose,S,0,
8/13/2021,183,Honeysuckle,S,0,
8/13/2021,183,Privot,S,0,
8/13/2021,183,Spicebush,S,0,
8/13/2021,183,Rubus,S,0,
8/13/2021,183,Mapleleaf Viburnum,S,0,
8/13/2021,323,Buckthorn,N,2,
8/13/2021,323,Multiflora Rose,N,1,
8/13/2021,323,Honeysuckle,N,0,
8/13/2021,323,Privot,N,0,
8/13/2021,323,Spicebush,N,0,
8/13/2021,323,Rubus,N,0,
8/13/2021,323,Mapleleaf Viburnum,N,0,
8/13/2021,323,Buckthorn,S,2,
8/13/2021,323,Multiflora Rose,S,1,
8/13/2021,323,Honeysuckle,S,0,
8/13/2021,323,Privot,S,0,
8/13/2021,323,Spicebush,S,0,
8/13/2021,323,Rubus,S,0,
8/13/2021,323,Mapleleaf Viburnum,S,0,
8/13/2021,179,Buckthorn,N,2,
8/13/2021,179,Multiflora Rose,N,0,
8/13/2021,179,Honeysuckle,N,1,
8/13/2021,179,Privot,N,0,
8/13/2021,179,Spicebush,N,0,
8/13/2021,179,Rubus,N,0,
8/13/2021,179,Mapleleaf Viburnum,N,0,
8/13/2021,179,Buckthorn,S,2,
8/13/2021,179,Multiflora Rose,S,0,
8/13/2021,179,Honeysuckle,S,1,
8/13/2021,179,Privot,S,0,
8/13/2021,179,Spicebush,S,0,
8/13/2021,179,Rubus,S,0,
8/13/2021,179,Mapleleaf Viburnum,S,0,
8/13/2021,321,Buckthorn,N,1,
8/13/2021,321,Multiflora Rose,N,0,
8/13/2021,321,Honeysuckle,N,2,
8/13/2021,321,Privot,N,0,
8/13/2021,321,Spicebush,N,0,
8/13/2021,321,Rubus,N,0,
8/13/2021,321,Mapleleaf Viburnum,N,0,
8/13/2021,321,Buckthorn,S,2,
8/13/2021,321,Multiflora Rose,S,1,
8/13/2021,321,Honeysuckle,S,0,
8/13/2021,321,Privot,S,1,
8/13/2021,321,Spicebush,S,1,
8/13/2021,321,Rubus,S,0,
8/13/2021,321,Mapleleaf Viburnum,S,0,
8/13/2021,184,Buckthorn,N,2,
8/13/2021,184,Multiflora Rose,N,1,
8/13/2021,184,Honeysuckle,N,0,
8/13/2021,184,Privot,N,0,
8/13/2021,184,Spicebush,N,0,
8/13/2021,184,Rubus,N,0,
8/13/2021,184,Mapleleaf Viburnum,N,0,
8/13/2021,184,Buckthorn,S,2,
8/13/2021,184,Multiflora Rose,S,1,
8/13/2021,184,Honeysuckle,S,0,
8/13/2021,184,Privot,S,0,
8/13/2021,184,Spicebush,S,0,
8/13/2021,184,Rubus,S,2,
8/13/2021,184,Mapleleaf Viburnum,S,0,
8/13/2021,322,Buckthorn,N,2,
8/13/2021,322,Multiflora Rose,N,1,
8/13/2021,322,Honeysuckle,N,0,
8/13/2021,322,Privot,N,0,
8/13/2021,322,Spicebush,N,0,
8/13/2021,322,Rubus,N,0,
8/13/2021,322,Mapleleaf Viburnum,N,0,
8/13/2021,322,Buckthorn,S,2,
8/13/2021,322,Multiflora Rose,S,1,
8/13/2021,322,Honeysuckle,S,0,
8/13/2021,322,Privot,S,1,
8/13/2021,322,Spicebush,S,0,
8/13/2021,322,Rubus,S,2,
8/13/2021,322,Mapleleaf Viburnum,S,0,
8/13/2021,384,Buckthorn,N,1,
8/13/2021,384,Multiflora Rose,N,2,
8/13/2021,384,Honeysuckle,N,1,
8/13/2021,384,Privot,N,0,
8/13/2021,384,Spicebush,N,0,
8/13/2021,384,Rubus,N,2,
8/13/2021,384,Mapleleaf Viburnum,N,0,
8/13/2021,384,Buckthorn,S,1,
8/13/2021,384,Multiflora Rose,S,2,
8/13/2021,384,Honeysuckle,S,1,
8/13/2021,384,Privot,S,0,
8/13/2021,384,Spicebush,S,1,
8/13/2021,384,Rubus,S,1,
8/13/2021,384,Mapleleaf Viburnum,S,0,
8/13/2021,312,Buckthorn,N,1,
8/13/2021,312,Multiflora Rose,N,2,
8/13/2021,312,Honeysuckle,N,1,
8/13/2021,312,Privot,N,0,
8/13/2021,312,Spicebush,N,1,
8/13/2021,312,Rubus,N,0,
8/13/2021,312,Mapleleaf Viburnum,N,0,
8/13/2021,312,Buckthorn,S,1,
8/13/2021,312,Multiflora Rose,S,2,
8/13/2021,312,Honeysuckle,S,0,
8/13/2021,312,Privot,S,0,
8/13/2021,312,Spicebush,S,0,
8/13/2021,312,Rubus,S,1,
8/13/2021,312,Mapleleaf Viburnum,S,0,
8/13/2021,940,Buckthorn,N,1,
8/13/2021,940,Multiflora Rose,N,1,
8/13/2021,940,Honeysuckle,N,1,
8/13/2021,940,Privot,N,0,
8/13/2021,940,Spicebush,N,0,
8/13/2021,940,Rubus,N,0,
8/13/2021,940,Mapleleaf Viburnum,N,0,
8/13/2021,940,Buckthorn,S,2,
8/13/2021,940,Multiflora Rose,S,1,
8/13/2021,940,Honeysuckle,S,1,
8/13/2021,940,Privot,S,0,
8/13/2021,940,Spicebush,S,0,
8/13/2021,940,Rubus,S,0,
8/13/2021,940,Mapleleaf Viburnum,S,0,
8/13/2021,329,Buckthorn,N,1,
8/13/2021,329,Multiflora Rose,N,1,
8/13/2021,329,Honeysuckle,N,1,
8/13/2021,329,Privot,N,0,
8/13/2021,329,Spicebush,N,0,
8/13/2021,329,Rubus,N,0,
8/13/2021,329,Mapleleaf Viburnum,N,0,
8/13/2021,329,Buckthorn,S,2,
8/13/2021,329,Multiflora Rose,S,1,
8/13/2021,329,Honeysuckle,S,0,
8/13/2021,329,Privot,S,0,
8/13/2021,329,Spicebush,S,0,
8/13/2021,329,Rubus,S,0,
8/13/2021,329,Mapleleaf Viburnum,S,0,
8/13/2021,327,Buckthorn,N,1,
8/13/2021,327,Multiflora Rose,N,0,
8/13/2021,327,Honeysuckle,N,0,
8/13/2021,327,Privot,N,0,
8/13/2021,327,Spicebush,N,0,
8/13/2021,327,Rubus,N,0,
8/13/2021,327,Mapleleaf Viburnum,N,0,
8/13/2021,327,Buckthorn,S,2,
8/13/2021,327,Multiflora Rose,S,0,
8/13/2021,327,Honeysuckle,S,1,
8/13/2021,327,Privot,S,0,
8/13/2021,327,Spicebush,S,0,
8/13/2021,327,Rubus,S,0,
8/13/2021,327,Mapleleaf Viburnum,S,0,
8/13/2021,328,Buckthorn,N,2,
8/13/2021,328,Multiflora Rose,N,1,
8/13/2021,328,Honeysuckle,N,0,
8/13/2021,328,Privot,N,1,
8/13/2021,328,Spicebush,N,0,
8/13/2021,328,Rubus,N,1,
8/13/2021,328,Mapleleaf Viburnum,N,0,
8/13/2021,328,Buckthorn,S,1,
8/13/2021,328,Multiflora Rose,S,1,
8/13/2021,328,Honeysuckle,S,0,
8/13/2021,328,Privot,S,0,
8/13/2021,328,Spicebush,S,0,
8/13/2021,328,Rubus,S,2,
8/13/2021,328,Mapleleaf Viburnum,S,0,
8/13/2021,175,Buckthorn,N,1,
8/13/2021,175,Multiflora Rose,N,2,
8/13/2021,175,Honeysuckle,N,0,
8/13/2021,175,Privot,N,0,
8/13/2021,175,Spicebush,N,1,
8/13/2021,175,Rubus,N,1,
8/13/2021,175,Mapleleaf Viburnum,N,0,
8/13/2021,175,Buckthorn,S,1,
8/13/2021,175,Multiflora Rose,S,1,
8/13/2021,175,Honeysuckle,S,0,
8/13/2021,175,Privot,S,0,
8/13/2021,175,Spicebush,S,1,
8/13/2021,175,Rubus,S,1,
8/13/2021,175,Mapleleaf Viburnum,S,0,
8/13/2021,180,Buckthorn,N,1,
8/13/2021,180,Multiflora Rose,N,0,
8/13/2021,180,Honeysuckle,N,0,
8/13/2021,180,Privot,N,0,
8/13/2021,180,Spicebush,N,0,
8/13/2021,180,Rubus,N,1,
8/13/2021,180,Mapleleaf Viburnum,N,0,
8/23/2021,352,Buckthorn,S,2,
8/23/2021,352,Multiflora Rose,S,1,
8/23/2021,352,Honeysuckle,S,0,
8/23/2021,352,Privot,S,0,
8/23/2021,352,Spicebush,S,0,
8/23/2021,352,Rubus,S,0,
8/23/2021,352,Mapleleaf Viburnum,S,0,
8/23/2021,399,Buckthorn,N,2,
8/23/2021,399,Multiflora Rose,N,0,
8/23/2021,399,Honeysuckle,N,1,
8/23/2021,399,Privot,N,0,
8/23/2021,399,Spicebush,N,0,
8/23/2021,399,Rubus,N,0,
8/23/2021,399,Mapleleaf Viburnum,N,0,
8/23/2021,399,Buckthorn,S,2,
8/23/2021,399,Multiflora Rose,S,0,
8/23/2021,399,Honeysuckle,S,0,
8/23/2021,399,Privot,S,0,
8/23/2021,399,Spicebush,S,0,
8/23/2021,399,Rubus,S,0,
8/23/2021,399,Mapleleaf Viburnum,S,0,
8/23/2021,347,Buckthorn,N,3,
8/23/2021,347,Multiflora Rose,N,0,
8/23/2021,347,Honeysuckle,N,0,
8/23/2021,347,Privot,N,0,
8/23/2021,347,Spicebush,N,0,
8/23/2021,347,Rubus,N,0,
8/23/2021,347,Mapleleaf Viburnum,N,0,
8/23/2021,347,Buckthorn,S,2,
8/23/2021,347,Multiflora Rose,S,0,
8/23/2021,347,Honeysuckle,S,0,
8/23/2021,347,Privot,S,0,
8/23/2021,347,Spicebush,S,0,
8/23/2021,347,Rubus,S,0,
8/23/2021,347,Mapleleaf Viburnum,S,0,
,7,Buckthorn,N,1,
,7,Multiflora Rose,N,1,
,7,Honeysuckle,N,0,
,7,Privot,N,1,
,7,Spicebush,N,0,
,7,Rubus,N,0,
,7,Mapleleaf Viburnum,N,1,
,7,Buckthorn,S,1,
,7,Multiflora Rose,S,0,
,7,Honeysuckle,S,1,
,7,Privot,S,0,
,7,Spicebush,S,0,
,7,Rubus,S,1,
,7,Mapleleaf Viburnum,S,0,
,154,Buckthorn,N,1,
,154,Multiflora Rose,N,2,
,154,Honeysuckle,N,0,
,154,Privot,N,0,
,154,Spicebush,N,1,
,154,Rubus,N,1,
,154,Mapleleaf Viburnum,N,0,
,154,Buckthorn,S,1,
,154,Multiflora Rose,S,1,
,154,Honeysuckle,S,1,
,154,Privot,S,0,
,154,Spicebush,S,0,
,154,Rubus,S,1,
,154,Mapleleaf Viburnum,S,0,
,11,Buckthorn,N,1,
,11,Multiflora Rose,N,1,
,11,Honeysuckle,N,0,
,11,Privot,N,0,
,11,Spicebush,N,0,
,11,Rubus,N,1,
,11,Mapleleaf Viburnum,N,0,
,156,Buckthorn,N,1,
,156,Multiflora Rose,N,1,
,156,Honeysuckle,N,1,
,156,Privot,N,0,
,156,Spicebush,N,1,
,156,Rubus,N,1,
,156,Mapleleaf Viburnum,N,0,
,156,Buckthorn,S,1,
,156,Multiflora Rose,S,0,
,156,Honeysuckle,S,0,
,156,Privot,S,0,
,156,Spicebush,S,0,
,156,Rubus,S,1,
,156,Mapleleaf Viburnum,S,0,
,12,Buckthorn,N,1,
,12,Multiflora Rose,N,1,
,12,Honeysuckle,N,0,
,12,Privot,N,0,
,12,Spicebush,N,2,
,12,Rubus,N,1,
,12,Mapleleaf Viburnum,N,0,
,12,Buckthorn,S,1,
,12,Multiflora Rose,S,1,
,12,Honeysuckle,S,1,
,12,Privot,S,0,
,12,Spicebush,S,1,
,12,Rubus,S,1,
,12,Mapleleaf Viburnum,S,0,
,78,Buckthorn,N,1,
,78,Multiflora Rose,N,1,
,78,Honeysuckle,N,0,
,78,Privot,N,0,
,78,Spicebush,N,0,
,78,Rubus,N,1,
,78,Mapleleaf Viburnum,N,0,
,78,Buckthorn,S,1,
,78,Multiflora Rose,S,0,
,78,Honeysuckle,S,0,
,78,Privot,S,0,
,78,Spicebush,S,0,
,78,Rubus,S,1,
,78,Mapleleaf Viburnum,S,0,
,157,Buckthorn,N,1,
,157,Multiflora Rose,N,1,
,157,Honeysuckle,N,0,
,157,Privot,N,0,
,157,Spicebush,N,0,
,157,Rubus,N,1,
,157,Mapleleaf Viburnum,N,0,
,157,Buckthorn,S,2,
,157,Multiflora Rose,S,0,
,157,Honeysuckle,S,0,
,157,Privot,S,0,
,157,Spicebush,S,0,
,157,Rubus,S,1,
,157,Mapleleaf Viburnum,S,0,
,17,Buckthorn,N,2,
,17,Multiflora Rose,N,1,
,17,Honeysuckle,N,0,
,17,Privot,N,0,
,17,Spicebush,N,0,
,17,Rubus,N,1,
,17,Mapleleaf Viburnum,N,0,
,17,Buckthorn,S,1,
,17,Multiflora Rose,S,2,
,17,Honeysuckle,S,1,
,17,Privot,S,0,
,17,Spicebush,S,1,
,17,Rubus,S,0,
,17,Mapleleaf Viburnum,S,0,
8/4/2021,126,Buckthorn,N,1,
8/4/2021,126,Multiflora Rose,N,0,
8/4/2021,126,Honeysuckle,N,0,
8/4/2021,126,Privot,N,0,
8/4/2021,126,Spicebush,N,0,
8/4/2021,126,Rubus,N,0,
8/4/2021,126,Mapleleaf Viburnum,N,0,
8/4/2021,126,Buckthorn,S,1,
8/4/2021,126,Multiflora Rose,S,2,
8/4/2021,126,Honeysuckle,S,0,
8/4/2021,126,Privot,S,0,
8/4/2021,126,Spicebush,S,1,
8/4/2021,126,Rubus,S,0,
8/4/2021,126,Mapleleaf Viburnum,S,0,
8/4/2021,127,Buckthorn,N,1,
8/4/2021,127,Multiflora Rose,N,1,
8/4/2021,127,Honeysuckle,N,0,
8/4/2021,127,Privot,N,0,
8/4/2021,127,Spicebush,N,0,
8/4/2021,127,Rubus,N,1,
8/4/2021,127,Mapleleaf Viburnum,N,0,
8/4/2021,127,Buckthorn,S,1,
8/4/2021,127,Multiflora Rose,S,2,
8/4/2021,127,Honeysuckle,S,0,
8/4/2021,127,Privot,S,0,
8/4/2021,127,Spicebush,S,1,
8/4/2021,127,Rubus,S,0,
8/4/2021,127,Mapleleaf Viburnum,S,0,
8/4/2021,128,Buckthorn,N,0,
8/4/2021,128,Multiflora Rose,N,1,
8/4/2021,128,Honeysuckle,N,1,
8/4/2021,128,Privot,N,0,
8/4/2021,128,Spicebush,N,0,
8/4/2021,128,Rubus,N,0,
8/4/2021,128,Mapleleaf Viburnum,N,0,
8/4/2021,128,Buckthorn,S,1,
8/4/2021,128,Multiflora Rose,S,2,
8/4/2021,128,Honeysuckle,S,0,
8/4/2021,128,Privot,S,0,
8/4/2021,128,Spicebush,S,0,
8/4/2021,128,Rubus,S,0,
8/4/2021,128,Mapleleaf Viburnum,S,1,
8/4/2021,130,Buckthorn,N,1,
8/4/2021,130,Multiflora Rose,N,2,
8/4/2021,130,Honeysuckle,N,1,
8/4/2021,130,Privot,N,0,
8/4/2021,130,Spicebush,N,0,
8/4/2021,130,Rubus,N,1,
8/4/2021,130,Mapleleaf Viburnum,N,0,
8/4/2021,130,Buckthorn,S,0,
8/4/2021,130,Multiflora Rose,S,1,
8/4/2021,130,Honeysuckle,S,0,
8/4/2021,130,Privot,S,0,
8/4/2021,130,Spicebush,S,0,
8/4/2021,130,Rubus,S,0,
8/4/2021,130,Mapleleaf Viburnum,S,1,
8/4/2021,164,Buckthorn,N,1,missing tag
8/4/2021,164,Multiflora Rose,N,2,
8/4/2021,164,Honeysuckle,N,0,
8/4/2021,164,Privot,N,0,
8/4/2021,164,Spicebush,N,1,
8/4/2021,164,Rubus,N,0,
8/4/2021,164,Mapleleaf Viburnum,N,1,
8/4/2021,164,Buckthorn,S,1,
8/4/2021,164,Multiflora Rose,S,2,
8/4/2021,164,Honeysuckle,S,1,
8/4/2021,164,Privot,S,0,
8/4/2021,164,Spicebush,S,1,
8/4/2021,164,Rubus,S,0,
8/4/2021,164,Mapleleaf Viburnum,S,1,
8/4/2021,131,Buckthorn,N,1,
8/4/2021,131,Multiflora Rose,N,1,
8/4/2021,131,Honeysuckle,N,0,
8/4/2021,131,Privot,N,0,
8/4/2021,131,Spicebush,N,0,
8/4/2021,131,Rubus,N,1,
8/4/2021,131,Mapleleaf Viburnum,N,0,
8/4/2021,131,Buckthorn,S,1,
8/4/2021,131,Multiflora Rose,S,2,
8/4/2021,131,Honeysuckle,S,0,
8/4/2021,131,Privot,S,0,
8/4/2021,131,Spicebush,S,1,
8/4/2021,131,Rubus,S,1,
8/4/2021,131,Mapleleaf Viburnum,S,0,
8/4/2021,213,Buckthorn,N,1,
8/4/2021,213,Multiflora Rose,N,2,
8/4/2021,213,Honeysuckle,N,0,
8/4/2021,213,Privot,N,0,
8/4/2021,213,Spicebush,N,0,
8/4/2021,213,Rubus,N,1,
8/4/2021,213,Mapleleaf Viburnum,N,0,
8/4/2021,213,Buckthorn,S,1,
8/4/2021,213,Multiflora Rose,S,2,
8/4/2021,213,Honeysuckle,S,0,
8/4/2021,213,Privot,S,1,
8/4/2021,213,Spicebush,S,0,
8/4/2021,213,Rubus,S,1,
8/4/2021,213,Mapleleaf Viburnum,S,0,
8/4/2021,129,Buckthorn,N,0,
8/4/2021,129,Multiflora Rose,N,2,
8/4/2021,129,Honeysuckle,N,0,
8/4/2021,129,Privot,N,0,
8/4/2021,129,Spicebush,N,0,
8/4/2021,129,Rubus,N,1,
8/4/2021,129,Mapleleaf Viburnum,N,1,
8/4/2021,129,Buckthorn,S,1,
8/4/2021,129,Multiflora Rose,S,3,
8/4/2021,129,Honeysuckle,S,0,
8/4/2021,129,Privot,S,0,
8/4/2021,129,Spicebush,S,1,
8/4/2021,129,Rubus,S,0,
8/4/2021,129,Mapleleaf Viburnum,S,0,
8/4/2021,209,Buckthorn,N,2,
8/4/2021,209,Multiflora Rose,N,2,
8/4/2021,209,Honeysuckle,N,0,
8/4/2021,209,Privot,N,0,
8/4/2021,209,Spicebush,N,0,
8/4/2021,209,Rubus,N,0,
8/4/2021,209,Mapleleaf Viburnum,N,0,
8/4/2021,209,Buckthorn,S,1,
8/4/2021,209,Multiflora Rose,S,1,
8/4/2021,209,Honeysuckle,S,0,
8/4/2021,209,Privot,S,0,
8/4/2021,209,Spicebush,S,0,
8/4/2021,209,Rubus,S,0,
8/4/2021,209,Mapleleaf Viburnum,S,0,
8/4/2021,40,Buckthorn,N,1,
8/4/2021,40,Multiflora Rose,N,1,
8/4/2021,40,Honeysuckle,N,0,
8/4/2021,40,Privot,N,0,
8/4/2021,40,Spicebush,N,1,
8/4/2021,40,Rubus,N,0,
8/4/2021,40,Mapleleaf Viburnum,N,0,
8/4/2021,40,Buckthorn,S,1,
8/4/2021,40,Multiflora Rose,S,1,
8/4/2021,40,Honeysuckle,S,0,
8/4/2021,40,Privot,S,0,
8/4/2021,40,Spicebush,S,0,
8/4/2021,40,Rubus,S,0,
8/4/2021,40,Mapleleaf Viburnum,S,0,
8/4/2021,52,Buckthorn,N,1,
8/4/2021,52,Multiflora Rose,N,2,
8/4/2021,52,Honeysuckle,N,0,
8/4/2021,52,Privot,N,1,
8/4/2021,52,Spicebush,N,1,
8/4/2021,52,Rubus,N,0,
8/4/2021,52,Mapleleaf Viburnum,N,0,
8/4/2021,52,Buckthorn,S,1,
8/4/2021,52,Multiflora Rose,S,2,
8/4/2021,52,Honeysuckle,S,0,
8/4/2021,52,Privot,S,0,
8/4/2021,52,Spicebush,S,1,
8/4/2021,52,Rubus,S,1,
8/4/2021,52,Mapleleaf Viburnum,S,0,
8/4/2021,160,Buckthorn,N,1,
8/4/2021,160,Multiflora Rose,N,0,
8/4/2021,160,Honeysuckle,N,0,
8/4/2021,160,Privot,N,0,
8/4/2021,160,Spicebush,N,1,
8/4/2021,160,Rubus,N,1,
8/4/2021,160,Mapleleaf Viburnum,N,0,
,160,Buckthorn,S,1,
,160,Multiflora Rose,S,1,
,160,Honeysuckle,S,0,
,160,Privot,S,0,
,160,Spicebush,S,0,
,160,Rubus,S,0,
,160,Mapleleaf Viburnum,S,0,
,20,Buckthorn,N,1,
,20,Multiflora Rose,N,0,
,20,Honeysuckle,N,0,
,20,Privot,N,0,
,20,Spicebush,N,0,
,20,Rubus,N,0,
,20,Mapleleaf Viburnum,N,0,
,20,Buckthorn,S,1,
,20,Multiflora Rose,S,1,
,20,Honeysuckle,S,0,
,20,Privot,S,0,
,20,Spicebush,S,1,
,20,Rubus,S,0,
,20,Mapleleaf Viburnum,S,0,
,19,Buckthorn,N,1,
,19,Multiflora Rose,N,1,
,19,Honeysuckle,N,0,
,19,Privot,N,0,
,19,Spicebush,N,0,
,19,Rubus,N,0,
,19,Mapleleaf Viburnum,N,0,
,19,Buckthorn,S,1,
,19,Multiflora Rose,S,0,
,19,Honeysuckle,S,0,
,19,Privot,S,0,
,19,Spicebush,S,1,
,19,Rubus,S,1,
,19,Mapleleaf Viburnum,S,0,
,158,Buckthorn,N,1,
,158,Multiflora Rose,N,1,
,158,Honeysuckle,N,0,
,158,Privot,N,0,
,158,Spicebush,N,1,
,158,Rubus,N,0,
,158,Mapleleaf Viburnum,N,0,
,158,Buckthorn,S,1,
,158,Multiflora Rose,S,1,
,158,Honeysuckle,S,0,
,158,Privot,S,0,
,158,Spicebush,S,1,
,158,Rubus,S,0,
,158,Mapleleaf Viburnum,S,0,
,21,Buckthorn,N,1,
,21,Multiflora Rose,N,1,
,21,Honeysuckle,N,0,
,21,Privot,N,0,
,21,Spicebush,N,0,
,21,Rubus,N,0,
,21,Mapleleaf Viburnum,N,0,
,21,Buckthorn,S,1,
,21,Multiflora Rose,S,1,
,21,Honeysuckle,S,0,
,21,Privot,S,0,
,21,Spicebush,S,1,
,21,Rubus,S,0,
,21,Mapleleaf Viburnum,S,0,
,3,Buckthorn,N,1,
,3,Multiflora Rose,N,1,
,3,Honeysuckle,N,0,
,3,Privot,N,0,
,3,Spicebush,N,0,
,3,Rubus,N,1,
,3,Mapleleaf Viburnum,N,0,
,4,Buckthorn,S,1,
,4,Multiflora Rose,S,0,
,4,Honeysuckle,S,0,
,4,Privot,S,0,
,4,Spicebush,S,1,
,4,Rubus,S,0,
,4,Mapleleaf Viburnum,S,0,
8/4/2021,159,Buckthorn,N,1,
8/4/2021,159,Multiflora Rose,N,0,
8/4/2021,159,Honeysuckle,N,0,
8/4/2021,159,Privot,N,0,
8/4/2021,159,Spicebush,N,1,
8/4/2021,159,Rubus,N,0,
8/4/2021,159,Mapleleaf Viburnum,N,0,
8/4/2021,159,Buckthorn,S,1,
8/4/2021,159,Multiflora Rose,S,1,
8/4/2021,159,Honeysuckle,S,0,
8/4/2021,159,Privot,S,0,
8/4/2021,159,Spicebush,S,1,
8/4/2021,159,Rubus,S,1,
8/4/2021,159,Mapleleaf Viburnum,S,0,
8/4/2021,16,Buckthorn,N,1,
8/4/2021,16,Multiflora Rose,N,1,
8/4/2021,16,Honeysuckle,N,0,
8/4/2021,16,Privot,N,0,
8/4/2021,16,Spicebush,N,1,
8/4/2021,16,Rubus,N,0,
8/4/2021,16,Mapleleaf Viburnum,N,0,
8/4/2021,16,Buckthorn,S,1,
8/4/2021,16,Multiflora Rose,S,0,
8/4/2021,16,Honeysuckle,S,0,
8/4/2021,16,Privot,S,0,
8/4/2021,16,Spicebush,S,1,
8/4/2021,16,Rubus,S,0,
8/4/2021,16,Mapleleaf Viburnum,S,0,
8/4/2021,4,Buckthorn,N,1,
8/4/2021,4,Multiflora Rose,N,1,
8/4/2021,4,Honeysuckle,N,0,
8/4/2021,4,Privot,N,0,
8/4/2021,4,Spicebush,N,1,
8/4/2021,4,Rubus,N,0,
8/4/2021,4,Mapleleaf Viburnum,N,0,
8/10/2021,11,Buckthorn,S,1,
8/10/2021,11,Multiflora Rose,S,0,
8/10/2021,11,Honeysuckle,S,1,
8/10/2021,11,Privot,S,0,
8/10/2021,11,Spicebush,S,0,
8/10/2021,11,Rubus,S,1,
8/10/2021,11,Mapleleaf Viburnum,S,0,
8/10/2021,2,Buckthorn,N,1,
8/10/2021,2,Multiflora Rose,N,1,
8/10/2021,2,Honeysuckle,N,0,
8/10/2021,2,Privot,N,0,
8/10/2021,2,Spicebush,N,0,
8/10/2021,2,Rubus,N,0,
8/10/2021,2,Mapleleaf Viburnum,N,0,
8/10/2021,2,Buckthorn,S,1,
8/10/2021,2,Multiflora Rose,S,0,
8/10/2021,2,Honeysuckle,S,0,
8/10/2021,2,Privot,S,0,
8/10/2021,2,Spicebush,S,0,
8/10/2021,2,Rubus,S,0,
8/10/2021,2,Mapleleaf Viburnum,S,0,
8/10/2021,155,Buckthorn,N,1,
8/10/2021,155,Multiflora Rose,N,0,
8/10/2021,155,Honeysuckle,N,0,
8/10/2021,155,Privot,N,0,
8/10/2021,155,Spicebush,N,0,
8/10/2021,155,Rubus,N,0,
8/10/2021,155,Mapleleaf Viburnum,N,0,
8/10/2021,155,Buckthorn,S,1,
8/10/2021,155,Multiflora Rose,S,0,
8/10/2021,155,Honeysuckle,S,0,
8/10/2021,155,Privot,S,0,
8/10/2021,155,Spicebush,S,0,
8/10/2021,155,Rubus,S,0,
8/10/2021,155,Mapleleaf Viburnum,S,0,
,161,Buckthorn,N,1,
,161,Multiflora Rose,N,1,
,161,Honeysuckle,N,0,
,161,Privot,N,0,
,161,Spicebush,N,0,
,161,Rubus,N,1,
,161,Mapleleaf Viburnum,N,0,
,161,Buckthorn,S,1,
,161,Multiflora Rose,S,1,
,161,Honeysuckle,S,0,
,161,Privot,S,0,
,161,Spicebush,S,1,
,161,Rubus,S,0,
,161,Mapleleaf Viburnum,S,0,
,176,Buckthorn,N,1,
,176,Multiflora Rose,N,0,
,176,Honeysuckle,N,0,
,176,Privot,N,0,
,176,Spicebush,N,0,
,176,Rubus,N,1,
,176,Mapleleaf Viburnum,N,0,
,176,Buckthorn,S,1,
,176,Multiflora Rose,S,0,
,176,Honeysuckle,S,0,
,176,Privot,S,0,
,176,Spicebush,S,0,
,176,Rubus,S,0,
,176,Mapleleaf Viburnum,S,0,
,9,Buckthorn,N,1,
,9,Multiflora Rose,N,0,
,9,Honeysuckle,N,1,
,9,Privot,N,0,
,9,Spicebush,N,0,
,9,Rubus,N,0,
,9,Mapleleaf Viburnum,N,0,
,3,Buckthorn,S,1,
,3,Multiflora Rose,S,0,
,3,Honeysuckle,S,0,
,3,Privot,S,0,
,3,Spicebush,S,1,
,3,Rubus,S,1,
,3,Mapleleaf Viburnum,S,0,
,167,Buckthorn,N,1,
,167,Multiflora Rose,N,0,
,167,Honeysuckle,N,0,
,167,Privot,N,0,
,167,Spicebush,N,1,
,167,Rubus,N,0,
,167,Mapleleaf Viburnum,N,0,
,167,Buckthorn,S,1,
,167,Multiflora Rose,S,0,
,167,Honeysuckle,S,0,
,167,Privot,S,0,
,167,Spicebush,S,0,
,167,Rubus,S,0,
,167,Mapleleaf Viburnum,S,0,
,162,Buckthorn,N,1,
,162,Multiflora Rose,N,1,
,162,Honeysuckle,N,0,
,162,Privot,N,0,
,162,Spicebush,N,1,
,162,Rubus,N,0,
,162,Mapleleaf Viburnum,N,0,
,162,Buckthorn,S,1,
,162,Multiflora Rose,S,1,
,162,Honeysuckle,S,1,
,162,Privot,S,0,
,162,Spicebush,S,0,
,162,Rubus,S,0,
,162,Mapleleaf Viburnum,S,0,
,8,Buckthorn,N,1,
,8,Multiflora Rose,N,0,
,8,Honeysuckle,N,0,
,8,Privot,N,0,
,8,Spicebush,N,1,
,8,Rubus,N,0,
,8,Mapleleaf Viburnum,N,0,
,8,Buckthorn,S,1,
,8,Multiflora Rose,S,1,
,8,Honeysuckle,S,0,
,8,Privot,S,0,
,8,Spicebush,S,0,
,8,Rubus,S,0,
,8,Mapleleaf Viburnum,S,0,
,13,Buckthorn,N,1,
,13,Multiflora Rose,N,0,
,13,Honeysuckle,N,0,
,13,Privot,N,0,
,13,Spicebush,N,1,
,13,Rubus,N,0,
,13,Mapleleaf Viburnum,N,0,
,13,Buckthorn,S,1,
,13,Multiflora Rose,S,1,
,13,Honeysuckle,S,0,
,13,Privot,S,0,
,13,Spicebush,S,1,
,13,Rubus,S,0,
,13,Mapleleaf Viburnum,S,0,
,15,Buckthorn,N,1,
,15,Multiflora Rose,N,0,
,15,Honeysuckle,N,0,
,15,Privot,N,0,
,15,Spicebush,N,1,
,15,Rubus,N,0,
,15,Mapleleaf Viburnum,N,0,
,15,Buckthorn,S,1,
,15,Multiflora Rose,S,0,
,15,Honeysuckle,S,0,
,15,Privot,S,1,
,15,Spicebush,S,1,
,15,Rubus,S,0,
,15,Mapleleaf Viburnum,S,0,
,18,Buckthorn,N,1,
,18,Multiflora Rose,N,1,
,18,Honeysuckle,N,0,
,18,Privot,N,0,
,18,Spicebush,N,0,
,18,Rubus,N,0,
,18,Mapleleaf Viburnum,N,0,
,18,Buckthorn,S,0,
,18,Multiflora Rose,S,0,
,18,Honeysuckle,S,1,
,18,Privot,S,1,
,18,Spicebush,S,0,
,18,Rubus,S,0,
,18,Mapleleaf Viburnum,S,0,
,173,Buckthorn,N,1,
,173,Multiflora Rose,N,0,
,173,Honeysuckle,N,1,
,173,Privot,N,0,
,173,Spicebush,N,0,
,173,Rubus,N,0,
,173,Mapleleaf Viburnum,N,0,
,173,Buckthorn,S,1,
,173,Multiflora Rose,S,0,
,173,Honeysuckle,S,0,
,173,Privot,S,0,
,173,Spicebush,S,0,
,173,Rubus,S,0,
,173,Mapleleaf Viburnum,S,0,
,132,Buckthorn,N,0,
,132,Multiflora Rose,N,0,
,132,Honeysuckle,N,0,
,132,Privot,N,0,
,132,Spicebush,N,1,
,132,Rubus,N,0,
,132,Mapleleaf Viburnum,N,0,
,132,Buckthorn,S,0,
,132,Multiflora Rose,S,0,
,132,Honeysuckle,S,0,
,132,Privot,S,1,
,132,Spicebush,S,1,
,132,Rubus,S,0,
,132,Mapleleaf Viburnum,S,0,
,163,Buckthorn,N,1,
,163,Multiflora Rose,N,0,
,163,Honeysuckle,N,0,
,163,Privot,N,1,
,163,Spicebush,N,0,
,163,Rubus,N,0,
,163,Mapleleaf Viburnum,N,0,
,163,Buckthorn,S,1,
,163,Multiflora Rose,S,1,
,163,Honeysuckle,S,0,
,163,Privot,S,0,
,163,Spicebush,S,0,
,163,Rubus,S,0,
,163,Mapleleaf Viburnum,S,0,
,138,Buckthorn,N,1,
,138,Multiflora Rose,N,1,
,138,Honeysuckle,N,1,
,138,Privot,N,0,
,138,Spicebush,N,0,
,138,Rubus,N,1,
,138,Mapleleaf Viburnum,N,0,
,138,Buckthorn,S,0,
,138,Multiflora Rose,S,1,
,138,Honeysuckle,S,0,
,138,Privot,S,0,
,138,Spicebush,S,0,
,138,Rubus,S,0,
,138,Mapleleaf Viburnum,S,0,
8/3/2021,46,Buckthorn,N,1,
8/3/2021,46,Multiflora Rose,N,1,
8/3/2021,46,Honeysuckle,N,0,
8/3/2021,46,Privot,N,0,
8/3/2021,46,Spicebush,N,0,
8/3/2021,46,Rubus,N,0,
8/3/2021,46,Mapleleaf Viburnum,N,0,
8/3/2021,46,Buckthorn,S,1,
8/3/2021,46,Multiflora Rose,S,1,
8/3/2021,46,Honeysuckle,S,0,
8/3/2021,46,Privot,S,0,
8/3/2021,46,Spicebush,S,0,
8/3/2021,46,Rubus,S,1,
8/3/2021,46,Mapleleaf Viburnum,S,0,
8/3/2021,205,Buckthorn,N,1,
8/3/2021,205,Multiflora Rose,N,3,
8/3/2021,205,Honeysuckle,N,0,
8/3/2021,205,Privot,N,0,
8/3/2021,205,Spicebush,N,2,
8/3/2021,205,Rubus,N,1,
8/3/2021,205,Mapleleaf Viburnum,N,0,
8/3/2021,205,Buckthorn,S,0,
8/3/2021,205,Multiflora Rose,S,2,
8/3/2021,205,Honeysuckle,S,0,
8/3/2021,205,Privot,S,0,
8/3/2021,205,Spicebush,S,0,
8/3/2021,205,Rubus,S,2,
8/3/2021,205,Mapleleaf Viburnum,S,0,
8/3/2021,55,Buckthorn,N,0,
8/3/2021,55,Multiflora Rose,N,2,
8/3/2021,55,Honeysuckle,N,2,
8/3/2021,55,Privot,N,0,
8/3/2021,55,Spicebush,N,1,
8/3/2021,55,Rubus,N,1,
8/3/2021,55,Mapleleaf Viburnum,N,0,
,208,Buckthorn,S,1,
,208,Multiflora Rose,S,3,
,208,Honeysuckle,S,0,
,208,Privot,S,0,
,208,Spicebush,S,1,
,208,Rubus,S,1,
,208,Mapleleaf Viburnum,S,0,
,203,Buckthorn,N,1,
,203,Multiflora Rose,N,3,
,203,Honeysuckle,N,1,
,203,Privot,N,0,
,203,Spicebush,N,1,
,203,Rubus,N,1,
,203,Mapleleaf Viburnum,N,0,
,203,Buckthorn,S,1,
,203,Multiflora Rose,S,2,
,203,Honeysuckle,S,0,
,203,Privot,S,0,
,203,Spicebush,S,1,
,203,Rubus,S,0,
,203,Mapleleaf Viburnum,S,0,
,250,Buckthorn,N,2,
,250,Multiflora Rose,N,1,
,250,Honeysuckle,N,1,
,250,Privot,N,0,
,250,Spicebush,N,0,
,250,Rubus,N,0,
,250,Mapleleaf Viburnum,N,0,
,250,Buckthorn,S,1,
,250,Multiflora Rose,S,1,
,250,Honeysuckle,S,0,
,250,Privot,S,0,
,250,Spicebush,S,0,
,250,Rubus,S,0,
,250,Mapleleaf Viburnum,S,0,
,63,Buckthorn,N,1,
,63,Multiflora Rose,N,1,
,63,Honeysuckle,N,1,
,63,Privot,N,0,
,63,Spicebush,N,0,
,63,Rubus,N,0,
,63,Mapleleaf Viburnum,N,0,
8/3/2021,915,Buckthorn,S,1,
8/3/2021,915,Multiflora Rose,S,2,
8/3/2021,915,Honeysuckle,S,0,
8/3/2021,915,Privot,S,0,
8/3/2021,915,Spicebush,S,0,
8/3/2021,915,Rubus,S,1,
8/3/2021,915,Mapleleaf Viburnum,S,0,
8/3/2021,210,Buckthorn,N,1,
8/3/2021,210,Multiflora Rose,N,1,
8/3/2021,210,Honeysuckle,N,0,
8/3/2021,210,Privot,N,0,
8/3/2021,210,Spicebush,N,0,
8/3/2021,210,Rubus,N,0,
8/3/2021,210,Mapleleaf Viburnum,N,0,
8/3/2021,210,Buckthorn,S,0,
8/3/2021,210,Multiflora Rose,S,1,
8/3/2021,210,Honeysuckle,S,1,
8/3/2021,210,Privot,S,0,
8/3/2021,210,Spicebush,S,1,
8/3/2021,210,Rubus,S,0,
8/3/2021,210,Mapleleaf Viburnum,S,0,
8/3/2021,211,Buckthorn,N,1,
8/3/2021,211,Multiflora Rose,N,1,
8/3/2021,211,Honeysuckle,N,0,
8/3/2021,211,Privot,N,0,
8/3/2021,211,Spicebush,N,0,
8/3/2021,211,Rubus,N,0,
8/3/2021,211,Mapleleaf Viburnum,N,0,
8/3/2021,211,Buckthorn,S,1,
8/3/2021,211,Multiflora Rose,S,1,
8/3/2021,211,Honeysuckle,S,0,
8/3/2021,211,Privot,S,0,
8/3/2021,211,Spicebush,S,0,
8/3/2021,211,Rubus,S,1,
8/3/2021,211,Mapleleaf Viburnum,S,0,
8/3/2021,150,Buckthorn,N,0,
8/3/2021,150,Multiflora Rose,N,0,
8/3/2021,150,Honeysuckle,N,0,
8/3/2021,150,Privot,N,0,
8/3/2021,150,Spicebush,N,2,
8/3/2021,150,Rubus,N,0,
8/3/2021,150,Mapleleaf Viburnum,N,0,
8/3/2021,150,Buckthorn,S,1,
8/3/2021,150,Multiflora Rose,S,1,
8/3/2021,150,Honeysuckle,S,0,
8/3/2021,150,Privot,S,0,
8/3/2021,150,Spicebush,S,1,
8/3/2021,150,Rubus,S,1,
8/3/2021,150,Mapleleaf Viburnum,S,0,
8/3/2021,912,Buckthorn,N,1,
8/3/2021,912,Multiflora Rose,N,1,
8/3/2021,912,Honeysuckle,N,1,
8/3/2021,912,Privot,N,0,
8/3/2021,912,Spicebush,N,0,
8/3/2021,912,Rubus,N,1,
8/3/2021,912,Mapleleaf Viburnum,N,0,
8/3/2021,912,Buckthorn,S,1,
8/3/2021,912,Multiflora Rose,S,1,
8/3/2021,912,Honeysuckle,S,0,
8/3/2021,912,Privot,S,0,
8/3/2021,912,Spicebush,S,0,
8/3/2021,912,Rubus,S,0,
8/3/2021,912,Mapleleaf Viburnum,S,0,
8/3/2021,913,Buckthorn,N,0,
8/3/2021,913,Multiflora Rose,N,3,
8/3/2021,913,Honeysuckle,N,1,
8/3/2021,913,Privot,N,0,
8/3/2021,913,Spicebush,N,1,
8/3/2021,913,Rubus,N,1,
8/3/2021,913,Mapleleaf Viburnum,N,0,
8/3/2021,913,Buckthorn,S,1,
8/3/2021,913,Multiflora Rose,S,2,
8/3/2021,913,Honeysuckle,S,0,
8/3/2021,913,Privot,S,0,
8/3/2021,913,Spicebush,S,0,
8/3/2021,913,Rubus,S,0,
8/3/2021,913,Mapleleaf Viburnum,S,0,
8/3/2021,54,Buckthorn,N,1,
8/3/2021,54,Multiflora Rose,N,0,
8/3/2021,54,Honeysuckle,N,1,
8/3/2021,54,Privot,N,0,
8/3/2021,54,Spicebush,N,0,
8/3/2021,54,Rubus,N,1,
8/3/2021,54,Mapleleaf Viburnum,N,0,
8/3/2021,54,Buckthorn,S,0,
8/3/2021,54,Multiflora Rose,S,1,
8/3/2021,54,Honeysuckle,S,0,
8/3/2021,54,Privot,S,0,
8/3/2021,54,Spicebush,S,0,
8/3/2021,54,Rubus,S,1,
8/3/2021,54,Mapleleaf Viburnum,S,0,
8/3/2021,44,Buckthorn,N,1,
8/3/2021,44,Multiflora Rose,N,0,
8/3/2021,44,Honeysuckle,N,1,
8/3/2021,44,Privot,N,0,
8/3/2021,44,Spicebush,N,0,
8/3/2021,44,Rubus,N,1,
8/3/2021,44,Mapleleaf Viburnum,N,0,
8/3/2021,44,Buckthorn,S,0,
8/3/2021,44,Multiflora Rose,S,1,
8/3/2021,44,Honeysuckle,S,0,
8/3/2021,44,Privot,S,0,
8/3/2021,44,Spicebush,S,0,
8/3/2021,44,Rubus,S,1,
8/3/2021,44,Mapleleaf Viburnum,S,0,
,146,Buckthorn,N,1,
,146,Multiflora Rose,N,2,
,146,Honeysuckle,N,2,
,146,Privot,N,0,
,146,Spicebush,N,1,
,146,Rubus,N,1,
,146,Mapleleaf Viburnum,N,0,
,146,Buckthorn,S,1,
,146,Multiflora Rose,S,2,
,146,Honeysuckle,S,1,
,146,Privot,S,0,
,146,Spicebush,S,1,
,146,Rubus,S,1,
,146,Mapleleaf Viburnum,S,0,
,206,Buckthorn,N,1,
,206,Multiflora Rose,N,1,
,206,Honeysuckle,N,0,
,206,Privot,N,0,
,206,Spicebush,N,0,
,206,Rubus,N,0,
,206,Mapleleaf Viburnum,N,0,
,206,Buckthorn,S,2,
,206,Multiflora Rose,S,1,
,206,Honeysuckle,S,0,
,206,Privot,S,0,
,206,Spicebush,S,1,
,206,Rubus,S,0,
,206,Mapleleaf Viburnum,S,0,
8/3/2021,145,Buckthorn,N,1,
8/3/2021,145,Multiflora Rose,N,1,
8/3/2021,145,Honeysuckle,N,0,
8/3/2021,145,Privot,N,0,
8/3/2021,145,Spicebush,N,0,
8/3/2021,145,Rubus,N,0,
8/3/2021,145,Mapleleaf Viburnum,N,0,
8/3/2021,145,Buckthorn,S,1,
8/3/2021,145,Multiflora Rose,S,0,
8/3/2021,145,Honeysuckle,S,0,
8/3/2021,145,Privot,S,0,
8/3/2021,145,Spicebush,S,1,
8/3/2021,145,Rubus,S,0,
8/3/2021,145,Mapleleaf Viburnum,S,0,
8/3/2021,914,Buckthorn,N,1,
8/3/2021,914,Multiflora Rose,N,0,
8/3/2021,914,Honeysuckle,N,0,
8/3/2021,914,Privot,N,0,
8/3/2021,914,Spicebush,N,0,
8/3/2021,914,Rubus,N,1,
8/3/2021,914,Mapleleaf Viburnum,N,0,
8/3/2021,914,Buckthorn,S,1,
8/3/2021,914,Multiflora Rose,S,1,
8/3/2021,914,Honeysuckle,S,0,
8/3/2021,914,Privot,S,0,
8/3/2021,914,Spicebush,S,0,
8/3/2021,914,Rubus,S,1,
8/3/2021,914,Mapleleaf Viburnum,S,2,
8/3/2021,208,Buckthorn,N,1,
8/3/2021,208,Multiflora Rose,N,4,
8/3/2021,208,Honeysuckle,N,1,
8/3/2021,208,Privot,N,0,
8/3/2021,208,Spicebush,N,1,
8/3/2021,208,Rubus,N,0,
8/3/2021,208,Mapleleaf Viburnum,N,0,
8/3/2021,55,Buckthorn,S,1,
8/3/2021,55,Multiflora Rose,S,3,
8/3/2021,55,Honeysuckle,S,0,
8/3/2021,55,Privot,S,0,
8/3/2021,55,Spicebush,S,0,
8/3/2021,55,Rubus,S,1,
8/3/2021,55,Mapleleaf Viburnum,S,0,
8/3/2021,248,Buckthorn,N,1,
8/3/2021,248,Multiflora Rose,N,2,
8/3/2021,248,Honeysuckle,N,1,
8/3/2021,248,Privot,N,0,
8/3/2021,248,Spicebush,N,1,
8/3/2021,248,Rubus,N,1,
8/3/2021,248,Mapleleaf Viburnum,N,0,
8/3/2021,248,Buckthorn,S,1,
8/3/2021,248,Multiflora Rose,S,3,
8/3/2021,248,Honeysuckle,S,0,
8/3/2021,248,Privot,S,0,
8/3/2021,248,Spicebush,S,1,
8/3/2021,248,Rubus,S,1,
8/3/2021,248,Mapleleaf Viburnum,S,0,
8/3/2021,149,Buckthorn,N,1,
8/3/2021,149,Multiflora Rose,N,3,
8/3/2021,149,Honeysuckle,N,1,
8/3/2021,149,Privot,N,0,
8/3/2021,149,Spicebush,N,1,
8/3/2021,149,Rubus,N,1,
8/3/2021,149,Mapleleaf Viburnum,N,0,
8/3/2021,149,Buckthorn,S,1,
8/3/2021,149,Multiflora Rose,S,2,
8/3/2021,149,Honeysuckle,S,0,
8/3/2021,149,Privot,S,0,
8/3/2021,149,Spicebush,S,0,
8/3/2021,149,Rubus,S,1,
8/3/2021,149,Mapleleaf Viburnum,S,0,
,153,Buckthorn,N,1,
,153,Multiflora Rose,N,2,
,153,Honeysuckle,N,0,
,153,Privot,N,0,
,153,Spicebush,N,1,
,153,Rubus,N,1,
,153,Mapleleaf Viburnum,N,0,
,153,Buckthorn,S,1,
,153,Multiflora Rose,S,2,
,153,Honeysuckle,S,0,
,153,Privot,S,0,
,153,Spicebush,S,1,
,153,Rubus,S,1,
,153,Mapleleaf Viburnum,S,0,
,930,Buckthorn,N,1,
,930,Multiflora Rose,N,2,
,930,Honeysuckle,N,0,
,930,Privot,N,0,
,930,Spicebush,N,1,
,930,Rubus,N,1,
,930,Mapleleaf Viburnum,N,0,
,930,Buckthorn,S,1,
,930,Multiflora Rose,S,3,
,930,Honeysuckle,S,1,
,930,Privot,S,0,
,930,Spicebush,S,1,
,930,Rubus,S,1,
,930,Mapleleaf Viburnum,S,0,
,915,Buckthorn,N,1,
,915,Multiflora Rose,N,1,
,915,Honeysuckle,N,1,
,915,Privot,N,0,
,915,Spicebush,N,1,
,915,Rubus,N,1,
,915,Mapleleaf Viburnum,N,0,
8/3/2021,63,Buckthorn,S,1,
8/3/2021,63,Multiflora Rose,S,1,
8/3/2021,63,Honeysuckle,S,1,
8/3/2021,63,Privot,S,0,
8/3/2021,63,Spicebush,S,0,
8/3/2021,63,Rubus,S,0,
8/3/2021,63,Mapleleaf Viburnum,S,0,
8/3/2021,152,Buckthorn,N,1,
8/3/2021,152,Multiflora Rose,N,1,
8/3/2021,152,Honeysuckle,N,0,
8/3/2021,152,Privot,N,1,
8/3/2021,152,Spicebush,N,0,
8/3/2021,152,Rubus,N,0,
8/3/2021,152,Mapleleaf Viburnum,N,0,
8/3/2021,152,Buckthorn,S,1,
8/3/2021,152,Multiflora Rose,S,1,
8/3/2021,152,Honeysuckle,S,0,
8/3/2021,152,Privot,S,1,
8/3/2021,152,Spicebush,S,0,
8/3/2021,152,Rubus,S,0,
8/3/2021,152,Mapleleaf Viburnum,S,0,
8/3/2021,204,Buckthorn,N,1,
8/3/2021,204,Multiflora Rose,N,2,
8/3/2021,204,Honeysuckle,N,0,
8/3/2021,204,Privot,N,1,
8/3/2021,204,Spicebush,N,1,
8/3/2021,204,Rubus,N,1,
8/3/2021,204,Mapleleaf Viburnum,N,0,
8/3/2021,204,Buckthorn,S,1,
8/3/2021,204,Multiflora Rose,S,2,
8/3/2021,204,Honeysuckle,S,0,
8/3/2021,204,Privot,S,0,
8/3/2021,204,Spicebush,S,0,
8/3/2021,204,Rubus,S,1,
8/3/2021,204,Mapleleaf Viburnum,S,0,
8/3/2021,147,Buckthorn,N,1,
8/3/2021,147,Multiflora Rose,N,1,
8/3/2021,147,Honeysuckle,N,0,
8/3/2021,147,Privot,N,0,
8/3/2021,147,Spicebush,N,2,
8/3/2021,147,Rubus,N,1,
8/3/2021,147,Mapleleaf Viburnum,N,0,
8/3/2021,147,Buckthorn,S,1,
8/3/2021,147,Multiflora Rose,S,2,
8/3/2021,147,Honeysuckle,S,1,
8/3/2021,147,Privot,S,0,
8/3/2021,147,Spicebush,S,1,
8/3/2021,147,Rubus,S,0,
8/3/2021,147,Mapleleaf Viburnum,S,0,
8/3/2021,148,Buckthorn,N,1,
8/3/2021,148,Multiflora Rose,N,2,
8/3/2021,148,Honeysuckle,N,0,
8/3/2021,148,Privot,N,0,
8/3/2021,148,Spicebush,N,2,
8/3/2021,148,Rubus,N,1,
8/3/2021,148,Mapleleaf Viburnum,N,0,
8/3/2021,148,Buckthorn,S,1,
8/3/2021,148,Multiflora Rose,S,2,
8/3/2021,148,Honeysuckle,S,0,
8/3/2021,148,Privot,S,0,
8/3/2021,148,Spicebush,S,1,
8/3/2021,148,Rubus,S,1,
8/3/2021,148,Mapleleaf Viburnum,S,0,
8/3/2021,926,Buckthorn,N,1,
8/3/2021,926,Multiflora Rose,N,2,
8/3/2021,926,Honeysuckle,N,0,
8/3/2021,926,Privot,N,0,
8/3/2021,926,Spicebush,N,1,
8/3/2021,926,Rubus,N,1,
8/3/2021,926,Mapleleaf Viburnum,N,0,
8/3/2021,926,Buckthorn,S,1,
8/3/2021,926,Multiflora Rose,S,3,
8/3/2021,926,Honeysuckle,S,1,
8/3/2021,926,Privot,S,0,
8/3/2021,926,Spicebush,S,1,
8/3/2021,926,Rubus,S,1,
8/3/2021,926,Mapleleaf Viburnum,S,1,
8/3/2021,925,Buckthorn,N,1,
8/3/2021,925,Multiflora Rose,N,3,
8/3/2021,925,Honeysuckle,N,1,
8/3/2021,925,Privot,N,0,
8/3/2021,925,Spicebush,N,1,
8/3/2021,925,Rubus,N,1,
8/3/2021,925,Mapleleaf Viburnum,N,1,
8/3/2021,925,Buckthorn,S,1,
8/3/2021,925,Multiflora Rose,S,2,
8/3/2021,925,Honeysuckle,S,0,
8/3/2021,925,Privot,S,0,
8/3/2021,925,Spicebush,S,1,
8/3/2021,925,Rubus,S,1,
8/3/2021,925,Mapleleaf Viburnum,S,0,
8/3/2021,927,Buckthorn,N,1,
8/3/2021,927,Multiflora Rose,N,0,
8/3/2021,927,Honeysuckle,N,0,
8/3/2021,927,Privot,N,0,
8/3/2021,927,Spicebush,N,1,
8/3/2021,927,Rubus,N,0,
8/3/2021,927,Mapleleaf Viburnum,N,0,
8/3/2021,927,Buckthorn,S,0,
8/3/2021,927,Multiflora Rose,S,0,
8/3/2021,927,Honeysuckle,S,0,
8/3/2021,927,Privot,S,0,
8/3/2021,927,Spicebush,S,0,
8/3/2021,927,Rubus,S,1,
8/3/2021,927,Mapleleaf Viburnum,S,0,
8/5/2021,37,Buckthorn,N,0,
8/5/2021,37,Multiflora Rose,N,0,
8/5/2021,37,Honeysuckle,N,0,
8/5/2021,37,Privot,N,1,
8/5/2021,37,Spicebush,N,0,
8/5/2021,37,Rubus,N,0,
8/5/2021,37,Mapleleaf Viburnum,N,1,
8/5/2021,37,Buckthorn,S,0,
8/5/2021,37,Multiflora Rose,S,0,
8/5/2021,37,Honeysuckle,S,0,
8/5/2021,37,Privot,S,0,
8/5/2021,37,Spicebush,S,0,
8/5/2021,37,Rubus,S,0,
8/5/2021,37,Mapleleaf Viburnum,S,2,
8/5/2021,36,Buckthorn,N,1,
8/5/2021,36,Multiflora Rose,N,1,
8/5/2021,36,Honeysuckle,N,0,
8/5/2021,36,Privot,N,0,
8/5/2021,36,Spicebush,N,0,
8/5/2021,36,Rubus,N,1,
8/5/2021,36,Mapleleaf Viburnum,N,0,
8/5/2021,36,Buckthorn,S,2,
8/5/2021,36,Multiflora Rose,S,0,
8/5/2021,36,Honeysuckle,S,0,
8/5/2021,36,Privot,S,0,
8/5/2021,36,Spicebush,S,0,
8/5/2021,36,Rubus,S,1,
8/5/2021,36,Mapleleaf Viburnum,S,0,
8/5/2021,38,Buckthorn,N,2,
8/5/2021,38,Multiflora Rose,N,0,
8/5/2021,38,Honeysuckle,N,0,
8/5/2021,38,Privot,N,0,
8/5/2021,38,Spicebush,N,0,
8/5/2021,38,Rubus,N,1,
8/5/2021,38,Mapleleaf Viburnum,N,0,
8/5/2021,38,Buckthorn,S,1,
8/5/2021,38,Multiflora Rose,S,2,
8/5/2021,38,Honeysuckle,S,0,
8/5/2021,38,Privot,S,0,
8/5/2021,38,Spicebush,S,0,
8/5/2021,38,Rubus,S,0,
8/5/2021,38,Mapleleaf Viburnum,S,0,
8/5/2021,860,Buckthorn,N,0,
8/5/2021,860,Multiflora Rose,N,1,
8/5/2021,860,Honeysuckle,N,0,
8/5/2021,860,Privot,N,0,
8/5/2021,860,Spicebush,N,1,
8/5/2021,860,Rubus,N,0,
8/5/2021,860,Mapleleaf Viburnum,N,0,
8/5/2021,860,Buckthorn,S,0,
8/5/2021,860,Multiflora Rose,S,2,
8/5/2021,860,Honeysuckle,S,1,
8/5/2021,860,Privot,S,0,
8/5/2021,860,Spicebush,S,1,
8/5/2021,860,Rubus,S,0,
8/5/2021,860,Mapleleaf Viburnum,S,0,
8/5/2021,39,Buckthorn,N,1,
8/5/2021,39,Multiflora Rose,N,3,
8/5/2021,39,Honeysuckle,N,0,
8/5/2021,39,Privot,N,0,
8/5/2021,39,Spicebush,N,1,
8/5/2021,39,Rubus,N,0,
8/5/2021,39,Mapleleaf Viburnum,N,0,
8/5/2021,39,Buckthorn,S,0,
8/5/2021,39,Multiflora Rose,S,1,
8/5/2021,39,Honeysuckle,S,0,
8/5/2021,39,Privot,S,0,
8/5/2021,39,Spicebush,S,1,
8/5/2021,39,Rubus,S,0,
8/5/2021,39,Mapleleaf Viburnum,S,0,
8/5/2021,43,Buckthorn,N,0,
8/5/2021,43,Multiflora Rose,N,0,
8/5/2021,43,Honeysuckle,N,0,
8/5/2021,43,Privot,N,3,
8/5/2021,43,Spicebush,N,1,
8/5/2021,43,Rubus,N,0,
8/5/2021,43,Mapleleaf Viburnum,N,0,
8/5/2021,43,Buckthorn,S,0,
8/5/2021,43,Multiflora Rose,S,0,
8/5/2021,43,Honeysuckle,S,0,
8/5/2021,43,Privot,S,0,
8/5/2021,43,Spicebush,S,0,
8/5/2021,43,Rubus,S,1,
8/5/2021,43,Mapleleaf Viburnum,S,0,
8/5/2021,151,Buckthorn,N,0,
8/5/2021,151,Multiflora Rose,N,2,
8/5/2021,151,Honeysuckle,N,0,
8/5/2021,151,Privot,N,0,
8/5/2021,151,Spicebush,N,1,
8/5/2021,151,Rubus,N,0,
8/5/2021,151,Mapleleaf Viburnum,N,0,
8/5/2021,151,Buckthorn,S,0,
8/5/2021,151,Multiflora Rose,S,1,
8/5/2021,151,Honeysuckle,S,0,
8/5/2021,151,Privot,S,0,
8/5/2021,151,Spicebush,S,2,
8/5/2021,151,Rubus,S,1,
8/5/2021,151,Mapleleaf Viburnum,S,0,
8/5/2021,874,Buckthorn,N,0,
8/5/2021,874,Multiflora Rose,N,1,
8/5/2021,874,Honeysuckle,N,0,
8/5/2021,874,Privot,N,0,
8/5/2021,874,Spicebush,N,1,
8/5/2021,874,Rubus,N,0,
8/5/2021,874,Mapleleaf Viburnum,N,0,
8/5/2021,874,Buckthorn,S,0,
8/5/2021,874,Multiflora Rose,S,0,
8/5/2021,874,Honeysuckle,S,0,
8/5/2021,874,Privot,S,2,
8/5/2021,874,Spicebush,S,1,
8/5/2021,874,Rubus,S,0,
8/5/2021,874,Mapleleaf Viburnum,S,0,
8/5/2021,50,Buckthorn,N,2,
8/5/2021,50,Multiflora Rose,N,2,
8/5/2021,50,Honeysuckle,N,0,
8/5/2021,50,Privot,N,0,
8/5/2021,50,Spicebush,N,2,
8/5/2021,50,Rubus,N,1,
8/5/2021,50,Mapleleaf Viburnum,N,0,
8/5/2021,50,Buckthorn,S,2,
8/5/2021,50,Multiflora Rose,S,3,
8/5/2021,50,Honeysuckle,S,0,
8/5/2021,50,Privot,S,0,
8/5/2021,50,Spicebush,S,2,
8/5/2021,50,Rubus,S,1,
8/5/2021,50,Mapleleaf Viburnum,S,0,
8/5/2021,53,Buckthorn,N,1,
8/5/2021,53,Multiflora Rose,N,4,
8/5/2021,53,Honeysuckle,N,0,
8/5/2021,53,Privot,N,1,
8/5/2021,53,Spicebush,N,2,
8/5/2021,53,Rubus,N,0,
8/5/2021,53,Mapleleaf Viburnum,N,0,
8/5/2021,53,Buckthorn,S,2,
8/5/2021,53,Multiflora Rose,S,3,
8/5/2021,53,Honeysuckle,S,0,
8/5/2021,53,Privot,S,0,
8/5/2021,53,Spicebush,S,2,
8/5/2021,53,Rubus,S,0,
8/5/2021,53,Mapleleaf Viburnum,S,0,
8/5/2021,47,Buckthorn,N,1,so much poison ivy
8/5/2021,47,Multiflora Rose,N,2,
8/5/2021,47,Honeysuckle,N,0,
8/5/2021,47,Privot,N,0,
8/5/2021,47,Spicebush,N,2,
8/5/2021,47,Rubus,N,1,
8/5/2021,47,Mapleleaf Viburnum,N,0,
8/5/2021,47,Buckthorn,S,2,
8/5/2021,47,Multiflora Rose,S,3,
8/5/2021,47,Honeysuckle,S,0,
8/5/2021,47,Privot,S,0,
8/5/2021,47,Spicebush,S,0,
8/5/2021,47,Rubus,S,1,
8/5/2021,47,Mapleleaf Viburnum,S,0,
8/5/2021,45,Buckthorn,N,1,
8/5/2021,45,Multiflora Rose,N,3,
8/5/2021,45,Honeysuckle,N,0,
8/5/2021,45,Privot,N,0,
8/5/2021,45,Spicebush,N,0,
8/5/2021,45,Rubus,N,0,
8/5/2021,45,Mapleleaf Viburnum,N,0,
8/5/2021,45,Buckthorn,S,2,
8/5/2021,45,Multiflora Rose,S,3,
8/5/2021,45,Honeysuckle,S,0,
8/5/2021,45,Privot,S,0,
8/5/2021,45,Spicebush,S,2,
8/5/2021,45,Rubus,S,0,
8/5/2021,45,Mapleleaf Viburnum,S,0,
8/5/2021,911,Buckthorn,N,1,
8/5/2021,911,Multiflora Rose,N,2,
8/5/2021,911,Honeysuckle,N,0,
8/5/2021,911,Privot,N,0,
8/5/2021,911,Spicebush,N,0,
8/5/2021,911,Rubus,N,0,
8/5/2021,911,Mapleleaf Viburnum,N,0,
8/5/2021,911,Buckthorn,S,1,
8/5/2021,911,Multiflora Rose,S,3,
8/5/2021,911,Honeysuckle,S,0,
8/5/2021,911,Privot,S,0,
8/5/2021,911,Spicebush,S,1,
8/5/2021,911,Rubus,S,0,
8/5/2021,911,Mapleleaf Viburnum,S,0,
8/5/2021,51,Buckthorn,N,1,
8/5/2021,51,Multiflora Rose,N,1,
8/5/2021,51,Honeysuckle,N,0,
8/5/2021,51,Privot,N,0,
8/5/2021,51,Spicebush,N,2,
8/5/2021,51,Rubus,N,1,
8/5/2021,51,Mapleleaf Viburnum,N,0,
8/5/2021,51,Buckthorn,S,2,
8/5/2021,51,Multiflora Rose,S,1,
8/5/2021,51,Honeysuckle,S,1,
8/5/2021,51,Privot,S,0,
8/5/2021,51,Spicebush,S,2,
8/5/2021,51,Rubus,S,1,
8/5/2021,51,Mapleleaf Viburnum,S,0,
8/5/2021,28,Buckthorn,N,1,
8/5/2021,28,Multiflora Rose,N,1,
8/5/2021,28,Honeysuckle,N,0,
8/5/2021,28,Privot,N,0,
8/5/2021,28,Spicebush,N,0,
8/5/2021,28,Rubus,N,1,
8/5/2021,28,Mapleleaf Viburnum,N,0,
8/5/2021,28,Buckthorn,S,1,
8/5/2021,28,Multiflora Rose,S,0,
8/5/2021,28,Honeysuckle,S,0,
8/5/2021,28,Privot,S,0,
8/5/2021,28,Spicebush,S,2,
8/5/2021,28,Rubus,S,0,
8/5/2021,28,Mapleleaf Viburnum,S,0,
8/5/2021,42,Buckthorn,N,0,
8/5/2021,42,Multiflora Rose,N,3,
8/5/2021,42,Honeysuckle,N,0,
8/5/2021,42,Privot,N,0,
8/5/2021,42,Spicebush,N,0,
8/5/2021,42,Rubus,N,1,
8/5/2021,42,Mapleleaf Viburnum,N,0,
8/5/2021,42,Buckthorn,S,1,
8/5/2021,42,Multiflora Rose,S,2,
8/5/2021,42,Honeysuckle,S,0,
8/5/2021,42,Privot,S,0,
8/5/2021,42,Spicebush,S,0,
8/5/2021,42,Rubus,S,0,
8/5/2021,42,Mapleleaf Viburnum,S,0,
8/5/2021,41,Buckthorn,N,1,
8/5/2021,41,Multiflora Rose,N,2,
8/5/2021,41,Honeysuckle,N,1,
8/5/2021,41,Privot,N,0,
8/5/2021,41,Spicebush,N,0,
8/5/2021,41,Rubus,N,1,
8/5/2021,41,Mapleleaf Viburnum,N,0,
8/5/2021,41,Buckthorn,S,1,
8/5/2021,41,Multiflora Rose,S,3,
8/5/2021,41,Honeysuckle,S,1,
8/5/2021,41,Privot,S,0,
8/5/2021,41,Spicebush,S,0,
8/5/2021,41,Rubus,S,0,
8/5/2021,41,Mapleleaf Viburnum,S,0,
8/5/2021,35,Buckthorn,N,1,
8/5/2021,35,Multiflora Rose,N,3,
8/5/2021,35,Honeysuckle,N,0,
8/5/2021,35,Privot,N,0,
8/5/2021,35,Spicebush,N,1,
8/5/2021,35,Rubus,N,1,
8/5/2021,35,Mapleleaf Viburnum,N,0,
8/5/2021,35,Buckthorn,S,1,
8/5/2021,35,Multiflora Rose,S,3,
8/5/2021,35,Honeysuckle,S,0,
8/5/2021,35,Privot,S,0,
8/5/2021,35,Spicebush,S,0,
8/5/2021,35,Rubus,S,1,
8/5/2021,35,Mapleleaf Viburnum,S,0,
8/5/2021,29,Buckthorn,N,1,
8/5/2021,29,Multiflora Rose,N,2,
8/5/2021,29,Honeysuckle,N,0,
8/5/2021,29,Privot,N,0,
8/5/2021,29,Spicebush,N,1,
8/5/2021,29,Rubus,N,1,
8/5/2021,29,Mapleleaf Viburnum,N,0,
8/5/2021,29,Buckthorn,S,2,
8/5/2021,29,Multiflora Rose,S,2,
8/5/2021,29,Honeysuckle,S,0,
8/5/2021,29,Privot,S,0,
8/5/2021,29,Spicebush,S,2,
8/5/2021,29,Rubus,S,0,
8/5/2021,29,Mapleleaf Viburnum,S,0,
8/5/2021,32,Buckthorn,N,1,
8/5/2021,32,Multiflora Rose,N,2,
8/5/2021,32,Honeysuckle,N,1,
8/5/2021,32,Privot,N,0,
8/5/2021,32,Spicebush,N,1,
8/5/2021,32,Rubus,N,0,
8/5/2021,32,Mapleleaf Viburnum,N,0,
8/5/2021,32,Buckthorn,S,3,
8/5/2021,32,Multiflora Rose,S,1,
8/5/2021,32,Honeysuckle,S,0,
8/5/2021,32,Privot,S,0,
8/5/2021,32,Spicebush,S,1,
8/5/2021,32,Rubus,S,0,
8/5/2021,32,Mapleleaf Viburnum,S,0,
8/5/2021,207,Buckthorn,N,0,
8/5/2021,207,Multiflora Rose,N,4,
8/5/2021,207,Honeysuckle,N,0,
8/5/2021,207,Privot,N,0,
8/5/2021,207,Spicebush,N,0,
8/5/2021,207,Rubus,N,1,
8/5/2021,207,Mapleleaf Viburnum,N,0,
8/5/2021,207,Buckthorn,S,0,
8/5/2021,207,Multiflora Rose,S,4,
8/5/2021,207,Honeysuckle,S,1,
8/5/2021,207,Privot,S,0,
8/5/2021,207,Spicebush,S,0,
8/5/2021,207,Rubus,S,0,
8/5/2021,207,Mapleleaf Viburnum,S,0,
8/5/2021,33,Buckthorn,N,1,
8/5/2021,33,Multiflora Rose,N,2,
8/5/2021,33,Honeysuckle,N,0,
8/5/2021,33,Privot,N,0,
8/5/2021,33,Spicebush,N,1,
8/5/2021,33,Rubus,N,1,
8/5/2021,33,Mapleleaf Viburnum,N,0,
8/5/2021,33,Buckthorn,S,1,
8/5/2021,33,Multiflora Rose,S,2,
8/5/2021,33,Honeysuckle,S,0,
8/5/2021,33,Privot,S,0,
8/5/2021,33,Spicebush,S,1,
8/5/2021,33,Rubus,S,1,
8/5/2021,33,Mapleleaf Viburnum,S,0,
8/5/2021,22,Buckthorn,N,1,
8/5/2021,22,Multiflora Rose,N,2,
8/5/2021,22,Honeysuckle,N,0,
8/5/2021,22,Privot,N,0,
8/5/2021,22,Spicebush,N,0,
8/5/2021,22,Rubus,N,0,
8/5/2021,22,Mapleleaf Viburnum,N,0,
8/5/2021,22,Buckthorn,S,1,
8/5/2021,22,Multiflora Rose,S,1,
8/5/2021,22,Honeysuckle,S,1,
8/5/2021,22,Privot,S,0,
8/5/2021,22,Spicebush,S,0,
8/5/2021,22,Rubus,S,0,
8/5/2021,22,Mapleleaf Viburnum,S,0,
8/5/2021,30,Buckthorn,N,1,
8/5/2021,30,Multiflora Rose,N,1,
8/5/2021,30,Honeysuckle,N,0,
8/5/2021,30,Privot,N,1,
8/5/2021,30,Spicebush,N,2,
8/5/2021,30,Rubus,N,0,
8/5/2021,30,Mapleleaf Viburnum,N,0,
8/5/2021,30,Buckthorn,S,1,
8/5/2021,30,Multiflora Rose,S,3,
8/5/2021,30,Honeysuckle,S,0,
8/5/2021,30,Privot,S,1,
8/5/2021,30,Spicebush,S,0,
8/5/2021,30,Rubus,S,0,
8/5/2021,30,Mapleleaf Viburnum,S,0,
8/5/2021,34,Buckthorn,N,0,barberry present
8/5/2021,34,Multiflora Rose,N,1,
8/5/2021,34,Honeysuckle,N,1,
8/5/2021,34,Privot,N,0,
8/5/2021,34,Spicebush,N,0,
8/5/2021,34,Rubus,N,0,
8/5/2021,34,Mapleleaf Viburnum,N,1,
8/5/2021,34,Buckthorn,S,0,
8/5/2021,34,Multiflora Rose,S,3,
8/5/2021,34,Honeysuckle,S,1,
8/5/2021,34,Privot,S,0,
8/5/2021,34,Spicebush,S,0,
8/5/2021,34,Rubus,S,1,
8/5/2021,34,Mapleleaf Viburnum,S,0,
,174,Buckthorn,N,1,
,174,Multiflora Rose,N,0,
,174,Honeysuckle,N,0,
,174,Privot,N,1,
,174,Spicebush,N,0,
,174,Rubus,N,0,
,174,Mapleleaf Viburnum,N,0,
,174,Buckthorn,S,1,
,174,Multiflora Rose,S,0,
,174,Honeysuckle,S,0,
,174,Privot,S,0,
,174,Spicebush,S,1,
,174,Rubus,S,0,
,174,Mapleleaf Viburnum,S,0,
,14,Buckthorn,N,0,
,14,Multiflora Rose,N,1,
,14,Honeysuckle,N,1,
,14,Privot,N,0,
,14,Spicebush,N,0,
,14,Rubus,N,0,
,14,Mapleleaf Viburnum,N,0,
,14,Buckthorn,S,0,
,14,Multiflora Rose,S,1,
,14,Honeysuckle,S,0,
,14,Privot,S,0,
,14,Spicebush,S,0,
,14,Rubus,S,0,
,14,Mapleleaf Viburnum,S,0,
,9,Buckthorn,N,1,
,9,Multiflora Rose,N,0,
,9,Honeysuckle,N,1,
,9,Privot,N,0,
,9,Spicebush,N,0,
,9,Rubus,N,0,
,9,Mapleleaf Viburnum,N,0,
,308,Buckthorn,S,1,
,308,Multiflora Rose,S,2,
,308,Honeysuckle,S,0,
,308,Privot,S,0,
,308,Spicebush,S,0,
,308,Rubus,S,2,
,308,Mapleleaf Viburnum,S,0,
9/17/2021,139,Buckthorn,N,0,
9/17/2021,139,Multiflora Rose,N,1,
9/17/2021,139,Honeysuckle,N,0,
9/17/2021,139,Privot,N,0,
9/17/2021,139,Spicebush,N,0,
9/17/2021,139,Rubus,N,0,
9/17/2021,139,Mapleleaf Viburnum,N,0,
9/17/2021,139,Buckthorn,S,0,
9/17/2021,139,Multiflora Rose,S,0,
9/17/2021,139,Honeysuckle,S,0,
9/17/2021,139,Privot,S,0,
9/17/2021,139,Spicebush,S,0,
9/17/2021,139,Rubus,S,0,
9/17/2021,139,Mapleleaf Viburnum,S,0,
,,,,,
,,,,,
,,,,,
,,,,,
,,,,,
,,,,,
,,,,,
,,,,,
,,,,,
,,,,,
,,,,,
,,,,,
,,,,,
,,,,,
,,,,,
,,,,,
,,,,,
,,,,,
,,,,,
,,,,,
,,,,,
,,,,,
,,,,,
,,,,,
,,,,,
,,,,,
,,,,,
,,,,,
,,,,,
,,,,,
,,,,,
,,,,,
,,,,,
,,,,,
,,,,,
,,,,,
,,,,,
,,,,,
,,,,,
,,,,,
,,,,,
,,,,,
,,,,,
,,,,,
,,,,,
,,,,,
,,,,,
,,,,,
,,,,,
,,,,,
,,,,,
,,,,,
,,,,,
,,,,,
,,,,,
,,,,,
,,,,,
,,,,,
,,,,,
,,,,,
,,,,,
,,,,,
,,,,,
,,,,,
,,,,,
,,,,,
,,,,,
,,,,,
,,,,,
,,,,,
,,,,,
,,,,,
,,,,,
,,,,,
,,,,,
,,,,,
,,,,,
,,,,,
,,,,,
,,,,,
,,,,,
,,,,,
,,,,,
,,,,,
,,,,,
,,,,,
,,,,,
,,,,,
,,,,,
,,,,,
,,,,,
,,,,,
,,,,,
,,,,,
,,,,,
,,,,,
,,,,,
,,,,,
,,,,,
,,,,,
,,,,,
,,,,,
,,,,,
,,,,,
,,,,,
,,,,,
,,,,,
,,,,,
,,,,,
,,,,,
,,,,,
,,,,,
,,,,,
,,,,,
,,,,,
,,,,,
,,,,,
,,,,,
,,,,,
,,,,,
,,,,,
,,,,,
,,,,,
,,,,,
,,,,,
,,,,,
,,,,,
,,,,,
,,,,,
,,,,,
,,,,,
,,,,,
,,,,,
,,,,,
,,,,,
,,,,,
,,,,,
,,,,,
,,,,,
,,,,,
,,,,,
,,,,,
,,,,,
,,,,,
,,,,,
,,,,,
,,,,,
,,,,,
,,,,,
,,,,,
,,,,,
,,,,,
,,,,,
,,,,,
,,,,,
,,,,,
,,,,,
,,,,,
,,,,,
,,,,,
,,,,,
,,,,,
,,,,,
,,,,,
,,,,,
,,,,,
,,,,,
,,,,,
,,,,,
,,,,,
,,,,,
,,,,,
,,,,,
,,,,,
,,,,,
,,,,,
,,,,,
,,,,,
,,,,,
,,,,,
,,,,,
,,,,,
,,,,,
,,,,,
,,,,,
,,,,,
,,,,,
,,,,,
,,,,,
,,,,,
,,,,,
,,,,,
,,,,,
,,,,,
,,,,,
,,,,,
,,,,,
,,,,,
,,,,,
,,,,,
,,,,,
,,,,,
,,,,,
,,,,,
,,,,,
,,,,,
,,,,,
,,,,,
,,,,,
,,,,,
,,,,,
,,,,,
,,,,,
,,,,,
,,,,,
,,,,,
,,,,,
,,,,,
,,,,,
,,,,,
,,,,,
,,,,,
,,,,,
,,,,,
,,,,,
,,,,,
,,,,,
,,,,,
,,,,,
,,,,,
,,,,,
,,,,,
,,,,,
,,,,,
,,,,,
,,,,,
,,,,,
,,,,,
,,,,,
,,,,,
,,,,,
,,,,,
,,,,,
,,,,,
,,,,,
,,,,,
,,,,,
,,,,,
,,,,,
,,,,,
,,,,,
,,,,,
,,,,,
,,,,,
,,,,,
,,,,,
,,,,,
,,,,,
,,,,,
,,,,,
,,,,,
,,,,,
,,,,,
,,,,,
,,,,,
,,,,,
,,,,,
,,,,,
,,,,,
,,,,,
,,,,,
,,,,,
,,,,,
,,,,,
,,,,,
,,,,,
,,,,,
,,,,,
,,,,,
,,,,,
,,,,,
,,,,,
,,,,,
,,,,,
,,,,,
,,,,,
,,,,,
,,,,,
,,,,,
,,,,,
,,,,,
,,,,,
,,,,,
,,,,,
,,,,,
,,,,,
,,,,,
,,,,,
,,,,,
,,,,,
,,,,,
,,,,,
,,,,,
,,,,,
,,,,,
,,,,,
,,,,,
,,,,,
,,,,,
,,,,,
,,,,,
,,,,,
,,,,,
,,,,,
,,,,,
,,,,,
,,,,,
,,,,,
,,,,,
,,,,,
,,,,,
,,,,,
,,,,,
,,,,,
,,,,,
,,,,,
,,,,,
,,,,,
,,,,,
,,,,,
,,,,,
,,,,,
,,,,,
,,,,,
,,,,,
,,,,,
,,,,,
,,,,,
,,,,,
,,,,,
,,,,,
,,,,,
,,,,,
,,,,,
,,,,,
,,,,,
,,,,,
,,,,,
,,,,,
,,,,,
,,,,,
,,,,,
,,,,,
,,,,,
,,,,,
,,,,,
,,,,,
,,,,,
,,,,,
,,,,,
,,,,,
,,,,,
,,,,,
,,,,,
,,,,,
,,,,,
,,,,,
,,,,,
,,,,,
,,,,,
,,,,,
,,,,,
,,,,,
,,,,,
,,,,,
,,,,,
,,,,,
,,,,,
,,,,,
,,,,,
,,,,,
,,,,,
,,,,,
,,,,,
,,,,,
,,,,,
,,,,,
,,,,,
,,,,,
,,,,,
,,,,,
,,,,,
,,,,,
,,,,,
,,,,,
,,,,,
,,,,,
,,,,,
,,,,,
,,,,,
,,,,,
,,,,,
,,,,,
,,,,,
,,,,,
,,,,,
,,,,,
,,,,,
,,,,,
,,,,,
,,,,,
,,,,,
,,,,,
,,,,,
,,,,,
,,,,,
,,,,,
,,,,,
,,,,,
,,,,,
,,,,,
,,,,,
,,,,,
,,,,,
,,,,,
,,,,,
,,,,,
,,,,,
,,,,,
,,,,,
,,,,,
,,,,,
,,,,,
,,,,,
,,,,,
,,,,,
,,,,,
,,,,,
,,,,,
,,,,,
,,,,,
,,,,,
,,,,,
,,,,,
,,,,,
,,,,,
,,,,,
,,,,,
,,,,,
,,,,,
,,,,,
,,,,,
,,,,,
,,,,,
,,,,,
,,,,,
,,,,,
,,,,,
,,,,,
,,,,,
,,,,,
,,,,,
,,,,,
,,,,,
,,,,,
,,,,,
,,,,,
,,,,,
,,,,,
,,,,,
,,,,,
,,,,,
,,,,,
,,,,,
,,,,,
,,,,,
,,,,,
,,,,,
,,,,,
,,,,,
,,,,,
,,,,,
,,,,,
,,,,,
,,,,,
,,,,,
,,,,,
,,,,,
,,,,,
,,,,,
,,,,,
,,,,,
,,,,,
,,,,,
,,,,,
,,,,,
,,,,,
,,,,,
,,,,,
,,,,,
,,,,,
,,,,,
,,,,,
,,,,,
,,,,,
,,,,,
,,,,,
,,,,,
,,,,,
,,,,,
,,,,,
,,,,,
,,,,,
,,,,,
,,,,,
,,,,,
,,,,,
,,,,,
,,,,,
,,,,,
,,,,,
,,,,,
,,,,,
,,,,,
,,,,,
,,,,,
,,,,,
,,,,,
,,,,,
,,,,,
,,,,,
,,,,,
,,,,,
,,,,,
,,,,,
,,,,,
,,,,,
,,,,,
,,,,,
,,,,,
,,,,,
,,,,,
,,,,,
,,,,,
,,,,,
,,,,,
,,,,,
,,,,,
,,,,,
,,,,,
,,,,,
,,,,,
,,,,,
,,,,,
,,,,,
,,,,,
,,,,,
,,,,,
,,,,,
,,,,,
,,,,,
,,,,,
,,,,,
,,,,,
,,,,,
,,,,,
,,,,,
,,,,,
,,,,,
,,,,,
,,,,,
,,,,,
,,,,,
,,,,,
,,,,,
,,,,,
,,,,,
,,,,,
,,,,,
,,,,,
,,,,,
,,,,,
,,,,,
,,,,,
,,,,,
,,,,,
,,,,,
,,,,,
,,,,,
,,,,,
,,,,,
,,,,,
,,,,,
,,,,,
,,,,,
,,,,,
,,,,,
,,,,,
,,,,,
,,,,,
,,,,,
,,,,,
,,,,,
,,,,,
,,,,,
,,,,,
,,,,,
,,,,,
,,,,,
,,,,,
,,,,,
,,,,,
,,,,,
,,,,,
,,,,,
,,,,,
,,,,,
,,,,,
,,,,,
,,,,,
,,,,,
,,,,,
,,,,,
,,,,,
,,,,,
,,,,,
,,,,,
,,,,,
,,,,,
,,,,,
,,,,,
,,,,,
,,,,,
,,,,,
,,,,,
,,,,,
,,,,,
,,,,,
,,,,,
,,,,,
,,,,,
,,,,,
,,,,,
,,,,,
,,,,,
,,,,,
,,,,,
,,,,,
,,,,,
,,,,,
,,,,,
,,,,,
,,,,,
,,,,,
,,,,,
,,,,,
,,,,,
,,,,,
,,,,,
,,,,,
,,,,,
,,,,,
,,,,,
,,,,,
,,,,,
,,,,,
,,,,,
,,,,,
,,,,,
,,,,,
,,,,,
,,,,,
,,,,,
,,,,,
,,,,,
,,,,,
,,,,,
,,,,,
,,,,,
,,,,,
,,,,,
,,,,,
,,,,,
,,,,,
,,,,,
,,,,,
,,,,,
,,,,,
,,,,,
,,,,,
,,,,,
,,,,,
,,,,,
,,,,,
,,,,,
,,,,,
,,,,,
,,,,,
,,,,,
,,,,,
,,,,,
,,,,,
,,,,,
,,,,,
,,,,,
,,,,,
,,,,,
,,,,,
,,,,,
,,,,,
,,,,,
,,,,,
,,,,,
,,,,,
,,,,,
,,,,,
,,,,,
,,,,,
,,,,,
,,,,,
,,,,,
,,,,,
,,,,,
,,,,,
,,,,,
,,,,,
,,,,,
,,,,,
,,,,,
,,,,,
,,,,,
,,,,,
,,,,,
,,,,,
,,,,,
,,,,,
,,,,,
,,,,,
,,,,,
,,,,,
,,,,,
,,,,,
,,,,,
,,,,,
,,,,,
,,,,,
,,,,,
,,,,,
,,,,,
,,,,,
,,,,,
,,,,,
,,,,,
,,,,,
,,,,,
,,,,,
,,,,,
,,,,,
,,,,,
,,,,,
,,,,,
,,,,,
,,,,,
,,,,,
,,,,,
,,,,,
,,,,,
,,,,,
,,,,,
,,,,,
,,,,,
,,,,,
,,,,,
,,,,,
,,,,,
,,,,,
,,,,,
,,,,,
,,,,,
,,,,,
,,,,,
,,,,,
,,,,,
,,,,,
,,,,,
,,,,,
,,,,,
,,,,,
,,,,,
,,,,,
,,,,,
,,,,,
,,,,,
,,,,,
,,,,,
,,,,,
,,,,,
,,,,,
,,,,,
,,,,,
,,,,,
,,,,,
,,,,,
,,,,,
,,,,,
,,,,,
,,,,,
,,,,,
,,,,,
,,,,,
,,,,,
,,,,,
,,,,,
,,,,,
,,,,,
,,,,,
,,,,,
,,,,,
,,,,,
,,,,,
,,,,,
,,,,,
,,,,,
,,,,,
,,,,,
,,,,,
,,,,,
,,,,,
,,,,,
,,,,,
,,,,,
,,,,,
,,,,,
,,,,,
,,,,,
,,,,,
,,,,,
,,,,,
,,,,,
,,,,,
,,,,,
,,,,,
,,,,,
,,,,,
,,,,,
,,,,,
,,,,,
,,,,,
,,,,,
,,,,,
,,,,,
,,,,,
,,,,,
,,,,,
,,,,,
,,,,,
,,,,,
,,,,,
,,,,,
,,,,,
,,,,,
,,,,,
,,,,,
,,,,,
,,,,,
,,,,,
,,,,,
,,,,,
,,,,,
,,,,,
,,,,,
,,,,,
,,,,,
,,,,,
,,,,,
,,,,,
,,,,,
,,,,,
,,,,,
,,,,,
,,,,,
,,,,,
,,,,,
,,,,,
,,,,,
,,,,,
,,,,,
,,,,,
,,,,,
,,,,,
,,,,,
,,,,,
,,,,,
,,,,,
,,,,,
,,,,,
,,,,,
,,,,,
,,,,,
,,,,,
,,,,,
,,,,,
,,,,,
,,,,,
,,,,,
,,,,,
,,,,,
,,,,,
,,,,,
,,,,,
,,,,,
,,,,,
,,,,,
,,,,,
,,,,,
,,,,,
,,,,,
,,,,,
,,,,,
,,,,,
,,,,,
,,,,,
,,,,,
,,,,,
,,,,,
,,,,,
,,,,,
,,,,,
,,,,,
,,,,,
,,,,,
,,,,,
,,,,,
,,,,,
,,,,,
,,,,,
,,,,,
,,,,,
,,,,,
,,,,,
,,,,,
,,,,,
,,,,,
,,,,,
,,,,,
,,,,,
,,,,,
,,,,,
,,,,,
,,,,,
,,,,,
,,,,,
,,,,,
,,,,,
,,,,,
,,,,,
,,,,,
,,,,,
,,,,,
,,,,,
,,,,,
,,,,,
,,,,,
,,,,,
,,,,,
,,,,,
,,,,,
,,,,,
,,,,,
,,,,,
,,,,,
,,,,,
,,,,,
,,,,,
,,,,,
,,,,,
,,,,,
,,,,,
,,,,,
,,,,,
,,,,,
,,,,,
,,,,,
,,,,,
,,,,,
,,,,,
,,,,,
,,,,,
,,,,,
,,,,,
,,,,,
,,,,,
,,,,,
,,,,,
,,,,,
,,,,,
,,,,,
,,,,,
,,,,,
,,,,,
,,,,,
,,,,,
,,,,,
,,,,,
,,,,,
,,,,,
,,,,,
,,,,,
,,,,,
,,,,,
,,,,,
,,,,,
,,,,,
,,,,,
,,,,,
,,,,,
,,,,,
,,,,,
,,,,,
,,,,,
,,,,,
,,,,,
,,,,,
,,,,,
,,,,,
,,,,,
,,,,,
,,,,,
,,,,,
,,,,,
,,,,,
,,,,,
,,,,,
,,,,,
,,,,,
,,,,,
,,,,,
,,,,,
,,,,,
,,,,,
,,,,,
,,,,,
,,,,,
,,,,,
,,,,,
,,,,,
,,,,,
,,,,,
,,,,,
,,,,,
,,,,,
,,,,,
,,,,,
,,,,,
,,,,,
,,,,,
,,,,,
,,,,,
,,,,,
,,,,,
,,,,,
,,,,,
,,,,,
,,,,,
,,,,,
,,,,,
,,,,,
,,,,,
,,,,,
,,,,,
,,,,,
,,,,,
,,,,,
,,,,,
,,,,,
,,,,,
,,,,,
,,,,,
,,,,,
,,,,,
,,,,,
,,,,,
,,,,,
,,,,,
,,,,,
,,,,,
,,,,,
,,,,,
,,,,,
,,,,,
,,,,,
,,,,,
,,,,,
,,,,,
,,,,,
,,,,,
,,,,,
,,,,,
,,,,,
,,,,,
,,,,,
,,,,,
,,,,,
,,,,,
,,,,,
,,,,,
,,,,,
,,,,,
,,,,,
,,,,,
,,,,,
,,,,,
,,,,,
,,,,,
,,,,,
,,,,,
,,,,,
,,,,,
,,,,,
,,,,,
,,,,,
,,,,,
,,,,,
,,,,,
,,,,,
,,,,,
,,,,,
,,,,,
,,,,,
,,,,,
,,,,,
,,,,,
,,,,,
,,,,,
,,,,,
,,,,,
,,,,,
,,,,,
,,,,,
,,,,,
,,,,,
,,,,,
,,,,,
,,,,,
,,,,,
,,,,,
,,,,,
,,,,,
,,,,,
,,,,,
,,,,,
,,,,,
,,,,,
,,,,,
,,,,,
,,,,,
,,,,,
,,,,,
,,,,,
,,,,,
,,,,,
,,,,,
,,,,,
,,,,,
,,,,,
,,,,,
,,,,,
,,,,,
,,,,,
,,,,,
,,,,,
,,,,,
,,,,,
,,,,,
,,,,,
,,,,,
,,,,,
,,,,,
,,,,,
,,,,,
,,,,,
,,,,,
,,,,,
,,,,,
,,,,,
,,,,,
,,,,,
,,,,,
,,,,,
,,,,,
,,,,,
,,,,,
,,,,,
,,,,,
,,,,,
,,,,,
,,,,,
,,,,,
,,,,,
,,,,,
,,,,,
,,,,,
,,,,,
,,,,,
,,,,,
,,,,,
,,,,,
,,,,,
,,,,,
,,,,,
,,,,,
,,,,,
,,,,,
,,,,,
,,,,,
,,,,,
,,,,,
,,,,,
,,,,,
,,,,,
,,,,,
,,,,,
,,,,,
,,,,,
,,,,,
,,,,,
,,,,,
,,,,,
,,,,,
,,,,,
,,,,,
,,,,,
,,,,,
,,,,,
,,,,,
,,,,,
,,,,,
,,,,,
,,,,,
,,,,,
,,,,,
,,,,,
,,,,,
,,,,,
,,,,,
,,,,,
,,,,,
,,,,,
,,,,,
,,,,,
,,,,,
,,,,,
,,,,,
,,,,,
,,,,,
,,,,,
,,,,,
,,,,,
,,,,,
,,,,,
,,,,,
,,,,,
,,,,,
,,,,,
,,,,,
,,,,,
,,,,,
,,,,,
,,,,,
,,,,,
,,,,,
,,,,,
,,,,,
,,,,,
,,,,,
,,,,,
,,,,,
,,,,,
,,,,,
,,,,,
,,,,,
,,,,,
,,,,,
,,,,,
,,,,,
,,,,,
,,,,,
,,,,,
,,,,,
,,,,,
,,,,,
,,,,,
,,,,,
,,,,,
,,,,,
,,,,,
,,,,,
,,,,,
,,,,,
,,,,,
,,,,,
,,,,,
,,,,,
,,,,,
,,,,,
,,,,,
,,,,,
,,,,,
,,,,,
,,,,,
,,,,,
,,,,,
,,,,,
,,,,,
,,,,,
,,,,,
,,,,,
,,,,,
,,,,,
,,,,,
,,,,,
,,,,,
,,,,,
,,,,,
,,,,,
,,,,,
,,,,,
,,,,,
,,,,,
,,,,,
,,,,,
,,,,,
,,,,,
,,,,,
,,,,,
,,,,,
,,,,,
,,,,,
,,,,,
,,,,,
,,,,,
,,,,,
,,,,,
,,,,,
,,,,,
,,,,,
,,,,,
,,,,,
,,,,,
,,,,,
,,,,,
,,,,,
,,,,,
,,,,,
,,,,,
,,,,,
,,,,,
,,,,,
,,,,,
,,,,,
,,,,,
,,,,,
,,,,,
,,,,,
,,,,,
,,,,,
,,,,,
,,,,,
,,,,,
,,,,,
,,,,,
,,,,,
,,,,,
,,,,,
,,,,,
,,,,,
,,,,,
,,,,,
,,,,,
,,,,,
,,,,,
,,,,,
,,,,,
,,,,,
,,,,,
,,,,,
,,,,,
,,,,,
,,,,,
,,,,,
,,,,,
,,,,,
,,,,,
,,,,,
,,,,,
,,,,,
,,,,,
,,,,,
,,,,,
,,,,,
,,,,,
,,,,,
,,,,,
,,,,,
,,,,,
,,,,,
,,,,,
,,,,,
,,,,,
,,,,,
,,,,,
,,,,,
,,,,,
,,,,,
,,,,,
,,,,,
,,,,,
,,,,,
,,,,,
,,,,,
,,,,,
,,,,,
,,,,,
,,,,,
,,,,,
,,,,,
,,,,,
,,,,,
,,,,,
,,,,,
,,,,,
,,,,,
,,,,,
,,,,,
,,,,,
,,,,,
,,,,,
,,,,,
,,,,,
,,,,,
,,,,,
,,,,,
,,,,,
,,,,,
,,,,,
,,,,,
,,,,,
,,,,,
,,,,,
,,,,,
,,,,,
,,,,,
,,,,,
,,,,,
,,,,,
,,,,,
,,,,,
,,,,,
,,,,,
,,,,,
,,,,,
,,,,,
,,,,,
,,,,,
,,,,,
,,,,,
,,,,,
,,,,,
,,,,,
,,,,,
,,,,,
,,,,,
,,,,,
,,,,,
,,,,,
,,,,,
,,,,,
,,,,,
,,,,,
,,,,,
,,,,,
,,,,,
,,,,,
,,,,,
,,,,,
,,,,,
,,,,,
,,,,,
,,,,,
,,,,,
,,,,,
,,,,,
,,,,,
,,,,,
,,,,,
,,,,,
,,,,,
,,,,,
,,,,,
,,,,,
,,,,,
,,,,,
,,,,,
,,,,,
,,,,,
,,,,,
,,,,,
,,,,,
,,,,,
,,,,,
,,,,,
,,,,,
,,,,,
,,,,,
,,,,,
,,,,,
,,,,,
,,,,,
,,,,,
,,,,,
,,,,,
,,,,,
,,,,,
,,,,,
,,,,,
,,,,,
,,,,,
,,,,,
,,,,,
,,,,,
,,,,,
,,,,,
,,,,,
,,,,,
,,,,,
,,,,,
,,,,,
,,,,,
,,,,,
,,,,,
,,,,,
,,,,,
,,,,,
,,,,,
,,,,,
,,,,,
,,,,,
,,,,,
,,,,,
,,,,,
,,,,,
,,,,,
,,,,,
,,,,,
,,,,,
,,,,,
,,,,,
,,,,,
,,,,,
,,,,,
,,,,,
,,,,,
,,,,,
,,,,,
,,,,,
,,,,,
,,,,,
,,,,,
,,,,,
,,,,,
,,,,,
,,,,,
,,,,,
,,,,,
,,,,,
,,,,,
,,,,,
,,,,,
,,,,,
,,,,,
,,,,,
,,,,,
,,,,,
,,,,,
,,,,,
,,,,,
,,,,,
,,,,,
,,,,,
,,,,,
,,,,,
,,,,,
,,,,,
,,,,,
,,,,,
,,,,,
,,,,,
,,,,,
,,,,,
,,,,,
,,,,,
,,,,,
,,,,,
,,,,,
,,,,,
,,,,,
,,,,,
,,,,,
,,,,,
,,,,,
,,,,,
,,,,,
,,,,,
,,,,,
,,,,,
,,,,,
,,,,,
,,,,,
,,,,,
,,,,,
,,,,,
,,,,,
,,,,,
,,,,,
,,,,,
,,,,,
,,,,,
,,,,,
,,,,,
,,,,,
,,,,,
,,,,,
,,,,,
,,,,,
,,,,,
,,,,,
,,,,,
,,,,,
,,,,,
,,,,,
,,,,,
,,,,,
,,,,,
,,,,,
,,,,,
,,,,,
,,,,,
,,,,,
,,,,,
,,,,,
,,,,,
,,,,,
,,,,,
,,,,,
,,,,,
,,,,,
,,,,,
,,,,,
,,,,,
,,,,,
,,,,,
,,,,,
,,,,,
,,,,,
,,,,,
,,,,,
,,,,,
,,,,,
,,,,,
,,,,,
,,,,,
,,,,,
,,,,,
,,,,,
,,,,,
,,,,,
,,,,,
,,,,,
,,,,,
,,,,,
,,,,,
,,,,,
,,,,,
,,,,,
,,,,,
,,,,,
,,,,,
,,,,,
,,,,,
,,,,,
,,,,,
,,,,,
,,,,,
,,,,,
,,,,,
,,,,,
,,,,,
,,,,,
,,,,,
,,,,,
,,,,,
,,,,,
,,,,,
,,,,,
,,,,,
,,,,,
,,,,,
,,,,,
,,,,,
,,,,,
,,,,,
,,,,,
,,,,,
,,,,,
,,,,,
,,,,,
,,,,,
,,,,,
,,,,,
,,,,,
,,,,,
,,,,,
,,,,,
,,,,,
,,,,,
,,,,,
,,,,,
,,,,,
,,,,,
,,,,,
,,,,,
,,,,,
,,,,,
,,,,,
,,,,,
,,,,,
,,,,,
,,,,,
,,,,,
,,,,,
,,,,,
,,,,,
,,,,,
,,,,,
,,,,,
,,,,,
,,,,,
,,,,,
,,,,,
,,,,,
,,,,,
,,,,,
,,,,,
,,,,,
,,,,,
,,,,,
,,,,,
,,,,,
,,,,,
,,,,,
,,,,,
,,,,,
,,,,,
,,,,,
,,,,,
,,,,,
,,,,,
,,,,,
,,,,,
,,,,,
,,,,,
,,,,,
,,,,,
,,,,,
,,,,,
,,,,,
,,,,,
,,,,,
,,,,,
,,,,,
,,,,,
,,,,,
,,,,,
,,,,,
,,,,,
,,,,,
,,,,,
,,,,,
,,,,,
,,,,,
,,,,,
,,,,,
,,,,,
,,,,,
,,,,,
,,,,,
,,,,,
,,,,,
,,,,,
,,,,,
,,,,,
,,,,,
,,,,,
,,,,,
,,,,,
,,,,,
,,,,,
,,,,,
,,,,,
,,,,,
,,,,,
,,,,,
,,,,,
,,,,,
,,,,,
,,,,,
,,,,,
,,,,,
,,,,,
,,,,,
,,,,,
,,,,,
,,,,,
,,,,,
,,,,,
,,,,,
,,,,,
,,,,,
,,,,,
,,,,,
,,,,,
,,,,,
,,,,,
,,,,,
,,,,,
,,,,,
,,,,,
,,,,,
,,,,,
,,,,,
,,,,,
,,,,,
,,,,,
,,,,,
,,,,,
,,,,,
,,,,,
,,,,,
,,,,,
,,,,,
,,,,,
,,,,,
,,,,,
,,,,,
,,,,,
,,,,,
,,,,,
,,,,,
,,,,,
,,,,,
,,,,,
,,,,,
,,,,,
,,,,,
,,,,,
,,,,,
,,,,,
,,,,,
,,,,,
,,,,,
,,,,,
,,,,,
,,,,,
,,,,,
,,,,,
,,,,,
,,,,,
,,,,,
,,,,,
,,,,,
,,,,,
,,,,,
,,,,,
,,,,,
,,,,,
,,,,,
,,,,,
,,,,,
,,,,,
,,,,,
,,,,,
,,,,,
,,,,,
,,,,,
,,,,,
,,,,,
,,,,,
,,,,,
,,,,,
,,,,,
,,,,,
,,,,,
,,,,,
,,,,,
,,,,,
,,,,,
,,,,,
,,,,,
,,,,,
,,,,,
,,,,,
,,,,,
,,,,,
,,,,,
,,,,,
,,,,,
,,,,,
,,,,,
,,,,,
,,,,,
,,,,,
,,,,,
,,,,,
,,,,,
,,,,,
,,,,,
,,,,,
,,,,,
,,,,,
,,,,,
,,,,,
,,,,,
,,,,,
,,,,,
,,,,,
,,,,,
,,,,,
,,,,,
,,,,,
,,,,,
,,,,,
,,,,,
,,,,,
,,,,,
,,,,,
,,,,,
,,,,,
,,,,,
,,,,,
,,,,,
,,,,,
,,,,,
,,,,,
,,,,,
,,,,,
,,,,,
,,,,,
,,,,,
,,,,,
,,,,,
,,,,,
,,,,,
,,,,,
,,,,,
,,,,,
,,,,,
,,,,,
,,,,,
,,,,,
,,,,,
,,,,,
,,,,,
,,,,,
,,,,,
,,,,,
,,,,,
,,,,,
,,,,,
,,,,,
,,,,,
,,,,,
,,,,,
,,,,,
,,,,,
,,,,,
,,,,,
,,,,,
,,,,,
,,,,,
,,,,,
,,,,,
,,,,,
,,,,,
,,,,,
,,,,,
,,,,,
,,,,,
,,,,,
,,,,,
,,,,,
,,,,,
,,,,,
,,,,,
,,,,,
,,,,,
,,,,,
,,,,,
,,,,,
,,,,,
,,,,,
,,,,,
,,,,,
,,,,,
,,,,,
,,,,,
,,,,,
,,,,,
,,,,,
,,,,,
,,,,,
,,,,,
,,,,,
,,,,,
,,,,,
,,,,,
,,,,,
,,,,,
,,,,,
,,,,,
,,,,,
,,,,,
,,,,,
,,,,,
,,,,,
,,,,,
,,,,,
,,,,,
,,,,,
,,,,,
,,,,,
,,,,,
,,,,,
,,,,,
,,,,,
,,,,,
,,,,,
,,,,,
,,,,,
,,,,,
,,,,,
,,,,,
,,,,,
,,,,,
,,,,,
,,,,,
,,,,,
,,,,,
,,,,,
,,,,,
,,,,,
,,,,,
,,,,,
,,,,,
,,,,,
,,,,,
,,,,,
,,,,,
,,,,,
,,,,,
,,,,,
,,,,,
,,,,,
,,,,,
,,,,,
,,,,,
,,,,,
,,,,,
,,,,,
,,,,,
,,,,,
,,,,,
,,,,,
,,,,,
,,,,,
,,,,,
,,,,,
,,,,,
,,,,,
,,,,,
,,,,,
,,,,,
,,,,,
,,,,,
,,,,,
,,,,,
,,,,,
,,,,,
,,,,,
,,,,,
,,,,,
,,,,,
,,,,,
,,,,,
,,,,,
,,,,,
,,,,,
,,,,,
,,,,,
,,,,,
,,,,,
,,,,,
,,,,,
,,,,,
,,,,,
,,,,,
,,,,,
,,,,,
,,,,,
,,,,,
,,,,,
,,,,,
,,,,,
,,,,,
,,,,,
,,,,,
,,,,,
,,,,,
,,,,,
,,,,,
,,,,,
,,,,,
,,,,,
,,,,,
,,,,,
,,,,,
,,,,,
,,,,,
,,,,,
,,,,,
,,,,,
,,,,,
,,,,,
,,,,,
,,,,,
,,,,,
,,,,,
,,,,,
,,,,,
,,,,,
,,,,,
,,,,,
,,,,,
,,,,,
,,,,,
,,,,,
,,,,,
,,,,,
,,,,,
,,,,,
,,,,,
,,,,,
,,,,,
,,,,,
,,,,,
,,,,,
,,,,,
,,,,,
,,,,,
,,,,,
,,,,,
,,,,,
,,,,,
,,,,,
,,,,,
,,,,,
,,,,,
,,,,,
,,,,,
,,,,,
,,,,,
,,,,,
,,,,,
,,,,,
,,,,,
,,,,,
,,,,,
,,,,,
,,,,,
,,,,,
,,,,,
,,,,,
,,,,,
,,,,,
,,,,,
,,,,,
,,,,,
,,,,,
,,,,,
,,,,,
,,,,,
,,,,,
,,,,,
,,,,,
,,,,,
,,,,,
,,,,,
,,,,,
,,,,,
,,,,,
,,,,,
,,,,,
,,,,,
,,,,,
,,,,,
,,,,,
,,,,,
,,,,,
,,,,,
,,,,,
,,,,,
,,,,,
,,,,,
,,,,,
,,,,,
,,,,,
,,,,,
,,,,,
,,,,,
,,,,,
,,,,,
,,,,,
,,,,,
,,,,,
,,,,,
,,,,,
,,,,,
,,,,,
,,,,,
,,,,,
,,,,,
,,,,,
,,,,,
,,,,,
,,,,,
,,,,,
,,,,,
,,,,,
,,,,,
,,,,,
,,,,,
,,,,,
,,,,,
,,,,,
,,,,,
,,,,,
,,,,,
,,,,,
,,,,,
,,,,,
,,,,,
,,,,,
,,,,,
,,,,,
,,,,,
,,,,,
,,,,,
,,,,,
,,,,,
,,,,,
,,,,,
,,,,,
,,,,,
,,,,,
,,,,,
,,,,,
,,,,,
,,,,,
,,,,,
,,,,,
,,,,,
,,,,,
,,,,,
,,,,,
,,,,,
,,,,,
,,,,,
,,,,,
,,,,,
,,,,,
,,,,,
,,,,,
,,,,,
,,,,,
,,,,,
,,,,,
,,,,,
,,,,,
,,,,,
,,,,,
,,,,,
,,,,,
,,,,,
,,,,,
,,,,,
,,,,,
,,,,,
,,,,,
,,,,,
,,,,,
,,,,,
,,,,,
,,,,,
,,,,,
,,,,,
,,,,,
,,,,,
,,,,,
,,,,,
,,,,,
,,,,,
,,,,,
,,,,,
,,,,,
,,,,,
,,,,,
,,,,,
,,,,,
,,,,,
,,,,,
,,,,,
,,,,,
,,,,,
,,,,,
,,,,,
,,,,,
,,,,,
,,,,,
,,,,,
,,,,,
,,,,,
,,,,,
,,,,,
,,,,,
,,,,,
,,,,,
,,,,,
,,,,,
,,,,,
,,,,,
,,,,,
,,,,,
,,,,,
,,,,,
,,,,,
,,,,,
,,,,,
,,,,,
,,,,,
,,,,,
,,,,,
,,,,,
,,,,,
,,,,,
,,,,,
,,,,,
,,,,,
,,,,,
,,,,,
,,,,,
,,,,,
,,,,,
,,,,,
,,,,,
,,,,,
,,,,,
,,,,,
,,,,,
,,,,,
,,,,,
,,,,,
,,,,,
,,,,,
,,,,,
,,,,,
,,,,,
,,,,,
,,,,,
,,,,,
,,,,,
,,,,,
,,,,,
,,,,,
,,,,,
,,,,,
,,,,,
,,,,,
,,,,,
,,,,,
,,,,,
,,,,,
,,,,,
,,,,,
,,,,,
,,,,,
,,,,,
,,,,,
,,,,,
,,,,,
,,,,,
,,,,,
,,,,,
,,,,,
,,,,,
,,,,,
,,,,,
,,,,,
,,,,,
,,,,,
,,,,,
,,,,,
,,,,,
,,,,,
,,,,,
,,,,,
,,,,,
,,,,,
,,,,,
,,,,,
,,,,,
,,,,,
,,,,,
,,,,,
,,,,,
,,,,,
,,,,,
,,,,,
,,,,,
,,,,,
,,,,,
,,,,,
,,,,,
,,,,,
,,,,,
,,,,,
,,,,,
,,,,,
,,,,,
,,,,,
,,,,,
,,,,,
,,,,,
,,,,,
,,,,,
,,,,,
,,,,,
,,,,,
,,,,,
,,,,,
,,,,,
,,,,,
,,,,,
,,,,,
,,,,,
,,,,,
,,,,,
,,,,,
,,,,,
,,,,,
,,,,,
,,,,,
,,,,,
,,,,,
,,,,,
,,,,,
,,,,,
,,,,,
,,,,,
,,,,,
,,,,,
,,,,,
,,,,,
,,,,,
,,,,,
,,,,,
,,,,,
,,,,,
,,,,,
,,,,,
,,,,,
,,,,,
,,,,,
,,,,,
,,,,,
,,,,,
,,,,,
,,,,,
,,,,,
,,,,,
,,,,,
,,,,,
,,,,,
,,,,,
,,,,,
,,,,,
,,,,,
,,,,,
,,,,,
,,,,,
,,,,,
,,,,,
,,,,,
,,,,,
,,,,,
,,,,,
,,,,,
,,,,,
,,,,,
,,,,,
,,,,,
,,,,,
,,,,,
,,,,,
,,,,,
,,,,,
,,,,,
,,,,,
,,,,,
,,,,,
,,,,,
,,,,,
,,,,,
,,,,,
,,,,,
,,,,,
,,,,,
,,,,,
,,,,,
,,,,,
,,,,,
,,,,,
,,,,,
,,,,,
,,,,,
,,,,,
,,,,,
,,,,,
,,,,,
,,,,,
,,,,,
,,,,,
,,,,,
,,,,,
,,,,,
,,,,,
,,,,,
,,,,,
,,,,,
,,,,,
,,,,,
,,,,,
,,,,,
,,,,,
,,,,,
,,,,,
,,,,,
,,,,,
,,,,,
,,,,,
,,,,,
,,,,,
,,,,,
,,,,,
,,,,,
,,,,,
,,,,,
,,,,,
,,,,,
,,,,,
,,,,,
,,,,,
,,,,,
,,,,,
,,,,,
,,,,,
,,,,,
,,,,,
,,,,,
,,,,,
,,,,,
,,,,,
,,,,,
,,,,,
,,,,,
,,,,,
,,,,,
,,,,,
,,,,,
,,,,,
,,,,,
,,,,,
,,,,,
,,,,,
,,,,,
,,,,,
,,,,,
,,,,,
,,,,,
,,,,,
,,,,,
,,,,,
,,,,,
,,,,,
,,,,,
,,,,,
,,,,,
,,,,,
,,,,,
,,,,,
,,,,,
,,,,,
,,,,,
,,,,,
,,,,,
,,,,,
,,,,,
,,,,,
,,,,,
,,,,,
,,,,,
,,,,,
,,,,,
,,,,,
,,,,,
,,,,,
,,,,,
,,,,,
,,,,,
,,,,,
,,,,,
,,,,,
,,,,,
,,,,,
,,,,,
,,,,,
,,,,,
,,,,,
,,,,,
,,,,,
,,,,,
,,,,,
,,,,,
,,,,,
,,,,,
,,,,,
,,,,,
,,,,,
,,,,,
,,,,,
,,,,,
,,,,,
,,,,,
,,,,,
,,,,,
,,,,,
,,,,,
,,,,,
,,,,,
,,,,,
,,,,,
,,,,,
,,,,,
,,,,,
,,,,,
,,,,,
,,,,,
,,,,,
,,,,,
,,,,,
,,,,,
,,,,,
,,,,,
,,,,,
,,,,,
,,,,,
,,,,,
,,,,,
,,,,,
,,,,,
,,,,,
,,,,,
,,,,,
,,,,,
,,,,,
,,,,,
,,,,,
,,,,,
,,,,,
,,,,,
,,,,,
,,,,,
,,,,,
,,,,,
,,,,,
,,,,,
,,,,,
,,,,,
,,,,,
,,,,,
,,,,,
,,,,,
,,,,,
,,,,,
,,,,,
,,,,,
,,,,,
,,,,,
,,,,,
,,,,,
,,,,,
,,,,,
,,,,,
,,,,,
,,,,,
,,,,,
,,,,,
,,,,,
,,,,,
,,,,,
,,,,,
,,,,,
,,,,,
,,,,,
,,,,,
,,,,,
,,,,,
,,,,,
,,,,,
,,,,,
,,,,,
,,,,,
,,,,,
,,,,,
,,,,,
,,,,,
,,,,,
,,,,,
,,,,,
,,,,,
,,,,,
,,,,,
,,,,,
,,,,,
,,,,,
,,,,,
,,,,,
,,,,,
,,,,,
,,,,,
,,,,,
,,,,,
,,,,,
,,,,,
,,,,,
,,,,,
,,,,,
,,,,,
,,,,,
,,,,,
,,,,,
,,,,,
,,,,,
,,,,,
,,,,,
,,,,,
,,,,,
,,,,,
,,,,,
,,,,,
,,,,,
,,,,,
,,,,,
,,,,,
,,,,,
,,,,,
,,,,,
,,,,,
,,,,,
,,,,,
,,,,,
,,,,,
,,,,,
,,,,,
,,,,,
,,,,,
,,,,,
,,,,,
,,,,,
,,,,,
,,,,,
,,,,,
,,,,,
,,,,,
,,,,,
,,,,,
,,,,,
,,,,,
,,,,,
,,,,,
,,,,,
,,,,,
,,,,,
,,,,,
,,,,,
,,,,,
,,,,,
,,,,,
,,,,,
,,,,,
,,,,,
,,,,,
,,,,,
,,,,,
,,,,,
,,,,,
,,,,,
,,,,,
,,,,,
,,,,,
,,,,,
,,,,,
,,,,,
,,,,,
,,,,,
,,,,,
,,,,,
,,,,,
,,,,,
,,,,,
,,,,,
,,,,,
,,,,,
,,,,,
,,,,,
,,,,,
,,,,,
,,,,,
,,,,,
,,,,,
,,,,,
,,,,,
,,,,,
,,,,,
,,,,,
,,,,,
,,,,,
,,,,,
,,,,,
,,,,,
,,,,,
,,,,,
,,,,,
,,,,,
,,,,,
,,,,,
,,,,,
,,,,,
,,,,,
,,,,,
,,,,,
,,,,,
,,,,,
,,,,,
,,,,,
,,,,,
,,,,,
,,,,,
,,,,,
,,,,,
,,,,,
,,,,,
,,,,,
,,,,,
,,,,,
,,,,,
,,,,,
,,,,,
,,,,,
,,,,,
,,,,,
,,,,,
,,,,,
,,,,,
,,,,,
,,,,,
,,,,,
,,,,,
,,,,,
,,,,,
,,,,,
,,,,,
,,,,,
,,,,,
,,,,,
,,,,,
,,,,,
,,,,,
,,,,,
,,,,,
,,,,,
,,,,,
,,,,,
,,,,,
,,,,,
,,,,,
,,,,,
,,,,,
,,,,,
,,,,,
,,,,,
,,,,,
,,,,,
,,,,,
,,,,,
,,,,,
,,,,,
,,,,,
,,,,,
,,,,,
,,,,,
,,,,,
,,,,,
,,,,,
,,,,,
,,,,,
,,,,,
,,,,,
,,,,,
,,,,,
,,,,,
,,,,,
,,,,,
,,,,,
,,,,,
,,,,,
,,,,,
,,,,,
,,,,,
,,,,,
,,,,,
,,,,,
,,,,,
,,,,,
,,,,,
,,,,,
,,,,,
,,,,,
,,,,,
,,,,,
,,,,,
,,,,,
,,,,,
,,,,,
,,,,,
,,,,,
,,,,,
,,,,,
,,,,,
,,,,,
,,,,,
,,,,,
,,,,,
,,,,,
,,,,,
,,,,,
,,,,,
,,,,,
,,,,,
,,,,,
,,,,,
,,,,,
,,,,,
,,,,,
,,,,,
,,,,,
,,,,,
,,,,,
,,,,,
,,,,,
,,,,,
,,,,,
,,,,,
,,,,,
,,,,,
,,,,,
,,,,,
,,,,,
,,,,,
,,,,,
,,,,,
,,,,,
,,,,,
,,,,,
,,,,,
,,,,,
,,,,,
,,,,,
,,,,,
,,,,,
,,,,,
,,,,,
,,,,,
,,,,,
,,,,,
,,,,,
,,,,,
,,,,,
,,,,,
,,,,,
,,,,,
,,,,,
,,,,,
,,,,,
,,,,,
,,,,,
,,,,,
,,,,,
,,,,,
,,,,,
,,,,,
,,,,,
,,,,,
,,,,,
,,,,,
,,,,,
,,,,,
,,,,,
,,,,,
,,,,,
,,,,,
,,,,,
,,,,,
,,,,,
,,,,,
,,,,,
,,,,,
,,,,,
,,,,,
,,,,,
,,,,,
,,,,,
,,,,,
,,,,,
,,,,,
,,,,,
,,,,,
,,,,,
,,,,,
,,,,,
,,,,,
,,,,,
,,,,,
,,,,,
,,,,,
,,,,,
,,,,,
,,,,,
,,,,,
,,,,,
,,,,,
,,,,,
,,,,,
,,,,,
,,,,,
,,,,,
,,,,,
,,,,,
,,,,,
,,,,,
,,,,,
,,,,,
,,,,,
,,,,,
,,,,,
,,,,,
,,,,,
,,,,,
,,,,,
,,,,,
,,,,,
,,,,,
,,,,,
,,,,,
,,,,,
,,,,,
,,,,,
,,,,,
,,,,,
,,,,,
,,,,,
,,,,,
,,,,,
,,,,,
,,,,,
,,,,,
,,,,,
,,,,,
,,,,,
,,,,,
,,,,,
,,,,,
,,,,,
,,,,,
,,,,,
,,,,,
,,,,,
,,,,,
,,,,,
,,,,,
,,,,,
,,,,,
,,,,,
,,,,,
,,,,,
,,,,,
,,,,,
,,,,,
,,,,,
,,,,,
,,,,,
,,,,,
,,,,,
,,,,,
,,,,,
,,,,,
,,,,,
,,,,,
,,,,,
,,,,,
,,,,,
,,,,,
,,,,,
,,,,,
,,,,,
,,,,,
,,,,,
,,,,,
,,,,,
,,,,,
,,,,,
,,,,,
,,,,,
,,,,,
,,,,,
,,,,,
,,,,,
,,,,,
,,,,,
,,,,,
,,,,,
,,,,,
,,,,,
,,,,,
,,,,,
,,,,,
,,,,,
,,,,,
,,,,,
,,,,,
,,,,,
,,,,,
,,,,,
,,,,,
,,,,,
,,,,,
,,,,,
,,,,,
,,,,,
,,,,,
,,,,,
,,,,,
,,,,,
,,,,,
,,,,,
,,,,,
,,,,,
,,,,,
,,,,,
,,,,,
,,,,,
,,,,,
,,,,,
,,,,,
,,,,,
,,,,,
,,,,,
,,,,,
,,,,,
,,,,,
,,,,,
,,,,,
,,,,,
,,,,,
,,,,,
,,,,,
,,,,,
,,,,,
,,,,,
,,,,,
,,,,,
,,,,,
,,,,,
,,,,,
,,,,,
,,,,,
,,,,,
,,,,,
,,,,,
,,,,,
,,,,,
,,,,,
,,,,,
,,,,,
,,,,,
,,,,,
,,,,,
,,,,,
,,,,,
,,,,,
,,,,,
,,,,,
,,,,,
,,,,,
,,,,,
,,,,,
,,,,,
,,,,,
,,,,,
,,,,,
,,,,,
,,,,,
,,,,,
,,,,,
,,,,,
,,,,,
,,,,,
,,,,,
,,,,,
,,,,,
,,,,,
,,,,,
,,,,,
,,,,,
,,,,,
,,,,,
,,,,,
,,,,,
,,,,,
,,,,,
,,,,,
,,,,,
,,,,,
,,,,,
,,,,,
,,,,,
,,,,,
,,,,,
,,,,,
,,,,,
,,,,,
,,,,,
,,,,,
,,,,,
,,,,,
,,,,,
,,,,,
,,,,,
,,,,,
,,,,,
,,,,,
,,,,,
,,,,,
,,,,,
,,,,,
,,,,,
,,,,,
,,,,,
,,,,,
,,,,,
,,,,,
,,,,,
,,,,,
,,,,,
,,,,,
,,,,,
,,,,,
,,,,,
,,,,,
,,,,,
,,,,,
,,,,,
,,,,,
,,,,,
,,,,,
,,,,,
,,,,,
,,,,,
,,,,,
,,,,,
,,,,,
,,,,,
,,,,,
,,,,,
,,,,,
,,,,,
,,,,,
,,,,,
,,,,,
,,,,,
,,,,,
,,,,,
,,,,,
,,,,,
,,,,,
,,,,,
,,,,,
,,,,,
,,,,,
,,,,,
,,,,,
,,,,,
,,,,,
,,,,,
,,,,,
,,,,,
,,,,,
,,,,,
,,,,,
,,,,,
,,,,,
,,,,,
,,,,,
,,,,,
,,,,,
,,,,,
,,,,,
,,,,,
,,,,,
,,,,,
,,,,,
,,,,,
,,,,,
,,,,,
,,,,,
,,,,,
,,,,,
,,,,,
,,,,,
,,,,,
,,,,,
,,,,,
,,,,,
,,,,,
,,,,,
,,,,,
,,,,,
,,,,,
,,,,,
,,,,,
,,,,,
,,,,,
,,,,,
,,,,,
,,,,,
,,,,,
,,,,,
,,,,,
,,,,,
,,,,,
,,,,,
,,,,,
,,,,,
,,,,,
,,,,,
,,,,,
,,,,,
,,,,,
,,,,,
,,,,,
,,,,,
,,,,,
,,,,,
,,,,,
,,,,,
,,,,,
,,,,,
,,,,,
,,,,,
,,,,,
,,,,,
,,,,,
,,,,,
,,,,,
,,,,,
,,,,,
,,,,,
,,,,,
,,,,,
,,,,,
,,,,,
,,,,,
,,,,,
,,,,,
,,,,,
,,,,,
,,,,,
,,,,,
,,,,,
,,,,,
,,,,,
,,,,,
,,,,,
,,,,,
,,,,,
,,,,,
,,,,,
,,,,,
,,,,,
,,,,,
,,,,,
,,,,,
,,,,,
,,,,,
,,,,,
,,,,,
,,,,,
,,,,,
,,,,,
,,,,,
,,,,,
,,,,,
,,,,,
,,,,,
,,,,,
,,,,,
,,,,,
,,,,,
,,,,,
,,,,,
,,,,,
,,,,,
,,,,,
,,,,,
,,,,,
,,,,,
,,,,,
,,,,,
,,,,,
,,,,,
,,,,,
,,,,,
,,,,,
,,,,,
,,,,,
,,,,,
,,,,,
,,,,,
,,,,,
,,,,,
,,,,,
,,,,,
,,,,,
,,,,,
,,,,,
,,,,,
,,,,,
,,,,,
,,,,,
,,,,,
,,,,,
,,,,,
,,,,,
,,,,,
,,,,,
,,,,,
,,,,,
,,,,,
,,,,,
,,,,,
,,,,,
,,,,,
,,,,,
,,,,,
,,,,,
,,,,,
,,,,,
,,,,,
,,,,,
,,,,,
,,,,,
,,,,,
,,,,,
,,,,,
,,,,,
,,,,,
,,,,,
,,,,,
,,,,,
,,,,,
,,,,,
,,,,,
,,,,,
,,,,,
,,,,,
,,,,,
,,,,,
,,,,,
,,,,,
,,,,,
,,,,,
,,,,,
,,,,,
,,,,,
,,,,,
,,,,,
,,,,,
,,,,,
,,,,,
,,,,,
,,,,,
,,,,,
,,,,,
,,,,,
,,,,,
,,,,,
,,,,,
,,,,,
,,,,,
,,,,,
,,,,,
,,,,,
,,,,,
,,,,,
,,,,,
,,,,,
,,,,,
,,,,,
,,,,,
,,,,,
,,,,,
,,,,,
,,,,,
,,,,,
,,,,,
,,,,,
,,,,,
,,,,,
,,,,,
,,,,,
,,,,,
,,,,,
,,,,,
,,,,,
,,,,,
,,,,,
,,,,,
,,,,,
,,,,,
,,,,,
,,,,,
,,,,,
,,,,,
,,,,,
,,,,,
,,,,,
,,,,,
,,,,,
,,,,,
,,,,,
,,,,,
,,,,,
,,,,,
,,,,,
,,,,,
,,,,,
,,,,,
,,,,,
,,,,,
,,,,,
,,,,,
,,,,,
,,,,,
,,,,,
,,,,,
,,,,,
,,,,,
,,,,,
,,,,,
,,,,,
,,,,,
,,,,,
,,,,,
,,,,,
,,,,,
,,,,,
,,,,,
,,,,,
,,,,,
,,,,,
,,,,,
,,,,,
,,,,,
,,,,,
,,,,,
,,,,,
,,,,,
,,,,,
,,,,,
,,,,,
,,,,,
,,,,,
,,,,,
,,,,,
,,,,,
,,,,,
,,,,,
,,,,,
,,,,,
,,,,,
,,,,,
,,,,,
,,,,,
,,,,,
,,,,,
,,,,,
,,,,,
,,,,,
,,,,,
,,,,,
,,,,,
,,,,,
,,,,,
,,,,,
,,,,,
,,,,,
,,,,,
,,,,,
,,,,,
,,,,,
,,,,,
,,,,,
,,,,,
,,,,,
,,,,,
,,,,,
,,,,,
,,,,,
,,,,,
,,,,,
,,,,,
,,,,,
,,,,,
,,,,,
,,,,,
,,,,,
,,,,,
,,,,,
,,,,,
,,,,,
,,,,,
,,,,,
,,,,,
,,,,,
,,,,,
,,,,,
,,,,,
,,,,,
,,,,,
,,,,,
,,,,,
,,,,,
,,,,,
,,,,,
,,,,,
,,,,,
,,,,,
,,,,,
,,,,,
,,,,,
,,,,,
,,,,,
,,,,,
,,,,,
,,,,,
,,,,,
,,,,,
,,,,,
,,,,,
,,,,,
,,,,,
,,,,,
,,,,,
,,,,,
,,,,,
,,,,,
,,,,,
,,,,,
,,,,,
,,,,,
,,,,,
,,,,,
,,,,,
,,,,,
,,,,,
,,,,,
,,,,,
,,,,,
,,,,,
,,,,,
,,,,,
,,,,,
,,,,,
,,,,,
,,,,,
,,,,,
,,,,,
,,,,,
,,,,,
,,,,,
,,,,,
,,,,,
,,,,,
,,,,,
,,,,,
,,,,,
,,,,,
,,,,,
,,,,,
,,,,,
,,,,,
,,,,,
,,,,,
,,,,,
,,,,,
,,,,,
,,,,,
,,,,,
,,,,,
,,,,,
,,,,,
,,,,,
,,,,,
,,,,,
,,,,,
,,,,,
,,,,,
,,,,,
,,,,,
,,,,,
,,,,,
,,,,,
,,,,,
,,,,,
,,,,,
,,,,,
,,,,,
,,,,,
,,,,,
,,,,,
,,,,,
,,,,,
,,,,,
,,,,,
,,,,,
,,,,,
,,,,,
,,,,,
,,,,,
,,,,,
,,,,,
,,,,,
,,,,,
,,,,,
,,,,,
,,,,,
,,,,,
,,,,,
,,,,,
,,,,,
,,,,,
,,,,,
,,,,,
,,,,,
,,,,,
,,,,,
,,,,,
,,,,,
,,,,,
,,,,,
,,,,,
,,,,,
,,,,,
,,,,,
,,,,,
,,,,,
,,,,,
,,,,,
,,,,,
,,,,,
,,,,,
,,,,,
,,,,,
,,,,,
,,,,,
,,,,,
,,,,,
,,,,,
,,,,,
,,,,,
,,,,,
,,,,,
,,,,,
,,,,,
,,,,,
,,,,,
,,,,,
,,,,,
,,,,,
,,,,,
,,,,,
,,,,,
,,,,,
,,,,,
,,,,,
,,,,,
,,,,,
,,,,,
,,,,,
,,,,,
,,,,,
,,,,,
,,,,,
,,,,,
,,,,,
,,,,,
,,,,,
,,,,,
,,,,,
,,,,,
,,,,,
,,,,,
,,,,,
,,,,,
,,,,,
,,,,,
,,,,,
,,,,,
,,,,,
,,,,,
,,,,,
,,,,,
,,,,,
,,,,,
,,,,,
,,,,,
,,,,,
,,,,,
,,,,,
,,,,,
,,,,,
,,,,,
,,,,,
,,,,,
,,,,,
,,,,,
,,,,,
,,,,,
,,,,,
,,,,,
,,,,,
,,,,,
,,,,,
,,,,,
,,,,,
,,,,,
,,,,,
,,,,,
,,,,,
,,,,,
,,,,,
,,,,,
,,,,,
,,,,,
,,,,,
,,,,,
,,,,,
,,,,,
,,,,,
,,,,,
,,,,,
,,,,,
,,,,,
,,,,,
,,,,,
,,,,,
,,,,,
,,,,,
,,,,,
,,,,,
,,,,,
,,,,,
,,,,,
,,,,,
,,,,,
,,,,,
,,,,,
,,,,,
,,,,,
,,,,,
,,,,,
,,,,,
,,,,,
,,,,,
,,,,,
,,,,,
,,,,,
,,,,,
,,,,,
,,,,,
,,,,,
,,,,,
,,,,,
,,,,,
,,,,,
,,,,,
,,,,,
,,,,,
,,,,,
,,,,,
,,,,,
,,,,,
,,,,,
,,,,,
,,,,,
,,,,,
,,,,,
,,,,,
,,,,,
,,,,,
,,,,,
,,,,,
,,,,,
,,,,,
,,,,,
,,,,,
,,,,,
,,,,,
,,,,,
,,,,,
,,,,,
,,,,,
,,,,,
,,,,,
,,,,,
,,,,,
,,,,,
,,,,,
,,,,,
,,,,,
,,,,,
,,,,,
,,,,,
,,,,,
,,,,,
,,,,,
,,,,,
,,,,,
,,,,,
,,,,,
,,,,,
,,,,,
,,,,,
,,,,,
,,,,,
,,,,,
,,,,,
,,,,,
,,,,,
,,,,,
,,,,,
,,,,,
,,,,,
,,,,,
,,,,,
,,,,,
,,,,,
,,,,,
,,,,,
,,,,,
,,,,,
,,,,,
,,,,,
,,,,,
,,,,,
,,,,,
,,,,,
,,,,,
,,,,,
,,,,,
,,,,,
,,,,,
,,,,,
,,,,,
,,,,,
,,,,,
,,,,,
,,,,,
,,,,,
,,,,,
,,,,,
,,,,,
,,,,,
,,,,,
,,,,,
,,,,,
,,,,,
,,,,,
,,,,,
,,,,,
,,,,,
,,,,,
,,,,,
,,,,,
,,,,,
,,,,,
,,,,,
,,,,,
,,,,,
,,,,,
,,,,,
,,,,,
,,,,,
,,,,,
,,,,,
,,,,,
,,,,,
,,,,,
,,,,,
,,,,,
,,,,,
,,,,,
,,,,,
,,,,,
,,,,,
,,,,,
,,,,,
,,,,,
,,,,,
,,,,,
,,,,,
,,,,,
,,,,,
,,,,,
,,,,,
,,,,,
,,,,,
,,,,,
,,,,,
,,,,,
,,,,,
,,,,,
,,,,,
,,,,,
,,,,,
,,,,,
,,,,,
,,,,,
,,,,,
,,,,,
,,,,,
,,,,,
,,,,,
,,,,,
,,,,,
,,,,,
,,,,,
,,,,,
,,,,,
,,,,,
,,,,,
,,,,,
,,,,,
,,,,,
,,,,,
,,,,,
,,,,,
,,,,,
,,,,,
,,,,,
,,,,,
,,,,,
,,,,,
,,,,,
,,,,,
,,,,,
,,,,,
,,,,,
,,,,,
,,,,,
,,,,,
,,,,,
,,,,,
,,,,,
,,,,,
,,,,,
,,,,,
,,,,,
,,,,,
,,,,,
,,,,,
,,,,,
,,,,,
,,,,,
,,,,,
,,,,,
,,,,,
,,,,,
,,,,,
,,,,,
,,,,,
,,,,,
,,,,,
,,,,,
,,,,,
,,,,,
,,,,,
,,,,,
,,,,,
,,,,,
,,,,,
,,,,,
,,,,,
,,,,,
,,,,,
,,,,,
,,,,,
,,,,,
,,,,,
,,,,,
,,,,,
,,,,,
,,,,,
,,,,,
,,,,,
,,,,,
,,,,,
,,,,,
,,,,,
,,,,,
,,,,,
,,,,,
,,,,,
,,,,,
,,,,,
,,,,,
,,,,,
,,,,,
,,,,,
,,,,,
,,,,,
,,,,,
,,,,,
,,,,,
,,,,,
,,,,,
,,,,,
,,,,,
,,,,,
,,,,,
,,,,,
,,,,,
,,,,,
,,,,,
,,,,,
,,,,,
,,,,,
,,,,,
,,,,,
,,,,,
,,,,,
,,,,,
,,,,,
,,,,,
,,,,,
,,,,,
,,,,,
,,,,,
,,,,,
,,,,,
,,,,,
,,,,,
,,,,,
,,,,,
,,,,,
,,,,,
,,,,,
,,,,,
,,,,,
,,,,,
,,,,,
,,,,,
,,,,,
,,,,,
,,,,,
,,,,,
,,,,,
,,,,,
,,,,,
,,,,,
,,,,,
,,,,,
,,,,,
,,,,,
,,,,,
,,,,,
,,,,,
,,,,,
,,,,,
,,,,,
,,,,,
,,,,,
,,,,,
,,,,,
,,,,,
,,,,,
,,,,,
,,,,,
,,,,,
,,,,,
,,,,,
,,,,,
,,,,,
,,,,,
,,,,,
,,,,,
,,,,,
,,,,,
,,,,,
,,,,,
,,,,,
,,,,,
,,,,,
,,,,,
,,,,,
,,,,,
,,,,,
,,,,,
,,,,,
,,,,,
,,,,,
,,,,,
,,,,,
,,,,,
,,,,,
,,,,,
,,,,,
,,,,,
,,,,,
,,,,,
,,,,,
,,,,,
,,,,,
,,,,,
,,,,,
,,,,,
,,,,,
,,,,,
,,,,,
,,,,,
,,,,,
,,,,,
,,,,,
,,,,,
,,,,,
,,,,,
,,,,,
,,,,,
,,,,,
,,,,,
,,,,,
,,,,,
,,,,,
,,,,,
,,,,,
,,,,,
,,,,,
,,,,,
,,,,,
,,,,,
,,,,,
,,,,,
,,,,,
,,,,,
,,,,,
,,,,,
,,,,,
,,,,,
,,,,,
,,,,,
,,,,,
,,,,,
,,,,,
,,,,,
,,,,,
,,,,,
,,,,,
,,,,,
,,,,,
,,,,,
,,,,,
,,,,,
,,,,,
,,,,,
,,,,,
,,,,,
,,,,,
,,,,,
,,,,,
,,,,,
,,,,,
,,,,,
,,,,,
,,,,,
,,,,,
,,,,,
,,,,,
,,,,,
,,,,,
,,,,,
,,,,,
,,,,,
,,,,,
,,,,,
,,,,,
,,,,,
,,,,,
,,,,,
,,,,,
,,,,,
,,,,,
,,,,,
,,,,,
,,,,,
,,,,,
,,,,,
,,,,,
,,,,,
,,,,,
,,,,,
,,,,,
,,,,,
,,,,,
,,,,,
,,,,,
,,,,,
,,,,,
,,,,,
,,,,,
,,,,,
,,,,,
,,,,,
,,,,,
,,,,,
,,,,,
,,,,,
,,,,,
,,,,,
,,,,,
,,,,,
,,,,,
,,,,,
,,,,,
,,,,,
,,,,,
,,,,,
,,,,,
,,,,,
,,,,,
,,,,,
,,,,,
,,,,,
,,,,,
,,,,,
,,,,,
,,,,,
,,,,,
,,,,,
,,,,,
,,,,,
,,,,,
,,,,,
,,,,,
,,,,,
,,,,,
,,,,,
,,,,,
,,,,,
,,,,,
,,,,,
,,,,,
,,,,,
,,,,,
,,,,,
,,,,,
,,,,,
,,,,,
,,,,,
,,,,,
,,,,,
,,,,,
,,,,,
,,,,,
,,,,,
,,,,,
,,,,,
,,,,,
,,,,,
,,,,,
,,,,,
,,,,,
,,,,,
,,,,,
,,,,,
,,,,,
,,,,,
,,,,,
,,,,,
,,,,,
,,,,,
,,,,,
,,,,,
,,,,,
,,,,,
,,,,,
,,,,,
,,,,,
,,,,,
,,,,,
,,,,,
,,,,,
,,,,,
,,,,,
,,,,,
,,,,,
,,,,,
,,,,,
,,,,,
,,,,,
,,,,,
,,,,,
,,,,,
,,,,,
,,,,,
,,,,,
,,,,,
,,,,,
,,,,,
,,,,,
,,,,,
,,,,,
,,,,,
,,,,,
,,,,,
,,,,,
,,,,,
,,,,,
,,,,,
,,,,,
,,,,,
,,,,,
,,,,,
,,,,,
,,,,,
,,,,,
,,,,,
,,,,,
,,,,,
,,,,,
,,,,,
,,,,,
,,,,,
,,,,,
,,,,,
,,,,,
,,,,,
,,,,,
,,,,,
,,,,,
,,,,,
,,,,,
,,,,,
,,,,,
,,,,,
,,,,,
,,,,,
,,,,,
,,,,,
,,,,,
,,,,,
,,,,,
,,,,,
,,,,,
,,,,,
,,,,,
,,,,,
,,,,,
,,,,,
,,,,,
,,,,,
,,,,,
,,,,,
,,,,,
,,,,,
,,,,,
,,,,,
,,,,,
,,,,,
,,,,,
,,,,,
,,,,,
,,,,,
,,,,,
,,,,,
,,,,,
,,,,,
,,,,,
,,,,,
,,,,,
,,,,,
,,,,,
,,,,,
,,,,,
,,,,,
,,,,,
,,,,,
,,,,,
,,,,,
,,,,,
,,,,,
,,,,,
,,,,,
,,,,,
,,,,,
,,,,,
,,,,,
,,,,,
,,,,,
,,,,,
,,,,,
,,,,,
,,,,,
,,,,,
,,,,,
,,,,,
,,,,,
,,,,,
,,,,,
,,,,,
,,,,,
,,,,,
,,,,,
,,,,,
,,,,,
,,,,,
,,,,,
,,,,,
,,,,,
,,,,,
,,,,,
,,,,,
,,,,,
,,,,,
,,,,,
,,,,,
,,,,,
,,,,,
,,,,,
,,,,,
,,,,,
,,,,,
,,,,,
,,,,,
,,,,,
,,,,,
,,,,,
,,,,,
,,,,,
,,,,,
,,,,,
,,,,,
,,,,,
,,,,,
,,,,,
,,,,,
,,,,,
,,,,,
,,,,,
,,,,,
,,,,,
,,,,,
,,,,,
,,,,,
,,,,,
,,,,,
,,,,,
,,,,,
,,,,,
,,,,,
,,,,,
,,,,,
,,,,,
,,,,,
,,,,,
,,,,,
,,,,,
,,,,,
,,,,,
,,,,,
,,,,,
,,,,,
,,,,,
,,,,,
,,,,,
,,,,,
,,,,,
,,,,,
,,,,,
,,,,,
,,,,,
,,,,,
,,,,,
,,,,,
,,,,,
,,,,,
,,,,,
,,,,,
,,,,,
,,,,,
,,,,,
,,,,,
,,,,,
,,,,,
,,,,,
,,,,,
,,,,,
,,,,,
,,,,,
,,,,,
,,,,,
,,,,,
,,,,,
,,,,,
,,,,,
,,,,,
,,,,,
,,,,,
,,,,,
,,,,,
,,,,,
,,,,,
,,,,,
,,,,,
,,,,,
,,,,,
,,,,,
,,,,,
,,,,,
,,,,,
,,,,,
,,,,,
,,,,,
,,,,,
,,,,,
,,,,,
,,,,,
,,,,,
,,,,,
,,,,,
,,,,,
,,,,,
,,,,,
,,,,,
,,,,,
,,,,,
,,,,,
,,,,,
,,,,,
,,,,,
,,,,,
,,,,,
,,,,,
,,,,,
,,,,,
,,,,,
,,,,,
,,,,,
,,,,,
,,,,,
,,,,,
,,,,,
,,,,,
,,,,,
,,,,,
,,,,,
,,,,,
,,,,,
,,,,,
,,,,,
,,,,,
,,,,,
,,,,,
,,,,,
,,,,,
,,,,,
,,,,,
,,,,,
,,,,,
,,,,,
,,,,,
,,,,,
,,,,,
,,,,,
,,,,,
,,,,,
,,,,,
,,,,,
,,,,,
,,,,,
,,,,,
,,,,,
,,,,,
,,,,,
,,,,,
,,,,,
,,,,,
,,,,,
,,,,,
,,,,,
,,,,,
,,,,,
,,,,,
,,,,,
,,,,,
,,,,,
,,,,,
,,,,,
,,,,,
,,,,,
,,,,,
,,,,,
,,,,,
,,,,,
,,,,,
,,,,,
,,,,,
,,,,,
,,,,,
,,,,,
,,,,,
,,,,,
,,,,,
,,,,,
,,,,,
,,,,,
,,,,,
,,,,,
,,,,,
,,,,,
,,,,,
,,,,,
,,,,,
,,,,,
,,,,,
,,,,,
,,,,,
,,,,,
,,,,,
,,,,,
,,,,,
,,,,,
,,,,,
,,,,,
,,,,,
,,,,,
,,,,,
,,,,,
,,,,,
,,,,,
,,,,,
,,,,,
,,,,,
,,,,,
,,,,,
,,,,,
,,,,,
,,,,,
,,,,,
,,,,,
,,,,,
,,,,,
,,,,,
,,,,,
,,,,,
,,,,,
,,,,,
,,,,,
,,,,,
,,,,,
,,,,,
,,,,,
,,,,,
,,,,,
,,,,,
,,,,,
,,,,,
,,,,,
,,,,,
,,,,,
,,,,,
,,,,,
,,,,,
,,,,,
,,,,,
,,,,,
,,,,,
,,,,,
,,,,,
,,,,,
,,,,,
,,,,,
,,,,,
,,,,,
,,,,,
,,,,,
,,,,,
,,,,,
,,,,,
,,,,,
,,,,,
,,,,,
,,,,,
,,,,,
,,,,,
,,,,,
,,,,,
,,,,,
,,,,,
,,,,,
,,,,,
,,,,,
,,,,,
,,,,,
,,,,,
,,,,,
,,,,,
,,,,,
,,,,,
,,,,,
,,,,,
,,,,,
,,,,,
,,,,,
,,,,,
,,,,,
,,,,,
,,,,,
,,,,,
,,,,,
,,,,,
,,,,,
,,,,,
,,,,,
,,,,,
,,,,,
,,,,,
,,,,,
,,,,,
,,,,,
,,,,,
,,,,,
,,,,,
,,,,,
,,,,,
,,,,,
,,,,,
,,,,,
,,,,,
,,,,,
,,,,,
,,,,,
,,,,,
,,,,,
,,,,,
,,,,,
,,,,,
,,,,,
,,,,,
,,,,,
,,,,,
,,,,,
,,,,,
,,,,,
,,,,,
,,,,,
,,,,,
,,,,,
,,,,,
,,,,,
,,,,,
,,,,,
,,,,,
,,,,,
,,,,,
,,,,,
,,,,,
,,,,,
,,,,,
,,,,,
,,,,,
,,,,,
,,,,,
,,,,,
,,,,,
,,,,,
,,,,,
,,,,,
,,,,,
,,,,,
,,,,,
,,,,,
,,,,,
,,,,,
,,,,,
,,,,,
,,,,,
,,,,,
,,,,,
,,,,,
,,,,,
,,,,,
,,,,,
,,,,,
,,,,,
,,,,,
,,,,,
,,,,,
,,,,,
,,,,,
,,,,,
,,,,,
,,,,,
,,,,,
,,,,,
,,,,,
,,,,,
,,,,,
,,,,,
,,,,,
,,,,,
,,,,,
,,,,,
,,,,,
,,,,,
,,,,,
,,,,,
,,,,,
,,,,,
,,,,,
,,,,,
,,,,,
,,,,,
,,,,,
,,,,,
,,,,,
,,,,,
,,,,,
,,,,,
,,,,,
,,,,,
,,,,,
,,,,,
,,,,,
,,,,,
,,,,,
,,,,,
,,,,,
,,,,,
,,,,,
,,,,,
,,,,,
,,,,,
,,,,,
,,,,,
,,,,,
,,,,,
,,,,,
,,,,,
,,,,,
,,,,,
,,,,,
,,,,,
,,,,,
,,,,,
,,,,,
,,,,,
,,,,,
,,,,,
,,,,,
,,,,,
,,,,,
,,,,,
,,,,,
,,,,,
,,,,,
,,,,,
,,,,,
,,,,,
,,,,,
,,,,,
,,,,,
,,,,,
,,,,,
,,,,,
,,,,,
,,,,,
,,,,,
,,,,,
,,,,,
,,,,,
,,,,,
,,,,,
,,,,,
,,,,,
,,,,,
,,,,,
,,,,,
,,,,,
,,,,,
,,,,,
,,,,,
,,,,,
,,,,,
,,,,,
,,,,,
,,,,,
,,,,,
,,,,,
,,,,,
,,,,,
,,,,,
,,,,,
,,,,,
,,,,,
,,,,,
,,,,,
,,,,,
,,,,,
,,,,,
,,,,,
,,,,,
,,,,,
,,,,,
,,,,,
,,,,,
,,,,,
,,,,,
,,,,,
,,,,,
,,,,,
,,,,,
,,,,,
,,,,,
,,,,,
,,,,,
,,,,,
,,,,,
,,,,,
,,,,,
,,,,,
,,,,,
,,,,,
,,,,,
,,,,,
,,,,,
,,,,,
,,,,,
,,,,,
,,,,,
,,,,,
,,,,,
,,,,,
,,,,,
,,,,,
,,,,,
,,,,,
,,,,,
,,,,,
,,,,,
,,,,,
,,,,,
,,,,,
,,,,,
,,,,,
,,,,,
,,,,,
,,,,,
,,,,,
,,,,,
,,,,,
,,,,,
,,,,,
,,,,,
,,,,,
,,,,,
,,,,,
,,,,,
,,,,,
,,,,,
,,,,,
,,,,,
,,,,,
,,,,,
,,,,,
,,,,,
,,,,,
,,,,,
,,,,,
,,,,,
,,,,,
,,,,,
,,,,,
,,,,,
,,,,,
,,,,,
,,,,,
,,,,,
,,,,,
,,,,,
,,,,,
,,,,,
,,,,,
,,,,,
,,,,,
,,,,,
,,,,,
,,,,,
,,,,,
,,,,,
,,,,,
,,,,,
,,,,,
,,,,,
,,,,,
,,,,,
,,,,,
,,,,,
,,,,,
,,,,,
,,,,,
,,,,,
,,,,,
,,,,,
,,,,,
,,,,,
,,,,,
,,,,,
,,,,,
,,,,,
,,,,,
,,,,,
,,,,,
,,,,,
,,,,,
,,,,,
,,,,,
,,,,,
,,,,,
,,,,,
,,,,,
,,,,,
,,,,,
,,,,,
,,,,,
,,,,,
,,,,,
,,,,,
,,,,,
,,,,,
,,,,,
,,,,,
,,,,,
,,,,,
,,,,,
,,,,,
,,,,,
,,,,,
,,,,,
,,,,,
,,,,,
,,,,,
,,,,,
,,,,,
,,,,,
,,,,,
,,,,,
,,,,,
,,,,,
,,,,,
,,,,,
,,,,,
,,,,,
,,,,,
,,,,,
,,,,,
,,,,,
,,,,,
,,,,,
,,,,,
,,,,,
,,,,,
,,,,,
,,,,,
,,,,,
,,,,,
,,,,,
,,,,,
,,,,,
,,,,,
,,,,,
,,,,,
,,,,,
,,,,,
,,,,,
,,,,,
,,,,,
,,,,,
,,,,,
,,,,,
,,,,,
,,,,,
,,,,,
,,,,,
,,,,,
,,,,,
,,,,,
,,,,,
,,,,,
,,,,,
,,,,,
,,,,,
,,,,,
,,,,,
,,,,,
,,,,,
,,,,,
,,,,,
,,,,,
,,,,,
,,,,,
,,,,,
,,,,,
,,,,,
,,,,,
,,,,,
,,,,,
,,,,,
,,,,,
,,,,,
,,,,,
,,,,,
,,,,,
,,,,,
,,,,,
,,,,,
,,,,,
,,,,,
,,,,,
,,,,,
,,,,,
,,,,,
,,,,,
,,,,,
,,,,,
,,,,,
,,,,,
,,,,,
,,,,,
,,,,,
,,,,,
,,,,,
,,,,,
,,,,,
,,,,,
,,,,,
,,,,,
,,,,,
,,,,,
,,,,,
,,,,,
,,,,,
,,,,,
,,,,,
,,,,,
,,,,,
,,,,,
,,,,,
,,,,,
,,,,,
,,,,,
,,,,,
,,,,,
,,,,,
,,,,,
,,,,,
,,,,,
,,,,,
,,,,,
,,,,,
,,,,,
,,,,,
,,,,,
,,,,,
,,,,,
,,,,,
,,,,,
,,,,,
,,,,,
,,,,,
,,,,,
,,,,,
,,,,,
,,,,,
,,,,,
,,,,,
,,,,,
,,,,,
,,,,,
,,,,,
,,,,,
,,,,,
,,,,,
,,,,,
,,,,,
,,,,,
,,,,,
,,,,,
,,,,,
,,,,,
,,,,,
,,,,,
,,,,,
,,,,,
,,,,,
,,,,,
,,,,,
,,,,,
,,,,,
,,,,,
,,,,,
,,,,,
,,,,,
,,,,,
,,,,,
,,,,,
,,,,,
,,,,,
,,,,,
,,,,,
,,,,,
,,,,,
,,,,,
,,,,,
,,,,,
,,,,,
,,,,,
,,,,,
,,,,,
,,,,,
,,,,,
,,,,,
,,,,,
,,,,,
,,,,,
,,,,,
,,,,,
,,,,,
,,,,,
,,,,,
,,,,,
,,,,,
,,,,,
,,,,,
,,,,,
,,,,,
,,,,,
,,,,,
,,,,,
,,,,,
,,,,,
,,,,,
,,,,,
,,,,,
,,,,,
,,,,,
,,,,,
,,,,,
,,,,,
,,,,,
,,,,,
,,,,,
,,,,,
,,,,,
,,,,,
,,,,,
,,,,,
,,,,,
,,,,,
,,,,,
,,,,,
,,,,,
,,,,,
,,,,,
,,,,,
,,,,,
,,,,,
,,,,,
,,,,,
,,,,,
,,,,,
,,,,,
,,,,,
,,,,,
,,,,,
,,,,,
,,,,,
,,,,,
,,,,,
,,,,,
,,,,,
,,,,,
,,,,,
,,,,,
,,,,,
,,,,,
,,,,,
,,,,,
,,,,,
,,,,,
,,,,,
,,,,,
,,,,,
,,,,,
,,,,,
,,,,,
,,,,,
,,,,,
,,,,,
,,,,,
,,,,,
,,,,,
,,,,,
,,,,,
,,,,,
,,,,,
,,,,,
,,,,,
,,,,,
,,,,,
,,,,,
,,,,,
,,,,,
,,,,,
,,,,,
,,,,,
,,,,,
,,,,,
,,,,,
,,,,,
,,,,,
,,,,,
,,,,,
,,,,,
,,,,,
,,,,,
,,,,,
,,,,,
,,,,,
,,,,,
,,,,,
,,,,,
,,,,,
,,,,,
,,,,,
,,,,,
,,,,,
,,,,,
,,,,,
,,,,,
,,,,,
,,,,,
,,,,,
,,,,,
,,,,,
,,,,,
,,,,,
,,,,,
,,,,,
,,,,,
,,,,,
,,,,,
,,,,,
,,,,,
,,,,,
,,,,,
,,,,,
,,,,,
,,,,,
,,,,,
,,,,,
,,,,,
,,,,,
,,,,,
,,,,,
,,,,,
,,,,,
,,,,,
,,,,,
,,,,,
,,,,,
,,,,,
,,,,,
,,,,,
,,,,,
,,,,,
,,,,,
,,,,,
,,,,,
,,,,,
,,,,,
,,,,,
,,,,,
,,,,,
,,,,,
,,,,,
,,,,,
,,,,,
,,,,,
,,,,,
,,,,,
,,,,,
,,,,,
,,,,,
,,,,,
,,,,,
,,,,,
,,,,,
,,,,,
,,,,,
,,,,,
,,,,,
,,,,,
,,,,,
,,,,,
,,,,,
,,,,,
,,,,,
,,,,,
,,,,,
,,,,,
,,,,,
,,,,,
,,,,,
,,,,,
,,,,,
,,,,,
,,,,,
,,,,,
,,,,,
,,,,,
,,,,,
,,,,,
,,,,,
,,,,,
,,,,,
,,,,,
,,,,,
,,,,,
,,,,,
,,,,,
,,,,,
,,,,,
,,,,,
,,,,,
,,,,,
,,,,,
,,,,,
,,,,,
,,,,,
,,,,,
,,,,,
,,,,,
,,,,,
,,,,,
,,,,,
,,,,,
,,,,,
,,,,,
,,,,,
,,,,,
,,,,,
,,,,,
,,,,,
,,,,,
,,,,,
,,,,,
,,,,,
,,,,,
,,,,,
,,,,,
,,,,,
,,,,,
,,,,,
,,,,,
,,,,,
,,,,,
,,,,,
,,,,,
,,,,,
,,,,,
,,,,,
,,,,,
,,,,,
,,,,,
,,,,,
,,,,,
,,,,,
,,,,,
,,,,,
,,,,,
,,,,,
,,,,,
,,,,,
,,,,,
,,,,,
,,,,,
,,,,,
,,,,,
,,,,,
,,,,,
,,,,,
,,,,,
,,,,,
,,,,,
,,,,,
,,,,,
,,,,,
,,,,,
,,,,,
,,,,,
,,,,,
,,,,,
,,,,,
,,,,,
,,,,,
,,,,,
,,,,,
,,,,,
,,,,,
,,,,,
,,,,,
,,,,,
,,,,,
,,,,,
,,,,,
,,,,,
,,,,,
,,,,,
,,,,,
,,,,,
,,,,,
,,,,,
,,,,,
,,,,,
,,,,,
,,,,,
,,,,,
,,,,,
,,,,,
,,,,,
,,,,,
,,,,,
,,,,,
,,,,,
,,,,,
,,,,,
,,,,,
,,,,,
,,,,,
,,,,,
,,,,,
,,,,,
,,,,,
,,,,,
,,,,,
,,,,,
,,,,,
,,,,,
,,,,,
,,,,,
,,,,,
,,,,,
,,,,,
,,,,,
,,,,,
,,,,,
,,,,,
,,,,,
,,,,,
,,,,,
,,,,,
,,,,,
,,,,,
,,,,,
,,,,,
,,,,,
,,,,,
,,,,,
,,,,,
,,,,,
,,,,,
,,,,,
,,,,,
,,,,,
,,,,,
,,,,,
,,,,,
,,,,,
,,,,,
,,,,,
,,,,,
,,,,,
,,,,,
,,,,,
,,,,,
,,,,,
,,,,,
,,,,,
,,,,,
,,,,,
,,,,,
,,,,,
,,,,,
,,,,,
,,,,,
,,,,,
,,,,,
,,,,,
,,,,,
,,,,,
,,,,,
,,,,,
,,,,,
,,,,,
,,,,,
,,,,,
,,,,,
,,,,,
,,,,,
,,,,,
,,,,,
,,,,,
,,,,,
,,,,,
,,,,,
,,,,,
,,,,,
,,,,,
,,,,,
,,,,,
,,,,,
,,,,,
,,,,,
,,,,,
,,,,,
,,,,,
,,,,,
,,,,,
,,,,,
,,,,,
,,,,,
,,,,,
,,,,,
,,,,,
,,,,,
,,,,,
,,,,,
,,,,,
,,,,,
,,,,,
,,,,,
,,,,,
,,,,,
,,,,,
,,,,,
,,,,,
,,,,,
,,,,,
,,,,,
,,,,,
,,,,,
,,,,,
,,,,,
,,,,,
,,,,,
,,,,,
,,,,,
,,,,,
,,,,,
,,,,,
,,,,,
,,,,,
,,,,,
,,,,,
,,,,,
,,,,,
,,,,,
,,,,,
,,,,,
,,,,,
,,,,,
,,,,,
,,,,,
,,,,,
,,,,,
,,,,,
,,,,,
,,,,,
,,,,,
,,,,,
,,,,,
,,,,,
,,,,,
,,,,,
,,,,,
,,,,,
,,,,,
,,,,,
,,,,,
,,,,,
,,,,,
,,,,,
,,,,,
,,,,,
,,,,,
,,,,,
,,,,,
,,,,,
,,,,,
,,,,,
,,,,,
,,,,,
,,,,,
,,,,,
,,,,,
,,,,,
,,,,,
,,,,,
,,,,,
,,,,,
,,,,,
,,,,,
,,,,,
,,,,,
,,,,,
,,,,,
,,,,,
,,,,,
,,,,,
,,,,,
,,,,,
,,,,,
,,,,,
,,,,,
,,,,,
,,,,,
,,,,,
,,,,,
,,,,,
,,,,,
,,,,,
,,,,,
,,,,,
,,,,,
,,,,,
,,,,,
,,,,,
,,,,,
,,,,,
,,,,,
,,,,,
,,,,,
,,,,,
,,,,,
,,,,,
,,,,,
,,,,,
,,,,,
,,,,,
,,,,,
,,,,,
,,,,,
,,,,,
,,,,,
,,,,,
,,,,,
,,,,,
,,,,,
,,,,,
,,,,,
,,,,,
,,,,,
,,,,,
,,,,,
,,,,,
,,,,,
,,,,,
,,,,,
,,,,,
,,,,,
,,,,,
,,,,,
,,,,,
,,,,,
,,,,,
,,,,,
,,,,,
,,,,,
,,,,,
,,,,,
,,,,,
,,,,,
,,,,,
,,,,,
,,,,,
,,,,,
,,,,,
,,,,,
,,,,,
,,,,,
,,,,,
,,,,,
,,,,,
,,,,,
,,,,,
,,,,,
,,,,,
,,,,,
,,,,,
,,,,,
,,,,,
,,,,,
,,,,,
,,,,,
,,,,,
,,,,,
,,,,,
,,,,,
,,,,,
,,,,,
,,,,,
,,,,,
,,,,,
,,,,,
,,,,,
,,,,,
,,,,,
,,,,,
,,,,,
,,,,,
,,,,,
,,,,,
,,,,,
,,,,,
,,,,,
,,,,,
,,,,,
,,,,,
,,,,,
,,,,,
,,,,,
,,,,,
,,,,,
,,,,,
,,,,,
,,,,,
,,,,,
,,,,,
,,,,,
,,,,,
,,,,,
,,,,,
,,,,,
,,,,,
,,,,,
,,,,,
,,,,,
,,,,,
,,,,,
,,,,,
,,,,,
,,,,,
,,,,,
,,,,,
,,,,,
,,,,,
,,,,,
,,,,,
,,,,,
,,,,,
,,,,,
,,,,,
,,,,,
,,,,,
,,,,,
,,,,,
,,,,,
,,,,,
,,,,,
,,,,,
,,,,,
,,,,,
,,,,,
,,,,,
,,,,,
,,,,,
,,,,,
,,,,,
,,,,,
,,,,,
,,,,,
,,,,,
,,,,,
,,,,,
,,,,,
,,,,,
,,,,,
,,,,,
,,,,,
,,,,,
,,,,,
,,,,,
,,,,,
,,,,,
,,,,,
,,,,,
,,,,,
,,,,,
,,,,,
,,,,,
,,,,,
,,,,,
,,,,,
,,,,,
,,,,,
,,,,,
,,,,,
,,,,,
,,,,,
,,,,,
,,,,,
,,,,,
,,,,,
,,,,,
,,,,,
,,,,,
,,,,,
,,,,,
,,,,,
,,,,,
,,,,,
,,,,,
,,,,,
,,,,,
,,,,,
,,,,,
,,,,,
,,,,,
,,,,,
,,,,,
,,,,,
,,,,,
,,,,,
,,,,,
,,,,,
,,,,,
,,,,,
,,,,,
,,,,,
,,,,,
,,,,,
,,,,,
,,,,,
,,,,,
,,,,,
,,,,,
,,,,,
,,,,,
,,,,,
,,,,,
,,,,,
,,,,,
,,,,,
,,,,,
,,,,,
,,,,,
,,,,,
,,,,,
,,,,,
,,,,,
,,,,,
,,,,,
,,,,,
,,,,,
,,,,,
,,,,,
,,,,,
,,,,,
,,,,,
,,,,,
,,,,,
,,,,,
,,,,,
,,,,,
,,,,,
,,,,,
,,,,,
,,,,,
,,,,,
,,,,,
,,,,,
,,,,,
,,,,,
,,,,,
,,,,,
,,,,,
,,,,,
,,,,,
,,,,,
,,,,,
,,,,,
,,,,,
,,,,,
,,,,,
,,,,,
,,,,,
,,,,,
,,,,,
,,,,,
,,,,,
,,,,,
,,,,,
,,,,,
,,,,,
,,,,,
,,,,,
,,,,,
,,,,,
,,,,,
,,,,,
,,,,,
,,,,,
,,,,,
,,,,,
,,,,,
,,,,,
,,,,,
,,,,,
,,,,,
,,,,,
,,,,,
,,,,,
,,,,,
,,,,,
,,,,,
,,,,,
,,,,,
,,,,,
,,,,,
,,,,,
,,,,,
,,,,,
,,,,,
,,,,,
,,,,,
,,,,,
,,,,,
,,,,,
,,,,,
,,,,,
,,,,,
,,,,,
,,,,,
,,,,,
,,,,,
,,,,,
,,,,,
,,,,,
,,,,,
,,,,,
,,,,,
,,,,,
,,,,,
,,,,,
,,,,,
,,,,,
,,,,,
,,,,,
,,,,,
,,,,,
,,,,,
,,,,,
,,,,,
,,,,,
,,,,,
,,,,,
,,,,,
,,,,,
,,,,,
,,,,,
,,,,,
,,,,,
,,,,,
,,,,,
,,,,,
,,,,,
,,,,,
,,,,,
,,,,,
,,,,,
,,,,,
,,,,,
,,,,,
,,,,,
,,,,,
,,,,,
,,,,,
,,,,,
,,,,,
,,,,,
,,,,,
,,,,,
,,,,,
,,,,,
,,,,,
,,,,,
,,,,,
,,,,,
,,,,,
,,,,,
,,,,,
,,,,,
,,,,,
,,,,,
,,,,,
,,,,,
,,,,,
,,,,,
,,,,,
,,,,,
,,,,,
,,,,,
,,,,,
,,,,,
,,,,,
,,,,,
,,,,,
,,,,,
,,,,,
,,,,,
,,,,,
,,,,,
,,,,,
,,,,,
,,,,,
,,,,,
,,,,,
,,,,,
,,,,,
,,,,,
,,,,,
,,,,,
,,,,,
,,,,,
,,,,,
,,,,,
,,,,,
,,,,,
,,,,,
,,,,,
,,,,,
,,,,,
,,,,,
,,,,,
,,,,,
,,,,,
,,,,,
,,,,,
,,,,,
,,,,,
,,,,,
,,,,,
,,,,,
,,,,,
,,,,,
,,,,,
,,,,,
,,,,,
,,,,,
,,,,,
,,,,,
,,,,,
,,,,,
,,,,,
,,,,,
,,,,,
,,,,,
,,,,,
,,,,,
,,,,,
,,,,,
,,,,,
,,,,,
,,,,,
,,,,,
,,,,,
,,,,,
,,,,,
,,,,,
,,,,,
,,,,,
,,,,,
,,,,,
,,,,,
,,,,,
,,,,,
,,,,,
,,,,,
,,,,,
,,,,,
,,,,,
,,,,,
,,,,,
,,,,,
,,,,,
,,,,,
,,,,,
,,,,,
,,,,,
,,,,,
,,,,,
,,,,,
,,,,,
,,,,,
,,,,,
,,,,,
,,,,,
,,,,,
,,,,,
,,,,,
,,,,,
,,,,,
,,,,,
,,,,,
,,,,,
,,,,,
,,,,,
,,,,,
,,,,,
,,,,,
,,,,,
,,,,,
,,,,,
,,,,,
,,,,,
,,,,,
,,,,,
,,,,,
,,,,,
,,,,,
,,,,,
,,,,,
,,,,,
,,,,,
,,,,,
,,,,,
,,,,,
,,,,,
,,,,,
,,,,,
,,,,,
,,,,,
,,,,,
,,,,,
,,,,,
,,,,,
,,,,,
,,,,,
,,,,,
,,,,,
,,,,,
,,,,,
,,,,,
,,,,,
,,,,,
,,,,,
,,,,,
,,,,,
,,,,,
,,,,,
,,,,,
,,,,,
,,,,,
,,,,,
,,,,,
,,,,,
,,,,,
,,,,,
,,,,,
,,,,,
,,,,,
,,,,,
,,,,,
,,,,,
,,,,,
,,,,,
,,,,,
,,,,,
,,,,,
,,,,,
,,,,,
,,,,,
,,,,,
,,,,,
,,,,,
,,,,,
,,,,,
,,,,,
,,,,,
,,,,,
,,,,,
,,,,,
,,,,,
,,,,,
,,,,,
,,,,,
,,,,,
,,,,,
,,,,,
,,,,,
,,,,,
,,,,,
,,,,,
,,,,,
,,,,,
,,,,,
,,,,,
,,,,,
,,,,,
,,,,,
,,,,,
,,,,,
,,,,,
,,,,,
,,,,,
,,,,,
,,,,,
,,,,,
,,,,,
,,,,,
,,,,,
,,,,,
,,,,,
,,,,,
,,,,,
,,,,,
,,,,,
,,,,,
,,,,,
,,,,,
,,,,,
,,,,,
,,,,,
,,,,,
,,,,,
,,,,,
,,,,,
,,,,,
,,,,,
,,,,,
,,,,,
,,,,,
,,,,,
,,,,,
,,,,,
,,,,,
,,,,,
,,,,,
,,,,,
,,,,,
,,,,,
,,,,,
,,,,,
,,,,,
,,,,,
,,,,,
,,,,,
,,,,,
,,,,,
,,,,,
,,,,,
,,,,,
,,,,,
,,,,,
,,,,,
,,,,,
,,,,,
,,,,,
,,,,,
,,,,,
,,,,,
,,,,,
,,,,,
,,,,,
,,,,,
,,,,,
,,,,,
,,,,,
,,,,,
,,,,,
,,,,,
,,,,,
,,,,,
,,,,,
,,,,,
,,,,,
,,,,,
,,,,,
,,,,,
,,,,,
,,,,,
,,,,,
,,,,,
,,,,,
,,,,,
,,,,,
,,,,,
,,,,,
,,,,,
,,,,,
,,,,,
,,,,,
,,,,,
,,,,,
,,,,,
,,,,,
,,,,,
,,,,,
,,,,,
,,,,,
,,,,,
,,,,,
,,,,,
,,,,,
,,,,,
,,,,,
,,,,,
,,,,,
,,,,,
,,,,,
,,,,,
,,,,,
,,,,,
,,,,,
,,,,,
,,,,,
,,,,,
,,,,,
,,,,,
,,,,,
,,,,,
,,,,,
,,,,,
,,,,,
,,,,,
,,,,,
,,,,,
,,,,,
,,,,,
,,,,,
,,,,,
,,,,,
,,,,,
,,,,,
,,,,,
,,,,,
,,,,,
,,,,,
,,,,,
,,,,,
,,,,,
,,,,,
,,,,,
,,,,,
,,,,,
,,,,,
,,,,,
,,,,,
,,,,,
,,,,,
,,,,,
,,,,,
,,,,,
,,,,,
,,,,,
,,,,,
,,,,,
,,,,,
,,,,,
,,,,,
,,,,,
,,,,,
,,,,,
,,,,,
,,,,,
,,,,,
,,,,,
,,,,,
,,,,,
,,,,,
,,,,,
,,,,,
,,,,,
,,,,,
,,,,,
,,,,,
,,,,,
,,,,,
,,,,,
,,,,,
,,,,,
,,,,,
,,,,,
,,,,,
,,,,,
,,,,,
,,,,,
,,,,,
,,,,,
,,,,,
,,,,,
,,,,,
,,,,,
,,,,,
,,,,,
,,,,,
,,,,,
,,,,,
,,,,,
,,,,,
,,,,,
,,,,,
,,,,,
,,,,,
,,,,,
,,,,,
,,,,,
,,,,,
,,,,,
,,,,,
,,,,,
,,,,,
,,,,,
,,,,,
,,,,,
,,,,,
,,,,,
,,,,,
,,,,,
,,,,,
,,,,,
,,,,,
,,,,,
,,,,,
,,,,,
,,,,,
,,,,,
,,,,,
,,,,,
,,,,,
,,,,,
,,,,,
,,,,,
,,,,,
,,,,,
,,,,,
,,,,,
,,,,,
,,,,,
,,,,,
,,,,,
,,,,,
,,,,,
,,,,,
,,,,,
,,,,,
,,,,,
,,,,,
,,,,,
,,,,,
,,,,,
,,,,,
,,,,,
,,,,,
,,,,,
,,,,,
,,,,,
,,,,,
,,,,,
,,,,,
,,,,,
,,,,,
,,,,,
,,,,,
,,,,,
,,,,,
,,,,,
,,,,,
,,,,,
,,,,,
,,,,,
,,,,,
,,,,,
,,,,,
,,,,,
,,,,,
,,,,,
,,,,,
,,,,,
,,,,,
,,,,,
,,,,,
,,,,,
,,,,,
,,,,,
,,,,,
,,,,,
,,,,,
,,,,,
,,,,,
,,,,,
,,,,,
,,,,,
,,,,,
,,,,,
,,,,,
,,,,,
,,,,,
,,,,,
,,,,,
,,,,,
,,,,,
,,,,,
,,,,,
,,,,,
,,,,,
,,,,,
,,,,,
,,,,,
,,,,,
,,,,,
,,,,,
,,,,,
,,,,,
,,,,,
,,,,,
,,,,,
,,,,,
,,,,,
,,,,,
,,,,,
,,,,,
,,,,,
,,,,,
,,,,,
,,,,,
,,,,,
,,,,,
,,,,,
,,,,,
,,,,,
,,,,,
,,,,,
,,,,,
,,,,,
,,,,,
,,,,,
,,,,,
,,,,,
,,,,,
,,,,,
,,,,,
,,,,,
,,,,,
,,,,,
,,,,,
,,,,,
,,,,,
,,,,,
,,,,,
,,,,,
,,,,,
,,,,,
,,,,,
,,,,,
,,,,,
,,,,,
,,,,,
,,,,,
,,,,,
,,,,,
,,,,,
,,,,,
,,,,,
,,,,,
,,,,,
,,,,,
,,,,,
,,,,,
,,,,,
,,,,,
,,,,,
,,,,,
,,,,,
,,,,,
,,,,,
,,,,,
,,,,,
,,,,,
,,,,,
,,,,,
,,,,,
,,,,,
,,,,,
,,,,,
,,,,,
,,,,,
,,,,,
,,,,,
,,,,,
,,,,,
,,,,,
,,,,,
,,,,,
,,,,,
,,,,,
,,,,,
,,,,,
,,,,,
,,,,,
,,,,,
,,,,,
,,,,,
,,,,,
,,,,,
,,,,,
,,,,,
,,,,,
,,,,,
,,,,,
,,,,,
,,,,,
,,,,,
,,,,,
,,,,,
,,,,,
,,,,,
,,,,,
,,,,,
,,,,,
,,,,,
,,,,,
,,,,,
,,,,,
,,,,,
,,,,,
,,,,,
,,,,,
,,,,,
,,,,,
,,,,,
,,,,,
,,,,,
,,,,,
,,,,,
,,,,,
,,,,,
,,,,,
,,,,,
,,,,,
,,,,,
,,,,,
,,,,,
,,,,,
,,,,,
,,,,,
,,,,,
,,,,,
,,,,,
,,,,,
,,,,,
,,,,,
,,,,,
,,,,,
,,,,,
,,,,,
,,,,,
,,,,,
,,,,,
,,,,,
,,,,,
,,,,,
,,,,,
,,,,,
,,,,,
,,,,,
,,,,,
,,,,,
,,,,,
,,,,,
,,,,,
,,,,,
,,,,,
,,,,,
,,,,,
,,,,,
,,,,,
,,,,,
,,,,,
,,,,,
,,,,,
,,,,,
,,,,,
,,,,,
,,,,,
,,,,,
,,,,,
,,,,,
,,,,,
,,,,,
,,,,,
,,,,,
,,,,,
,,,,,
,,,,,
,,,,,
,,,,,
,,,,,
,,,,,
,,,,,
,,,,,
,,,,,
,,,,,
,,,,,
,,,,,
,,,,,
,,,,,
,,,,,
,,,,,
,,,,,
,,,,,
,,,,,
,,,,,
,,,,,
,,,,,
,,,,,
,,,,,
,,,,,
,,,,,
,,,,,
,,,,,
,,,,,
,,,,,
,,,,,
,,,,,
,,,,,
,,,,,
,,,,,
,,,,,
,,,,,
,,,,,
,,,,,
,,,,,
,,,,,
,,,,,
,,,,,
,,,,,
,,,,,
,,,,,
,,,,,
,,,,,
,,,,,
,,,,,
,,,,,
,,,,,
,,,,,
,,,,,
,,,,,
,,,,,
,,,,,
,,,,,
,,,,,
,,,,,
,,,,,
,,,,,
,,,,,
,,,,,
,,,,,
,,,,,
,,,,,
,,,,,
,,,,,
,,,,,
,,,,,
,,,,,
,,,,,
,,,,,
,,,,,
,,,,,
,,,,,
,,,,,
,,,,,
,,,,,
,,,,,
,,,,,
,,,,,
,,,,,
,,,,,
,,,,,
,,,,,
,,,,,
,,,,,
,,,,,
,,,,,
,,,,,
,,,,,
,,,,,
,,,,,
,,,,,
,,,,,
,,,,,
,,,,,
,,,,,
,,,,,
,,,,,
,,,,,
,,,,,
,,,,,
,,,,,
,,,,,
,,,,,
,,,,,
,,,,,
,,,,,
,,,,,
,,,,,
,,,,,
,,,,,
,,,,,
,,,,,
,,,,,
,,,,,
,,,,,
,,,,,
,,,,,
,,,,,
,,,,,
,,,,,
,,,,,
,,,,,
,,,,,
,,,,,
,,,,,
,,,,,
,,,,,
,,,,,
,,,,,
,,,,,
,,,,,
,,,,,
,,,,,
,,,,,
,,,,,
,,,,,
,,,,,
,,,,,
,,,,,
,,,,,
,,,,,
,,,,,
,,,,,
,,,,,
,,,,,
,,,,,
,,,,,
,,,,,
,,,,,
,,,,,
,,,,,
,,,,,
,,,,,
,,,,,
,,,,,
,,,,,
,,,,,
,,,,,
,,,,,
,,,,,
,,,,,
,,,,,
,,,,,
,,,,,
,,,,,
,,,,,
,,,,,
,,,,,
,,,,,
,,,,,
,,,,,
,,,,,
,,,,,
,,,,,
,,,,,
,,,,,
,,,,,
,,,,,
,,,,,
,,,,,
,,,,,
,,,,,
,,,,,
,,,,,
,,,,,
,,,,,
,,,,,
,,,,,
,,,,,
,,,,,
,,,,,
,,,,,
,,,,,
,,,,,
,,,,,
,,,,,
,,,,,
,,,,,
,,,,,
,,,,,
,,,,,
,,,,,
,,,,,
,,,,,
,,,,,
,,,,,
,,,,,
,,,,,
,,,,,
,,,,,
,,,,,
,,,,,
,,,,,
,,,,,
,,,,,
,,,,,
,,,,,
,,,,,
,,,,,
,,,,,
,,,,,
,,,,,
,,,,,
,,,,,
,,,,,
,,,,,
,,,,,
,,,,,
,,,,,
,,,,,
,,,,,
,,,,,
,,,,,
,,,,,
,,,,,
,,,,,
,,,,,
,,,,,
,,,,,
,,,,,
,,,,,
,,,,,
,,,,,
,,,,,
,,,,,
,,,,,
,,,,,
,,,,,
,,,,,
,,,,,
,,,,,
,,,,,
,,,,,
,,,,,
,,,,,
,,,,,
,,,,,
,,,,,
,,,,,
,,,,,
,,,,,
,,,,,
,,,,,
,,,,,
,,,,,
,,,,,
,,,,,
,,,,,
,,,,,
,,,,,
,,,,,
,,,,,
,,,,,
,,,,,
,,,,,
,,,,,
,,,,,
,,,,,
,,,,,
,,,,,
,,,,,
,,,,,
,,,,,
,,,,,
,,,,,
,,,,,
,,,,,
,,,,,
,,,,,
,,,,,
,,,,,
,,,,,
,,,,,
,,,,,
,,,,,
,,,,,
,,,,,
,,,,,
,,,,,
,,,,,
,,,,,
,,,,,
,,,,,
,,,,,
,,,,,
,,,,,
,,,,,
,,,,,
,,,,,
,,,,,
,,,,,
,,,,,
,,,,,
,,,,,
,,,,,
,,,,,
,,,,,
,,,,,
,,,,,
,,,,,
,,,,,
,,,,,
,,,,,
,,,,,
,,,,,
,,,,,
,,,,,
,,,,,
,,,,,
,,,,,
,,,,,
,,,,,
,,,,,
,,,,,
,,,,,
,,,,,
,,,,,
,,,,,
,,,,,
,,,,,
,,,,,
,,,,,
,,,,,
,,,,,
,,,,,
,,,,,
,,,,,
,,,,,
,,,,,
,,,,,
,,,,,
,,,,,
,,,,,
,,,,,
,,,,,
,,,,,
,,,,,
,,,,,
,,,,,
,,,,,
,,,,,
,,,,,
,,,,,
,,,,,
,,,,,
,,,,,
,,,,,
,,,,,
,,,,,
,,,,,
,,,,,
,,,,,
,,,,,
,,,,,
,,,,,
,,,,,
,,,,,
,,,,,
,,,,,
,,,,,
,,,,,
,,,,,
,,,,,
,,,,,
,,,,,
,,,,,
,,,,,
,,,,,
,,,,,
,,,,,
,,,,,
,,,,,
,,,,,
,,,,,
,,,,,
,,,,,
,,,,,
,,,,,
,,,,,
,,,,,
,,,,,
,,,,,
,,,,,
,,,,,
,,,,,
,,,,,
,,,,,
,,,,,
,,,,,
,,,,,
,,,,,
,,,,,
,,,,,
,,,,,
,,,,,
,,,,,
,,,,,
,,,,,
,,,,,
,,,,,
,,,,,
,,,,,
,,,,,
,,,,,
,,,,,
,,,,,
,,,,,
,,,,,
,,,,,
,,,,,
,,,,,
,,,,,
,,,,,
,,,,,
,,,,,
,,,,,
,,,,,
,,,,,
,,,,,
,,,,,
,,,,,
,,,,,
,,,,,
,,,,,
,,,,,
,,,,,
,,,,,
,,,,,
,,,,,
,,,,,
,,,,,
,,,,,
,,,,,
,,,,,
,,,,,
,,,,,
,,,,,
,,,,,
,,,,,
,,,,,
,,,,,
,,,,,
,,,,,
,,,,,
,,,,,
,,,,,
,,,,,
,,,,,
,,,,,
,,,,,
,,,,,
,,,,,
,,,,,
,,,,,
,,,,,
,,,,,
,,,,,
,,,,,
,,,,,
,,,,,
,,,,,
,,,,,
,,,,,
,,,,,
,,,,,
,,,,,
,,,,,
,,,,,
,,,,,
,,,,,
,,,,,
,,,,,
,,,,,
,,,,,
,,,,,
,,,,,
,,,,,
,,,,,
,,,,,
,,,,,
,,,,,
,,,,,
,,,,,
,,,,,
,,,,,
,,,,,
,,,,,
,,,,,
,,,,,
,,,,,
,,,,,
,,,,,
,,,,,
,,,,,
,,,,,
,,,,,
,,,,,
,,,,,
,,,,,
,,,,,
,,,,,
,,,,,
,,,,,
,,,,,
,,,,,
,,,,,
,,,,,
,,,,,
,,,,,
,,,,,
,,,,,
,,,,,
,,,,,
,,,,,
,,,,,
,,,,,
,,,,,
,,,,,
,,,,,
,,,,,
,,,,,
,,,,,
,,,,,
,,,,,
,,,,,
,,,,,
,,,,,
,,,,,
,,,,,
,,,,,
,,,,,
,,,,,
,,,,,
,,,,,
,,,,,
,,,,,
,,,,,
,,,,,
,,,,,
,,,,,
,,,,,
,,,,,
,,,,,
,,,,,
,,,,,
,,,,,
,,,,,
,,,,,
,,,,,
,,,,,
,,,,,
,,,,,
,,,,,
,,,,,
,,,,,
,,,,,
,,,,,
,,,,,
,,,,,
,,,,,
,,,,,
,,,,,
,,,,,
,,,,,
,,,,,
,,,,,
,,,,,
,,,,,
,,,,,
,,,,,
,,,,,
,,,,,
,,,,,
,,,,,
,,,,,
,,,,,
,,,,,
,,,,,
,,,,,
,,,,,
,,,,,
,,,,,
,,,,,
,,,,,
,,,,,
,,,,,
,,,,,
,,,,,
,,,,,
,,,,,
,,,,,
,,,,,
,,,,,
,,,,,
,,,,,
,,,,,
,,,,,
,,,,,
,,,,,
,,,,,
,,,,,
,,,,,
,,,,,
,,,,,
,,,,,
,,,,,
,,,,,
,,,,,
,,,,,
,,,,,
,,,,,
,,,,,
,,,,,
,,,,,
,,,,,
,,,,,
,,,,,
,,,,,
,,,,,
,,,,,
,,,,,
,,,,,
,,,,,
,,,,,
,,,,,
,,,,,
,,,,,
,,,,,
,,,,,
,,,,,
,,,,,
,,,,,
,,,,,
,,,,,
,,,,,
,,,,,
,,,,,
,,,,,
,,,,,
,,,,,
,,,,,
,,,,,
,,,,,
,,,,,
,,,,,
,,,,,
,,,,,
,,,,,
,,,,,
,,,,,
,,,,,
,,,,,
,,,,,
,,,,,
,,,,,
,,,,,
,,,,,
,,,,,
,,,,,
,,,,,
,,,,,
,,,,,
,,,,,
,,,,,
,,,,,
,,,,,
,,,,,
,,,,,
,,,,,
,,,,,
,,,,,
,,,,,
,,,,,
,,,,,
,,,,,
,,,,,
,,,,,
,,,,,
,,,,,
,,,,,
,,,,,
,,,,,
,,,,,
,,,,,
,,,,,
,,,,,
,,,,,
,,,,,
,,,,,
,,,,,
,,,,,
,,,,,
,,,,,
,,,,,
,,,,,
,,,,,
,,,,,
,,,,,
,,,,,
,,,,,
,,,,,
,,,,,
,,,,,
,,,,,
,,,,,
,,,,,
,,,,,
,,,,,
,,,,,
,,,,,
,,,,,
,,,,,
,,,,,
,,,,,
,,,,,
,,,,,
,,,,,
,,,,,
,,,,,
,,,,,
,,,,,
,,,,,
,,,,,
,,,,,
,,,,,
,,,,,
,,,,,
,,,,,
,,,,,
,,,,,
,,,,,
,,,,,
,,,,,
,,,,,
,,,,,
,,,,,
,,,,,
,,,,,
,,,,,
,,,,,
,,,,,
,,,,,
,,,,,
,,,,,
,,,,,
,,,,,
,,,,,
,,,,,
,,,,,
,,,,,
,,,,,
,,,,,
,,,,,
,,,,,
,,,,,
,,,,,
,,,,,
,,,,,
,,,,,
,,,,,
,,,,,
,,,,,
,,,,,
,,,,,
,,,,,
,,,,,
,,,,,
,,,,,
,,,,,
,,,,,
,,,,,
,,,,,
,,,,,
,,,,,
,,,,,
,,,,,
,,,,,
,,,,,
,,,,,
,,,,,
,,,,,
,,,,,
,,,,,
,,,,,
,,,,,
,,,,,
,,,,,
,,,,,
,,,,,
,,,,,
,,,,,
,,,,,
,,,,,
,,,,,
,,,,,
,,,,,
,,,,,
,,,,,
,,,,,
,,,,,
,,,,,
,,,,,
,,,,,
,,,,,
,,,,,
,,,,,
,,,,,
,,,,,
,,,,,
,,,,,
,,,,,
,,,,,
,,,,,
,,,,,
,,,,,
,,,,,
,,,,,
,,,,,
,,,,,
,,,,,
,,,,,
,,,,,
,,,,,
,,,,,
,,,,,
,,,,,
,,,,,
,,,,,
,,,,,
,,,,,
,,,,,
,,,,,
,,,,,
,,,,,
,,,,,
,,,,,
,,,,,
,,,,,
,,,,,
,,,,,
,,,,,
,,,,,
,,,,,
,,,,,
,,,,,
,,,,,
,,,,,
,,,,,
,,,,,
,,,,,
,,,,,
,,,,,
,,,,,
,,,,,
,,,,,
,,,,,
,,,,,
,,,,,
,,,,,
,,,,,
,,,,,
,,,,,
,,,,,
,,,,,
,,,,,
,,,,,
,,,,,
,,,,,
,,,,,
,,,,,
,,,,,
,,,,,
,,,,,
,,,,,
,,,,,
,,,,,
,,,,,
,,,,,
,,,,,
,,,,,
,,,,,
,,,,,
,,,,,
,,,,,
,,,,,
,,,,,
,,,,,
,,,,,
,,,,,
,,,,,
,,,,,
,,,,,
,,,,,
,,,,,
,,,,,
,,,,,
,,,,,
,,,,,
,,,,,
,,,,,
,,,,,
,,,,,
,,,,,
,,,,,
,,,,,
,,,,,
,,,,,
,,,,,
,,,,,
,,,,,
,,,,,
,,,,,
,,,,,
,,,,,
,,,,,
,,,,,
,,,,,
,,,,,
,,,,,
,,,,,
,,,,,
,,,,,
,,,,,
,,,,,
,,,,,
,,,,,
,,,,,
,,,,,
,,,,,
,,,,,
,,,,,
,,,,,
,,,,,
,,,,,
,,,,,
,,,,,
,,,,,
,,,,,
,,,,,
,,,,,
,,,,,
,,,,,
,,,,,
,,,,,
,,,,,
,,,,,
,,,,,
,,,,,
,,,,,
,,,,,
,,,,,
,,,,,
,,,,,
,,,,,
,,,,,
,,,,,
,,,,,
,,,,,
,,,,,
,,,,,
,,,,,
,,,,,
,,,,,
,,,,,
,,,,,
,,,,,
,,,,,
,,,,,
,,,,,
,,,,,
,,,,,
,,,,,
,,,,,
,,,,,
,,,,,
,,,,,
,,,,,
,,,,,
,,,,,
,,,,,
,,,,,
,,,,,
,,,,,
,,,,,
,,,,,
,,,,,
,,,,,
,,,,,
,,,,,
,,,,,
,,,,,
,,,,,
,,,,,
,,,,,
,,,,,
,,,,,
,,,,,
,,,,,
,,,,,
,,,,,
,,,,,
,,,,,
,,,,,
,,,,,
,,,,,
,,,,,
,,,,,
,,,,,
,,,,,
,,,,,
,,,,,
,,,,,
,,,,,
,,,,,
,,,,,
,,,,,
,,,,,
,,,,,
,,,,,
,,,,,
,,,,,
,,,,,
,,,,,
,,,,,
,,,,,
,,,,,
,,,,,
,,,,,
,,,,,
,,,,,
,,,,,
,,,,,
,,,,,
,,,,,
,,,,,
,,,,,
,,,,,
,,,,,
,,,,,
,,,,,
,,,,,
,,,,,
,,,,,
,,,,,
,,,,,
,,,,,
,,,,,
,,,,,
,,,,,
,,,,,
,,,,,
,,,,,
,,,,,
,,,,,
,,,,,
,,,,,
,,,,,
,,,,,
,,,,,
,,,,,
,,,,,
,,,,,
,,,,,
,,,,,
,,,,,
,,,,,
,,,,,
,,,,,
,,,,,
,,,,,
,,,,,
,,,,,
,,,,,
,,,,,
,,,,,
,,,,,
,,,,,
,,,,,
,,,,,
,,,,,
,,,,,
,,,,,
,,,,,
,,,,,
,,,,,
,,,,,
,,,,,
,,,,,
,,,,,
,,,,,
,,,,,
,,,,,
,,,,,
,,,,,
,,,,,
,,,,,
,,,,,
,,,,,
,,,,,
,,,,,
,,,,,
,,,,,
,,,,,
,,,,,
,,,,,
,,,,,
,,,,,
,,,,,
,,,,,
,,,,,
,,,,,
,,,,,
,,,,,
,,,,,
,,,,,
,,,,,
,,,,,
,,,,,
,,,,,
,,,,,
,,,,,
,,,,,
,,,,,
,,,,,
,,,,,
,,,,,
,,,,,
,,,,,
,,,,,
,,,,,
,,,,,
,,,,,
,,,,,
,,,,,
,,,,,
,,,,,
,,,,,
,,,,,
,,,,,
,,,,,
,,,,,
,,,,,
,,,,,
,,,,,
,,,,,
,,,,,
,,,,,
,,,,,
,,,,,
,,,,,
,,,,,
,,,,,
,,,,,
,,,,,
,,,,,
,,,,,
,,,,,
,,,,,
,,,,,
,,,,,
,,,,,
,,,,,
,,,,,
,,,,,
,,,,,
,,,,,
,,,,,
,,,,,
,,,,,
,,,,,
,,,,,
,,,,,
,,,,,
,,,,,
,,,,,
,,,,,
,,,,,
,,,,,
,,,,,
,,,,,
,,,,,
,,,,,
,,,,,
,,,,,
,,,,,
,,,,,
,,,,,
,,,,,
,,,,,
,,,,,
,,,,,
,,,,,
,,,,,
,,,,,
,,,,,
,,,,,
,,,,,
,,,,,
,,,,,
,,,,,
,,,,,
,,,,,
,,,,,
,,,,,
,,,,,
,,,,,
,,,,,
,,,,,
,,,,,
,,,,,
,,,,,
,,,,,
,,,,,
,,,,,
,,,,,
,,,,,
,,,,,
,,,,,
,,,,,
,,,,,
,,,,,
,,,,,
,,,,,
,,,,,
,,,,,
,,,,,
,,,,,
,,,,,
,,,,,
,,,,,
,,,,,
,,,,,
,,,,,
,,,,,
,,,,,
,,,,,
,,,,,
,,,,,
,,,,,
,,,,,
,,,,,
,,,,,
,,,,,
,,,,,
,,,,,
,,,,,
,,,,,
,,,,,
,,,,,
,,,,,
,,,,,
,,,,,
,,,,,
,,,,,
,,,,,
,,,,,
,,,,,
,,,,,
,,,,,
,,,,,
,,,,,
,,,,,
,,,,,
,,,,,
,,,,,
,,,,,
,,,,,
,,,,,
,,,,,
,,,,,
,,,,,
,,,,,
,,,,,
,,,,,
,,,,,
,,,,,
,,,,,
,,,,,
,,,,,
,,,,,
,,,,,
,,,,,
,,,,,
,,,,,
,,,,,
,,,,,
,,,,,
,,,,,
,,,,,
,,,,,
,,,,,
,,,,,
,,,,,
,,,,,
,,,,,
,,,,,
,,,,,
,,,,,
,,,,,
,,,,,
,,,,,
,,,,,
,,,,,
,,,,,
,,,,,
,,,,,
,,,,,
,,,,,
,,,,,
,,,,,
,,,,,
,,,,,
,,,,,
,,,,,
,,,,,
,,,,,
,,,,,
,,,,,
,,,,,
,,,,,
,,,,,
,,,,,
,,,,,
,,,,,
,,,,,
,,,,,
,,,,,
,,,,,
,,,,,
,,,,,
,,,,,
,,,,,
,,,,,
,,,,,
,,,,,
,,,,,
,,,,,
,,,,,
,,,,,
,,,,,
,,,,,
,,,,,
,,,,,
,,,,,
,,,,,
,,,,,
,,,,,
,,,,,
,,,,,
,,,,,
,,,,,
,,,,,
,,,,,
,,,,,
,,,,,
,,,,,
,,,,,
,,,,,
,,,,,
,,,,,
,,,,,
,,,,,
,,,,,
,,,,,
,,,,,
,,,,,
,,,,,
,,,,,
,,,,,
,,,,,
,,,,,
,,,,,
,,,,,
,,,,,
,,,,,
,,,,,
,,,,,
,,,,,
,,,,,
,,,,,
,,,,,
,,,,,
,,,,,
,,,,,
,,,,,
,,,,,
,,,,,
,,,,,
,,,,,
,,,,,
,,,,,
,,,,,
,,,,,
,,,,,
,,,,,
,,,,,
,,,,,
,,,,,
,,,,,
,,,,,
,,,,,
,,,,,
,,,,,
,,,,,
,,,,,
,,,,,
,,,,,
,,,,,
,,,,,
,,,,,
,,,,,
,,,,,
,,,,,
,,,,,
,,,,,
,,,,,
,,,,,
,,,,,
,,,,,
,,,,,
,,,,,
,,,,,
,,,,,
,,,,,
,,,,,
,,,,,
,,,,,
,,,,,
,,,,,
,,,,,
,,,,,
,,,,,
,,,,,
,,,,,
,,,,,
,,,,,
,,,,,
,,,,,
,,,,,
,,,,,
,,,,,
,,,,,
,,,,,
,,,,,
,,,,,
,,,,,
,,,,,
,,,,,
,,,,,
,,,,,
,,,,,
,,,,,
,,,,,
,,,,,
,,,,,
,,,,,
,,,,,
,,,,,
,,,,,
,,,,,
,,,,,
,,,,,
,,,,,
,,,,,
,,,,,
,,,,,
,,,,,
,,,,,
,,,,,
,,,,,
,,,,,
,,,,,
,,,,,
,,,,,
,,,,,
,,,,,
,,,,,
,,,,,
,,,,,
,,,,,
,,,,,
,,,,,
,,,,,
,,,,,
,,,,,
,,,,,
,,,,,
,,,,,
,,,,,
,,,,,
,,,,,
,,,,,
,,,,,
,,,,,
,,,,,
,,,,,
,,,,,
,,,,,
,,,,,
,,,,,
,,,,,
,,,,,
,,,,,
,,,,,
,,,,,
,,,,,
,,,,,
,,,,,
,,,,,
,,,,,
,,,,,
,,,,,
,,,,,
,,,,,
,,,,,
,,,,,
,,,,,
,,,,,
,,,,,
,,,,,
,,,,,
,,,,,
,,,,,
,,,,,
,,,,,
,,,,,
,,,,,
,,,,,
,,,,,
,,,,,
,,,,,
,,,,,
,,,,,
,,,,,
,,,,,
,,,,,
,,,,,
,,,,,
,,,,,
,,,,,
,,,,,
,,,,,
,,,,,
,,,,,
,,,,,
,,,,,
,,,,,
,,,,,
,,,,,
,,,,,
,,,,,
,,,,,
,,,,,
,,,,,
,,,,,
,,,,,
,,,,,
,,,,,
,,,,,
,,,,,
,,,,,
,,,,,
,,,,,
,,,,,
,,,,,
,,,,,
,,,,,
,,,,,
,,,,,
,,,,,
,,,,,
,,,,,
,,,,,
,,,,,
,,,,,
,,,,,
,,,,,
,,,,,
,,,,,
,,,,,
,,,,,
,,,,,
,,,,,
,,,,,
,,,,,
,,,,,
,,,,,
,,,,,
,,,,,
,,,,,
,,,,,
,,,,,
,,,,,
,,,,,
,,,,,
,,,,,
,,,,,
,,,,,
,,,,,
,,,,,
,,,,,
,,,,,
,,,,,
,,,,,
,,,,,
,,,,,
,,,,,
,,,,,
,,,,,
,,,,,
,,,,,
,,,,,
,,,,,
,,,,,
,,,,,
,,,,,
,,,,,
,,,,,
,,,,,
,,,,,
,,,,,
,,,,,
,,,,,
,,,,,
,,,,,
,,,,,
,,,,,
,,,,,
,,,,,
,,,,,
,,,,,
,,,,,
,,,,,
,,,,,
,,,,,
,,,,,
,,,,,
,,,,,
,,,,,
,,,,,
,,,,,
,,,,,
,,,,,
,,,,,
,,,,,
,,,,,
,,,,,
,,,,,
,,,,,
,,,,,
,,,,,
,,,,,
,,,,,
,,,,,
,,,,,
,,,,,
,,,,,
,,,,,
,,,,,
,,,,,
,,,,,
,,,,,
,,,,,
,,,,,
,,,,,
,,,,,
,,,,,
,,,,,
,,,,,
,,,,,
,,,,,
,,,,,
,,,,,
,,,,,
,,,,,
,,,,,
,,,,,
,,,,,
,,,,,
,,,,,
,,,,,
,,,,,
,,,,,
,,,,,
,,,,,
,,,,,
,,,,,
,,,,,
,,,,,
,,,,,
,,,,,
,,,,,
,,,,,
,,,,,
,,,,,
,,,,,
,,,,,
,,,,,
,,,,,
,,,,,
,,,,,
,,,,,
,,,,,
,,,,,
,,,,,
,,,,,
,,,,,
,,,,,
,,,,,
,,,,,
,,,,,
,,,,,
,,,,,
,,,,,
,,,,,
,,,,,
,,,,,
,,,,,
,,,,,
,,,,,
,,,,,
,,,,,
,,,,,
,,,,,
,,,,,
,,,,,
,,,,,
,,,,,
,,,,,
,,,,,
,,,,,
,,,,,
,,,,,
,,,,,
,,,,,
,,,,,
,,,,,
,,,,,
,,,,,
,,,,,
,,,,,
,,,,,
,,,,,
,,,,,
,,,,,
,,,,,
,,,,,
,,,,,
,,,,,
,,,,,
,,,,,
,,,,,
,,,,,
,,,,,
,,,,,
,,,,,
,,,,,
,,,,,
,,,,,
,,,,,
,,,,,
,,,,,
,,,,,
,,,,,
,,,,,
,,,,,
,,,,,
,,,,,
,,,,,
,,,,,
,,,,,
,,,,,
,,,,,
,,,,,
,,,,,
,,,,,
,,,,,
,,,,,
,,,,,
,,,,,
,,,,,
,,,,,
,,,,,
,,,,,
,,,,,
,,,,,
,,,,,
,,,,,
,,,,,
,,,,,
,,,,,
,,,,,
,,,,,
,,,,,
,,,,,
,,,,,
,,,,,
,,,,,
,,,,,
,,,,,
,,,,,
,,,,,
,,,,,
,,,,,
,,,,,
,,,,,
,,,,,
,,,,,
,,,,,
,,,,,
,,,,,
,,,,,
,,,,,
,,,,,
,,,,,
,,,,,
,,,,,
,,,,,
,,,,,
,,,,,
,,,,,
,,,,,
,,,,,
,,,,,
,,,,,
,,,,,
,,,,,
,,,,,
,,,,,
,,,,,
,,,,,
,,,,,
,,,,,
,,,,,
,,,,,
,,,,,
,,,,,
,,,,,
,,,,,
,,,,,
,,,,,
,,,,,
,,,,,
,,,,,
,,,,,
,,,,,
,,,,,
,,,,,
,,,,,
,,,,,
,,,,,
,,,,,
,,,,,
,,,,,
,,,,,
,,,,,
,,,,,
,,,,,
,,,,,
,,,,,
,,,,,
,,,,,
,,,,,
,,,,,
,,,,,
,,,,,
,,,,,
,,,,,
,,,,,
,,,,,
,,,,,
,,,,,
,,,,,
,,,,,
,,,,,
,,,,,
,,,,,
,,,,,
,,,,,
,,,,,
,,,,,
,,,,,
,,,,,
,,,,,
,,,,,
,,,,,
,,,,,
,,,,,
,,,,,
,,,,,
,,,,,
,,,,,
,,,,,
,,,,,
,,,,,
,,,,,
,,,,,
,,,,,
,,,,,
,,,,,
,,,,,
,,,,,
,,,,,
,,,,,
,,,,,
,,,,,
,,,,,
,,,,,
,,,,,
,,,,,
,,,,,
,,,,,
,,,,,
,,,,,
,,,,,
,,,,,
,,,,,
,,,,,
,,,,,
,,,,,
,,,,,
,,,,,
,,,,,
,,,,,
,,,,,
,,,,,
,,,,,
,,,,,
,,,,,
,,,,,
,,,,,
,,,,,
,,,,,
,,,,,
,,,,,
,,,,,
,,,,,
,,,,,
,,,,,
,,,,,
,,,,,
,,,,,
,,,,,
,,,,,
,,,,,
,,,,,
,,,,,
,,,,,
,,,,,
,,,,,
,,,,,
,,,,,
,,,,,
,,,,,
,,,,,
,,,,,
,,,,,
,,,,,
,,,,,
,,,,,
,,,,,
,,,,,
,,,,,
,,,,,
,,,,,
,,,,,
,,,,,
,,,,,
,,,,,
,,,,,
,,,,,
,,,,,
,,,,,
,,,,,
,,,,,
,,,,,
,,,,,
,,,,,
,,,,,
,,,,,
,,,,,
,,,,,
,,,,,
,,,,,
,,,,,
,,,,,
,,,,,
,,,,,
,,,,,
,,,,,
,,,,,
,,,,,
,,,,,
,,,,,
,,,,,
,,,,,
,,,,,
,,,,,
,,,,,
,,,,,
,,,,,
,,,,,
,,,,,
,,,,,
,,,,,
,,,,,
,,,,,
,,,,,
,,,,,
,,,,,
,,,,,
,,,,,
,,,,,
,,,,,
,,,,,
,,,,,
,,,,,
,,,,,
,,,,,
,,,,,
,,,,,
,,,,,
,,,,,
,,,,,
,,,,,
,,,,,
,,,,,
,,,,,
,,,,,
,,,,,
,,,,,
,,,,,
,,,,,
,,,,,
,,,,,
,,,,,
,,,,,
,,,,,
,,,,,
,,,,,
,,,,,
,,,,,
,,,,,
,,,,,
,,,,,
,,,,,
,,,,,
,,,,,
,,,,,
,,,,,
,,,,,
,,,,,
,,,,,
,,,,,
,,,,,
,,,,,
,,,,,
,,,,,
,,,,,
,,,,,
,,,,,
,,,,,
,,,,,
,,,,,
,,,,,
,,,,,
,,,,,
,,,,,
,,,,,
,,,,,
,,,,,
,,,,,
,,,,,
,,,,,
,,,,,
,,,,,
,,,,,
,,,,,
,,,,,
,,,,,
,,,,,
,,,,,
,,,,,
,,,,,
,,,,,
,,,,,
,,,,,
,,,,,
,,,,,
,,,,,
,,,,,
,,,,,
,,,,,
,,,,,
,,,,,
,,,,,
,,,,,
,,,,,
,,,,,
,,,,,
,,,,,
,,,,,
,,,,,
,,,,,
,,,,,
,,,,,
,,,,,
,,,,,
,,,,,
,,,,,
,,,,,
,,,,,
,,,,,
,,,,,
,,,,,
,,,,,
,,,,,
,,,,,
,,,,,
,,,,,
,,,,,
,,,,,
,,,,,
,,,,,
,,,,,
,,,,,
,,,,,
,,,,,
,,,,,
,,,,,
,,,,,
,,,,,
,,,,,
,,,,,
,,,,,
,,,,,
,,,,,
,,,,,
,,,,,
,,,,,
,,,,,
,,,,,
,,,,,
,,,,,
,,,,,
,,,,,
,,,,,
,,,,,
,,,,,
,,,,,
,,,,,
,,,,,
,,,,,
,,,,,
,,,,,
,,,,,
,,,,,
,,,,,
,,,,,
,,,,,
,,,,,
,,,,,
,,,,,
,,,,,
,,,,,
,,,,,
,,,,,
,,,,,
,,,,,
,,,,,
,,,,,
,,,,,
,,,,,
,,,,,
,,,,,
,,,,,
,,,,,
,,,,,
,,,,,
,,,,,
,,,,,
,,,,,
,,,,,
,,,,,
,,,,,
,,,,,
,,,,,
,,,,,
,,,,,
,,,,,
,,,,,
,,,,,
,,,,,
,,,,,
,,,,,
,,,,,
,,,,,
,,,,,
,,,,,
,,,,,
,,,,,
,,,,,
,,,,,
,,,,,
,,,,,
,,,,,
,,,,,
,,,,,
,,,,,
,,,,,
,,,,,
,,,,,
,,,,,
,,,,,
,,,,,
,,,,,
,,,,,
,,,,,
,,,,,
,,,,,
,,,,,
,,,,,
,,,,,
,,,,,
,,,,,
,,,,,
,,,,,
,,,,,
,,,,,
,,,,,
,,,,,
,,,,,
,,,,,
,,,,,
,,,,,
,,,,,
,,,,,
,,,,,
,,,,,
,,,,,
,,,,,
,,,,,
,,,,,
,,,,,
,,,,,
,,,,,
,,,,,
,,,,,
,,,,,
,,,,,
,,,,,
,,,,,
,,,,,
,,,,,
,,,,,
,,,,,
,,,,,
,,,,,
,,,,,
,,,,,
,,,,,
,,,,,
,,,,,
,,,,,
,,,,,
,,,,,
,,,,,
,,,,,
,,,,,
,,,,,
,,,,,
,,,,,
,,,,,
,,,,,
,,,,,
,,,,,
,,,,,
,,,,,
,,,,,
,,,,,
,,,,,
,,,,,
,,,,,
,,,,,
,,,,,
,,,,,
,,,,,
,,,,,
,,,,,
,,,,,
,,,,,
,,,,,
,,,,,
,,,,,
,,,,,
,,,,,
,,,,,
,,,,,
,,,,,
,,,,,
,,,,,
,,,,,
,,,,,
,,,,,
,,,,,
,,,,,
,,,,,
,,,,,
,,,,,
,,,,,
,,,,,
,,,,,
,,,,,
,,,,,
,,,,,
,,,,,
,,,,,
,,,,,
,,,,,
,,,,,
,,,,,
,,,,,
,,,,,
,,,,,
,,,,,
,,,,,
,,,,,
,,,,,
,,,,,
,,,,,
,,,,,
,,,,,
,,,,,
,,,,,
,,,,,
,,,,,
,,,,,
,,,,,
,,,,,
,,,,,
,,,,,
,,,,,
,,,,,
,,,,,
,,,,,
,,,,,
,,,,,
,,,,,
,,,,,
,,,,,
,,,,,
,,,,,
,,,,,
,,,,,
,,,,,
,,,,,
,,,,,
,,,,,
,,,,,
,,,,,
,,,,,
,,,,,
,,,,,
,,,,,
,,,,,
,,,,,
,,,,,
,,,,,
,,,,,
,,,,,
,,,,,
,,,,,
,,,,,
,,,,,
,,,,,
,,,,,
,,,,,
,,,,,
,,,,,
,,,,,
,,,,,
,,,,,
,,,,,
,,,,,
,,,,,
,,,,,
,,,,,
,,,,,
,,,,,
,,,,,
,,,,,
,,,,,
,,,,,
,,,,,
,,,,,
,,,,,
,,,,,
,,,,,
,,,,,
,,,,,
,,,,,
,,,,,
,,,,,
,,,,,
,,,,,
,,,,,
,,,,,
,,,,,
,,,,,
,,,,,
,,,,,
,,,,,
,,,,,
,,,,,
,,,,,
,,,,,
,,,,,
,,,,,
,,,,,
,,,,,
,,,,,
,,,,,
,,,,,
,,,,,
,,,,,
,,,,,
,,,,,
,,,,,
,,,,,
,,,,,
,,,,,
,,,,,
,,,,,
,,,,,
,,,,,
,,,,,
,,,,,
,,,,,
,,,,,
,,,,,
,,,,,
,,,,,
,,,,,
,,,,,
,,,,,
,,,,,
,,,,,
,,,,,
,,,,,
,,,,,
,,,,,
,,,,,
,,,,,
,,,,,
,,,,,
,,,,,
,,,,,
,,,,,
,,,,,
,,,,,
,,,,,
,,,,,
,,,,,
,,,,,
,,,,,
,,,,,
,,,,,
,,,,,
,,,,,
,,,,,
,,,,,
,,,,,
,,,,,
,,,,,
,,,,,
,,,,,
,,,,,
,,,,,
,,,,,
,,,,,
,,,,,
,,,,,
,,,,,
,,,,,
,,,,,
,,,,,
,,,,,
,,,,,
,,,,,
,,,,,
,,,,,
,,,,,
,,,,,
,,,,,
,,,,,
,,,,,
,,,,,
,,,,,
,,,,,
,,,,,
,,,,,
,,,,,
,,,,,
,,,,,
,,,,,
,,,,,
,,,,,
,,,,,
,,,,,
,,,,,
,,,,,
,,,,,
,,,,,
,,,,,
,,,,,
,,,,,
,,,,,
,,,,,
,,,,,
,,,,,
,,,,,
,,,,,
,,,,,
,,,,,
,,,,,
,,,,,
,,,,,
,,,,,
,,,,,
,,,,,
,,,,,
,,,,,
,,,,,
,,,,,
,,,,,
,,,,,
,,,,,
,,,,,
,,,,,
,,,,,
,,,,,
,,,,,
,,,,,
,,,,,
,,,,,
,,,,,
,,,,,
,,,,,
,,,,,
,,,,,
,,,,,
,,,,,
,,,,,
,,,,,
,,,,,
,,,,,
,,,,,
,,,,,
,,,,,
,,,,,
,,,,,
,,,,,
,,,,,
,,,,,
,,,,,
,,,,,
,,,,,
,,,,,
,,,,,
,,,,,
,,,,,
,,,,,
,,,,,
,,,,,
,,,,,
,,,,,
,,,,,
,,,,,
,,,,,
,,,,,
,,,,,
,,,,,
,,,,,
,,,,,
,,,,,
,,,,,
,,,,,
,,,,,
,,,,,
,,,,,
,,,,,
,,,,,
,,,,,
,,,,,
,,,,,
,,,,,
,,,,,
,,,,,
,,,,,
,,,,,
,,,,,
,,,,,
,,,,,
,,,,,
,,,,,
,,,,,
,,,,,
,,,,,
,,,,,
,,,,,
,,,,,
,,,,,
,,,,,
,,,,,
,,,,,
,,,,,
,,,,,
,,,,,
,,,,,
,,,,,
,,,,,
,,,,,
,,,,,
,,,,,
,,,,,
,,,,,
,,,,,
,,,,,
,,,,,
,,,,,
,,,,,
,,,,,
,,,,,
,,,,,
,,,,,
,,,,,
,,,,,
,,,,,
,,,,,
,,,,,
,,,,,
,,,,,
,,,,,
,,,,,
,,,,,
,,,,,
,,,,,
,,,,,
,,,,,
,,,,,
,,,,,
,,,,,
,,,,,
,,,,,
,,,,,
,,,,,
,,,,,
,,,,,
,,,,,
,,,,,
,,,,,
,,,,,
,,,,,
,,,,,
,,,,,
,,,,,
,,,,,
,,,,,
,,,,,
,,,,,
,,,,,
,,,,,
,,,,,
,,,,,
,,,,,
,,,,,
,,,,,
,,,,,
,,,,,
,,,,,
,,,,,
,,,,,
,,,,,
,,,,,
,,,,,
,,,,,
,,,,,
,,,,,
,,,,,
,,,,,
,,,,,
,,,,,
,,,,,
,,,,,
,,,,,
,,,,,
,,,,,
,,,,,
,,,,,
,,,,,
,,,,,
,,,,,
,,,,,
,,,,,
,,,,,
,,,,,
,,,,,
,,,,,
,,,,,
,,,,,
,,,,,
,,,,,
,,,,,
,,,,,
,,,,,
,,,,,
,,,,,
,,,,,
,,,,,
,,,,,
,,,,,
,,,,,
,,,,,
,,,,,
,,,,,
,,,,,
,,,,,
,,,,,
,,,,,
,,,,,
,,,,,
,,,,,
,,,,,
,,,,,
,,,,,
,,,,,
,,,,,
,,,,,
,,,,,
,,,,,
,,,,,
,,,,,
,,,,,
,,,,,
,,,,,
,,,,,
,,,,,
,,,,,
,,,,,
,,,,,
,,,,,
,,,,,
,,,,,
,,,,,
,,,,,
,,,,,
,,,,,
,,,,,
,,,,,
,,,,,
,,,,,
,,,,,
,,,,,
,,,,,
,,,,,
,,,,,
,,,,,
,,,,,
,,,,,
,,,,,
,,,,,
,,,,,
,,,,,
,,,,,
,,,,,
,,,,,
,,,,,
,,,,,
,,,,,
,,,,,
,,,,,
,,,,,
,,,,,
,,,,,
,,,,,
,,,,,
,,,,,
,,,,,
,,,,,
,,,,,
,,,,,
,,,,,
,,,,,
,,,,,
,,,,,
,,,,,
,,,,,
,,,,,
,,,,,
,,,,,
,,,,,
,,,,,
,,,,,
,,,,,
,,,,,
,,,,,
,,,,,
,,,,,
,,,,,
,,,,,
,,,,,
,,,,,
,,,,,
,,,,,
,,,,,
,,,,,
,,,,,
,,,,,
,,,,,
,,,,,
,,,,,
,,,,,
,,,,,
,,,,,
,,,,,
,,,,,
,,,,,
,,,,,
,,,,,
,,,,,
,,,,,
,,,,,
,,,,,
,,,,,
,,,,,
,,,,,
,,,,,
,,,,,
,,,,,
,,,,,
,,,,,
,,,,,
,,,,,
,,,,,
,,,,,
,,,,,
,,,,,
,,,,,
,,,,,
,,,,,
,,,,,
,,,,,
,,,,,
,,,,,
,,,,,
,,,,,
,,,,,
,,,,,
,,,,,
,,,,,
,,,,,
,,,,,
,,,,,
,,,,,
,,,,,
,,,,,
,,,,,
,,,,,
,,,,,
,,,,,
,,,,,
,,,,,
,,,,,
,,,,,
,,,,,
,,,,,
,,,,,
,,,,,
,,,,,
,,,,,
,,,,,
,,,,,
,,,,,
,,,,,
,,,,,
,,,,,
,,,,,
,,,,,
,,,,,
,,,,,
,,,,,
,,,,,
,,,,,
,,,,,
,,,,,
,,,,,
,,,,,
,,,,,
,,,,,
,,,,,
,,,,,
,,,,,
,,,,,
,,,,,
,,,,,
,,,,,
,,,,,
,,,,,
,,,,,
,,,,,
,,,,,
,,,,,
,,,,,
,,,,,
,,,,,
,,,,,
,,,,,
,,,,,
,,,,,
,,,,,
,,,,,
,,,,,
,,,,,
,,,,,
,,,,,
,,,,,
,,,,,
,,,,,
,,,,,
,,,,,
,,,,,
,,,,,
,,,,,
,,,,,
,,,,,
,,,,,
,,,,,
,,,,,
,,,,,
,,,,,
,,,,,
,,,,,
,,,,,
,,,,,
,,,,,
,,,,,
,,,,,
,,,,,
,,,,,
,,,,,
,,,,,
,,,,,
,,,,,
,,,,,
,,,,,
,,,,,
,,,,,
,,,,,
,,,,,
,,,,,
,,,,,
,,,,,
,,,,,
,,,,,
,,,,,
,,,,,
,,,,,
,,,,,
,,,,,
,,,,,
,,,,,
,,,,,
,,,,,
,,,,,
,,,,,
,,,,,
,,,,,
,,,,,
,,,,,
,,,,,
,,,,,
,,,,,
,,,,,
,,,,,
,,,,,
,,,,,
,,,,,
,,,,,
,,,,,
,,,,,
,,,,,
,,,,,
,,,,,
,,,,,
,,,,,
,,,,,
,,,,,
,,,,,
,,,,,
,,,,,
,,,,,
,,,,,
,,,,,
,,,,,
,,,,,
,,,,,
,,,,,
,,,,,
,,,,,
,,,,,
,,,,,
,,,,,
,,,,,
,,,,,
,,,,,
,,,,,
,,,,,
,,,,,
,,,,,
,,,,,
,,,,,
,,,,,
,,,,,
,,,,,
,,,,,
,,,,,
,,,,,
,,,,,
,,,,,
,,,,,
,,,,,
,,,,,
,,,,,
,,,,,
,,,,,
,,,,,
,,,,,
,,,,,
,,,,,
,,,,,
,,,,,
,,,,,
,,,,,
,,,,,
,,,,,
,,,,,
,,,,,
,,,,,
,,,,,
,,,,,
,,,,,
,,,,,
,,,,,
,,,,,
,,,,,
,,,,,
,,,,,
,,,,,
,,,,,
,,,,,
,,,,,
,,,,,
,,,,,
,,,,,
,,,,,
,,,,,
,,,,,
,,,,,
,,,,,
,,,,,
,,,,,
,,,,,
,,,,,
,,,,,
,,,,,
,,,,,
,,,,,
,,,,,
,,,,,
,,,,,
,,,,,
,,,,,
,,,,,
,,,,,
,,,,,
,,,,,
,,,,,
,,,,,
,,,,,
,,,,,
,,,,,
,,,,,
,,,,,
,,,,,
,,,,,
,,,,,
,,,,,
,,,,,
,,,,,
,,,,,
,,,,,
,,,,,
,,,,,
,,,,,
,,,,,
,,,,,
,,,,,
,,,,,
,,,,,
,,,,,
,,,,,
,,,,,
,,,,,
,,,,,
,,,,,
,,,,,
,,,,,
,,,,,
,,,,,
,,,,,
,,,,,
,,,,,
,,,,,
,,,,,
,,,,,
,,,,,
,,,,,
,,,,,
,,,,,
,,,,,
,,,,,
,,,,,
,,,,,
,,,,,
,,,,,
,,,,,
,,,,,
,,,,,
,,,,,
,,,,,
,,,,,
,,,,,
,,,,,
,,,,,
,,,,,
,,,,,
,,,,,
,,,,,
,,,,,
,,,,,
,,,,,
,,,,,
,,,,,
,,,,,
,,,,,
,,,,,
,,,,,
,,,,,
,,,,,
,,,,,
,,,,,
,,,,,
,,,,,
,,,,,
,,,,,
,,,,,
,,,,,
,,,,,
,,,,,
,,,,,
,,,,,
,,,,,
,,,,,
,,,,,
,,,,,
,,,,,
,,,,,
,,,,,
,,,,,
,,,,,
,,,,,
,,,,,
,,,,,
,,,,,
,,,,,
,,,,,
,,,,,
,,,,,
,,,,,
,,,,,
,,,,,
,,,,,
,,,,,
,,,,,
,,,,,
,,,,,
,,,,,
,,,,,
,,,,,
,,,,,
,,,,,
,,,,,
,,,,,
,,,,,
,,,,,
,,,,,
,,,,,
,,,,,
,,,,,
,,,,,
,,,,,
,,,,,
,,,,,
,,,,,
,,,,,
,,,,,
,,,,,
,,,,,
,,,,,
,,,,,
,,,,,
,,,,,
,,,,,
,,,,,
,,,,,
,,,,,
,,,,,
,,,,,
,,,,,
,,,,,
,,,,,
,,,,,
,,,,,
,,,,,
,,,,,
,,,,,
,,,,,
,,,,,
,,,,,
,,,,,
,,,,,
,,,,,
,,,,,
,,,,,
,,,,,
,,,,,
,,,,,
,,,,,
,,,,,
,,,,,
,,,,,
,,,,,
,,,,,
,,,,,
,,,,,
,,,,,
,,,,,
,,,,,
,,,,,
,,,,,
,,,,,
,,,,,
,,,,,
,,,,,
,,,,,
,,,,,
,,,,,
,,,,,
,,,,,
,,,,,
,,,,,
,,,,,
,,,,,
,,,,,
,,,,,
,,,,,
,,,,,
,,,,,
,,,,,
,,,,,
,,,,,
,,,,,
,,,,,
,,,,,
,,,,,
,,,,,
,,,,,
,,,,,
,,,,,
,,,,,
,,,,,
,,,,,
,,,,,
,,,,,
,,,,,
,,,,,
,,,,,
,,,,,
,,,,,
,,,,,
,,,,,
,,,,,
,,,,,
,,,,,
,,,,,
,,,,,
,,,,,
,,,,,
,,,,,
,,,,,
,,,,,
,,,,,
,,,,,
,,,,,
,,,,,
,,,,,
,,,,,
,,,,,
,,,,,
,,,,,
,,,,,
,,,,,
,,,,,
,,,,,
,,,,,
,,,,,
,,,,,
,,,,,
,,,,,
,,,,,
,,,,,
,,,,,
,,,,,
,,,,,
,,,,,
,,,,,
,,,,,
,,,,,
,,,,,
,,,,,
,,,,,
,,,,,
,,,,,
,,,,,
,,,,,
,,,,,
,,,,,
,,,,,
,,,,,
,,,,,
,,,,,
,,,,,
,,,,,
,,,,,
,,,,,
,,,,,
,,,,,
,,,,,
,,,,,
,,,,,
,,,,,
,,,,,
,,,,,
,,,,,
,,,,,
,,,,,
,,,,,
,,,,,
,,,,,
,,,,,
,,,,,
,,,,,
,,,,,
,,,,,
,,,,,
,,,,,
,,,,,
,,,,,
,,,,,
,,,,,
,,,,,
,,,,,
,,,,,
,,,,,
,,,,,
,,,,,
,,,,,
,,,,,
,,,,,
,,,,,
,,,,,
,,,,,
,,,,,
,,,,,
,,,,,
,,,,,
,,,,,
,,,,,
,,,,,
,,,,,
,,,,,
,,,,,
,,,,,
,,,,,
,,,,,
,,,,,
,,,,,
,,,,,
,,,,,
,,,,,
,,,,,
,,,,,
,,,,,
,,,,,
,,,,,
,,,,,
,,,,,
,,,,,
,,,,,
,,,,,
,,,,,
,,,,,
,,,,,
,,,,,
,,,,,
,,,,,
,,,,,
,,,,,
,,,,,
,,,,,
,,,,,
,,,,,
,,,,,
,,,,,
,,,,,
,,,,,
,,,,,
,,,,,
,,,,,
,,,,,
,,,,,
,,,,,
,,,,,
,,,,,
,,,,,
,,,,,
,,,,,
,,,,,
,,,,,
,,,,,
,,,,,
,,,,,
,,,,,
,,,,,
,,,,,
,,,,,
,,,,,
,,,,,
,,,,,
,,,,,
,,,,,
,,,,,
,,,,,
,,,,,
,,,,,
,,,,,
,,,,,
,,,,,
,,,,,
,,,,,
,,,,,
,,,,,
,,,,,
,,,,,
,,,,,
,,,,,
,,,,,
,,,,,
,,,,,
,,,,,
,,,,,
,,,,,
,,,,,
,,,,,
,,,,,
,,,,,
,,,,,
,,,,,
,,,,,
,,,,,
,,,,,
,,,,,
,,,,,
,,,,,
,,,,,
,,,,,
,,,,,
,,,,,
,,,,,
,,,,,
,,,,,
,,,,,
,,,,,
,,,,,
,,,,,
,,,,,
,,,,,
,,,,,
,,,,,
,,,,,
,,,,,
,,,,,
,,,,,
,,,,,
,,,,,
,,,,,
,,,,,
,,,,,
,,,,,
,,,,,
,,,,,
,,,,,
,,,,,
,,,,,
,,,,,
,,,,,
,,,,,
,,,,,
,,,,,
,,,,,
,,,,,
,,,,,
,,,,,
,,,,,
,,,,,
,,,,,
,,,,,
,,,,,
,,,,,
,,,,,
,,,,,
,,,,,
,,,,,
,,,,,
,,,,,
,,,,,
,,,,,
,,,,,
,,,,,
,,,,,
,,,,,
,,,,,
,,,,,
,,,,,
,,,,,
,,,,,
,,,,,
,,,,,
,,,,,
,,,,,
,,,,,
,,,,,
,,,,,
,,,,,
,,,,,
,,,,,
,,,,,
,,,,,
,,,,,
,,,,,
,,,,,
,,,,,
,,,,,
,,,,,
,,,,,
,,,,,
,,,,,
,,,,,
,,,,,
,,,,,
,,,,,
,,,,,
,,,,,
,,,,,
,,,,,
,,,,,
,,,,,
,,,,,
,,,,,
,,,,,
,,,,,
,,,,,
,,,,,
,,,,,
,,,,,
,,,,,
,,,,,
,,,,,
,,,,,
,,,,,
,,,,,
,,,,,
,,,,,
,,,,,
,,,,,
,,,,,
,,,,,
,,,,,
,,,,,
,,,,,
,,,,,
,,,,,
,,,,,
,,,,,
,,,,,
,,,,,
,,,,,
,,,,,
,,,,,
,,,,,
,,,,,
,,,,,
,,,,,
,,,,,
,,,,,
,,,,,
,,,,,
,,,,,
,,,,,
,,,,,
,,,,,
,,,,,
,,,,,
,,,,,
,,,,,
,,,,,
,,,,,
,,,,,
,,,,,
,,,,,
,,,,,
,,,,,
,,,,,
,,,,,
,,,,,
,,,,,
,,,,,
,,,,,
,,,,,
,,,,,
,,,,,
,,,,,
,,,,,
,,,,,
,,,,,
,,,,,
,,,,,
,,,,,
,,,,,
,,,,,
,,,,,
,,,,,
,,,,,
,,,,,
,,,,,
,,,,,
,,,,,
,,,,,
,,,,,
,,,,,
,,,,,
,,,,,
,,,,,
,,,,,
,,,,,
,,,,,
,,,,,
,,,,,
,,,,,
,,,,,
,,,,,
,,,,,
,,,,,
,,,,,
,,,,,
,,,,,
,,,,,
,,,,,
,,,,,
,,,,,
,,,,,
,,,,,
,,,,,
,,,,,
,,,,,
,,,,,
,,,,,
,,,,,
,,,,,
,,,,,
,,,,,
,,,,,
,,,,,
,,,,,
,,,,,
,,,,,
,,,,,
,,,,,
,,,,,
,,,,,
,,,,,
,,,,,
,,,,,
,,,,,
,,,,,
,,,,,
,,,,,
,,,,,
,,,,,
,,,,,
,,,,,
,,,,,
,,,,,
,,,,,
,,,,,
,,,,,
,,,,,
,,,,,
,,,,,
,,,,,
,,,,,
,,,,,
,,,,,
,,,,,
,,,,,
,,,,,
,,,,,
,,,,,
,,,,,
,,,,,
,,,,,
,,,,,
,,,,,
,,,,,
,,,,,
,,,,,
,,,,,
,,,,,
,,,,,
,,,,,
,,,,,
,,,,,
,,,,,
,,,,,
,,,,,
,,,,,
,,,,,
,,,,,
,,,,,
,,,,,
,,,,,
,,,,,
,,,,,
,,,,,
,,,,,
,,,,,
,,,,,
,,,,,
,,,,,
,,,,,
,,,,,
,,,,,
,,,,,
,,,,,
,,,,,
,,,,,
,,,,,
,,,,,
,,,,,
,,,,,
,,,,,
,,,,,
,,,,,
,,,,,
,,,,,
,,,,,
,,,,,
,,,,,
,,,,,
,,,,,
,,,,,
,,,,,
,,,,,
,,,,,
,,,,,
,,,,,
,,,,,
,,,,,
,,,,,
,,,,,
,,,,,
,,,,,
,,,,,
,,,,,
,,,,,
,,,,,
,,,,,
,,,,,
,,,,,
,,,,,
,,,,,
,,,,,
,,,,,
,,,,,
,,,,,
,,,,,
,,,,,
,,,,,
,,,,,
,,,,,
,,,,,
,,,,,
,,,,,
,,,,,
,,,,,
,,,,,
,,,,,
,,,,,
,,,,,
,,,,,
,,,,,
,,,,,
,,,,,
,,,,,
,,,,,
,,,,,
,,,,,
,,,,,
,,,,,
,,,,,
,,,,,
,,,,,
,,,,,
,,,,,
,,,,,
,,,,,
,,,,,
,,,,,
,,,,,
,,,,,
,,,,,
,,,,,
,,,,,
,,,,,
,,,,,
,,,,,
,,,,,
,,,,,
,,,,,
,,,,,
,,,,,
,,,,,
,,,,,
,,,,,
,,,,,
,,,,,
,,,,,
,,,,,
,,,,,
,,,,,
,,,,,
,,,,,
,,,,,
,,,,,
,,,,,
,,,,,
,,,,,
,,,,,
,,,,,
,,,,,
,,,,,
,,,,,
,,,,,
,,,,,
,,,,,
,,,,,
,,,,,
,,,,,
,,,,,
,,,,,
,,,,,
,,,,,
,,,,,
,,,,,
,,,,,
,,,,,
,,,,,
,,,,,
,,,,,
,,,,,
,,,,,
,,,,,
,,,,,
,,,,,
,,,,,
,,,,,
,,,,,
,,,,,
,,,,,
,,,,,
,,,,,
,,,,,
,,,,,
,,,,,
,,,,,
,,,,,
,,,,,
,,,,,
,,,,,
,,,,,
,,,,,
,,,,,
,,,,,
,,,,,
,,,,,
,,,,,
,,,,,
,,,,,
,,,,,
,,,,,
,,,,,
,,,,,
,,,,,
,,,,,
,,,,,
,,,,,
,,,,,
,,,,,
,,,,,
,,,,,
,,,,,
,,,,,
,,,,,
,,,,,
,,,,,
,,,,,
,,,,,
,,,,,
,,,,,
,,,,,
,,,,,
,,,,,
,,,,,
,,,,,
,,,,,
,,,,,
,,,,,
,,,,,
,,,,,
,,,,,
,,,,,
,,,,,
,,,,,
,,,,,
,,,,,
,,,,,
,,,,,
,,,,,
,,,,,
,,,,,
,,,,,
,,,,,
,,,,,
,,,,,
,,,,,
,,,,,
,,,,,
,,,,,
,,,,,
,,,,,
,,,,,
,,,,,
,,,,,
,,,,,
,,,,,
,,,,,
,,,,,
,,,,,
,,,,,
,,,,,
,,,,,
,,,,,
,,,,,
,,,,,
,,,,,
,,,,,
,,,,,
,,,,,
,,,,,
,,,,,
,,,,,
,,,,,
,,,,,
,,,,,
,,,,,
,,,,,
,,,,,
,,,,,
,,,,,
,,,,,
,,,,,
,,,,,
,,,,,
,,,,,
,,,,,
,,,,,
,,,,,
,,,,,
,,,,,
,,,,,
,,,,,
,,,,,
,,,,,
,,,,,
,,,,,
,,,,,
,,,,,
,,,,,
,,,,,
,,,,,
,,,,,
,,,,,
,,,,,
,,,,,
,,,,,
,,,,,
,,,,,
,,,,,
,,,,,
,,,,,
,,,,,
,,,,,
,,,,,
,,,,,
,,,,,
,,,,,
,,,,,
,,,,,
,,,,,
,,,,,
,,,,,
,,,,,
,,,,,
,,,,,
,,,,,
,,,,,
,,,,,
,,,,,
,,,,,
,,,,,
,,,,,
,,,,,
,,,,,
,,,,,
,,,,,
,,,,,
,,,,,
,,,,,
,,,,,
,,,,,
,,,,,
,,,,,
,,,,,
,,,,,
,,,,,
,,,,,
,,,,,
,,,,,
,,,,,
,,,,,
,,,,,
,,,,,
,,,,,
,,,,,
,,,,,
,,,,,
,,,,,
,,,,,
,,,,,
,,,,,
,,,,,
,,,,,
,,,,,
,,,,,
,,,,,
,,,,,
,,,,,
,,,,,
,,,,,
,,,,,
,,,,,
,,,,,
,,,,,
,,,,,
,,,,,
,,,,,
,,,,,
,,,,,
,,,,,
,,,,,
,,,,,
,,,,,
,,,,,
,,,,,
,,,,,
,,,,,
,,,,,
,,,,,
,,,,,
,,,,,
,,,,,
,,,,,
,,,,,
,,,,,
,,,,,
,,,,,
,,,,,
,,,,,
,,,,,
,,,,,
,,,,,
,,,,,
,,,,,
,,,,,
,,,,,
,,,,,
,,,,,
,,,,,
,,,,,
,,,,,
,,,,,
,,,,,
,,,,,
,,,,,
,,,,,
,,,,,
,,,,,
,,,,,
,,,,,
,,,,,
,,,,,
,,,,,
,,,,,
,,,,,
,,,,,
,,,,,
,,,,,
,,,,,
,,,,,
,,,,,
,,,,,
,,,,,
,,,,,
,,,,,
,,,,,
,,,,,
,,,,,
,,,,,
,,,,,
,,,,,
,,,,,
,,,,,
,,,,,
,,,,,
,,,,,
,,,,,
,,,,,
,,,,,
,,,,,
,,,,,
,,,,,
,,,,,
,,,,,
,,,,,
,,,,,
,,,,,
,,,,,
,,,,,
,,,,,
,,,,,
,,,,,
,,,,,
,,,,,
,,,,,
,,,,,
,,,,,
,,,,,
,,,,,
,,,,,
,,,,,
,,,,,
,,,,,
,,,,,
,,,,,
,,,,,
,,,,,
,,,,,
,,,,,
,,,,,
,,,,,
,,,,,
,,,,,
,,,,,
,,,,,
,,,,,
,,,,,
,,,,,
,,,,,
,,,,,
,,,,,
,,,,,
,,,,,
,,,,,
,,,,,
,,,,,
,,,,,
,,,,,
,,,,,
,,,,,
,,,,,
,,,,,
,,,,,
,,,,,
,,,,,
,,,,,
,,,,,
,,,,,
,,,,,
,,,,,
,,,,,
,,,,,
,,,,,
,,,,,
,,,,,
,,,,,
,,,,,
,,,,,
,,,,,
,,,,,
,,,,,
,,,,,
,,,,,
,,,,,
,,,,,
,,,,,
,,,,,
,,,,,
,,,,,
,,,,,
,,,,,
,,,,,
,,,,,
,,,,,
,,,,,
,,,,,
,,,,,
,,,,,
,,,,,
,,,,,
,,,,,
,,,,,
,,,,,
,,,,,
,,,,,
,,,,,
,,,,,
,,,,,
,,,,,
,,,,,
,,,,,
,,,,,
,,,,,
,,,,,
,,,,,
,,,,,
,,,,,
,,,,,
,,,,,
,,,,,
,,,,,
,,,,,
,,,,,
,,,,,
,,,,,
,,,,,
,,,,,
,,,,,
,,,,,
,,,,,
,,,,,
,,,,,
,,,,,
,,,,,
,,,,,
,,,,,
,,,,,
,,,,,
,,,,,
,,,,,
,,,,,
,,,,,
,,,,,
,,,,,
,,,,,
,,,,,
,,,,,
,,,,,
,,,,,
,,,,,
,,,,,
,,,,,
,,,,,
,,,,,
,,,,,
,,,,,
,,,,,
,,,,,
,,,,,
,,,,,
,,,,,
,,,,,
,,,,,
,,,,,
,,,,,
,,,,,
,,,,,
,,,,,
,,,,,
,,,,,
,,,,,
,,,,,
,,,,,
,,,,,
,,,,,
,,,,,
,,,,,
,,,,,
,,,,,
,,,,,
,,,,,
,,,,,
,,,,,
,,,,,
,,,,,
,,,,,
,,,,,
,,,,,
,,,,,
,,,,,
,,,,,
,,,,,
,,,,,
,,,,,
,,,,,
,,,,,
,,,,,
,,,,,
,,,,,
,,,,,
,,,,,
,,,,,
,,,,,
,,,,,
,,,,,
,,,,,
,,,,,
,,,,,
,,,,,
,,,,,
,,,,,
,,,,,
,,,,,
,,,,,
,,,,,
,,,,,
,,,,,
,,,,,
,,,,,
,,,,,
,,,,,
,,,,,
,,,,,
,,,,,
,,,,,
,,,,,
,,,,,
,,,,,
,,,,,
,,,,,
,,,,,
,,,,,
,,,,,
,,,,,
,,,,,
,,,,,
,,,,,
,,,,,
,,,,,
,,,,,
,,,,,
,,,,,
,,,,,
,,,,,
,,,,,
,,,,,
,,,,,
,,,,,
,,,,,
,,,,,
,,,,,
,,,,,
,,,,,
,,,,,
,,,,,
,,,,,
,,,,,
,,,,,
,,,,,
,,,,,
,,,,,
,,,,,
,,,,,
,,,,,
,,,,,
,,,,,
,,,,,
,,,,,
,,,,,
,,,,,
,,,,,
,,,,,
,,,,,
,,,,,
,,,,,
,,,,,
,,,,,
,,,,,
,,,,,
,,,,,
,,,,,
,,,,,
,,,,,
,,,,,
,,,,,
,,,,,
,,,,,
,,,,,
,,,,,
,,,,,
,,,,,
,,,,,
,,,,,
,,,,,
,,,,,
,,,,,
,,,,,
,,,,,
,,,,,
,,,,,
,,,,,
,,,,,
,,,,,
,,,,,
,,,,,
,,,,,
,,,,,
,,,,,
,,,,,
,,,,,
,,,,,
,,,,,
,,,,,
,,,,,
,,,,,
,,,,,
,,,,,
,,,,,
,,,,,
,,,,,
,,,,,
,,,,,
,,,,,
,,,,,
,,,,,
,,,,,
,,,,,
,,,,,
,,,,,
,,,,,
,,,,,
,,,,,
,,,,,
,,,,,
,,,,,
,,,,,
,,,,,
,,,,,
,,,,,
,,,,,
,,,,,
,,,,,
,,,,,
,,,,,
,,,,,
,,,,,
,,,,,
,,,,,
,,,,,
,,,,,
,,,,,
,,,,,
,,,,,
,,,,,
,,,,,
,,,,,
,,,,,
,,,,,
,,,,,
,,,,,
,,,,,
,,,,,
,,,,,
,,,,,
,,,,,
,,,,,
,,,,,
,,,,,
,,,,,
,,,,,
,,,,,
,,,,,
,,,,,
,,,,,
,,,,,
,,,,,
,,,,,
,,,,,
,,,,,
,,,,,
,,,,,
,,,,,
,,,,,
,,,,,
,,,,,
,,,,,
,,,,,
,,,,,
,,,,,
,,,,,
,,,,,
,,,,,
,,,,,
,,,,,
,,,,,
,,,,,
,,,,,
,,,,,
,,,,,
,,,,,
,,,,,
,,,,,
,,,,,
,,,,,
,,,,,
,,,,,
,,,,,
,,,,,
,,,,,
,,,,,
,,,,,
,,,,,
,,,,,
,,,,,
,,,,,
,,,,,
,,,,,
,,,,,
,,,,,
,,,,,
,,,,,
,,,,,
,,,,,
,,,,,
,,,,,
,,,,,
,,,,,
,,,,,
,,,,,
,,,,,
,,,,,
,,,,,
,,,,,
,,,,,
,,,,,
,,,,,
,,,,,
,,,,,
,,,,,
,,,,,
,,,,,
,,,,,
,,,,,
,,,,,
,,,,,
,,,,,
,,,,,
,,,,,
,,,,,
,,,,,
,,,,,
,,,,,
,,,,,
,,,,,
,,,,,
,,,,,
,,,,,
,,,,,
,,,,,
,,,,,
,,,,,
,,,,,
,,,,,
,,,,,
,,,,,
,,,,,
,,,,,
,,,,,
,,,,,
,,,,,
,,,,,
,,,,,
,,,,,
,,,,,
,,,,,
,,,,,
,,,,,
,,,,,
,,,,,
,,,,,
,,,,,
,,,,,
,,,,,
,,,,,
,,,,,
,,,,,
,,,,,
,,,,,
,,,,,
,,,,,
,,,,,
,,,,,
,,,,,
,,,,,
,,,,,
,,,,,
,,,,,
,,,,,
,,,,,
,,,,,
,,,,,
,,,,,
,,,,,
,,,,,
,,,,,
,,,,,
,,,,,
,,,,,
,,,,,
,,,,,
,,,,,
,,,,,
,,,,,
,,,,,
,,,,,
,,,,,
,,,,,
,,,,,
,,,,,
,,,,,
,,,,,
,,,,,
,,,,,
,,,,,
,,,,,
,,,,,
,,,,,
,,,,,
,,,,,
,,,,,
,,,,,
,,,,,
,,,,,
,,,,,
,,,,,
,,,,,
,,,,,
,,,,,
,,,,,
,,,,,
,,,,,
,,,,,
,,,,,
,,,,,
,,,,,
,,,,,
,,,,,
,,,,,
,,,,,
,,,,,
,,,,,
,,,,,
,,,,,
,,,,,
,,,,,
,,,,,
,,,,,
,,,,,
,,,,,
,,,,,
,,,,,
,,,,,
,,,,,
,,,,,
,,,,,
,,,,,
,,,,,
,,,,,
,,,,,
,,,,,
,,,,,
,,,,,
,,,,,
,,,,,
,,,,,
,,,,,
,,,,,
,,,,,
,,,,,
,,,,,
,,,,,
,,,,,
,,,,,
,,,,,
,,,,,
,,,,,
,,,,,
,,,,,
,,,,,
,,,,,
,,,,,
,,,,,
,,,,,
,,,,,
,,,,,
,,,,,
,,,,,
,,,,,
,,,,,
,,,,,
,,,,,
,,,,,
,,,,,
,,,,,
,,,,,
,,,,,
,,,,,
,,,,,
,,,,,
,,,,,
,,,,,
,,,,,
,,,,,
,,,,,
,,,,,
,,,,,
,,,,,
,,,,,
,,,,,
,,,,,
,,,,,
,,,,,
,,,,,
,,,,,
,,,,,
,,,,,
,,,,,
,,,,,
,,,,,
,,,,,
,,,,,
,,,,,
,,,,,
,,,,,
,,,,,
,,,,,
,,,,,
,,,,,
,,,,,
,,,,,
,,,,,
,,,,,
,,,,,
,,,,,
,,,,,
,,,,,
,,,,,
,,,,,
,,,,,
,,,,,
,,,,,
,,,,,
,,,,,
,,,,,
,,,,,
,,,,,
,,,,,
,,,,,
,,,,,
,,,,,
,,,,,
,,,,,
,,,,,
,,,,,
,,,,,
,,,,,
,,,,,
,,,,,
,,,,,
,,,,,
,,,,,
,,,,,
,,,,,
,,,,,
,,,,,
,,,,,
,,,,,
,,,,,
,,,,,
,,,,,
,,,,,
,,,,,
,,,,,
,,,,,
,,,,,
,,,,,
,,,,,
,,,,,
,,,,,
,,,,,
,,,,,
,,,,,
,,,,,
,,,,,
,,,,,
,,,,,
,,,,,
,,,,,
,,,,,
,,,,,
,,,,,
,,,,,
,,,,,
,,,,,
,,,,,
,,,,,
,,,,,
,,,,,
,,,,,
,,,,,
,,,,,
,,,,,
,,,,,
,,,,,
,,,,,
,,,,,
,,,,,
,,,,,
,,,,,
,,,,,
,,,,,
,,,,,
,,,,,
,,,,,
,,,,,
,,,,,
,,,,,
,,,,,
,,,,,
,,,,,
,,,,,
,,,,,
,,,,,
,,,,,
,,,,,
,,,,,
,,,,,
,,,,,
,,,,,
,,,,,
,,,,,
,,,,,
,,,,,
,,,,,
,,,,,
,,,,,
,,,,,
,,,,,
,,,,,
,,,,,
,,,,,
,,,,,
,,,,,
,,,,,
,,,,,
,,,,,
,,,,,
,,,,,
,,,,,
,,,,,
,,,,,
,,,,,
,,,,,
,,,,,
,,,,,
,,,,,
,,,,,
,,,,,
,,,,,
,,,,,
,,,,,
,,,,,
,,,,,
,,,,,
,,,,,
,,,,,
,,,,,
,,,,,
,,,,,
,,,,,
,,,,,
,,,,,
,,,,,
,,,,,
,,,,,
,,,,,
,,,,,
,,,,,
,,,,,
,,,,,
,,,,,
,,,,,
,,,,,
,,,,,
,,,,,
,,,,,
,,,,,
,,,,,
,,,,,
,,,,,
,,,,,
,,,,,
,,,,,
,,,,,
,,,,,
,,,,,
,,,,,
,,,,,
,,,,,
,,,,,
,,,,,
,,,,,
,,,,,
,,,,,
,,,,,
,,,,,
,,,,,
,,,,,
,,,,,
,,,,,
,,,,,
,,,,,
,,,,,
,,,,,
,,,,,
,,,,,
,,,,,
,,,,,
,,,,,
,,,,,
,,,,,
,,,,,
,,,,,
,,,,,
,,,,,
,,,,,
,,,,,
,,,,,
,,,,,
,,,,,
,,,,,
,,,,,
,,,,,
,,,,,
,,,,,
,,,,,
,,,,,
,,,,,
,,,,,
,,,,,
,,,,,
,,,,,
,,,,,
,,,,,
,,,,,
,,,,,
,,,,,
,,,,,
,,,,,
,,,,,
,,,,,
,,,,,
,,,,,
,,,,,
,,,,,
,,,,,
,,,,,
,,,,,
,,,,,
,,,,,
,,,,,
,,,,,
,,,,,
,,,,,
,,,,,
,,,,,
,,,,,
,,,,,
,,,,,
,,,,,
,,,,,
,,,,,
,,,,,
,,,,,
,,,,,
,,,,,
,,,,,
,,,,,
,,,,,
,,,,,
,,,,,
,,,,,
,,,,,
,,,,,
,,,,,
,,,,,
,,,,,
,,,,,
,,,,,
,,,,,
,,,,,
,,,,,
,,,,,
,,,,,
,,,,,
,,,,,
,,,,,
,,,,,
,,,,,
,,,,,
,,,,,
,,,,,
,,,,,
,,,,,
,,,,,
,,,,,
,,,,,
,,,,,
,,,,,
,,,,,
,,,,,
,,,,,
,,,,,
,,,,,
,,,,,
,,,,,
,,,,,
,,,,,
,,,,,
,,,,,
,,,,,
,,,,,
,,,,,
,,,,,
,,,,,
,,,,,
,,,,,
,,,,,
,,,,,
,,,,,
,,,,,
,,,,,
,,,,,
,,,,,
,,,,,
,,,,,
,,,,,
,,,,,
,,,,,
,,,,,
,,,,,
,,,,,
,,,,,
,,,,,
,,,,,
,,,,,
,,,,,
,,,,,
,,,,,
,,,,,
,,,,,
,,,,,
,,,,,
,,,,,
,,,,,
,,,,,
,,,,,
,,,,,
,,,,,
,,,,,
,,,,,
,,,,,
,,,,,
,,,,,
,,,,,
,,,,,
,,,,,
,,,,,
,,,,,
,,,,,
,,,,,
,,,,,
,,,,,
,,,,,
,,,,,
,,,,,
,,,,,
,,,,,
,,,,,
,,,,,
,,,,,
,,,,,
,,,,,
,,,,,
,,,,,
,,,,,
,,,,,
,,,,,
,,,,,
,,,,,
,,,,,
,,,,,
,,,,,
,,,,,
,,,,,
,,,,,
,,,,,
,,,,,
,,,,,
,,,,,
,,,,,
,,,,,
,,,,,
,,,,,
,,,,,
,,,,,
,,,,,
,,,,,
,,,,,
,,,,,
,,,,,
,,,,,
,,,,,
,,,,,
,,,,,
,,,,,
,,,,,
,,,,,
,,,,,
,,,,,
,,,,,
,,,,,
,,,,,
,,,,,
,,,,,
,,,,,
,,,,,
,,,,,
,,,,,
,,,,,
,,,,,
,,,,,
,,,,,
,,,,,
,,,,,
,,,,,
,,,,,
,,,,,
,,,,,
,,,,,
,,,,,
,,,,,
,,,,,
,,,,,
,,,,,
,,,,,
,,,,,
,,,,,
,,,,,
,,,,,
,,,,,
,,,,,
,,,,,
,,,,,
,,,,,
,,,,,
,,,,,
,,,,,
,,,,,
,,,,,
,,,,,
,,,,,
,,,,,
,,,,,
,,,,,
,,,,,
,,,,,
,,,,,
,,,,,
,,,,,
,,,,,
,,,,,
,,,,,
,,,,,
,,,,,
,,,,,
,,,,,
,,,,,
,,,,,
,,,,,
,,,,,
,,,,,
,,,,,
,,,,,
,,,,,
,,,,,
,,,,,
,,,,,
,,,,,
,,,,,
,,,,,
,,,,,
,,,,,
,,,,,
,,,,,
,,,,,
,,,,,
,,,,,
,,,,,
,,,,,
,,,,,
,,,,,
,,,,,
,,,,,
,,,,,
,,,,,
,,,,,
,,,,,
,,,,,
,,,,,
,,,,,
,,,,,
,,,,,
,,,,,
,,,,,
,,,,,
,,,,,
,,,,,
,,,,,
,,,,,
,,,,,
,,,,,
,,,,,
,,,,,
,,,,,
,,,,,
,,,,,
,,,,,
,,,,,
,,,,,
,,,,,
,,,,,
,,,,,
,,,,,
,,,,,
,,,,,
,,,,,
,,,,,
,,,,,
,,,,,
,,,,,
,,,,,
,,,,,
,,,,,
,,,,,
,,,,,
,,,,,
,,,,,
,,,,,
,,,,,
,,,,,
,,,,,
,,,,,
,,,,,
,,,,,
,,,,,
,,,,,
,,,,,
,,,,,
,,,,,
,,,,,
,,,,,
,,,,,
,,,,,
,,,,,
,,,,,
,,,,,
,,,,,
,,,,,
,,,,,
,,,,,
,,,,,
,,,,,
,,,,,
,,,,,
,,,,,
,,,,,
,,,,,
,,,,,
,,,,,
,,,,,
,,,,,
,,,,,
,,,,,
,,,,,
,,,,,
,,,,,
,,,,,
,,,,,
,,,,,
,,,,,
,,,,,
,,,,,
,,,,,
,,,,,
,,,,,
,,,,,
,,,,,
,,,,,
,,,,,
,,,,,
,,,,,
,,,,,
,,,,,
,,,,,
,,,,,
,,,,,
,,,,,
,,,,,
,,,,,
,,,,,
,,,,,
,,,,,
,,,,,
,,,,,
,,,,,
,,,,,
,,,,,
,,,,,
,,,,,
,,,,,
,,,,,
,,,,,
,,,,,
,,,,,
,,,,,
,,,,,
,,,,,
,,,,,
,,,,,
,,,,,
,,,,,
,,,,,
,,,,,
,,,,,
,,,,,
,,,,,
,,,,,
,,,,,
,,,,,
,,,,,
,,,,,
,,,,,
,,,,,
,,,,,
,,,,,
,,,,,
,,,,,
,,,,,
,,,,,
,,,,,
,,,,,
,,,,,
,,,,,
,,,,,
,,,,,
,,,,,
,,,,,
,,,,,
,,,,,
,,,,,
,,,,,
,,,,,
,,,,,
,,,,,
,,,,,
,,,,,
,,,,,
,,,,,
,,,,,
,,,,,
,,,,,
,,,,,
,,,,,
,,,,,
,,,,,
,,,,,
,,,,,
,,,,,
,,,,,
,,,,,
,,,,,
,,,,,
,,,,,
,,,,,
,,,,,
,,,,,
,,,,,
,,,,,
,,,,,
,,,,,
,,,,,
,,,,,
,,,,,
,,,,,
,,,,,
,,,,,
,,,,,
,,,,,
,,,,,
,,,,,
,,,,,
,,,,,
,,,,,
,,,,,
,,,,,
,,,,,
,,,,,
,,,,,
,,,,,
,,,,,
,,,,,
,,,,,
,,,,,
,,,,,
,,,,,
,,,,,
,,,,,
,,,,,
,,,,,
,,,,,
,,,,,
,,,,,
,,,,,
,,,,,
,,,,,
,,,,,
,,,,,
,,,,,
,,,,,
,,,,,
,,,,,
,,,,,
,,,,,
,,,,,
,,,,,
,,,,,
,,,,,
,,,,,
,,,,,
,,,,,
,,,,,
,,,,,
,,,,,
,,,,,
,,,,,
,,,,,
,,,,,
,,,,,
,,,,,
,,,,,
,,,,,
,,,,,
,,,,,
,,,,,
,,,,,
,,,,,
,,,,,
,,,,,
,,,,,
,,,,,
,,,,,
,,,,,
,,,,,
,,,,,
,,,,,
,,,,,
,,,,,
,,,,,
,,,,,
,,,,,
,,,,,
,,,,,
,,,,,
,,,,,
,,,,,
,,,,,
,,,,,
,,,,,
,,,,,
,,,,,
,,,,,
,,,,,
,,,,,
,,,,,
,,,,,
,,,,,
,,,,,
,,,,,
,,,,,
,,,,,
,,,,,
,,,,,
,,,,,
,,,,,
,,,,,
,,,,,
,,,,,
,,,,,
,,,,,
,,,,,
,,,,,
,,,,,
,,,,,
,,,,,
,,,,,
,,,,,
,,,,,
,,,,,
,,,,,
,,,,,
,,,,,
,,,,,
,,,,,
,,,,,
,,,,,
,,,,,
,,,,,
,,,,,
,,,,,
,,,,,
,,,,,
,,,,,
,,,,,
,,,,,
,,,,,
,,,,,
,,,,,
,,,,,
,,,,,
,,,,,
,,,,,
,,,,,
,,,,,
,,,,,
,,,,,
,,,,,
,,,,,
,,,,,
,,,,,
,,,,,
,,,,,
,,,,,
,,,,,
,,,,,
,,,,,
,,,,,
,,,,,
,,,,,
,,,,,
,,,,,
,,,,,
,,,,,
,,,,,
,,,,,
,,,,,
,,,,,
,,,,,
,,,,,
,,,,,
,,,,,
,,,,,
,,,,,
,,,,,
,,,,,
,,,,,
,,,,,
,,,,,
,,,,,
,,,,,
,,,,,
,,,,,
,,,,,
,,,,,
,,,,,
,,,,,
,,,,,
,,,,,
,,,,,
,,,,,
,,,,,
,,,,,
,,,,,
,,,,,
,,,,,
,,,,,
,,,,,
,,,,,
,,,,,
,,,,,
,,,,,
,,,,,
,,,,,
,,,,,
,,,,,
,,,,,
,,,,,
,,,,,
,,,,,
,,,,,
,,,,,
,,,,,
,,,,,
,,,,,
,,,,,
,,,,,
,,,,,
,,,,,
,,,,,
,,,,,
,,,,,
,,,,,
,,,,,
,,,,,
,,,,,
,,,,,
,,,,,
,,,,,
,,,,,
,,,,,
,,,,,
,,,,,
,,,,,
,,,,,
,,,,,
,,,,,
,,,,,
,,,,,
,,,,,
,,,,,
,,,,,
,,,,,
,,,,,
,,,,,
,,,,,
,,,,,
,,,,,
,,,,,
,,,,,
,,,,,
,,,,,
,,,,,
,,,,,
,,,,,
,,,,,
,,,,,
,,,,,
,,,,,
,,,,,
,,,,,
,,,,,
,,,,,
,,,,,
,,,,,
,,,,,
,,,,,
,,,,,
,,,,,
,,,,,
,,,,,
,,,,,
,,,,,
,,,,,
,,,,,
,,,,,
,,,,,
,,,,,
,,,,,
,,,,,
,,,,,
,,,,,
,,,,,
,,,,,
,,,,,
,,,,,
,,,,,
,,,,,
,,,,,
,,,,,
,,,,,
,,,,,
,,,,,
,,,,,
,,,,,
,,,,,
,,,,,
,,,,,
,,,,,
,,,,,
,,,,,
,,,,,
,,,,,
,,,,,
,,,,,
,,,,,
,,,,,
,,,,,
,,,,,
,,,,,
,,,,,
,,,,,
,,,,,
,,,,,
,,,,,
,,,,,
,,,,,
,,,,,
,,,,,
,,,,,
,,,,,
,,,,,
,,,,,
,,,,,
,,,,,
,,,,,
,,,,,
,,,,,
,,,,,
,,,,,
,,,,,
,,,,,
,,,,,
,,,,,
,,,,,
,,,,,
,,,,,
,,,,,
,,,,,
,,,,,
,,,,,
,,,,,
,,,,,
,,,,,
,,,,,
,,,,,
,,,,,
,,,,,
,,,,,
,,,,,
,,,,,
,,,,,
,,,,,
,,,,,
,,,,,
,,,,,
,,,,,
,,,,,
,,,,,
,,,,,
,,,,,
,,,,,
,,,,,
,,,,,
,,,,,
,,,,,
,,,,,
,,,,,
,,,,,
,,,,,
,,,,,
,,,,,
,,,,,
,,,,,
,,,,,
,,,,,
,,,,,
,,,,,
,,,,,
,,,,,
,,,,,
,,,,,
,,,,,
,,,,,
,,,,,
,,,,,
,,,,,
,,,,,
,,,,,
,,,,,
,,,,,
,,,,,
,,,,,
,,,,,
,,,,,
,,,,,
,,,,,
,,,,,
,,,,,
,,,,,
,,,,,
,,,,,
,,,,,
,,,,,
,,,,,
,,,,,
,,,,,
,,,,,
,,,,,
,,,,,
,,,,,
,,,,,
,,,,,
,,,,,
,,,,,
,,,,,
,,,,,
,,,,,
,,,,,
,,,,,
,,,,,
,,,,,
,,,,,
,,,,,
,,,,,
,,,,,
,,,,,
,,,,,
,,,,,
,,,,,
,,,,,
,,,,,
,,,,,
,,,,,
,,,,,
,,,,,
,,,,,
,,,,,
,,,,,
,,,,,
,,,,,
,,,,,
,,,,,
,,,,,
,,,,,
,,,,,
,,,,,
,,,,,
,,,,,
,,,,,
,,,,,
,,,,,
,,,,,
,,,,,
,,,,,
,,,,,
,,,,,
,,,,,
,,,,,
,,,,,
,,,,,
,,,,,
,,,,,
,,,,,
,,,,,
,,,,,
,,,,,
,,,,,
,,,,,
,,,,,
,,,,,
,,,,,
,,,,,
,,,,,
,,,,,
,,,,,
,,,,,
,,,,,
,,,,,
,,,,,
,,,,,
,,,,,
,,,,,
,,,,,
,,,,,
,,,,,
,,,,,
,,,,,
,,,,,
,,,,,
,,,,,
,,,,,
,,,,,
,,,,,
,,,,,
,,,,,
,,,,,
,,,,,
,,,,,
,,,,,
,,,,,
,,,,,
,,,,,
,,,,,
,,,,,
,,,,,
,,,,,
,,,,,
,,,,,
,,,,,
,,,,,
,,,,,
,,,,,
,,,,,
,,,,,
,,,,,
,,,,,
,,,,,
,,,,,
,,,,,
,,,,,
,,,,,
,,,,,
,,,,,
,,,,,
,,,,,
,,,,,
,,,,,
,,,,,
,,,,,
,,,,,
,,,,,
,,,,,
,,,,,
,,,,,
,,,,,
,,,,,
,,,,,
,,,,,
,,,,,
,,,,,
,,,,,
,,,,,
,,,,,
,,,,,
,,,,,
,,,,,
,,,,,
,,,,,
,,,,,
,,,,,
,,,,,
,,,,,
,,,,,
,,,,,
,,,,,
,,,,,
,,,,,
,,,,,
,,,,,
,,,,,
,,,,,
,,,,,
,,,,,
,,,,,
,,,,,
,,,,,
,,,,,
,,,,,
,,,,,
,,,,,
,,,,,
,,,,,
,,,,,
,,,,,
,,,,,
,,,,,
,,,,,
,,,,,
,,,,,
,,,,,
,,,,,
,,,,,
,,,,,
,,,,,
,,,,,
,,,,,
,,,,,
,,,,,
,,,,,
,,,,,
,,,,,
,,,,,
,,,,,
,,,,,
,,,,,
,,,,,
,,,,,
,,,,,
,,,,,
,,,,,
,,,,,
,,,,,
,,,,,
,,,,,
,,,,,
,,,,,
,,,,,
,,,,,
,,,,,
,,,,,
,,,,,
,,,,,
,,,,,
,,,,,
,,,,,
,,,,,
,,,,,
,,,,,
,,,,,
,,,,,
,,,,,
,,,,,
,,,,,
,,,,,
,,,,,
,,,,,
,,,,,
,,,,,
,,,,,
,,,,,
,,,,,
,,,,,
,,,,,
,,,,,
,,,,,
,,,,,
,,,,,
,,,,,
,,,,,
,,,,,
,,,,,
,,,,,
,,,,,
,,,,,
,,,,,
,,,,,
,,,,,
,,,,,
,,,,,
,,,,,
,,,,,
,,,,,
,,,,,
,,,,,
,,,,,
,,,,,
,,,,,
,,,,,
,,,,,
,,,,,
,,,,,
,,,,,
,,,,,
,,,,,
,,,,,
,,,,,
,,,,,
,,,,,
,,,,,
,,,,,
,,,,,
,,,,,
,,,,,
,,,,,
,,,,,
,,,,,
,,,,,
,,,,,
,,,,,
,,,,,
,,,,,
,,,,,
,,,,,
,,,,,
,,,,,
,,,,,
,,,,,
,,,,,
,,,,,
,,,,,
,,,,,
,,,,,
,,,,,
,,,,,
,,,,,
,,,,,
,,,,,
,,,,,
,,,,,
,,,,,
,,,,,
,,,,,
,,,,,
,,,,,
,,,,,
,,,,,
,,,,,
,,,,,
,,,,,
,,,,,
,,,,,
,,,,,
,,,,,
,,,,,
,,,,,
,,,,,
,,,,,
,,,,,
,,,,,
,,,,,
,,,,,
,,,,,
,,,,,
,,,,,
,,,,,
,,,,,
,,,,,
,,,,,
,,,,,
,,,,,
,,,,,
,,,,,
,,,,,
,,,,,
,,,,,
,,,,,
,,,,,
,,,,,
,,,,,
,,,,,
,,,,,
,,,,,
,,,,,
,,,,,
,,,,,
,,,,,
,,,,,
,,,,,
,,,,,
,,,,,
,,,,,
,,,,,
,,,,,
,,,,,
,,,,,
,,,,,
,,,,,
,,,,,
,,,,,
,,,,,
,,,,,
,,,,,
,,,,,
,,,,,
,,,,,
,,,,,
,,,,,
,,,,,
,,,,,
,,,,,
,,,,,
,,,,,
,,,,,
,,,,,
,,,,,
,,,,,
,,,,,
,,,,,
,,,,,
,,,,,
,,,,,
,,,,,
,,,,,
,,,,,
,,,,,
,,,,,
,,,,,
,,,,,
,,,,,
,,,,,
,,,,,
,,,,,
,,,,,
,,,,,
,,,,,
,,,,,
,,,,,
,,,,,
,,,,,
,,,,,
,,,,,
,,,,,
,,,,,
,,,,,
,,,,,
,,,,,
,,,,,
,,,,,
,,,,,
,,,,,
,,,,,
,,,,,
,,,,,
,,,,,
,,,,,
,,,,,
,,,,,
,,,,,
,,,,,
,,,,,
,,,,,
,,,,,
,,,,,
,,,,,
,,,,,
,,,,,
,,,,,
,,,,,
,,,,,
,,,,,
,,,,,
,,,,,
,,,,,
,,,,,
,,,,,
,,,,,
,,,,,
,,,,,
,,,,,
,,,,,
,,,,,
,,,,,
,,,,,
,,,,,
,,,,,
,,,,,
,,,,,
,,,,,
,,,,,
,,,,,
,,,,,
,,,,,
,,,,,
,,,,,
,,,,,
,,,,,
,,,,,
,,,,,
,,,,,
,,,,,
,,,,,
,,,,,
,,,,,
,,,,,
,,,,,
,,,,,
,,,,,
,,,,,
,,,,,
,,,,,
,,,,,
,,,,,
,,,,,
,,,,,
,,,,,
,,,,,
,,,,,
,,,,,
,,,,,
,,,,,
,,,,,
,,,,,
,,,,,
,,,,,
,,,,,
,,,,,
,,,,,
,,,,,
,,,,,
,,,,,
,,,,,
,,,,,
,,,,,
,,,,,
,,,,,
,,,,,
,,,,,
,,,,,
,,,,,
,,,,,
,,,,,
,,,,,
,,,,,
,,,,,
,,,,,
,,,,,
,,,,,
,,,,,
,,,,,
,,,,,
,,,,,
,,,,,
,,,,,
,,,,,
,,,,,
,,,,,
,,,,,
,,,,,
,,,,,
,,,,,
,,,,,
,,,,,
,,,,,
,,,,,
,,,,,
,,,,,
,,,,,
,,,,,
,,,,,
,,,,,
,,,,,
,,,,,
,,,,,
,,,,,
,,,,,
,,,,,
,,,,,
,,,,,
,,,,,
,,,,,
,,,,,
,,,,,
,,,,,
,,,,,
,,,,,
,,,,,
,,,,,
,,,,,
,,,,,
,,,,,
,,,,,
,,,,,
,,,,,
,,,,,
,,,,,
,,,,,
,,,,,
,,,,,
,,,,,
,,,,,
,,,,,
,,,,,
,,,,,
,,,,,
,,,,,
,,,,,
,,,,,
,,,,,
,,,,,
,,,,,
,,,,,
,,,,,
,,,,,
,,,,,
,,,,,
,,,,,
,,,,,
,,,,,
,,,,,
,,,,,
,,,,,
,,,,,
,,,,,
,,,,,
,,,,,
,,,,,
,,,,,
,,,,,
,,,,,
,,,,,
,,,,,
,,,,,
,,,,,
,,,,,
,,,,,
,,,,,
,,,,,
,,,,,
,,,,,
,,,,,
,,,,,
,,,,,
,,,,,
,,,,,
,,,,,
,,,,,
,,,,,
,,,,,
,,,,,
,,,,,
,,,,,
,,,,,
,,,,,
,,,,,
,,,,,
,,,,,
,,,,,
,,,,,
,,,,,
,,,,,
,,,,,
,,,,,
,,,,,
,,,,,
,,,,,
,,,,,
,,,,,
,,,,,
,,,,,
,,,,,
,,,,,
,,,,,
,,,,,
,,,,,
,,,,,
,,,,,
,,,,,
,,,,,
,,,,,
,,,,,
,,,,,
,,,,,
,,,,,
,,,,,
,,,,,
,,,,,
,,,,,
,,,,,
,,,,,
,,,,,
,,,,,
,,,,,
,,,,,
,,,,,
,,,,,
,,,,,
,,,,,
,,,,,
,,,,,
,,,,,
,,,,,
,,,,,
,,,,,
,,,,,
,,,,,
,,,,,
,,,,,
,,,,,
,,,,,
,,,,,
,,,,,
,,,,,
,,,,,
,,,,,
,,,,,
,,,,,
,,,,,
,,,,,
,,,,,
,,,,,
,,,,,
,,,,,
,,,,,
,,,,,
,,,,,
,,,,,
,,,,,
,,,,,
,,,,,
,,,,,
,,,,,
,,,,,
,,,,,
,,,,,
,,,,,
,,,,,
,,,,,
,,,,,
,,,,,
,,,,,
,,,,,
,,,,,
,,,,,
,,,,,
,,,,,
,,,,,
,,,,,
,,,,,
,,,,,
,,,,,
,,,,,
,,,,,
,,,,,
,,,,,
,,,,,
,,,,,
,,,,,
,,,,,
,,,,,
,,,,,
,,,,,
,,,,,
,,,,,
,,,,,
,,,,,
,,,,,
,,,,,
,,,,,
,,,,,
,,,,,
,,,,,
,,,,,
,,,,,
,,,,,
,,,,,
,,,,,
,,,,,
,,,,,
,,,,,
,,,,,
,,,,,
,,,,,
,,,,,
,,,,,
,,,,,
,,,,,
,,,,,
,,,,,
,,,,,
,,,,,
,,,,,
,,,,,
,,,,,
,,,,,
,,,,,
,,,,,
,,,,,
,,,,,
,,,,,
,,,,,
,,,,,
,,,,,
,,,,,
,,,,,
,,,,,
,,,,,
,,,,,
,,,,,
,,,,,
,,,,,
,,,,,
,,,,,
,,,,,
,,,,,
,,,,,
,,,,,
,,,,,
,,,,,
,,,,,
,,,,,
,,,,,
,,,,,
,,,,,
,,,,,
,,,,,
,,,,,
,,,,,
,,,,,
,,,,,
,,,,,
,,,,,
,,,,,
,,,,,
,,,,,
,,,,,
,,,,,
,,,,,
,,,,,
,,,,,
,,,,,
,,,,,
,,,,,
,,,,,
,,,,,
,,,,,
,,,,,
,,,,,
,,,,,
,,,,,
,,,,,
,,,,,
,,,,,
,,,,,
,,,,,
,,,,,
,,,,,
,,,,,
,,,,,
,,,,,
,,,,,
,,,,,
,,,,,
,,,,,
,,,,,
,,,,,
,,,,,
,,,,,
,,,,,
,,,,,
,,,,,
,,,,,
,,,,,
,,,,,
,,,,,
,,,,,
,,,,,
,,,,,
,,,,,
,,,,,
,,,,,
,,,,,
,,,,,
,,,,,
,,,,,
,,,,,
,,,,,
,,,,,
,,,,,
,,,,,
,,,,,
,,,,,
,,,,,
,,,,,
,,,,,
,,,,,
,,,,,
,,,,,
,,,,,
,,,,,
,,,,,
,,,,,
,,,,,
,,,,,
,,,,,
,,,,,
,,,,,
,,,,,
,,,,,
,,,,,
,,,,,
,,,,,
,,,,,
,,,,,
,,,,,
,,,,,
,,,,,
,,,,,
,,,,,
,,,,,
,,,,,
,,,,,
,,,,,
,,,,,
,,,,,
,,,,,
,,,,,
,,,,,
,,,,,
,,,,,
,,,,,
,,,,,
,,,,,
,,,,,
,,,,,
,,,,,
,,,,,
,,,,,
,,,,,
,,,,,
,,,,,
,,,,,
,,,,,
,,,,,
,,,,,
,,,,,
,,,,,
,,,,,
,,,,,
,,,,,
,,,,,
,,,,,
,,,,,
,,,,,
,,,,,
,,,,,
,,,,,
,,,,,
,,,,,
,,,,,
,,,,,
,,,,,
,,,,,
,,,,,
,,,,,
,,,,,
,,,,,
,,,,,
,,,,,
,,,,,
,,,,,
,,,,,
,,,,,
,,,,,
,,,,,
,,,,,
,,,,,
,,,,,
,,,,,
,,,,,
,,,,,
,,,,,
,,,,,
,,,,,
,,,,,
,,,,,
,,,,,
,,,,,
,,,,,
,,,,,
,,,,,
,,,,,
,,,,,
,,,,,
,,,,,
,,,,,
,,,,,
,,,,,
,,,,,
,,,,,
,,,,,
,,,,,
,,,,,
,,,,,
,,,,,
,,,,,
,,,,,
,,,,,
,,,,,
,,,,,
,,,,,
,,,,,
,,,,,
,,,,,
,,,,,
,,,,,
,,,,,
,,,,,
,,,,,
,,,,,
,,,,,
,,,,,
,,,,,
,,,,,
,,,,,
,,,,,
,,,,,
,,,,,
,,,,,
,,,,,
,,,,,
,,,,,
,,,,,
,,,,,
,,,,,
,,,,,
,,,,,
,,,,,
,,,,,
,,,,,
,,,,,
,,,,,
,,,,,
,,,,,
,,,,,
,,,,,
,,,,,
,,,,,
,,,,,
,,,,,
,,,,,
,,,,,
,,,,,
,,,,,
,,,,,
,,,,,
,,,,,
,,,,,
,,,,,
,,,,,
,,,,,
,,,,,
,,,,,
,,,,,
,,,,,
,,,,,
,,,,,
,,,,,
,,,,,
,,,,,
,,,,,
,,,,,
,,,,,
,,,,,
,,,,,
,,,,,
,,,,,
,,,,,
,,,,,
,,,,,
,,,,,
,,,,,
,,,,,
,,,,,
,,,,,
,,,,,
,,,,,
,,,,,
,,,,,
,,,,,
,,,,,
,,,,,
,,,,,
,,,,,
,,,,,
,,,,,
,,,,,
,,,,,
,,,,,
,,,,,
,,,,,
,,,,,
,,,,,
,,,,,
,,,,,
,,,,,
,,,,,
,,,,,
,,,,,
,,,,,
,,,,,
,,,,,
,,,,,
,,,,,
,,,,,
,,,,,
,,,,,
,,,,,
,,,,,
,,,,,
,,,,,
,,,,,
,,,,,
,,,,,
,,,,,
,,,,,
,,,,,
,,,,,
,,,,,
,,,,,
,,,,,
,,,,,
,,,,,
,,,,,
,,,,,
,,,,,
,,,,,
,,,,,
,,,,,
,,,,,
,,,,,
,,,,,
,,,,,
,,,,,
,,,,,
,,,,,
,,,,,
,,,,,
,,,,,
,,,,,
,,,,,
,,,,,
,,,,,
,,,,,
,,,,,
,,,,,
,,,,,
,,,,,
,,,,,
,,,,,
,,,,,
,,,,,
,,,,,
,,,,,
,,,,,
,,,,,
,,,,,
,,,,,
,,,,,
,,,,,
,,,,,
,,,,,
,,,,,
,,,,,
,,,,,
,,,,,
,,,,,
,,,,,
,,,,,
,,,,,
,,,,,
,,,,,
,,,,,
,,,,,
,,,,,
,,,,,
,,,,,
,,,,,
,,,,,
,,,,,
,,,,,
,,,,,
,,,,,
,,,,,
,,,,,
,,,,,
,,,,,
,,,,,
,,,,,
,,,,,
,,,,,
,,,,,
,,,,,
,,,,,
,,,,,
,,,,,
,,,,,
,,,,,
,,,,,
,,,,,
,,,,,
,,,,,
,,,,,
,,,,,
,,,,,
,,,,,
,,,,,
,,,,,
,,,,,
,,,,,
,,,,,
,,,,,
,,,,,
,,,,,
,,,,,
,,,,,
,,,,,
,,,,,
,,,,,
,,,,,
,,,,,
,,,,,
,,,,,
,,,,,
,,,,,
,,,,,
,,,,,
,,,,,
,,,,,
,,,,,
,,,,,
,,,,,
,,,,,
,,,,,
,,,,,
,,,,,
,,,,,
,,,,,
,,,,,
,,,,,
,,,,,
,,,,,
,,,,,
,,,,,
,,,,,
,,,,,
,,,,,
,,,,,
,,,,,
,,,,,
,,,,,
,,,,,
,,,,,
,,,,,
,,,,,
,,,,,
,,,,,
,,,,,
,,,,,
,,,,,
,,,,,
,,,,,
,,,,,
,,,,,
,,,,,
,,,,,
,,,,,
,,,,,
,,,,,
,,,,,
,,,,,
,,,,,
,,,,,
,,,,,
,,,,,
,,,,,
,,,,,
,,,,,
,,,,,
,,,,,
,,,,,
,,,,,
,,,,,
,,,,,
,,,,,
,,,,,
,,,,,
,,,,,
,,,,,
,,,,,
,,,,,
,,,,,
,,,,,
,,,,,
,,,,,
,,,,,
,,,,,
,,,,,
,,,,,
,,,,,
,,,,,
,,,,,
,,,,,
,,,,,
,,,,,
,,,,,
,,,,,
,,,,,
,,,,,
,,,,,
,,,,,
,,,,,
,,,,,
,,,,,
,,,,,
,,,,,
,,,,,
,,,,,
,,,,,
,,,,,
,,,,,
,,,,,
,,,,,
,,,,,
,,,,,
,,,,,
,,,,,
,,,,,
,,,,,
,,,,,
,,,,,
,,,,,
,,,,,
,,,,,
,,,,,
,,,,,
,,,,,
,,,,,
,,,,,
,,,,,
,,,,,
,,,,,
,,,,,
,,,,,
,,,,,
,,,,,
,,,,,
,,,,,
,,,,,
,,,,,
,,,,,
,,,,,
,,,,,
,,,,,
,,,,,
,,,,,
,,,,,
,,,,,
,,,,,
,,,,,
,,,,,
,,,,,
,,,,,
,,,,,
,,,,,
,,,,,
,,,,,
,,,,,
,,,,,
,,,,,
,,,,,
,,,,,
,,,,,
,,,,,
,,,,,
,,,,,
,,,,,
,,,,,
,,,,,
,,,,,
,,,,,
,,,,,
,,,,,
,,,,,
,,,,,
,,,,,
,,,,,
,,,,,
,,,,,
,,,,,
,,,,,
,,,,,
,,,,,
,,,,,
,,,,,
,,,,,
,,,,,
,,,,,
,,,,,
,,,,,
,,,,,
,,,,,
,,,,,
,,,,,
,,,,,
,,,,,
,,,,,
,,,,,
,,,,,
,,,,,
,,,,,
,,,,,
,,,,,
,,,,,
,,,,,
,,,,,
,,,,,
,,,,,
,,,,,
,,,,,
,,,,,
,,,,,
,,,,,
,,,,,
,,,,,
,,,,,
,,,,,
,,,,,
,,,,,
,,,,,
,,,,,
,,,,,
,,,,,
,,,,,
,,,,,
,,,,,
,,,,,
,,,,,
,,,,,
,,,,,
,,,,,
,,,,,
,,,,,
,,,,,
,,,,,
,,,,,
,,,,,
,,,,,
,,,,,
,,,,,
,,,,,
,,,,,
,,,,,
,,,,,
,,,,,
,,,,,
,,,,,
,,,,,
,,,,,
,,,,,
,,,,,
,,,,,
,,,,,
,,,,,
,,,,,
,,,,,
,,,,,
,,,,,
,,,,,
,,,,,
,,,,,
,,,,,
,,,,,
,,,,,
,,,,,
,,,,,
,,,,,
,,,,,
,,,,,
,,,,,
,,,,,
,,,,,
,,,,,
,,,,,
,,,,,
,,,,,
,,,,,
,,,,,
,,,,,
,,,,,
,,,,,
,,,,,
,,,,,
,,,,,
,,,,,
,,,,,
,,,,,
,,,,,
,,,,,
,,,,,
,,,,,
,,,,,
,,,,,
,,,,,
,,,,,
,,,,,
,,,,,
,,,,,
,,,,,
,,,,,
,,,,,
,,,,,
,,,,,
,,,,,
,,,,,
,,,,,
,,,,,
,,,,,
,,,,,
,,,,,
,,,,,
,,,,,
,,,,,
,,,,,
,,,,,
,,,,,
,,,,,
,,,,,
,,,,,
,,,,,
,,,,,
,,,,,
,,,,,
,,,,,
,,,,,
,,,,,
,,,,,
,,,,,
,,,,,
,,,,,
,,,,,
,,,,,
,,,,,
,,,,,
,,,,,
,,,,,
,,,,,
,,,,,
,,,,,
,,,,,
,,,,,
,,,,,
,,,,,
,,,,,
,,,,,
,,,,,
,,,,,
,,,,,
,,,,,
,,,,,
,,,,,
,,,,,
,,,,,
,,,,,
,,,,,
,,,,,
,,,,,
,,,,,
,,,,,
,,,,,
,,,,,
,,,,,
,,,,,
,,,,,
,,,,,
,,,,,
,,,,,
,,,,,
,,,,,
,,,,,
,,,,,
,,,,,
,,,,,
,,,,,
,,,,,
,,,,,
,,,,,
,,,,,
,,,,,
,,,,,
,,,,,
,,,,,
,,,,,
,,,,,
,,,,,
,,,,,
,,,,,
,,,,,
,,,,,
,,,,,
,,,,,
,,,,,
,,,,,
,,,,,
,,,,,
,,,,,
,,,,,
,,,,,
,,,,,
,,,,,
,,,,,
,,,,,
,,,,,
,,,,,
,,,,,
,,,,,
,,,,,
,,,,,
,,,,,
,,,,,
,,,,,
,,,,,
,,,,,
,,,,,
,,,,,
,,,,,
,,,,,
,,,,,
,,,,,
,,,,,
,,,,,
,,,,,
,,,,,
,,,,,
,,,,,
,,,,,
,,,,,
,,,,,
,,,,,
,,,,,
,,,,,
,,,,,
,,,,,
,,,,,
,,,,,
,,,,,
,,,,,
,,,,,
,,,,,
,,,,,
,,,,,
,,,,,
,,,,,
,,,,,
,,,,,
,,,,,
,,,,,
,,,,,
,,,,,
,,,,,
,,,,,
,,,,,
,,,,,
,,,,,
,,,,,
,,,,,
,,,,,
,,,,,
,,,,,
,,,,,
,,,,,
,,,,,
,,,,,
,,,,,
,,,,,
,,,,,
,,,,,
,,,,,
,,,,,
,,,,,
,,,,,
,,,,,
,,,,,
,,,,,
,,,,,
,,,,,
,,,,,
,,,,,
,,,,,
,,,,,
,,,,,
,,,,,
,,,,,
,,,,,
,,,,,
,,,,,
,,,,,
,,,,,
,,,,,
,,,,,
,,,,,
,,,,,
,,,,,
,,,,,
,,,,,
,,,,,
,,,,,
,,,,,
,,,,,
,,,,,
,,,,,
,,,,,
,,,,,
,,,,,
,,,,,
,,,,,
,,,,,
,,,,,
,,,,,
,,,,,
,,,,,
,,,,,
,,,,,
,,,,,
,,,,,
,,,,,
,,,,,
,,,,,
,,,,,
,,,,,
,,,,,
,,,,,
,,,,,
,,,,,
,,,,,
,,,,,
,,,,,
,,,,,
,,,,,
,,,,,
,,,,,
,,,,,
,,,,,
,,,,,
,,,,,
,,,,,
,,,,,
,,,,,
,,,,,
,,,,,
,,,,,
,,,,,
,,,,,
,,,,,
,,,,,
,,,,,
,,,,,
,,,,,
,,,,,
,,,,,
,,,,,
,,,,,
,,,,,
,,,,,
,,,,,
,,,,,
,,,,,
,,,,,
,,,,,
,,,,,
,,,,,
,,,,,
,,,,,
,,,,,
,,,,,
,,,,,
,,,,,
,,,,,
,,,,,
,,,,,
,,,,,
,,,,,
,,,,,
,,,,,
,,,,,
,,,,,
,,,,,
,,,,,
,,,,,
,,,,,
,,,,,
,,,,,
,,,,,
,,,,,
,,,,,
,,,,,
,,,,,
,,,,,
,,,,,
,,,,,
,,,,,
,,,,,
,,,,,
,,,,,
,,,,,
,,,,,
,,,,,
,,,,,
,,,,,
,,,,,
,,,,,
,,,,,
,,,,,
,,,,,
,,,,,
,,,,,
,,,,,
,,,,,
,,,,,
,,,,,
,,,,,
,,,,,
,,,,,
,,,,,
,,,,,
,,,,,
,,,,,
,,,,,
,,,,,
,,,,,
,,,,,
,,,,,
,,,,,
,,,,,
,,,,,
,,,,,
,,,,,
,,,,,
,,,,,
,,,,,
,,,,,
,,,,,
,,,,,
,,,,,
,,,,,
,,,,,
,,,,,
,,,,,
,,,,,
,,,,,
,,,,,
,,,,,
,,,,,
,,,,,
,,,,,
,,,,,
,,,,,
,,,,,
,,,,,
,,,,,
,,,,,
,,,,,
,,,,,
,,,,,
,,,,,
,,,,,
,,,,,
,,,,,
,,,,,
,,,,,
,,,,,
,,,,,
,,,,,
,,,,,
,,,,,
,,,,,
,,,,,
,,,,,
,,,,,
,,,,,
,,,,,
,,,,,
,,,,,
,,,,,
,,,,,
,,,,,
,,,,,
,,,,,
,,,,,
,,,,,
,,,,,
,,,,,
,,,,,
,,,,,
,,,,,
,,,,,
,,,,,
,,,,,
,,,,,
,,,,,
,,,,,
,,,,,
,,,,,
,,,,,
,,,,,
,,,,,
,,,,,
,,,,,
,,,,,
,,,,,
,,,,,
,,,,,
,,,,,
,,,,,
,,,,,
,,,,,
,,,,,
,,,,,
,,,,,
,,,,,
,,,,,
,,,,,
,,,,,
,,,,,
,,,,,
,,,,,
,,,,,
,,,,,
,,,,,
,,,,,
,,,,,
,,,,,
,,,,,
,,,,,
,,,,,
,,,,,
,,,,,
,,,,,
,,,,,
,,,,,
,,,,,
,,,,,
,,,,,
,,,,,
,,,,,
,,,,,
,,,,,
,,,,,
,,,,,
,,,,,
,,,,,
,,,,,
,,,,,
,,,,,
,,,,,
,,,,,
,,,,,
,,,,,
,,,,,
,,,,,
,,,,,
,,,,,
,,,,,
,,,,,
,,,,,
,,,,,
,,,,,
,,,,,
,,,,,
,,,,,
,,,,,
,,,,,
,,,,,
,,,,,
,,,,,
,,,,,
,,,,,
,,,,,
,,,,,
,,,,,
,,,,,
,,,,,
,,,,,
,,,,,
,,,,,
,,,,,
,,,,,
,,,,,
,,,,,
,,,,,
,,,,,
,,,,,
,,,,,
,,,,,
,,,,,
,,,,,
,,,,,
,,,,,
,,,,,
,,,,,
,,,,,
,,,,,
,,,,,
,,,,,
,,,,,
,,,,,
,,,,,
,,,,,
,,,,,
,,,,,
,,,,,
,,,,,
,,,,,
,,,,,
,,,,,
,,,,,
,,,,,
,,,,,
,,,,,
,,,,,
,,,,,
,,,,,
,,,,,
,,,,,
,,,,,
,,,,,
,,,,,
,,,,,
,,,,,
,,,,,
,,,,,
,,,,,
,,,,,
,,,,,
,,,,,
,,,,,
,,,,,
,,,,,
,,,,,
,,,,,
,,,,,
,,,,,
,,,,,
,,,,,
,,,,,
,,,,,
,,,,,
,,,,,
,,,,,
,,,,,
,,,,,
,,,,,
,,,,,
,,,,,
,,,,,
,,,,,
,,,,,
,,,,,
,,,,,
,,,,,
,,,,,
,,,,,
,,,,,
,,,,,
,,,,,
,,,,,
,,,,,
,,,,,
,,,,,
,,,,,
,,,,,
,,,,,
,,,,,
,,,,,
,,,,,
,,,,,
,,,,,
,,,,,
,,,,,
,,,,,
,,,,,
,,,,,
,,,,,
,,,,,
,,,,,
,,,,,
,,,,,
,,,,,
,,,,,
,,,,,
,,,,,
,,,,,
,,,,,
,,,,,
,,,,,
,,,,,
,,,,,
,,,,,
,,,,,
,,,,,
,,,,,
,,,,,
,,,,,
,,,,,
,,,,,
,,,,,
,,,,,
,,,,,
,,,,,
,,,,,
,,,,,
,,,,,
,,,,,
,,,,,
,,,,,
,,,,,
,,,,,
,,,,,
,,,,,
,,,,,
,,,,,
,,,,,
,,,,,
,,,,,
,,,,,
,,,,,
,,,,,
,,,,,
,,,,,
,,,,,
,,,,,
,,,,,
,,,,,
,,,,,
,,,,,
,,,,,
,,,,,
,,,,,
,,,,,
,,,,,
,,,,,
,,,,,
,,,,,
,,,,,
,,,,,
,,,,,
,,,,,
,,,,,
,,,,,
,,,,,
,,,,,
,,,,,
,,,,,
,,,,,
,,,,,
,,,,,
,,,,,
,,,,,
,,,,,
,,,,,
,,,,,
,,,,,
,,,,,
,,,,,
,,,,,
,,,,,
,,,,,
,,,,,
,,,,,
,,,,,
,,,,,
,,,,,
,,,,,
,,,,,
,,,,,
,,,,,
,,,,,
,,,,,
,,,,,
,,,,,
,,,,,
,,,,,
,,,,,
,,,,,
,,,,,
,,,,,
,,,,,
,,,,,
,,,,,
,,,,,
,,,,,
,,,,,
,,,,,
,,,,,
,,,,,
,,,,,
,,,,,
,,,,,
,,,,,
,,,,,
,,,,,
,,,,,
,,,,,
,,,,,
,,,,,
,,,,,
,,,,,
,,,,,
,,,,,
,,,,,
,,,,,
,,,,,
,,,,,
,,,,,
,,,,,
,,,,,
,,,,,
,,,,,
,,,,,
,,,,,
,,,,,
,,,,,
,,,,,
,,,,,
,,,,,
,,,,,
,,,,,
,,,,,
,,,,,
,,,,,
,,,,,
,,,,,
,,,,,
,,,,,
,,,,,
,,,,,
,,,,,
,,,,,
,,,,,
,,,,,
,,,,,
,,,,,
,,,,,
,,,,,
,,,,,
,,,,,
,,,,,
,,,,,
,,,,,
,,,,,
,,,,,
,,,,,
,,,,,
,,,,,
,,,,,
,,,,,
,,,,,
,,,,,
,,,,,
,,,,,
,,,,,
,,,,,
,,,,,
,,,,,
,,,,,
,,,,,
,,,,,
,,,,,
,,,,,
,,,,,
,,,,,
,,,,,
,,,,,
,,,,,
,,,,,
,,,,,
,,,,,
,,,,,
,,,,,
,,,,,
,,,,,
,,,,,
,,,,,
,,,,,
,,,,,
,,,,,
,,,,,
,,,,,
,,,,,
,,,,,
,,,,,
,,,,,
,,,,,
,,,,,
,,,,,
,,,,,
,,,,,
,,,,,
,,,,,
,,,,,
,,,,,
,,,,,
,,,,,
,,,,,
,,,,,
,,,,,
,,,,,
,,,,,
,,,,,
,,,,,
,,,,,
,,,,,
,,,,,
,,,,,
,,,,,
,,,,,
,,,,,
,,,,,
,,,,,
,,,,,
,,,,,
,,,,,
,,,,,
,,,,,
,,,,,
,,,,,
,,,,,
,,,,,
,,,,,
,,,,,
,,,,,
,,,,,
,,,,,
,,,,,
,,,,,
,,,,,
,,,,,
,,,,,
,,,,,
,,,,,
,,,,,
,,,,,
,,,,,
,,,,,
,,,,,
,,,,,
,,,,,
,,,,,
,,,,,
,,,,,
,,,,,
,,,,,
,,,,,
,,,,,
,,,,,
,,,,,
,,,,,
,,,,,
,,,,,
,,,,,
,,,,,
,,,,,
,,,,,
,,,,,
,,,,,
,,,,,
,,,,,
,,,,,
,,,,,
,,,,,
,,,,,
,,,,,
,,,,,
,,,,,
,,,,,
,,,,,
,,,,,
,,,,,
,,,,,
,,,,,
,,,,,
,,,,,
,,,,,
,,,,,
,,,,,
,,,,,
,,,,,
,,,,,
,,,,,
,,,,,
,,,,,
,,,,,
,,,,,
,,,,,
,,,,,
,,,,,
,,,,,
,,,,,
,,,,,
,,,,,
,,,,,
,,,,,
,,,,,
,,,,,
,,,,,
,,,,,
,,,,,
,,,,,
,,,,,
,,,,,
,,,,,
,,,,,
,,,,,
,,,,,
,,,,,
,,,,,
,,,,,
,,,,,
,,,,,
,,,,,
,,,,,
,,,,,
,,,,,
,,,,,
,,,,,
,,,,,
,,,,,
,,,,,
,,,,,
,,,,,
,,,,,
,,,,,
,,,,,
,,,,,
,,,,,
,,,,,
,,,,,
,,,,,
,,,,,
,,,,,
,,,,,
,,,,,
,,,,,
,,,,,
,,,,,
,,,,,
,,,,,
,,,,,
,,,,,
,,,,,
,,,,,
,,,,,
,,,,,
,,,,,
,,,,,
,,,,,
,,,,,
,,,,,
,,,,,
,,,,,
,,,,,
,,,,,
,,,,,
,,,,,
,,,,,
,,,,,
,,,,,
,,,,,
,,,,,
,,,,,
,,,,,
,,,,,
,,,,,
,,,,,
,,,,,
,,,,,
,,,,,
,,,,,
,,,,,
,,,,,
,,,,,
,,,,,
,,,,,
,,,,,
,,,,,
,,,,,
,,,,,
,,,,,
,,,,,
,,,,,
,,,,,
,,,,,
,,,,,
,,,,,
,,,,,
,,,,,
,,,,,
,,,,,
,,,,,
,,,,,
,,,,,
,,,,,
,,,,,
,,,,,
,,,,,
,,,,,
,,,,,
,,,,,
,,,,,
,,,,,
,,,,,
,,,,,
,,,,,
,,,,,
,,,,,
,,,,,
,,,,,
,,,,,
,,,,,
,,,,,
,,,,,
,,,,,
,,,,,
,,,,,
,,,,,
,,,,,
,,,,,
,,,,,
,,,,,
,,,,,
,,,,,
,,,,,
,,,,,
,,,,,
,,,,,
,,,,,
,,,,,
,,,,,
,,,,,
,,,,,
,,,,,
,,,,,
,,,,,
,,,,,
,,,,,
,,,,,
,,,,,
,,,,,
,,,,,
,,,,,
,,,,,
,,,,,
,,,,,
,,,,,
,,,,,
,,,,,
,,,,,
,,,,,
,,,,,
,,,,,
,,,,,
,,,,,
,,,,,
,,,,,
,,,,,
,,,,,
,,,,,
,,,,,
,,,,,
,,,,,
,,,,,
,,,,,
,,,,,
,,,,,
,,,,,
,,,,,
,,,,,
,,,,,
,,,,,
,,,,,
,,,,,
,,,,,
,,,,,
,,,,,
,,,,,
,,,,,
,,,,,
,,,,,
,,,,,
,,,,,
,,,,,
,,,,,
,,,,,
,,,,,
,,,,,
,,,,,
,,,,,
,,,,,
,,,,,
,,,,,
,,,,,
,,,,,
,,,,,
,,,,,
,,,,,
,,,,,
,,,,,
,,,,,
,,,,,
,,,,,
,,,,,
,,,,,
,,,,,
,,,,,
,,,,,
,,,,,
,,,,,
,,,,,
,,,,,
,,,,,
,,,,,
,,,,,
,,,,,
,,,,,
,,,,,
,,,,,
,,,,,
,,,,,
,,,,,
,,,,,
,,,,,
,,,,,
,,,,,
,,,,,
,,,,,
,,,,,
,,,,,
,,,,,
,,,,,
,,,,,
,,,,,
,,,,,
,,,,,
,,,,,
,,,,,
,,,,,
,,,,,
,,,,,
,,,,,
,,,,,
,,,,,
,,,,,
,,,,,
,,,,,
,,,,,
,,,,,
,,,,,
,,,,,
,,,,,
,,,,,
,,,,,
,,,,,
,,,,,
,,,,,
,,,,,
,,,,,
,,,,,
,,,,,
,,,,,
,,,,,
,,,,,
,,,,,
,,,,,
,,,,,
,,,,,
,,,,,
,,,,,
,,,,,
,,,,,
,,,,,
,,,,,
,,,,,
,,,,,
,,,,,
,,,,,
,,,,,
,,,,,
,,,,,
,,,,,
,,,,,
,,,,,
,,,,,
,,,,,
,,,,,
,,,,,
,,,,,
,,,,,
,,,,,
,,,,,
,,,,,
,,,,,
,,,,,
,,,,,
,,,,,
,,,,,
,,,,,
,,,,,
,,,,,
,,,,,
,,,,,
,,,,,
,,,,,
,,,,,
,,,,,
,,,,,
,,,,,
,,,,,
,,,,,
,,,,,
,,,,,
,,,,,
,,,,,
,,,,,
,,,,,
,,,,,
,,,,,
,,,,,
,,,,,
,,,,,
,,,,,
,,,,,
,,,,,
,,,,,
,,,,,
,,,,,
,,,,,
,,,,,
,,,,,
,,,,,
,,,,,
,,,,,
,,,,,
,,,,,
,,,,,
,,,,,
,,,,,
,,,,,
,,,,,
,,,,,
,,,,,
,,,,,
,,,,,
,,,,,
,,,,,
,,,,,
,,,,,
,,,,,
,,,,,
,,,,,
,,,,,
,,,,,
,,,,,
,,,,,
,,,,,
,,,,,
,,,,,
,,,,,
,,,,,
,,,,,
,,,,,
,,,,,
,,,,,
,,,,,
,,,,,
,,,,,
,,,,,
,,,,,
,,,,,
,,,,,
,,,,,
,,,,,
,,,,,
,,,,,
,,,,,
,,,,,
,,,,,
,,,,,
,,,,,
,,,,,
,,,,,
,,,,,
,,,,,
,,,,,
,,,,,
,,,,,
,,,,,
,,,,,
,,,,,
,,,,,
,,,,,
,,,,,
,,,,,
,,,,,
,,,,,
,,,,,
,,,,,
,,,,,
,,,,,
,,,,,
,,,,,
,,,,,
,,,,,
,,,,,
,,,,,
,,,,,
,,,,,
,,,,,
,,,,,
,,,,,
,,,,,
,,,,,
,,,,,
,,,,,
,,,,,
,,,,,
,,,,,
,,,,,
,,,,,
,,,,,
,,,,,
,,,,,
,,,,,
,,,,,
,,,,,
,,,,,
,,,,,
,,,,,
,,,,,
,,,,,
,,,,,
,,,,,
,,,,,
,,,,,
,,,,,
,,,,,
,,,,,
,,,,,
,,,,,
,,,,,
,,,,,
,,,,,
,,,,,
,,,,,
,,,,,
,,,,,
,,,,,
,,,,,
,,,,,
,,,,,
,,,,,
,,,,,
,,,,,
,,,,,
,,,,,
,,,,,
,,,,,
,,,,,
,,,,,
,,,,,
,,,,,
,,,,,
,,,,,
,,,,,
,,,,,
,,,,,
,,,,,
,,,,,
,,,,,
,,,,,
,,,,,
,,,,,
,,,,,
,,,,,
,,,,,
,,,,,
,,,,,
,,,,,
,,,,,
,,,,,
,,,,,
,,,,,
,,,,,
,,,,,
,,,,,
,,,,,
,,,,,
,,,,,
,,,,,
,,,,,
,,,,,
,,,,,
,,,,,
,,,,,
,,,,,
,,,,,
,,,,,
,,,,,
,,,,,
,,,,,
,,,,,
,,,,,
,,,,,
,,,,,
,,,,,
,,,,,
,,,,,
,,,,,
,,,,,
,,,,,
,,,,,
,,,,,
,,,,,
,,,,,
,,,,,
,,,,,
,,,,,
,,,,,
,,,,,
,,,,,
,,,,,
,,,,,
,,,,,
,,,,,
,,,,,
,,,,,
,,,,,
,,,,,
,,,,,
,,,,,
,,,,,
,,,,,
,,,,,
,,,,,
,,,,,
,,,,,
,,,,,
,,,,,
,,,,,
,,,,,
,,,,,
,,,,,
,,,,,
,,,,,
,,,,,
,,,,,
,,,,,
,,,,,
,,,,,
,,,,,
,,,,,
,,,,,
,,,,,
,,,,,
,,,,,
,,,,,
,,,,,
,,,,,
,,,,,
,,,,,
,,,,,
,,,,,
,,,,,
,,,,,
,,,,,
,,,,,
,,,,,
,,,,,
,,,,,
,,,,,
,,,,,
,,,,,
,,,,,
,,,,,
,,,,,
,,,,,
,,,,,
,,,,,
,,,,,
,,,,,
,,,,,
,,,,,
,,,,,
,,,,,
,,,,,
,,,,,
,,,,,
,,,,,
,,,,,
,,,,,
,,,,,
,,,,,
,,,,,
,,,,,
,,,,,
,,,,,
,,,,,
,,,,,
,,,,,
,,,,,
,,,,,
,,,,,
,,,,,
,,,,,
,,,,,
,,,,,
,,,,,
,,,,,
,,,,,
,,,,,
,,,,,
,,,,,
,,,,,
,,,,,
,,,,,
,,,,,
,,,,,
,,,,,
,,,,,
,,,,,
,,,,,
,,,,,
,,,,,
,,,,,
,,,,,
,,,,,
,,,,,
,,,,,
,,,,,
,,,,,
,,,,,
,,,,,
,,,,,
,,,,,
,,,,,
,,,,,
,,,,,
,,,,,
,,,,,
,,,,,
,,,,,
,,,,,
,,,,,
,,,,,
,,,,,
,,,,,
,,,,,
,,,,,
,,,,,
,,,,,
,,,,,
,,,,,
,,,,,
,,,,,
,,,,,
,,,,,
,,,,,
,,,,,
,,,,,
,,,,,
,,,,,
,,,,,
,,,,,
,,,,,
,,,,,
,,,,,
,,,,,
,,,,,
,,,,,
,,,,,
,,,,,
,,,,,
,,,,,
,,,,,
,,,,,
,,,,,
,,,,,
,,,,,
,,,,,
,,,,,
,,,,,
,,,,,
,,,,,
,,,,,
,,,,,
,,,,,
,,,,,
,,,,,
,,,,,
,,,,,
,,,,,
,,,,,
,,,,,
,,,,,
,,,,,
,,,,,
,,,,,
,,,,,
,,,,,
,,,,,
,,,,,
,,,,,
,,,,,
,,,,,
,,,,,
,,,,,
,,,,,
,,,,,
,,,,,
,,,,,
,,,,,
,,,,,
,,,,,
,,,,,
,,,,,
,,,,,
,,,,,
,,,,,
,,,,,
,,,,,
,,,,,
,,,,,
,,,,,
,,,,,
,,,,,
,,,,,
,,,,,
,,,,,
,,,,,
,,,,,
,,,,,
,,,,,
,,,,,
,,,,,
,,,,,
,,,,,
,,,,,
,,,,,
,,,,,
,,,,,
,,,,,
,,,,,
,,,,,
,,,,,
,,,,,
,,,,,
,,,,,
,,,,,
,,,,,
,,,,,
,,,,,
,,,,,
,,,,,
,,,,,
,,,,,
,,,,,
,,,,,
,,,,,
,,,,,
,,,,,
,,,,,
,,,,,
,,,,,
,,,,,
,,,,,
,,,,,
,,,,,
,,,,,
,,,,,
,,,,,
,,,,,
,,,,,
,,,,,
,,,,,
,,,,,
,,,,,
,,,,,
,,,,,
,,,,,
,,,,,
,,,,,
,,,,,
,,,,,
,,,,,
,,,,,
,,,,,
,,,,,
,,,,,
,,,,,
,,,,,
,,,,,
,,,,,
,,,,,
,,,,,
,,,,,
,,,,,
,,,,,
,,,,,
,,,,,
,,,,,
,,,,,
,,,,,
,,,,,
,,,,,
,,,,,
,,,,,
,,,,,
,,,,,
,,,,,
,,,,,
,,,,,
,,,,,
,,,,,
,,,,,
,,,,,
,,,,,
,,,,,
,,,,,
,,,,,
,,,,,
,,,,,
,,,,,
,,,,,
,,,,,
,,,,,
,,,,,
,,,,,
,,,,,
,,,,,
,,,,,
,,,,,
,,,,,
,,,,,
,,,,,
,,,,,
,,,,,
,,,,,
,,,,,
,,,,,
,,,,,
,,,,,
,,,,,
,,,,,
,,,,,
,,,,,
,,,,,
,,,,,
,,,,,
,,,,,
,,,,,
,,,,,
,,,,,
,,,,,
,,,,,
,,,,,
,,,,,
,,,,,
,,,,,
,,,,,
,,,,,
,,,,,
,,,,,
,,,,,
,,,,,
,,,,,
,,,,,
,,,,,
,,,,,
,,,,,
,,,,,
,,,,,
,,,,,
,,,,,
,,,,,
,,,,,
,,,,,
,,,,,
,,,,,
,,,,,
,,,,,
,,,,,
,,,,,
,,,,,
,,,,,
,,,,,
,,,,,
,,,,,
,,,,,
,,,,,
,,,,,
,,,,,
,,,,,
,,,,,
,,,,,
,,,,,
,,,,,
,,,,,
,,,,,
,,,,,
,,,,,
,,,,,
,,,,,
,,,,,
,,,,,
,,,,,
,,,,,
,,,,,
,,,,,
,,,,,
,,,,,
,,,,,
,,,,,
,,,,,
,,,,,
,,,,,
,,,,,
,,,,,
,,,,,
,,,,,
,,,,,
,,,,,
,,,,,
,,,,,
,,,,,
,,,,,
,,,,,
,,,,,
,,,,,
,,,,,
,,,,,
,,,,,
,,,,,
,,,,,
,,,,,
,,,,,
,,,,,
,,,,,
,,,,,
,,,,,
,,,,,
,,,,,
,,,,,
,,,,,
,,,,,
,,,,,
,,,,,
,,,,,
,,,,,
,,,,,
,,,,,
,,,,,
,,,,,
,,,,,
,,,,,
,,,,,
,,,,,
,,,,,
,,,,,
,,,,,
,,,,,
,,,,,
,,,,,
,,,,,
,,,,,
,,,,,
,,,,,
,,,,,
,,,,,
,,,,,
,,,,,
,,,,,
,,,,,
,,,,,
,,,,,
,,,,,
,,,,,
,,,,,
,,,,,
,,,,,
,,,,,
,,,,,
,,,,,
,,,,,
,,,,,
,,,,,
,,,,,
,,,,,
,,,,,
,,,,,
,,,,,
,,,,,
,,,,,
,,,,,
,,,,,
,,,,,
,,,,,
,,,,,
,,,,,
,,,,,
,,,,,
,,,,,
,,,,,
,,,,,
,,,,,
,,,,,
,,,,,
,,,,,
,,,,,
,,,,,
,,,,,
,,,,,
,,,,,
,,,,,
,,,,,
,,,,,
,,,,,
,,,,,
,,,,,
,,,,,
,,,,,
,,,,,
,,,,,
,,,,,
,,,,,
,,,,,
,,,,,
,,,,,
,,,,,
,,,,,
,,,,,
,,,,,
,,,,,
,,,,,
,,,,,
,,,,,
,,,,,
,,,,,
,,,,,
,,,,,
,,,,,
,,,,,
,,,,,
,,,,,
,,,,,
,,,,,
,,,,,
,,,,,
,,,,,
,,,,,
,,,,,
,,,,,
,,,,,
,,,,,
,,,,,
,,,,,
,,,,,
,,,,,
,,,,,
,,,,,
,,,,,
,,,,,
,,,,,
,,,,,
,,,,,
,,,,,
,,,,,
,,,,,
,,,,,
,,,,,
,,,,,
,,,,,
,,,,,
,,,,,
,,,,,
,,,,,
,,,,,
,,,,,
,,,,,
,,,,,
,,,,,
,,,,,
,,,,,
,,,,,
,,,,,
,,,,,
,,,,,
,,,,,
,,,,,
,,,,,
,,,,,
,,,,,
,,,,,
,,,,,
,,,,,
,,,,,
,,,,,
,,,,,
,,,,,
,,,,,
,,,,,
,,,,,
,,,,,
,,,,,
,,,,,
,,,,,
,,,,,
,,,,,
,,,,,
,,,,,
,,,,,
,,,,,
,,,,,
,,,,,
,,,,,
,,,,,
,,,,,
,,,,,
,,,,,
,,,,,
,,,,,
,,,,,
,,,,,
,,,,,
,,,,,
,,,,,
,,,,,
,,,,,
,,,,,
,,,,,
,,,,,
,,,,,
,,,,,
,,,,,
,,,,,
,,,,,
,,,,,
,,,,,
,,,,,
,,,,,
,,,,,
,,,,,
,,,,,
,,,,,
,,,,,
,,,,,
,,,,,
,,,,,
,,,,,
,,,,,
,,,,,
,,,,,
,,,,,
,,,,,
,,,,,
,,,,,
,,,,,
,,,,,
,,,,,
,,,,,
,,,,,
,,,,,
,,,,,
,,,,,
,,,,,
,,,,,
,,,,,
,,,,,
,,,,,
,,,,,
,,,,,
,,,,,
,,,,,
,,,,,
,,,,,
,,,,,
,,,,,
,,,,,
,,,,,
,,,,,
,,,,,
,,,,,
,,,,,
,,,,,
,,,,,
,,,,,
,,,,,
,,,,,
,,,,,
,,,,,
,,,,,
,,,,,
,,,,,
,,,,,
,,,,,
,,,,,
,,,,,
,,,,,
,,,,,
,,,,,
,,,,,
,,,,,
,,,,,
,,,,,
,,,,,
,,,,,
,,,,,
,,,,,
,,,,,
,,,,,
,,,,,
,,,,,
,,,,,
,,,,,
,,,,,
,,,,,
,,,,,
,,,,,
,,,,,
,,,,,
,,,,,
,,,,,
,,,,,
,,,,,
,,,,,
,,,,,
,,,,,
,,,,,
,,,,,
,,,,,
,,,,,
,,,,,
,,,,,
,,,,,
,,,,,
,,,,,
,,,,,
,,,,,
,,,,,
,,,,,
,,,,,
,,,,,
,,,,,
,,,,,
,,,,,
,,,,,
,,,,,
,,,,,
,,,,,
,,,,,
,,,,,
,,,,,
,,,,,
,,,,,
,,,,,
,,,,,
,,,,,
,,,,,
,,,,,
,,,,,
,,,,,
,,,,,
,,,,,
,,,,,
,,,,,
,,,,,
,,,,,
,,,,,
,,,,,
,,,,,
,,,,,
,,,,,
,,,,,
,,,,,
,,,,,
,,,,,
,,,,,
,,,,,
,,,,,
,,,,,
,,,,,
,,,,,
,,,,,
,,,,,
,,,,,
,,,,,
,,,,,
,,,,,
,,,,,
,,,,,
,,,,,
,,,,,
,,,,,
,,,,,
,,,,,
,,,,,
,,,,,
,,,,,
,,,,,
,,,,,
,,,,,
,,,,,
,,,,,
,,,,,
,,,,,
,,,,,
,,,,,
,,,,,
,,,,,
,,,,,
,,,,,
,,,,,
,,,,,
,,,,,
,,,,,
,,,,,
,,,,,
,,,,,
,,,,,
,,,,,
,,,,,
,,,,,
,,,,,
,,,,,
,,,,,
,,,,,
,,,,,
,,,,,
,,,,,
,,,,,
,,,,,
,,,,,
,,,,,
,,,,,
,,,,,
,,,,,
,,,,,
,,,,,
,,,,,
,,,,,
,,,,,
,,,,,
,,,,,
,,,,,
,,,,,
,,,,,
,,,,,
,,,,,
,,,,,
,,,,,
,,,,,
,,,,,
,,,,,
,,,,,
,,,,,
,,,,,
,,,,,
,,,,,
,,,,,
,,,,,
,,,,,
,,,,,
,,,,,
,,,,,
,,,,,
,,,,,
,,,,,
,,,,,
,,,,,
,,,,,
,,,,,
,,,,,
,,,,,
,,,,,
,,,,,
,,,,,
,,,,,
,,,,,
,,,,,
,,,,,
,,,,,
,,,,,
,,,,,
,,,,,
,,,,,
,,,,,
,,,,,
,,,,,
,,,,,
,,,,,
,,,,,
,,,,,
,,,,,
,,,,,
,,,,,
,,,,,
,,,,,
,,,,,
,,,,,
,,,,,
,,,,,
,,,,,
,,,,,
,,,,,
,,,,,
,,,,,
,,,,,
,,,,,
,,,,,
,,,,,
,,,,,
,,,,,
,,,,,
,,,,,
,,,,,
,,,,,
,,,,,
,,,,,
,,,,,
,,,,,
,,,,,
,,,,,
,,,,,
,,,,,
,,,,,
,,,,,
,,,,,
,,,,,
,,,,,
,,,,,
,,,,,
,,,,,
,,,,,
,,,,,
,,,,,
,,,,,
,,,,,
,,,,,
,,,,,
,,,,,
,,,,,
,,,,,
,,,,,
,,,,,
,,,,,
,,,,,
,,,,,
,,,,,
,,,,,
,,,,,
,,,,,
,,,,,
,,,,,
,,,,,
,,,,,
,,,,,
,,,,,
,,,,,
,,,,,
,,,,,
,,,,,
,,,,,
,,,,,
,,,,,
,,,,,
,,,,,
,,,,,
,,,,,
,,,,,
,,,,,
,,,,,
,,,,,
,,,,,
,,,,,
,,,,,
,,,,,
,,,,,
,,,,,
,,,,,
,,,,,
,,,,,
,,,,,
,,,,,
,,,,,
,,,,,
,,,,,
,,,,,
,,,,,
,,,,,
,,,,,
,,,,,
,,,,,
,,,,,
,,,,,
,,,,,
,,,,,
,,,,,
,,,,,
,,,,,
,,,,,
,,,,,
,,,,,
,,,,,
,,,,,
,,,,,
,,,,,
,,,,,
,,,,,
,,,,,
,,,,,
,,,,,
,,,,,
,,,,,
,,,,,
,,,,,
,,,,,
,,,,,
,,,,,
,,,,,
,,,,,
,,,,,
,,,,,
,,,,,
,,,,,
,,,,,
,,,,,
,,,,,
,,,,,
,,,,,
,,,,,
,,,,,
,,,,,
,,,,,
,,,,,
,,,,,
,,,,,
,,,,,
,,,,,
,,,,,
,,,,,
,,,,,
,,,,,
,,,,,
,,,,,
,,,,,
,,,,,
,,,,,
,,,,,
,,,,,
,,,,,
,,,,,
,,,,,
,,,,,
,,,,,
,,,,,
,,,,,
,,,,,
,,,,,
,,,,,
,,,,,
,,,,,
,,,,,
,,,,,
,,,,,
,,,,,
,,,,,
,,,,,
,,,,,
,,,,,
,,,,,
,,,,,
,,,,,
,,,,,
,,,,,
,,,,,
,,,,,
,,,,,
,,,,,
,,,,,
,,,,,
,,,,,
,,,,,
,,,,,
,,,,,
,,,,,
,,,,,
,,,,,
,,,,,
,,,,,
,,,,,
,,,,,
,,,,,
,,,,,
,,,,,
,,,,,
,,,,,
,,,,,
,,,,,
,,,,,
,,,,,
,,,,,
,,,,,
,,,,,
,,,,,
,,,,,
,,,,,
,,,,,
,,,,,
,,,,,
,,,,,
,,,,,
,,,,,
,,,,,
,,,,,
,,,,,
,,,,,
,,,,,
,,,,,
,,,,,
,,,,,
,,,,,
,,,,,
,,,,,
,,,,,
,,,,,
,,,,,
,,,,,
,,,,,
,,,,,
,,,,,
,,,,,
,,,,,
,,,,,
,,,,,
,,,,,
,,,,,
,,,,,
,,,,,
,,,,,
,,,,,
,,,,,
,,,,,
,,,,,
,,,,,
,,,,,
,,,,,
,,,,,
,,,,,
,,,,,
,,,,,
,,,,,
,,,,,
,,,,,
,,,,,
,,,,,
,,,,,
,,,,,
,,,,,
,,,,,
,,,,,
,,,,,
,,,,,
,,,,,
,,,,,
,,,,,
,,,,,
,,,,,
,,,,,
,,,,,
,,,,,
,,,,,
,,,,,
,,,,,
,,,,,
,,,,,
,,,,,
,,,,,
,,,,,
,,,,,
,,,,,
,,,,,
,,,,,
,,,,,
,,,,,
,,,,,
,,,,,
,,,,,
,,,,,
,,,,,
,,,,,
,,,,,
,,,,,
,,,,,
,,,,,
,,,,,
,,,,,
,,,,,
,,,,,
,,,,,
,,,,,
,,,,,
,,,,,
,,,,,
,,,,,
,,,,,
,,,,,
,,,,,
,,,,,
,,,,,
,,,,,
,,,,,
,,,,,
,,,,,
,,,,,
,,,,,
,,,,,
,,,,,
,,,,,
,,,,,
,,,,,
,,,,,
,,,,,
,,,,,
,,,,,
,,,,,
,,,,,
,,,,,
,,,,,
,,,,,
,,,,,
,,,,,
,,,,,
,,,,,
,,,,,
,,,,,
,,,,,
,,,,,
,,,,,
,,,,,
,,,,,
,,,,,
,,,,,
,,,,,
,,,,,
,,,,,
,,,,,
,,,,,
,,,,,
,,,,,
,,,,,
,,,,,
,,,,,
,,,,,
,,,,,
,,,,,
,,,,,
,,,,,
,,,,,
,,,,,
,,,,,
,,,,,
,,,,,
,,,,,
,,,,,
,,,,,
,,,,,
,,,,,
,,,,,
,,,,,
,,,,,
,,,,,
,,,,,
,,,,,
,,,,,
,,,,,
,,,,,
,,,,,
,,,,,
,,,,,
,,,,,
,,,,,
,,,,,
,,,,,
,,,,,
,,,,,
,,,,,
,,,,,
,,,,,
,,,,,
,,,,,
,,,,,
,,,,,
,,,,,
,,,,,
,,,,,
,,,,,
,,,,,
,,,,,
,,,,,
,,,,,
,,,,,
,,,,,
,,,,,
,,,,,
,,,,,
,,,,,
,,,,,
,,,,,
,,,,,
,,,,,
,,,,,
,,,,,
,,,,,
,,,,,
,,,,,
,,,,,
,,,,,
,,,,,
,,,,,
,,,,,
,,,,,
,,,,,
,,,,,
,,,,,
,,,,,
,,,,,
,,,,,
,,,,,
,,,,,
,,,,,
,,,,,
,,,,,
,,,,,
,,,,,
,,,,,
,,,,,
,,,,,
,,,,,
,,,,,
,,,,,
,,,,,
,,,,,
,,,,,
,,,,,
,,,,,
,,,,,
,,,,,
,,,,,
,,,,,
,,,,,
,,,,,
,,,,,
,,,,,
,,,,,
,,,,,
,,,,,
,,,,,
,,,,,
,,,,,
,,,,,
,,,,,
,,,,,
,,,,,
,,,,,
,,,,,
,,,,,
,,,,,
,,,,,
,,,,,
,,,,,
,,,,,
,,,,,
,,,,,
,,,,,
,,,,,
,,,,,
,,,,,
,,,,,
,,,,,
,,,,,
,,,,,
,,,,,
,,,,,
,,,,,
,,,,,
,,,,,
,,,,,
,,,,,
,,,,,
,,,,,
,,,,,
,,,,,
,,,,,
,,,,,
,,,,,
,,,,,
,,,,,
,,,,,
,,,,,
,,,,,
,,,,,
,,,,,
,,,,,
,,,,,
,,,,,
,,,,,
,,,,,
,,,,,
,,,,,
,,,,,
,,,,,
,,,,,
,,,,,
,,,,,
,,,,,
,,,,,
,,,,,
,,,,,
,,,,,
,,,,,
,,,,,
,,,,,
,,,,,
,,,,,
,,,,,
,,,,,
,,,,,
,,,,,
,,,,,
,,,,,
,,,,,
,,,,,
,,,,,
,,,,,
,,,,,
,,,,,
,,,,,
,,,,,
,,,,,
,,,,,
,,,,,
,,,,,
,,,,,
,,,,,
,,,,,
,,,,,
,,,,,
,,,,,
,,,,,
,,,,,
,,,,,
,,,,,
,,,,,
,,,,,
,,,,,
,,,,,
,,,,,
,,,,,
,,,,,
,,,,,
,,,,,
,,,,,
,,,,,
,,,,,
,,,,,
,,,,,
,,,,,
,,,,,
,,,,,
,,,,,
,,,,,
,,,,,
,,,,,
,,,,,
,,,,,
,,,,,
,,,,,
,,,,,
,,,,,
,,,,,
,,,,,
,,,,,
,,,,,
,,,,,
,,,,,
,,,,,
,,,,,
,,,,,
,,,,,
,,,,,
,,,,,
,,,,,
,,,,,
,,,,,
,,,,,
,,,,,
,,,,,
,,,,,
,,,,,
,,,,,
,,,,,
,,,,,
,,,,,
,,,,,
,,,,,
,,,,,
,,,,,
,,,,,
,,,,,
,,,,,
,,,,,
,,,,,
,,,,,
,,,,,
,,,,,
,,,,,
,,,,,
,,,,,
,,,,,
,,,,,
,,,,,
,,,,,
,,,,,
,,,,,
,,,,,
,,,,,
,,,,,
,,,,,
,,,,,
,,,,,
,,,,,
,,,,,
,,,,,
,,,,,
,,,,,
,,,,,
,,,,,
,,,,,
,,,,,
,,,,,
,,,,,
,,,,,
,,,,,
,,,,,
,,,,,
,,,,,
,,,,,
,,,,,
,,,,,
,,,,,
,,,,,
,,,,,
,,,,,
,,,,,
,,,,,
,,,,,
,,,,,
,,,,,
,,,,,
,,,,,
,,,,,
,,,,,
,,,,,
,,,,,
,,,,,
,,,,,
,,,,,
,,,,,
,,,,,
,,,,,
,,,,,
,,,,,
,,,,,
,,,,,
,,,,,
,,,,,
,,,,,
,,,,,
,,,,,
,,,,,
,,,,,
,,,,,
,,,,,
,,,,,
,,,,,
,,,,,
,,,,,
,,,,,
,,,,,
,,,,,
,,,,,
,,,,,
,,,,,
,,,,,
,,,,,
,,,,,
,,,,,
,,,,,
,,,,,
,,,,,
,,,,,
,,,,,
,,,,,
,,,,,
,,,,,
,,,,,
,,,,,
,,,,,
,,,,,
,,,,,
,,,,,
,,,,,
,,,,,
,,,,,
,,,,,
,,,,,
,,,,,
,,,,,
,,,,,
,,,,,
,,,,,
,,,,,
,,,,,
,,,,,
,,,,,
,,,,,
,,,,,
,,,,,
,,,,,
,,,,,
,,,,,
,,,,,
,,,,,
,,,,,
,,,,,
,,,,,
,,,,,
,,,,,
,,,,,
,,,,,
,,,,,
,,,,,
,,,,,
,,,,,
,,,,,
,,,,,
,,,,,
,,,,,
,,,,,
,,,,,
,,,,,
,,,,,
,,,,,
,,,,,
,,,,,
,,,,,
,,,,,
,,,,,
,,,,,
,,,,,
,,,,,
,,,,,
,,,,,
,,,,,
,,,,,
,,,,,
,,,,,
,,,,,
,,,,,
,,,,,
,,,,,
,,,,,
,,,,,
,,,,,
,,,,,
,,,,,
,,,,,
,,,,,
,,,,,
,,,,,
,,,,,
,,,,,
,,,,,
,,,,,
,,,,,
,,,,,
,,,,,
,,,,,
,,,,,
,,,,,
,,,,,
,,,,,
,,,,,
,,,,,
,,,,,
,,,,,
,,,,,
,,,,,
,,,,,
,,,,,
,,,,,
,,,,,
,,,,,
,,,,,
,,,,,
,,,,,
,,,,,
,,,,,
,,,,,
,,,,,
,,,,,
,,,,,
,,,,,
,,,,,
,,,,,
,,,,,
,,,,,
,,,,,
,,,,,
,,,,,
,,,,,
,,,,,
,,,,,
,,,,,
,,,,,
,,,,,
,,,,,
,,,,,
,,,,,
,,,,,
,,,,,
,,,,,
,,,,,
,,,,,
,,,,,
,,,,,
,,,,,
,,,,,
,,,,,
,,,,,
,,,,,
,,,,,
,,,,,
,,,,,
,,,,,
,,,,,
,,,,,
,,,,,
,,,,,
,,,,,
,,,,,
,,,,,
,,,,,
,,,,,
,,,,,
,,,,,
,,,,,
,,,,,
,,,,,
,,,,,
,,,,,
,,,,,
,,,,,
,,,,,
,,,,,
,,,,,
,,,,,
,,,,,
,,,,,
,,,,,
,,,,,
,,,,,
,,,,,
,,,,,
,,,,,
,,,,,
,,,,,
,,,,,
,,,,,
,,,,,
,,,,,
,,,,,
,,,,,
,,,,,
,,,,,
,,,,,
,,,,,
,,,,,
,,,,,
,,,,,
,,,,,
,,,,,
,,,,,
,,,,,
,,,,,
,,,,,
,,,,,
,,,,,
,,,,,
,,,,,
,,,,,
,,,,,
,,,,,
,,,,,
,,,,,
,,,,,
,,,,,
,,,,,
,,,,,
,,,,,
,,,,,
,,,,,
,,,,,
,,,,,
,,,,,
,,,,,
,,,,,
,,,,,
,,,,,
,,,,,
,,,,,
,,,,,
,,,,,
,,,,,
,,,,,
,,,,,
,,,,,
,,,,,
,,,,,
,,,,,
,,,,,
,,,,,
,,,,,
,,,,,
,,,,,
,,,,,
,,,,,
,,,,,
,,,,,
,,,,,
,,,,,
,,,,,
,,,,,
,,,,,
,,,,,
,,,,,
,,,,,
,,,,,
,,,,,
,,,,,
,,,,,
,,,,,
,,,,,
,,,,,
,,,,,
,,,,,
,,,,,
,,,,,
,,,,,
,,,,,
,,,,,
,,,,,
,,,,,
,,,,,
,,,,,
,,,,,
,,,,,
,,,,,
,,,,,
,,,,,
,,,,,
,,,,,
,,,,,
,,,,,
,,,,,
,,,,,
,,,,,
,,,,,
,,,,,
,,,,,
,,,,,
,,,,,
,,,,,
,,,,,
,,,,,
,,,,,
,,,,,
,,,,,
,,,,,
,,,,,
,,,,,
,,,,,
,,,,,
,,,,,
,,,,,
,,,,,
,,,,,
,,,,,
,,,,,
,,,,,
,,,,,
,,,,,
,,,,,
,,,,,
,,,,,
,,,,,
,,,,,
,,,,,
,,,,,
,,,,,
,,,,,
,,,,,
,,,,,
,,,,,
,,,,,
,,,,,
,,,,,
,,,,,
,,,,,
,,,,,
,,,,,
,,,,,
,,,,,
,,,,,
,,,,,
,,,,,
,,,,,
,,,,,
,,,,,
,,,,,
,,,,,
,,,,,
,,,,,
,,,,,
,,,,,
,,,,,
,,,,,
,,,,,
,,,,,
,,,,,
,,,,,
,,,,,
,,,,,
,,,,,
,,,,,
,,,,,
,,,,,
,,,,,
,,,,,
,,,,,
,,,,,
,,,,,
,,,,,
,,,,,
,,,,,
,,,,,
,,,,,
,,,,,
,,,,,
,,,,,
,,,,,
,,,,,
,,,,,
,,,,,
,,,,,
,,,,,
,,,,,
,,,,,
,,,,,
,,,,,
,,,,,
,,,,,
,,,,,
,,,,,
,,,,,
,,,,,
,,,,,
,,,,,
,,,,,
,,,,,
,,,,,
,,,,,
,,,,,
,,,,,
,,,,,
,,,,,
,,,,,
,,,,,
,,,,,
,,,,,
,,,,,
,,,,,
,,,,,
,,,,,
,,,,,
,,,,,
,,,,,
,,,,,
,,,,,
,,,,,
,,,,,
,,,,,
,,,,,
,,,,,
,,,,,
,,,,,
,,,,,
,,,,,
,,,,,
,,,,,
,,,,,
,,,,,
,,,,,
,,,,,
,,,,,
,,,,,
,,,,,
,,,,,
,,,,,
,,,,,
,,,,,
,,,,,
,,,,,
,,,,,
,,,,,
,,,,,
,,,,,
,,,,,
,,,,,
,,,,,
,,,,,
,,,,,
,,,,,
,,,,,
,,,,,
,,,,,
,,,,,
,,,,,
,,,,,
,,,,,
,,,,,
,,,,,
,,,,,
,,,,,
,,,,,
,,,,,
,,,,,
,,,,,
,,,,,
,,,,,
,,,,,
,,,,,
,,,,,
,,,,,
,,,,,
,,,,,
,,,,,
,,,,,
,,,,,
,,,,,
,,,,,
,,,,,
,,,,,
,,,,,
,,,,,
,,,,,
,,,,,
,,,,,
,,,,,
,,,,,
,,,,,
,,,,,
,,,,,
,,,,,
,,,,,
,,,,,
,,,,,
,,,,,
,,,,,
,,,,,
,,,,,
,,,,,
,,,,,
,,,,,
,,,,,
,,,,,
,,,,,
,,,,,
,,,,,
,,,,,
,,,,,
,,,,,
,,,,,
,,,,,
,,,,,
,,,,,
,,,,,
,,,,,
,,,,,
,,,,,
,,,,,
,,,,,
,,,,,
,,,,,
,,,,,
,,,,,
,,,,,
,,,,,
,,,,,
,,,,,
,,,,,
,,,,,
,,,,,
,,,,,
,,,,,
,,,,,
,,,,,
,,,,,
,,,,,
,,,,,
,,,,,
,,,,,
,,,,,
,,,,,
,,,,,
,,,,,
,,,,,
,,,,,
,,,,,
,,,,,
,,,,,
,,,,,
,,,,,
,,,,,
,,,,,
,,,,,
,,,,,
,,,,,
,,,,,
,,,,,
,,,,,
,,,,,
,,,,,
,,,,,
,,,,,
,,,,,
,,,,,
,,,,,
,,,,,
,,,,,
,,,,,
,,,,,
,,,,,
,,,,,
,,,,,
,,,,,
,,,,,
,,,,,
,,,,,
,,,,,
,,,,,
,,,,,
,,,,,
,,,,,
,,,,,
,,,,,
,,,,,
,,,,,
,,,,,
,,,,,
,,,,,
,,,,,
,,,,,
,,,,,
,,,,,
,,,,,
,,,,,
,,,,,
,,,,,
,,,,,
,,,,,
,,,,,
,,,,,
,,,,,
,,,,,
,,,,,
,,,,,
,,,,,
,,,,,
,,,,,
,,,,,
,,,,,
,,,,,
,,,,,
,,,,,
,,,,,
,,,,,
,,,,,
,,,,,
,,,,,
,,,,,
,,,,,
,,,,,
,,,,,
,,,,,
,,,,,
,,,,,
,,,,,
,,,,,
,,,,,
,,,,,
,,,,,
,,,,,
,,,,,
,,,,,
,,,,,
,,,,,
,,,,,
,,,,,
,,,,,
,,,,,
,,,,,
,,,,,
,,,,,
,,,,,
,,,,,
,,,,,
,,,,,
,,,,,
,,,,,
,,,,,
,,,,,
,,,,,
,,,,,
,,,,,
,,,,,
,,,,,
,,,,,
,,,,,
,,,,,
,,,,,
,,,,,
,,,,,
,,,,,
,,,,,
,,,,,
,,,,,
,,,,,
,,,,,
,,,,,
,,,,,
,,,,,
,,,,,
,,,,,
,,,,,
,,,,,
,,,,,
,,,,,
,,,,,
,,,,,
,,,,,
,,,,,
,,,,,
,,,,,
,,,,,
,,,,,
,,,,,
,,,,,
,,,,,
,,,,,
,,,,,
,,,,,
,,,,,
,,,,,
,,,,,
,,,,,
,,,,,
,,,,,
,,,,,
,,,,,
,,,,,
,,,,,
,,,,,
,,,,,
,,,,,
,,,,,
,,,,,
,,,,,
,,,,,
,,,,,
,,,,,
,,,,,
,,,,,
,,,,,
,,,,,
,,,,,
,,,,,
,,,,,
,,,,,
,,,,,
,,,,,
,,,,,
,,,,,
,,,,,
,,,,,
,,,,,
,,,,,
,,,,,
,,,,,
,,,,,
,,,,,
,,,,,
,,,,,
,,,,,
,,,,,
,,,,,
,,,,,
,,,,,
,,,,,
,,,,,
,,,,,
,,,,,
,,,,,
,,,,,
,,,,,
,,,,,
,,,,,
,,,,,
,,,,,
,,,,,
,,,,,
,,,,,
,,,,,
,,,,,
,,,,,
,,,,,
,,,,,
,,,,,
,,,,,
,,,,,
,,,,,
,,,,,
,,,,,
,,,,,
,,,,,
,,,,,
,,,,,
,,,,,
,,,,,
,,,,,
,,,,,
,,,,,
,,,,,
,,,,,
,,,,,
,,,,,
,,,,,
,,,,,
,,,,,
,,,,,
,,,,,
,,,,,
,,,,,
,,,,,
,,,,,
,,,,,
,,,,,
,,,,,
,,,,,
,,,,,
,,,,,
,,,,,
,,,,,
,,,,,
,,,,,
,,,,,
,,,,,
,,,,,
,,,,,
,,,,,
,,,,,
,,,,,
,,,,,
,,,,,
,,,,,
,,,,,
,,,,,
,,,,,
,,,,,
,,,,,
,,,,,
,,,,,
,,,,,
,,,,,
,,,,,
,,,,,
,,,,,
,,,,,
,,,,,
,,,,,
,,,,,
,,,,,
,,,,,
,,,,,
,,,,,
,,,,,
,,,,,
,,,,,
,,,,,
,,,,,
,,,,,
,,,,,
,,,,,
,,,,,
,,,,,
,,,,,
,,,,,
,,,,,
,,,,,
,,,,,
,,,,,
,,,,,
,,,,,
,,,,,
,,,,,
,,,,,
,,,,,
,,,,,
,,,,,
,,,,,
,,,,,
,,,,,
,,,,,
,,,,,
,,,,,
,,,,,
,,,,,
,,,,,
,,,,,
,,,,,
,,,,,
,,,,,
,,,,,
,,,,,
,,,,,
,,,,,
,,,,,
,,,,,
,,,,,
,,,,,
,,,,,
,,,,,
,,,,,
,,,,,
,,,,,
,,,,,
,,,,,
,,,,,
,,,,,
,,,,,
,,,,,
,,,,,
,,,,,
,,,,,
,,,,,
,,,,,
,,,,,
,,,,,
,,,,,
,,,,,
,,,,,
,,,,,
,,,,,
,,,,,
,,,,,
,,,,,
,,,,,
,,,,,
,,,,,
,,,,,
,,,,,
,,,,,
,,,,,
,,,,,
,,,,,
,,,,,
,,,,,
,,,,,
,,,,,
,,,,,
,,,,,
,,,,,
,,,,,
,,,,,
,,,,,
,,,,,
,,,,,
,,,,,
,,,,,
,,,,,
,,,,,
,,,,,
,,,,,
,,,,,
,,,,,
,,,,,
,,,,,
,,,,,
,,,,,
,,,,,
,,,,,
,,,,,
,,,,,
,,,,,
,,,,,
,,,,,
,,,,,
,,,,,
,,,,,
,,,,,
,,,,,
,,,,,
,,,,,
,,,,,
,,,,,
,,,,,
,,,,,
,,,,,
,,,,,
,,,,,
,,,,,
,,,,,
,,,,,
,,,,,
,,,,,
,,,,,
,,,,,
,,,,,
,,,,,
,,,,,
,,,,,
,,,,,
,,,,,
,,,,,
,,,,,
,,,,,
,,,,,
,,,,,
,,,,,
,,,,,
,,,,,
,,,,,
,,,,,
,,,,,
,,,,,
,,,,,
,,,,,
,,,,,
,,,,,
,,,,,
,,,,,
,,,,,
,,,,,
,,,,,
,,,,,
,,,,,
,,,,,
,,,,,
,,,,,
,,,,,
,,,,,
,,,,,
,,,,,
,,,,,
,,,,,
,,,,,
,,,,,
,,,,,
,,,,,
,,,,,
,,,,,
,,,,,
,,,,,
,,,,,
,,,,,
,,,,,
,,,,,
,,,,,
,,,,,
,,,,,
,,,,,
,,,,,
,,,,,
,,,,,
,,,,,
,,,,,
,,,,,
,,,,,
,,,,,
,,,,,
,,,,,
,,,,,
,,,,,
,,,,,
,,,,,
,,,,,
,,,,,
,,,,,
,,,,,
,,,,,
,,,,,
,,,,,
,,,,,
,,,,,
,,,,,
,,,,,
,,,,,
,,,,,
,,,,,
,,,,,
,,,,,
,,,,,
,,,,,
,,,,,
,,,,,
,,,,,
,,,,,
,,,,,
,,,,,
,,,,,
,,,,,
,,,,,
,,,,,
,,,,,
,,,,,
,,,,,
,,,,,
,,,,,
,,,,,
,,,,,
,,,,,
,,,,,
,,,,,
,,,,,
,,,,,
,,,,,
,,,,,
,,,,,
,,,,,
,,,,,
,,,,,
,,,,,
,,,,,
,,,,,
,,,,,
,,,,,
,,,,,
,,,,,
,,,,,
,,,,,
,,,,,
,,,,,
,,,,,
,,,,,
,,,,,
,,,,,
,,,,,
,,,,,
,,,,,
,,,,,
,,,,,
,,,,,
,,,,,
,,,,,
,,,,,
,,,,,
,,,,,
,,,,,
,,,,,
,,,,,
,,,,,
,,,,,
,,,,,
,,,,,
,,,,,
,,,,,
,,,,,
,,,,,
,,,,,
,,,,,
,,,,,
,,,,,
,,,,,
,,,,,
,,,,,
,,,,,
,,,,,
,,,,,
,,,,,
,,,,,
,,,,,
,,,,,
,,,,,
,,,,,
,,,,,
,,,,,
,,,,,
,,,,,
,,,,,
,,,,,
,,,,,
,,,,,
,,,,,
,,,,,
,,,,,
,,,,,
,,,,,
,,,,,
,,,,,
,,,,,
,,,,,
,,,,,
,,,,,
,,,,,
,,,,,
,,,,,
,,,,,
,,,,,
,,,,,
,,,,,
,,,,,
,,,,,
,,,,,
,,,,,
,,,,,
,,,,,
,,,,,
,,,,,
,,,,,
,,,,,
,,,,,
,,,,,
,,,,,
,,,,,
,,,,,
,,,,,
,,,,,
,,,,,
,,,,,
,,,,,
,,,,,
,,,,,
,,,,,
,,,,,
,,,,,
,,,,,
,,,,,
,,,,,
,,,,,
,,,,,
,,,,,
,,,,,
,,,,,
,,,,,
,,,,,
,,,,,
,,,,,
,,,,,
,,,,,
,,,,,
,,,,,
,,,,,
,,,,,
,,,,,
,,,,,
,,,,,
,,,,,
,,,,,
,,,,,
,,,,,
,,,,,
,,,,,
,,,,,
,,,,,
,,,,,
,,,,,
,,,,,
,,,,,
,,,,,
,,,,,
,,,,,
,,,,,
,,,,,
,,,,,
,,,,,
,,,,,
,,,,,
,,,,,
,,,,,
,,,,,
,,,,,
,,,,,
,,,,,
,,,,,
,,,,,
,,,,,
,,,,,
,,,,,
,,,,,
,,,,,
,,,,,
,,,,,
,,,,,
,,,,,
,,,,,
,,,,,
,,,,,
,,,,,
,,,,,
,,,,,
,,,,,
,,,,,
,,,,,
,,,,,
,,,,,
,,,,,
,,,,,
,,,,,
,,,,,
,,,,,
,,,,,
,,,,,
,,,,,
,,,,,
,,,,,
,,,,,
,,,,,
,,,,,
,,,,,
,,,,,
,,,,,
,,,,,
,,,,,
,,,,,
,,,,,
,,,,,
,,,,,
,,,,,
,,,,,
,,,,,
,,,,,
,,,,,
,,,,,
,,,,,
,,,,,
,,,,,
,,,,,
,,,,,
,,,,,
,,,,,
,,,,,
,,,,,
,,,,,
,,,,,
,,,,,
,,,,,
,,,,,
,,,,,
,,,,,
,,,,,
,,,,,
,,,,,
,,,,,
,,,,,
,,,,,
,,,,,
,,,,,
,,,,,
,,,,,
,,,,,
,,,,,
,,,,,
,,,,,
,,,,,
,,,,,
,,,,,
,,,,,
,,,,,
,,,,,
,,,,,
,,,,,
,,,,,
,,,,,
,,,,,
,,,,,
,,,,,
,,,,,
,,,,,
,,,,,
,,,,,
,,,,,
,,,,,
,,,,,
,,,,,
,,,,,
,,,,,
,,,,,
,,,,,
,,,,,
,,,,,
,,,,,
,,,,,
,,,,,
,,,,,
,,,,,
,,,,,
,,,,,
,,,,,
,,,,,
,,,,,
,,,,,
,,,,,
,,,,,
,,,,,
,,,,,
,,,,,
,,,,,
,,,,,
,,,,,
,,,,,
,,,,,
,,,,,
,,,,,
,,,,,
,,,,,
,,,,,
,,,,,
,,,,,
,,,,,
,,,,,
,,,,,
,,,,,
,,,,,
,,,,,
,,,,,
,,,,,
,,,,,
,,,,,
,,,,,
,,,,,
,,,,,
,,,,,
,,,,,
,,,,,
,,,,,
,,,,,
,,,,,
,,,,,
,,,,,
,,,,,
,,,,,
,,,,,
,,,,,
,,,,,
,,,,,
,,,,,
,,,,,
,,,,,
,,,,,
,,,,,
,,,,,
,,,,,
,,,,,
,,,,,
,,,,,
,,,,,
,,,,,
,,,,,
,,,,,
,,,,,
,,,,,
,,,,,
,,,,,
,,,,,
,,,,,
,,,,,
,,,,,
,,,,,
,,,,,
,,,,,
,,,,,
,,,,,
,,,,,
,,,,,
,,,,,
,,,,,
,,,,,
,,,,,
,,,,,
,,,,,
,,,,,
,,,,,
,,,,,
,,,,,
,,,,,
,,,,,
,,,,,
,,,,,
,,,,,
,,,,,
,,,,,
,,,,,
,,,,,
,,,,,
,,,,,
,,,,,
,,,,,
,,,,,
,,,,,
,,,,,
,,,,,
,,,,,
,,,,,
,,,,,
,,,,,
,,,,,
,,,,,
,,,,,
,,,,,
,,,,,
,,,,,
,,,,,
,,,,,
,,,,,
,,,,,
,,,,,
,,,,,
,,,,,
,,,,,
,,,,,
,,,,,
,,,,,
,,,,,
,,,,,
,,,,,
,,,,,
,,,,,
,,,,,
,,,,,
,,,,,
,,,,,
,,,,,
,,,,,
,,,,,
,,,,,
,,,,,
,,,,,
,,,,,
,,,,,
,,,,,
,,,,,
,,,,,
,,,,,
,,,,,
,,,,,
,,,,,
,,,,,
,,,,,
,,,,,
,,,,,
,,,,,
,,,,,
,,,,,
,,,,,
,,,,,
,,,,,
,,,,,
,,,,,
,,,,,
,,,,,
,,,,,
,,,,,
,,,,,
,,,,,
,,,,,
,,,,,
,,,,,
,,,,,
,,,,,
,,,,,
,,,,,
,,,,,
,,,,,
,,,,,
,,,,,
,,,,,
,,,,,
,,,,,
,,,,,
,,,,,
,,,,,
,,,,,
,,,,,
,,,,,
,,,,,
,,,,,
,,,,,
,,,,,
,,,,,
,,,,,
,,,,,
,,,,,
,,,,,
,,,,,
,,,,,
,,,,,
,,,,,
,,,,,
,,,,,
,,,,,
,,,,,
,,,,,
,,,,,
,,,,,
,,,,,
,,,,,
,,,,,
,,,,,
,,,,,
,,,,,
,,,,,
,,,,,
,,,,,
,,,,,
,,,,,
,,,,,
,,,,,
,,,,,
,,,,,
,,,,,
,,,,,
,,,,,
,,,,,
,,,,,
,,,,,
,,,,,
,,,,,
,,,,,
,,,,,
,,,,,
,,,,,
,,,,,
,,,,,
,,,,,
,,,,,
,,,,,
,,,,,
,,,,,
,,,,,
,,,,,
,,,,,
,,,,,
,,,,,
,,,,,
,,,,,
,,,,,
,,,,,
,,,,,
,,,,,
,,,,,
,,,,,
,,,,,
,,,,,
,,,,,
,,,,,
,,,,,
,,,,,
,,,,,
,,,,,
,,,,,
,,,,,
,,,,,
,,,,,
,,,,,
,,,,,
,,,,,
,,,,,
,,,,,
,,,,,
,,,,,
,,,,,
,,,,,
,,,,,
,,,,,
,,,,,
,,,,,
,,,,,
,,,,,
,,,,,
,,,,,
,,,,,
,,,,,
,,,,,
,,,,,
,,,,,
,,,,,
,,,,,
,,,,,
,,,,,
,,,,,
,,,,,
,,,,,
,,,,,
,,,,,
,,,,,
,,,,,
,,,,,
,,,,,
,,,,,
,,,,,
,,,,,
,,,,,
,,,,,
,,,,,
,,,,,
,,,,,
,,,,,
,,,,,
,,,,,
,,,,,
,,,,,
,,,,,
,,,,,
,,,,,
,,,,,
,,,,,
,,,,,
,,,,,
,,,,,
,,,,,
,,,,,
,,,,,
,,,,,
,,,,,
,,,,,
,,,,,
,,,,,
,,,,,
,,,,,
,,,,,
,,,,,
,,,,,
,,,,,
,,,,,
,,,,,
,,,,,
,,,,,
,,,,,
,,,,,
,,,,,
,,,,,
,,,,,
,,,,,
,,,,,
,,,,,
,,,,,
,,,,,
,,,,,
,,,,,
,,,,,
,,,,,
,,,,,
,,,,,
,,,,,
,,,,,
,,,,,
,,,,,
,,,,,
,,,,,
,,,,,
,,,,,
,,,,,
,,,,,
,,,,,
,,,,,
,,,,,
,,,,,
,,,,,
,,,,,
,,,,,
,,,,,
,,,,,
,,,,,
,,,,,
,,,,,
,,,,,
,,,,,
,,,,,
,,,,,
,,,,,
,,,,,
,,,,,
,,,,,
,,,,,
,,,,,
,,,,,
,,,,,
,,,,,
,,,,,
,,,,,
,,,,,
,,,,,
,,,,,
,,,,,
,,,,,
,,,,,
,,,,,
,,,,,
,,,,,
,,,,,
,,,,,
,,,,,
,,,,,
,,,,,
,,,,,
,,,,,
,,,,,
,,,,,
,,,,,
,,,,,
,,,,,
,,,,,
,,,,,
,,,,,
,,,,,
,,,,,
,,,,,
,,,,,
,,,,,
,,,,,
,,,,,
,,,,,
,,,,,
,,,,,
,,,,,
,,,,,
,,,,,
,,,,,
,,,,,
,,,,,
,,,,,
,,,,,
,,,,,
,,,,,
,,,,,
,,,,,
,,,,,
,,,,,
,,,,,
,,,,,
,,,,,
,,,,,
,,,,,
,,,,,
,,,,,
,,,,,
,,,,,
,,,,,
,,,,,
,,,,,
,,,,,
,,,,,
,,,,,
,,,,,
,,,,,
,,,,,
,,,,,
,,,,,
,,,,,
,,,,,
,,,,,
,,,,,
,,,,,
,,,,,
,,,,,
,,,,,
,,,,,
,,,,,
,,,,,
,,,,,
,,,,,
,,,,,
,,,,,
,,,,,
,,,,,
,,,,,
,,,,,
,,,,,
,,,,,
,,,,,
,,,,,
,,,,,
,,,,,
,,,,,
,,,,,
,,,,,
,,,,,
,,,,,
,,,,,
,,,,,
,,,,,
,,,,,
,,,,,
,,,,,
,,,,,
,,,,,
,,,,,
,,,,,
,,,,,
,,,,,
,,,,,
,,,,,
,,,,,
,,,,,
,,,,,
,,,,,
,,,,,
,,,,,
,,,,,
,,,,,
,,,,,
,,,,,
,,,,,
,,,,,
,,,,,
,,,,,
,,,,,
,,,,,
,,,,,
,,,,,
,,,,,
,,,,,
,,,,,
,,,,,
,,,,,
,,,,,
,,,,,
,,,,,
,,,,,
,,,,,
,,,,,
,,,,,
,,,,,
,,,,,
,,,,,
,,,,,
,,,,,
,,,,,
,,,,,
,,,,,
,,,,,
,,,,,
,,,,,
,,,,,
,,,,,
,,,,,
,,,,,
,,,,,
,,,,,
,,,,,
,,,,,
,,,,,
,,,,,
,,,,,
,,,,,
,,,,,
,,,,,
,,,,,
,,,,,
,,,,,
,,,,,
,,,,,
,,,,,
,,,,,
,,,,,
,,,,,
,,,,,
,,,,,
,,,,,
,,,,,
,,,,,
,,,,,
,,,,,
,,,,,
,,,,,
,,,,,
,,,,,
,,,,,
,,,,,
,,,,,
,,,,,
,,,,,
,,,,,
,,,,,
,,,,,
,,,,,
,,,,,
,,,,,
,,,,,
,,,,,
,,,,,
,,,,,
,,,,,
,,,,,
,,,,,
,,,,,
,,,,,
,,,,,
,,,,,
,,,,,
,,,,,
,,,,,
,,,,,
,,,,,
,,,,,
,,,,,
,,,,,
,,,,,
,,,,,
,,,,,
,,,,,
,,,,,
,,,,,
,,,,,
,,,,,
,,,,,
,,,,,
,,,,,
,,,,,
,,,,,
,,,,,
,,,,,
,,,,,
,,,,,
,,,,,
,,,,,
,,,,,
,,,,,
,,,,,
,,,,,
,,,,,
,,,,,
,,,,,
,,,,,
,,,,,
,,,,,
,,,,,
,,,,,
,,,,,
,,,,,
,,,,,
,,,,,
,,,,,
,,,,,
,,,,,
,,,,,
,,,,,
,,,,,
,,,,,
,,,,,
,,,,,
,,,,,
,,,,,
,,,,,
,,,,,
,,,,,
,,,,,
,,,,,
,,,,,
,,,,,
,,,,,
,,,,,
,,,,,
,,,,,
,,,,,
,,,,,
,,,,,
,,,,,
,,,,,
,,,,,
,,,,,
,,,,,
,,,,,
,,,,,
,,,,,
,,,,,
,,,,,
,,,,,
,,,,,
,,,,,
,,,,,
,,,,,
,,,,,
,,,,,
,,,,,
,,,,,
,,,,,
,,,,,
,,,,,
,,,,,
,,,,,
,,,,,
,,,,,
,,,,,
,,,,,
,,,,,
,,,,,
,,,,,
,,,,,
,,,,,
,,,,,
,,,,,
,,,,,
,,,,,
,,,,,
,,,,,
,,,,,
,,,,,
,,,,,
,,,,,
,,,,,
,,,,,
,,,,,
,,,,,
,,,,,
,,,,,
,,,,,
,,,,,
,,,,,
,,,,,
,,,,,
,,,,,
,,,,,
,,,,,
,,,,,
,,,,,
,,,,,
,,,,,
,,,,,
,,,,,
,,,,,
,,,,,
,,,,,
,,,,,
,,,,,
,,,,,
,,,,,
,,,,,
,,,,,
,,,,,
,,,,,
,,,,,
,,,,,
,,,,,
,,,,,
,,,,,
,,,,,
,,,,,
,,,,,
,,,,,
,,,,,
,,,,,
,,,,,
,,,,,
,,,,,
,,,,,
,,,,,
,,,,,
,,,,,
,,,,,
,,,,,
,,,,,
,,,,,
,,,,,
,,,,,
,,,,,
,,,,,
,,,,,
,,,,,
,,,,,
,,,,,
,,,,,
,,,,,
,,,,,
,,,,,
,,,,,
,,,,,
,,,,,
,,,,,
,,,,,
,,,,,
,,,,,
,,,,,
,,,,,
,,,,,
,,,,,
,,,,,
,,,,,
,,,,,
,,,,,
,,,,,
,,,,,
,,,,,
,,,,,
,,,,,
,,,,,
,,,,,
,,,,,
,,,,,
,,,,,
,,,,,
,,,,,
,,,,,
,,,,,
,,,,,
,,,,,
,,,,,
,,,,,
,,,,,
,,,,,
,,,,,
,,,,,
,,,,,
,,,,,
,,,,,
,,,,,
,,,,,
,,,,,
,,,,,
,,,,,
,,,,,
,,,,,
,,,,,
,,,,,
,,,,,
,,,,,
,,,,,
,,,,,
,,,,,
,,,,,
,,,,,
,,,,,
,,,,,
,,,,,
,,,,,
,,,,,
,,,,,
,,,,,
,,,,,
,,,,,
,,,,,
,,,,,
,,,,,
,,,,,
,,,,,
,,,,,
,,,,,
,,,,,
,,,,,
,,,,,
,,,,,
,,,,,
,,,,,
,,,,,
,,,,,
,,,,,
,,,,,
,,,,,
,,,,,
,,,,,
,,,,,
,,,,,
,,,,,
,,,,,
,,,,,
,,,,,
,,,,,
,,,,,
,,,,,
,,,,,
,,,,,
,,,,,
,,,,,
,,,,,
,,,,,
,,,,,
,,,,,
,,,,,
,,,,,
,,,,,
,,,,,
,,,,,
,,,,,
,,,,,
,,,,,
,,,,,
,,,,,
,,,,,
,,,,,
,,,,,
,,,,,
,,,,,
,,,,,
,,,,,
,,,,,
,,,,,
,,,,,
,,,,,
,,,,,
,,,,,
,,,,,
,,,,,
,,,,,
,,,,,
,,,,,
,,,,,
,,,,,
,,,,,
,,,,,
,,,,,
,,,,,
,,,,,
,,,,,
,,,,,
,,,,,
,,,,,
,,,,,
,,,,,
,,,,,
,,,,,
,,,,,
,,,,,
,,,,,
,,,,,
,,,,,
,,,,,
,,,,,
,,,,,
,,,,,
,,,,,
,,,,,
,,,,,
,,,,,
,,,,,
,,,,,
,,,,,
,,,,,
,,,,,
,,,,,
,,,,,
,,,,,
,,,,,
,,,,,
,,,,,
,,,,,
,,,,,
,,,,,
,,,,,
,,,,,
,,,,,
,,,,,
,,,,,
,,,,,
,,,,,
,,,,,
,,,,,
,,,,,
,,,,,
,,,,,
,,,,,
,,,,,
,,,,,
,,,,,
,,,,,
,,,,,
,,,,,
,,,,,
,,,,,
,,,,,
,,,,,
,,,,,
,,,,,
,,,,,
,,,,,
,,,,,
,,,,,
,,,,,
,,,,,
,,,,,
,,,,,
,,,,,
,,,,,
,,,,,
,,,,,
,,,,,
,,,,,
,,,,,
,,,,,
,,,,,
,,,,,
,,,,,
,,,,,
,,,,,
,,,,,
,,,,,
,,,,,
,,,,,
,,,,,
,,,,,
,,,,,
,,,,,
,,,,,
,,,,,
,,,,,
,,,,,
,,,,,
,,,,,
,,,,,
,,,,,
,,,,,
,,,,,
,,,,,
,,,,,
,,,,,
,,,,,
,,,,,
,,,,,
,,,,,
,,,,,
,,,,,
,,,,,
,,,,,
,,,,,
,,,,,
,,,,,
,,,,,
,,,,,
,,,,,
,,,,,
,,,,,
,,,,,
,,,,,
,,,,,
,,,,,
,,,,,
,,,,,
,,,,,
,,,,,
,,,,,
,,,,,
,,,,,
,,,,,
,,,,,
,,,,,
,,,,,
,,,,,
,,,,,
,,,,,
,,,,,
,,,,,
,,,,,
,,,,,
,,,,,
,,,,,
,,,,,
,,,,,
,,,,,
,,,,,
,,,,,
,,,,,
,,,,,
,,,,,
,,,,,
,,,,,
,,,,,
,,,,,
,,,,,
,,,,,
,,,,,
,,,,,
,,,,,
,,,,,
,,,,,
,,,,,
,,,,,
,,,,,
,,,,,
,,,,,
,,,,,
,,,,,
,,,,,
,,,,,
,,,,,
,,,,,
,,,,,
,,,,,
,,,,,
,,,,,
,,,,,
,,,,,
,,,,,
,,,,,
,,,,,
,,,,,
,,,,,
,,,,,
,,,,,
,,,,,
,,,,,
,,,,,
,,,,,
,,,,,
,,,,,
,,,,,
,,,,,
,,,,,
,,,,,
,,,,,
,,,,,
,,,,,
,,,,,
,,,,,
,,,,,
,,,,,
,,,,,
,,,,,
,,,,,
,,,,,
,,,,,
,,,,,
,,,,,
,,,,,
,,,,,
,,,,,
,,,,,
,,,,,
,,,,,
,,,,,
,,,,,
,,,,,
,,,,,
,,,,,
,,,,,
,,,,,
,,,,,
,,,,,
,,,,,
,,,,,
,,,,,
,,,,,
,,,,,
,,,,,
,,,,,
,,,,,
,,,,,
,,,,,
,,,,,
,,,,,
,,,,,
,,,,,
,,,,,
,,,,,
,,,,,
,,,,,
,,,,,
,,,,,
,,,,,
,,,,,
,,,,,
,,,,,
,,,,,
,,,,,
,,,,,
,,,,,
,,,,,
,,,,,
,,,,,
,,,,,
,,,,,
,,,,,
,,,,,
,,,,,
,,,,,
,,,,,
,,,,,
,,,,,
,,,,,
,,,,,
,,,,,
,,,,,
,,,,,
,,,,,
,,,,,
,,,,,
,,,,,
,,,,,
,,,,,
,,,,,
,,,,,
,,,,,
,,,,,
,,,,,
,,,,,
,,,,,
,,,,,
,,,,,
,,,,,
,,,,,
,,,,,
,,,,,
,,,,,
,,,,,
,,,,,
,,,,,
,,,,,
,,,,,
,,,,,
,,,,,
,,,,,
,,,,,
,,,,,
,,,,,
,,,,,
,,,,,
,,,,,
,,,,,
,,,,,
,,,,,
,,,,,
,,,,,
,,,,,
,,,,,
,,,,,
,,,,,
,,,,,
,,,,,
,,,,,
,,,,,
,,,,,
,,,,,
,,,,,
,,,,,
,,,,,
,,,,,
,,,,,
,,,,,
,,,,,
,,,,,
,,,,,
,,,,,
,,,,,
,,,,,
,,,,,
,,,,,
,,,,,
,,,,,
,,,,,
,,,,,
,,,,,
,,,,,
,,,,,
,,,,,
,,,,,
,,,,,
,,,,,
,,,,,
,,,,,
,,,,,
,,,,,
,,,,,
,,,,,
,,,,,
,,,,,
,,,,,
,,,,,
,,,,,
,,,,,
,,,,,
,,,,,
,,,,,
,,,,,
,,,,,
,,,,,
,,,,,
,,,,,
,,,,,
,,,,,
,,,,,
,,,,,
,,,,,
,,,,,
,,,,,
,,,,,
,,,,,
,,,,,
,,,,,
,,,,,
,,,,,
,,,,,
,,,,,
,,,,,
,,,,,
,,,,,
,,,,,
,,,,,
,,,,,
,,,,,
,,,,,
,,,,,
,,,,,
,,,,,
,,,,,
,,,,,
,,,,,
,,,,,
,,,,,
,,,,,
,,,,,
,,,,,
,,,,,
,,,,,
,,,,,
,,,,,
,,,,,
,,,,,
,,,,,
,,,,,
,,,,,
,,,,,
,,,,,
,,,,,
,,,,,
,,,,,
,,,,,
,,,,,
,,,,,
,,,,,
,,,,,
,,,,,
,,,,,
,,,,,
,,,,,
,,,,,
,,,,,
,,,,,
,,,,,
,,,,,
,,,,,
,,,,,
,,,,,
,,,,,
,,,,,
,,,,,
,,,,,
,,,,,
,,,,,
,,,,,
,,,,,
,,,,,
,,,,,
,,,,,
,,,,,
,,,,,
,,,,,
,,,,,
,,,,,
,,,,,
,,,,,
,,,,,
,,,,,
,,,,,
,,,,,
,,,,,
,,,,,
,,,,,
,,,,,
,,,,,
,,,,,
,,,,,
,,,,,
,,,,,
,,,,,
,,,,,
,,,,,
,,,,,
,,,,,
,,,,,
,,,,,
,,,,,
,,,,,
,,,,,
,,,,,
,,,,,
,,,,,
,,,,,
,,,,,
,,,,,
,,,,,
,,,,,
,,,,,
,,,,,
,,,,,
,,,,,
,,,,,
,,,,,
,,,,,
,,,,,
,,,,,
,,,,,
,,,,,
,,,,,
,,,,,
,,,,,
,,,,,
,,,,,
,,,,,
,,,,,
,,,,,
,,,,,
,,,,,
,,,,,
,,,,,
,,,,,
,,,,,
,,,,,
,,,,,
,,,,,
,,,,,
,,,,,
,,,,,
,,,,,
,,,,,
,,,,,
,,,,,
,,,,,
,,,,,
,,,,,
,,,,,
,,,,,
,,,,,
,,,,,
,,,,,
,,,,,
,,,,,
,,,,,
,,,,,
,,,,,
,,,,,
,,,,,
,,,,,
,,,,,
,,,,,
,,,,,
,,,,,
,,,,,
,,,,,
,,,,,
,,,,,
,,,,,
,,,,,
,,,,,
,,,,,
,,,,,
,,,,,
,,,,,
,,,,,
,,,,,
,,,,,
,,,,,
,,,,,
,,,,,
,,,,,
,,,,,
,,,,,
,,,,,
,,,,,
,,,,,
,,,,,
,,,,,
,,,,,
,,,,,
,,,,,
,,,,,
,,,,,
,,,,,
,,,,,
,,,,,
,,,,,
,,,,,
,,,,,
,,,,,
,,,,,
,,,,,
,,,,,
,,,,,
,,,,,
,,,,,
,,,,,
,,,,,
,,,,,
,,,,,
,,,,,
,,,,,
,,,,,
,,,,,
,,,,,
,,,,,
,,,,,
,,,,,
,,,,,
,,,,,
,,,,,
,,,,,
,,,,,
,,,,,
,,,,,
,,,,,
,,,,,
,,,,,
,,,,,
,,,,,
,,,,,
,,,,,
,,,,,
,,,,,
,,,,,
,,,,,
,,,,,
,,,,,
,,,,,
,,,,,
,,,,,
,,,,,
,,,,,
,,,,,
,,,,,
,,,,,
,,,,,
,,,,,
,,,,,
,,,,,
,,,,,
,,,,,
,,,,,
,,,,,
,,,,,
,,,,,
,,,,,
,,,,,
,,,,,
,,,,,
,,,,,
,,,,,
,,,,,
,,,,,
,,,,,
,,,,,
,,,,,
,,,,,
,,,,,
,,,,,
,,,,,
,,,,,
,,,,,
,,,,,
,,,,,
,,,,,
,,,,,
,,,,,
,,,,,
,,,,,
,,,,,
,,,,,
,,,,,
,,,,,
,,,,,
,,,,,
,,,,,
,,,,,
,,,,,
,,,,,
,,,,,
,,,,,
,,,,,
,,,,,
,,,,,
,,,,,
,,,,,
,,,,,
,,,,,
,,,,,
,,,,,
,,,,,
,,,,,
,,,,,
,,,,,
,,,,,
,,,,,
,,,,,
,,,,,
,,,,,
,,,,,
,,,,,
,,,,,
,,,,,
,,,,,
,,,,,
,,,,,
,,,,,
,,,,,
,,,,,
,,,,,
,,,,,
,,,,,
,,,,,
,,,,,
,,,,,
,,,,,
,,,,,
,,,,,
,,,,,
,,,,,
,,,,,
,,,,,
,,,,,
,,,,,
,,,,,
,,,,,
,,,,,
,,,,,
,,,,,
,,,,,
,,,,,
,,,,,
,,,,,
,,,,,
,,,,,
,,,,,
,,,,,
,,,,,
,,,,,
,,,,,
,,,,,
,,,,,
,,,,,
,,,,,
,,,,,
,,,,,
,,,,,
,,,,,
,,,,,
,,,,,
,,,,,
,,,,,
,,,,,
,,,,,
,,,,,
,,,,,
,,,,,
,,,,,
,,,,,
,,,,,
,,,,,
,,,,,
,,,,,
,,,,,
,,,,,
,,,,,
,,,,,
,,,,,
,,,,,
,,,,,
,,,,,
,,,,,
,,,,,
,,,,,
,,,,,
,,,,,
,,,,,
,,,,,
,,,,,
,,,,,
,,,,,
,,,,,
,,,,,
,,,,,
,,,,,
,,,,,
,,,,,
,,,,,
,,,,,
,,,,,
,,,,,
,,,,,
,,,,,
,,,,,
,,,,,
,,,,,
,,,,,
,,,,,
,,,,,
,,,,,
,,,,,
,,,,,
,,,,,
,,,,,
,,,,,
,,,,,
,,,,,
,,,,,
,,,,,
,,,,,
,,,,,
,,,,,
,,,,,
,,,,,
,,,,,
,,,,,
,,,,,
,,,,,
,,,,,
,,,,,
,,,,,
,,,,,
,,,,,
,,,,,
,,,,,
,,,,,
,,,,,
,,,,,
,,,,,
,,,,,
,,,,,
,,,,,
,,,,,
,,,,,
,,,,,
,,,,,
,,,,,
,,,,,
,,,,,
,,,,,
,,,,,
,,,,,
,,,,,
,,,,,
,,,,,
,,,,,
,,,,,
,,,,,
,,,,,
,,,,,
,,,,,
,,,,,
,,,,,
,,,,,
,,,,,
,,,,,
,,,,,
,,,,,
,,,,,
,,,,,
,,,,,
,,,,,
,,,,,
,,,,,
,,,,,
,,,,,
,,,,,
,,,,,
,,,,,
,,,,,
,,,,,
,,,,,
,,,,,
,,,,,
,,,,,
,,,,,
,,,,,
,,,,,
,,,,,
,,,,,
,,,,,
,,,,,
,,,,,
,,,,,
,,,,,
,,,,,
,,,,,
,,,,,
,,,,,
,,,,,
,,,,,
,,,,,
,,,,,
,,,,,
,,,,,
,,,,,
,,,,,
,,,,,
,,,,,
,,,,,
,,,,,
,,,,,
,,,,,
,,,,,
,,,,,
,,,,,
,,,,,
,,,,,
,,,,,
,,,,,
,,,,,
,,,,,
,,,,,
,,,,,
,,,,,
,,,,,
,,,,,
,,,,,
,,,,,
,,,,,
,,,,,
,,,,,
,,,,,
,,,,,
,,,,,
,,,,,
,,,,,
,,,,,
,,,,,
,,,,,
,,,,,
,,,,,
,,,,,
,,,,,
,,,,,
,,,,,
,,,,,
,,,,,
,,,,,
,,,,,
,,,,,
,,,,,
,,,,,
,,,,,
,,,,,
,,,,,
,,,,,
,,,,,
,,,,,
,,,,,
,,,,,
,,,,,
,,,,,
,,,,,
,,,,,
,,,,,
,,,,,
,,,,,
,,,,,
,,,,,
,,,,,
,,,,,
,,,,,
,,,,,
,,,,,
,,,,,
,,,,,
,,,,,
,,,,,
,,,,,
,,,,,
,,,,,
,,,,,
,,,,,
,,,,,
,,,,,
,,,,,
,,,,,
,,,,,
,,,,,
,,,,,
,,,,,
,,,,,
,,,,,
,,,,,
,,,,,
,,,,,
,,,,,
,,,,,
,,,,,
,,,,,
,,,,,
,,,,,
,,,,,
,,,,,
,,,,,
,,,,,
,,,,,
,,,,,
,,,,,
,,,,,
,,,,,
,,,,,
,,,,,
,,,,,
,,,,,
,,,,,
,,,,,
,,,,,
,,,,,
,,,,,
,,,,,
,,,,,
,,,,,
,,,,,
,,,,,
,,,,,
,,,,,
,,,,,
,,,,,
,,,,,
,,,,,
,,,,,
,,,,,
,,,,,
,,,,,
,,,,,
,,,,,
,,,,,
,,,,,
,,,,,
,,,,,
,,,,,
,,,,,
,,,,,
,,,,,
,,,,,
,,,,,
,,,,,
,,,,,
,,,,,
,,,,,
,,,,,
,,,,,
,,,,,
,,,,,
,,,,,
,,,,,
,,,,,
,,,,,
,,,,,
,,,,,
,,,,,
,,,,,
,,,,,
,,,,,
,,,,,
,,,,,
,,,,,
,,,,,
,,,,,
,,,,,
,,,,,
,,,,,
,,,,,
,,,,,
,,,,,
,,,,,
,,,,,
,,,,,
,,,,,
,,,,,
,,,,,
,,,,,
,,,,,
,,,,,
,,,,,
,,,,,
,,,,,
,,,,,
,,,,,
,,,,,
,,,,,
,,,,,
,,,,,
,,,,,
,,,,,
,,,,,
,,,,,
,,,,,
,,,,,
,,,,,
,,,,,
,,,,,
,,,,,
,,,,,
,,,,,
,,,,,
,,,,,
,,,,,
,,,,,
,,,,,
,,,,,
,,,,,
,,,,,
,,,,,
,,,,,
,,,,,
,,,,,
,,,,,
,,,,,
,,,,,
,,,,,
,,,,,
,,,,,
,,,,,
,,,,,
,,,,,
,,,,,
,,,,,
,,,,,
,,,,,
,,,,,
,,,,,
,,,,,
,,,,,
,,,,,
,,,,,
,,,,,
,,,,,
,,,,,
,,,,,
,,,,,
,,,,,
,,,,,
,,,,,
,,,,,
,,,,,
,,,,,
,,,,,
,,,,,
,,,,,
,,,,,
,,,,,
,,,,,
,,,,,
,,,,,
,,,,,
,,,,,
,,,,,
,,,,,
,,,,,
,,,,,
,,,,,
,,,,,
,,,,,
,,,,,
,,,,,
,,,,,
,,,,,
,,,,,
,,,,,
,,,,,
,,,,,
,,,,,
,,,,,
,,,,,
,,,,,
,,,,,
,,,,,
,,,,,
,,,,,
,,,,,
,,,,,
,,,,,
,,,,,
,,,,,
,,,,,
,,,,,
,,,,,
,,,,,
,,,,,
,,,,,
,,,,,
,,,,,
,,,,,
,,,,,
,,,,,
,,,,,
,,,,,
,,,,,
,,,,,
,,,,,
,,,,,
,,,,,
,,,,,
,,,,,
,,,,,
,,,,,
,,,,,
,,,,,
,,,,,
,,,,,
,,,,,
,,,,,
,,,,,
,,,,,
,,,,,
,,,,,
,,,,,
,,,,,
,,,,,
,,,,,
,,,,,
,,,,,
,,,,,
,,,,,
,,,,,
,,,,,
,,,,,
,,,,,
,,,,,
,,,,,
,,,,,
,,,,,
,,,,,
,,,,,
,,,,,
,,,,,
,,,,,
,,,,,
,,,,,
,,,,,
,,,,,
,,,,,
,,,,,
,,,,,
,,,,,
,,,,,
,,,,,
,,,,,
,,,,,
,,,,,
,,,,,
,,,,,
,,,,,
,,,,,
,,,,,
,,,,,
,,,,,
,,,,,
,,,,,
,,,,,
,,,,,
,,,,,
,,,,,
,,,,,
,,,,,
,,,,,
,,,,,
,,,,,
,,,,,
,,,,,
,,,,,
,,,,,
,,,,,
,,,,,
,,,,,
,,,,,
,,,,,
,,,,,
,,,,,
,,,,,
,,,,,
,,,,,
,,,,,
,,,,,
,,,,,
,,,,,
,,,,,
,,,,,
,,,,,
,,,,,
,,,,,
,,,,,
,,,,,
,,,,,
,,,,,
,,,,,
,,,,,
,,,,,
,,,,,
,,,,,
,,,,,
,,,,,
,,,,,
,,,,,
,,,,,
,,,,,
,,,,,
,,,,,
,,,,,
,,,,,
,,,,,
,,,,,
,,,,,
,,,,,
,,,,,
,,,,,
,,,,,
,,,,,
,,,,,
,,,,,
,,,,,
,,,,,
,,,,,
,,,,,
,,,,,
,,,,,
,,,,,
,,,,,
,,,,,
,,,,,
,,,,,
,,,,,
,,,,,
,,,,,
,,,,,
,,,,,
,,,,,
,,,,,
,,,,,
,,,,,
,,,,,
,,,,,
,,,,,
,,,,,
,,,,,
,,,,,
,,,,,
,,,,,
,,,,,
,,,,,
,,,,,
,,,,,
,,,,,
,,,,,
,,,,,
,,,,,
,,,,,
,,,,,
,,,,,
,,,,,
,,,,,
,,,,,
,,,,,
,,,,,
,,,,,
,,,,,
,,,,,
,,,,,
,,,,,
,,,,,
,,,,,
,,,,,
,,,,,
,,,,,
,,,,,
,,,,,
,,,,,
,,,,,
,,,,,
,,,,,
,,,,,
,,,,,
,,,,,
,,,,,
,,,,,
,,,,,
,,,,,
,,,,,
,,,,,
,,,,,
,,,,,
,,,,,
,,,,,
,,,,,
,,,,,
,,,,,
,,,,,
,,,,,
,,,,,
,,,,,
,,,,,
,,,,,
,,,,,
,,,,,
,,,,,
,,,,,
,,,,,
,,,,,
,,,,,
,,,,,
,,,,,
,,,,,
,,,,,
,,,,,
,,,,,
,,,,,
,,,,,
,,,,,
,,,,,
,,,,,
,,,,,
,,,,,
,,,,,
,,,,,
,,,,,
,,,,,
,,,,,
,,,,,
,,,,,
,,,,,
,,,,,
,,,,,
,,,,,
,,,,,
,,,,,
,,,,,
,,,,,
,,,,,
,,,,,
,,,,,
,,,,,
,,,,,
,,,,,
,,,,,
,,,,,
,,,,,
,,,,,
,,,,,
,,,,,
,,,,,
,,,,,
,,,,,
,,,,,
,,,,,
,,,,,
,,,,,
,,,,,
,,,,,
,,,,,
,,,,,
,,,,,
,,,,,
,,,,,
,,,,,
,,,,,
,,,,,
,,,,,
,,,,,
,,,,,
,,,,,
,,,,,
,,,,,
,,,,,
,,,,,
,,,,,
,,,,,
,,,,,
,,,,,
,,,,,
,,,,,
,,,,,
,,,,,
,,,,,
,,,,,
,,,,,
,,,,,
,,,,,
,,,,,
,,,,,
,,,,,
,,,,,
,,,,,
,,,,,
,,,,,
,,,,,
,,,,,
,,,,,
,,,,,
,,,,,
,,,,,
,,,,,
,,,,,
,,,,,
,,,,,
,,,,,
,,,,,
,,,,,
,,,,,
,,,,,
,,,,,
,,,,,
,,,,,
,,,,,
,,,,,
,,,,,
,,,,,
,,,,,
,,,,,
,,,,,
,,,,,
,,,,,
,,,,,
,,,,,
,,,,,
,,,,,
,,,,,
,,,,,
,,,,,
,,,,,
,,,,,
,,,,,
,,,,,
,,,,,
,,,,,
,,,,,
,,,,,
,,,,,
,,,,,
,,,,,
,,,,,
,,,,,
,,,,,
,,,,,
,,,,,
,,,,,
,,,,,
,,,,,
,,,,,
,,,,,
,,,,,
,,,,,
,,,,,
,,,,,
,,,,,
,,,,,
,,,,,
,,,,,
,,,,,
,,,,,
,,,,,
,,,,,
,,,,,
,,,,,
,,,,,
,,,,,
,,,,,
,,,,,
,,,,,
,,,,,
,,,,,
,,,,,
,,,,,
,,,,,
,,,,,
,,,,,
,,,,,
,,,,,
,,,,,
,,,,,
,,,,,
,,,,,
,,,,,
,,,,,
,,,,,
,,,,,
,,,,,
,,,,,
,,,,,
,,,,,
,,,,,
,,,,,
,,,,,
,,,,,
,,,,,
,,,,,
,,,,,
,,,,,
,,,,,
,,,,,
,,,,,
,,,,,
,,,,,
,,,,,
,,,,,
,,,,,
,,,,,
,,,,,
,,,,,
,,,,,
,,,,,
,,,,,
,,,,,
,,,,,
,,,,,
,,,,,
,,,,,
,,,,,
,,,,,
,,,,,
,,,,,
,,,,,
,,,,,
,,,,,
,,,,,
,,,,,
,,,,,
,,,,,
,,,,,
,,,,,
,,,,,
,,,,,
,,,,,
,,,,,
,,,,,
,,,,,
,,,,,
,,,,,
,,,,,
,,,,,
,,,,,
,,,,,
,,,,,
,,,,,
,,,,,
,,,,,
,,,,,
,,,,,
,,,,,
,,,,,
,,,,,
,,,,,
,,,,,
,,,,,
,,,,,
,,,,,
,,,,,
,,,,,
,,,,,
,,,,,
,,,,,
,,,,,
,,,,,
,,,,,
,,,,,
,,,,,
,,,,,
,,,,,
,,,,,
,,,,,
,,,,,
,,,,,
,,,,,
,,,,,
,,,,,
,,,,,
,,,,,
,,,,,
,,,,,
,,,,,
,,,,,
,,,,,
,,,,,
,,,,,
,,,,,
,,,,,
,,,,,
,,,,,
,,,,,
,,,,,
,,,,,
,,,,,
,,,,,
,,,,,
,,,,,
,,,,,
,,,,,
,,,,,
,,,,,
,,,,,
,,,,,
,,,,,
,,,,,
,,,,,
,,,,,
,,,,,
,,,,,
,,,,,
,,,,,
,,,,,
,,,,,
,,,,,
,,,,,
,,,,,
,,,,,
,,,,,
,,,,,
,,,,,
,,,,,
,,,,,
,,,,,
,,,,,
,,,,,
,,,,,
,,,,,
,,,,,
,,,,,
,,,,,
,,,,,
,,,,,
,,,,,
,,,,,
,,,,,
,,,,,
,,,,,
,,,,,
,,,,,
,,,,,
,,,,,
,,,,,
,,,,,
,,,,,
,,,,,
,,,,,
,,,,,
,,,,,
,,,,,
,,,,,
,,,,,
,,,,,
,,,,,
,,,,,
,,,,,
,,,,,
,,,,,
,,,,,
,,,,,
,,,,,
,,,,,
,,,,,
,,,,,
,,,,,
,,,,,
,,,,,
,,,,,
,,,,,
,,,,,
,,,,,
,,,,,
,,,,,
,,,,,
,,,,,
,,,,,
,,,,,
,,,,,
,,,,,
,,,,,
,,,,,
,,,,,
,,,,,
,,,,,
,,,,,
,,,,,
,,,,,
,,,,,
,,,,,
,,,,,
,,,,,
,,,,,
,,,,,
,,,,,
,,,,,
,,,,,
,,,,,
,,,,,
,,,,,
,,,,,
,,,,,
,,,,,
,,,,,
,,,,,
,,,,,
,,,,,
,,,,,
,,,,,
,,,,,
,,,,,
,,,,,
,,,,,
,,,,,
,,,,,
,,,,,
,,,,,
,,,,,
,,,,,
,,,,,
,,,,,
,,,,,
,,,,,
,,,,,
,,,,,
,,,,,
,,,,,
,,,,,
,,,,,
,,,,,
,,,,,
,,,,,
,,,,,
,,,,,
,,,,,
,,,,,
,,,,,
,,,,,
,,,,,
,,,,,
,,,,,
,,,,,
,,,,,
,,,,,
,,,,,
,,,,,
,,,,,
,,,,,
,,,,,
,,,,,
,,,,,
,,,,,
,,,,,
,,,,,
,,,,,
,,,,,
,,,,,
,,,,,
,,,,,
,,,,,
,,,,,
,,,,,
,,,,,
,,,,,
,,,,,
,,,,,
,,,,,
,,,,,
,,,,,
,,,,,
,,,,,
,,,,,
,,,,,
,,,,,
,,,,,
,,,,,
,,,,,
,,,,,
,,,,,
,,,,,
,,,,,
,,,,,
,,,,,
,,,,,
,,,,,
,,,,,
,,,,,
,,,,,
,,,,,
,,,,,
,,,,,
,,,,,
,,,,,
,,,,,
,,,,,
,,,,,
,,,,,
,,,,,
,,,,,
,,,,,
,,,,,
,,,,,
,,,,,
,,,,,
,,,,,
,,,,,
,,,,,
,,,,,
,,,,,
,,,,,
,,,,,
,,,,,
,,,,,
,,,,,
,,,,,
,,,,,
,,,,,
,,,,,
,,,,,
,,,,,
,,,,,
,,,,,
,,,,,
,,,,,
,,,,,
,,,,,
,,,,,
,,,,,
,,,,,
,,,,,
,,,,,
,,,,,
,,,,,
,,,,,
,,,,,
,,,,,
,,,,,
,,,,,
,,,,,
,,,,,
,,,,,
,,,,,
,,,,,
,,,,,
,,,,,
,,,,,
,,,,,
,,,,,
,,,,,
,,,,,
,,,,,
,,,,,
,,,,,
,,,,,
,,,,,
,,,,,
,,,,,
,,,,,
,,,,,
,,,,,
,,,,,
,,,,,
,,,,,
,,,,,
,,,,,
,,,,,
,,,,,
,,,,,
,,,,,
,,,,,
,,,,,
,,,,,
,,,,,
,,,,,
,,,,,
,,,,,
,,,,,
,,,,,
,,,,,
,,,,,
,,,,,
,,,,,
,,,,,
,,,,,
,,,,,
,,,,,
,,,,,
,,,,,
,,,,,
,,,,,
,,,,,
,,,,,
,,,,,
,,,,,
,,,,,
,,,,,
,,,,,
,,,,,
,,,,,
,,,,,
,,,,,
,,,,,
,,,,,
,,,,,
,,,,,
,,,,,
,,,,,
,,,,,
,,,,,
,,,,,
,,,,,
,,,,,
,,,,,
,,,,,
,,,,,
,,,,,
,,,,,
,,,,,
,,,,,
,,,,,
,,,,,
,,,,,
,,,,,
,,,,,
,,,,,
,,,,,
,,,,,
,,,,,
,,,,,
,,,,,
,,,,,
,,,,,
,,,,,
,,,,,
,,,,,
,,,,,
,,,,,
,,,,,
,,,,,
,,,,,
,,,,,
,,,,,
,,,,,
,,,,,
,,,,,
,,,,,
,,,,,
,,,,,
,,,,,
,,,,,
,,,,,
,,,,,
,,,,,
,,,,,
,,,,,
,,,,,
,,,,,
,,,,,
,,,,,
,,,,,
,,,,,
,,,,,
,,,,,
,,,,,
,,,,,
,,,,,
,,,,,
,,,,,
,,,,,
,,,,,
,,,,,
,,,,,
,,,,,
,,,,,
,,,,,
,,,,,
,,,,,
,,,,,
,,,,,
,,,,,
,,,,,
,,,,,
,,,,,
,,,,,
,,,,,
,,,,,
,,,,,
,,,,,
,,,,,
,,,,,
,,,,,
,,,,,
,,,,,
,,,,,
,,,,,
,,,,,
,,,,,
,,,,,
,,,,,
,,,,,
,,,,,
,,,,,
,,,,,
,,,,,
,,,,,
,,,,,
,,,,,
,,,,,
,,,,,
,,,,,
,,,,,
,,,,,
,,,,,
,,,,,
,,,,,
,,,,,
,,,,,
,,,,,
,,,,,
,,,,,
,,,,,
,,,,,
,,,,,
,,,,,
,,,,,
,,,,,
,,,,,
,,,,,
,,,,,
,,,,,
,,,,,
,,,,,
,,,,,
,,,,,
,,,,,
,,,,,
,,,,,
,,,,,
,,,,,
,,,,,
,,,,,
,,,,,
,,,,,
,,,,,
,,,,,
,,,,,
,,,,,
,,,,,
,,,,,
,,,,,
,,,,,
,,,,,
,,,,,
,,,,,
,,,,,
,,,,,
,,,,,
,,,,,
,,,,,
,,,,,
,,,,,
,,,,,
,,,,,
,,,,,
,,,,,
,,,,,
,,,,,
,,,,,
,,,,,
,,,,,
,,,,,
,,,,,
,,,,,
,,,,,
,,,,,
,,,,,
,,,,,
,,,,,
,,,,,
,,,,,
,,,,,
,,,,,
,,,,,
,,,,,
,,,,,
,,,,,
,,,,,
,,,,,
,,,,,
,,,,,
,,,,,
,,,,,
,,,,,
,,,,,
,,,,,
,,,,,
,,,,,
,,,,,
,,,,,
,,,,,
,,,,,
,,,,,
,,,,,
,,,,,
,,,,,
,,,,,
,,,,,
,,,,,
,,,,,
,,,,,
,,,,,
,,,,,
,,,,,
,,,,,
,,,,,
,,,,,
,,,,,
,,,,,
,,,,,
,,,,,
,,,,,
,,,,,
,,,,,
,,,,,
,,,,,
,,,,,
,,,,,
,,,,,
,,,,,
,,,,,
,,,,,
,,,,,
,,,,,
,,,,,
,,,,,
,,,,,
,,,,,
,,,,,
,,,,,
,,,,,
,,,,,
,,,,,
,,,,,
,,,,,
,,,,,
,,,,,
,,,,,
,,,,,
,,,,,
,,,,,
,,,,,
,,,,,
,,,,,
,,,,,
,,,,,
,,,,,
,,,,,
,,,,,
,,,,,
,,,,,
,,,,,
,,,,,
,,,,,
,,,,,
,,,,,
,,,,,
,,,,,
,,,,,
,,,,,
,,,,,
,,,,,
,,,,,
,,,,,
,,,,,
,,,,,
,,,,,
,,,,,
,,,,,
,,,,,
,,,,,
,,,,,
,,,,,
,,,,,
,,,,,
,,,,,
,,,,,
,,,,,
,,,,,
,,,,,
,,,,,
,,,,,
,,,,,
,,,,,
,,,,,
,,,,,
,,,,,
,,,,,
,,,,,
,,,,,
,,,,,
,,,,,
,,,,,
,,,,,
,,,,,
,,,,,
,,,,,
,,,,,
,,,,,
,,,,,
,,,,,
,,,,,
,,,,,
,,,,,
,,,,,
,,,,,
,,,,,
,,,,,
,,,,,
,,,,,
,,,,,
,,,,,
,,,,,
,,,,,
,,,,,
,,,,,
,,,,,
,,,,,
,,,,,
,,,,,
,,,,,
,,,,,
,,,,,
,,,,,
,,,,,
,,,,,
,,,,,
,,,,,
,,,,,
,,,,,
,,,,,
,,,,,
,,,,,
,,,,,
,,,,,
,,,,,
,,,,,
,,,,,
,,,,,
,,,,,
,,,,,
,,,,,
,,,,,
,,,,,
,,,,,
,,,,,
,,,,,
,,,,,
,,,,,
,,,,,
,,,,,
,,,,,
,,,,,
,,,,,
,,,,,
,,,,,
,,,,,
,,,,,
,,,,,
,,,,,
,,,,,
,,,,,
,,,,,
,,,,,
,,,,,
,,,,,
,,,,,
,,,,,
,,,,,
,,,,,
,,,,,
,,,,,
,,,,,
,,,,,
,,,,,
,,,,,
,,,,,
,,,,,
,,,,,
,,,,,
,,,,,
,,,,,
,,,,,
,,,,,
,,,,,
,,,,,
,,,,,
,,,,,
,,,,,
,,,,,
,,,,,
,,,,,
,,,,,
,,,,,
,,,,,
,,,,,
,,,,,
,,,,,
,,,,,
,,,,,
,,,,,
,,,,,
,,,,,
,,,,,
,,,,,
,,,,,
,,,,,
,,,,,
,,,,,
,,,,,
,,,,,
,,,,,
,,,,,
,,,,,
,,,,,
,,,,,
,,,,,
,,,,,
,,,,,
,,,,,
,,,,,
,,,,,
,,,,,
,,,,,
,,,,,
,,,,,
,,,,,
,,,,,
,,,,,
,,,,,
,,,,,
,,,,,
,,,,,
,,,,,
,,,,,
,,,,,
,,,,,
,,,,,
,,,,,
,,,,,
,,,,,
,,,,,
,,,,,
,,,,,
,,,,,
,,,,,
,,,,,
,,,,,
,,,,,
,,,,,
,,,,,
,,,,,
,,,,,
,,,,,
,,,,,
,,,,,
,,,,,
,,,,,
,,,,,
,,,,,
,,,,,
,,,,,
,,,,,
,,,,,
,,,,,
,,,,,
,,,,,
,,,,,
,,,,,
,,,,,
,,,,,
,,,,,
,,,,,
,,,,,
,,,,,
,,,,,
,,,,,
,,,,,
,,,,,
,,,,,
,,,,,
,,,,,
,,,,,
,,,,,
,,,,,
,,,,,
,,,,,
,,,,,
,,,,,
,,,,,
,,,,,
,,,,,
,,,,,
,,,,,
,,,,,
,,,,,
,,,,,
,,,,,
,,,,,
,,,,,
,,,,,
,,,,,
,,,,,
,,,,,
,,,,,
,,,,,
,,,,,
,,,,,
,,,,,
,,,,,
,,,,,
,,,,,
,,,,,
,,,,,
,,,,,
,,,,,
,,,,,
,,,,,
,,,,,
,,,,,
,,,,,
,,,,,
,,,,,
,,,,,
,,,,,
,,,,,
,,,,,
,,,,,
,,,,,
,,,,,
,,,,,
,,,,,
,,,,,
,,,,,
,,,,,
,,,,,
,,,,,
,,,,,
,,,,,
,,,,,
,,,,,
,,,,,
,,,,,
,,,,,
,,,,,
,,,,,
,,,,,
,,,,,
,,,,,
,,,,,
,,,,,
,,,,,
,,,,,
,,,,,
,,,,,
,,,,,
,,,,,
,,,,,
,,,,,
,,,,,
,,,,,
,,,,,
,,,,,
,,,,,
,,,,,
,,,,,
,,,,,
,,,,,
,,,,,
,,,,,
,,,,,
,,,,,
,,,,,
,,,,,
,,,,,
,,,,,
,,,,,
,,,,,
,,,,,
,,,,,
,,,,,
,,,,,
,,,,,
,,,,,
,,,,,
,,,,,
,,,,,
,,,,,
,,,,,
,,,,,
,,,,,
,,,,,
,,,,,
,,,,,
,,,,,
,,,,,
,,,,,
,,,,,
,,,,,
,,,,,
,,,,,
,,,,,
,,,,,
,,,,,
,,,,,
,,,,,
,,,,,
,,,,,
,,,,,
,,,,,
,,,,,
,,,,,
,,,,,
,,,,,
,,,,,
,,,,,
,,,,,
,,,,,
,,,,,
,,,,,
,,,,,
,,,,,
,,,,,
,,,,,
,,,,,
,,,,,
,,,,,
,,,,,
,,,,,
,,,,,
,,,,,
,,,,,
,,,,,
,,,,,
,,,,,
,,,,,
,,,,,
,,,,,
,,,,,
,,,,,
,,,,,
,,,,,
,,,,,
,,,,,
,,,,,
,,,,,
,,,,,
,,,,,
,,,,,
,,,,,
,,,,,
,,,,,
,,,,,
,,,,,
,,,,,
,,,,,
,,,,,
,,,,,
,,,,,
,,,,,
,,,,,
,,,,,
,,,,,
,,,,,
,,,,,
,,,,,
,,,,,
,,,,,
,,,,,
,,,,,
,,,,,
,,,,,
,,,,,
,,,,,
,,,,,
,,,,,
,,,,,
,,,,,
,,,,,
,,,,,
,,,,,
,,,,,
,,,,,
,,,,,
,,,,,
,,,,,
,,,,,
,,,,,
,,,,,
,,,,,
,,,,,
,,,,,
,,,,,
,,,,,
,,,,,
,,,,,
,,,,,
,,,,,
,,,,,
,,,,,
,,,,,
,,,,,
,,,,,
,,,,,
,,,,,
,,,,,
,,,,,
,,,,,
,,,,,
,,,,,
,,,,,
,,,,,
,,,,,
,,,,,
,,,,,
,,,,,
,,,,,
,,,,,
,,,,,
,,,,,
,,,,,
,,,,,
,,,,,
,,,,,
,,,,,
,,,,,
,,,,,
,,,,,
,,,,,
,,,,,
,,,,,
,,,,,
,,,,,
,,,,,
,,,,,
,,,,,
,,,,,
,,,,,
,,,,,
,,,,,
,,,,,
,,,,,
,,,,,
,,,,,
,,,,,
,,,,,
,,,,,
,,,,,
,,,,,
,,,,,
,,,,,
,,,,,
,,,,,
,,,,,
,,,,,
,,,,,
,,,,,
,,,,,
,,,,,
,,,,,
,,,,,
,,,,,
,,,,,
,,,,,
,,,,,
,,,,,
,,,,,
,,,,,
,,,,,
,,,,,
,,,,,
,,,,,
,,,,,
,,,,,
,,,,,
,,,,,
,,,,,
,,,,,
,,,,,
,,,,,
,,,,,
,,,,,
,,,,,
,,,,,
,,,,,
,,,,,
,,,,,
,,,,,
,,,,,
,,,,,
,,,,,
,,,,,
,,,,,
,,,,,
,,,,,
,,,,,
,,,,,
,,,,,
,,,,,
,,,,,
,,,,,
,,,,,
,,,,,
,,,,,
,,,,,
,,,,,
,,,,,
,,,,,
,,,,,
,,,,,
,,,,,
,,,,,
,,,,,
,,,,,
,,,,,
,,,,,
,,,,,
,,,,,
,,,,,
,,,,,
,,,,,
,,,,,
,,,,,
,,,,,
,,,,,
,,,,,
,,,,,
,,,,,
,,,,,
,,,,,
,,,,,
,,,,,
,,,,,
,,,,,
,,,,,
,,,,,
,,,,,
,,,,,
,,,,,
,,,,,
,,,,,
,,,,,
,,,,,
,,,,,
,,,,,
,,,,,
,,,,,
,,,,,
,,,,,
,,,,,
,,,,,
,,,,,
,,,,,
,,,,,
,,,,,
,,,,,
,,,,,
,,,,,
,,,,,
,,,,,
,,,,,
,,,,,
,,,,,
,,,,,
,,,,,
,,,,,
,,,,,
,,,,,
,,,,,
,,,,,
,,,,,
,,,,,
,,,,,
,,,,,
,,,,,
,,,,,
,,,,,
,,,,,
,,,,,
,,,,,
,,,,,
,,,,,
,,,,,
,,,,,
,,,,,
,,,,,
,,,,,
,,,,,
,,,,,
,,,,,
,,,,,
,,,,,
,,,,,
,,,,,
,,,,,
,,,,,
,,,,,
,,,,,
,,,,,
,,,,,
,,,,,
,,,,,
,,,,,
,,,,,
,,,,,
,,,,,
,,,,,
,,,,,
,,,,,
,,,,,
,,,,,
,,,,,
,,,,,
,,,,,
,,,,,
,,,,,
,,,,,
,,,,,
,,,,,
,,,,,
,,,,,
,,,,,
,,,,,
,,,,,
,,,,,
,,,,,
,,,,,
,,,,,
,,,,,
,,,,,
,,,,,
,,,,,
,,,,,
,,,,,
,,,,,
,,,,,
,,,,,
,,,,,
,,,,,
,,,,,
,,,,,
,,,,,
,,,,,
,,,,,
,,,,,
,,,,,
,,,,,
,,,,,
,,,,,
,,,,,
,,,,,
,,,,,
,,,,,
,,,,,
,,,,,
,,,,,
,,,,,
,,,,,
,,,,,
,,,,,
,,,,,
,,,,,
,,,,,
,,,,,
,,,,,
,,,,,
,,,,,
,,,,,
,,,,,
,,,,,
,,,,,
,,,,,
,,,,,
,,,,,
,,,,,
,,,,,
,,,,,
,,,,,
,,,,,
,,,,,
,,,,,
,,,,,
,,,,,
,,,,,
,,,,,
,,,,,
,,,,,
,,,,,
,,,,,
,,,,,
,,,,,
,,,,,
,,,,,
,,,,,
,,,,,
,,,,,
,,,,,
,,,,,
,,,,,
,,,,,
,,,,,
,,,,,
,,,,,
,,,,,
,,,,,
,,,,,
,,,,,
,,,,,
,,,,,
,,,,,
,,,,,
,,,,,
,,,,,
,,,,,
,,,,,
,,,,,
,,,,,
,,,,,
,,,,,
,,,,,
,,,,,
,,,,,
,,,,,
,,,,,
,,,,,
,,,,,
,,,,,
,,,,,
,,,,,
,,,,,
,,,,,
,,,,,
,,,,,
,,,,,
,,,,,
,,,,,
,,,,,
,,,,,
,,,,,
,,,,,
,,,,,
,,,,,
,,,,,
,,,,,
,,,,,
,,,,,
,,,,,
,,,,,
,,,,,
,,,,,
,,,,,
,,,,,
,,,,,
,,,,,
,,,,,
,,,,,
,,,,,
,,,,,
,,,,,
,,,,,
,,,,,
,,,,,
,,,,,
,,,,,
,,,,,
,,,,,
,,,,,
,,,,,
,,,,,
,,,,,
,,,,,
,,,,,
,,,,,
,,,,,
,,,,,
,,,,,
,,,,,
,,,,,
,,,,,
,,,,,
,,,,,
,,,,,
,,,,,
,,,,,
,,,,,
,,,,,
,,,,,
,,,,,
,,,,,
,,,,,
,,,,,
,,,,,
,,,,,
,,,,,
,,,,,
,,,,,
,,,,,
,,,,,
,,,,,
,,,,,
,,,,,
,,,,,
,,,,,
,,,,,
,,,,,
,,,,,
,,,,,
,,,,,
,,,,,
,,,,,
,,,,,
,,,,,
,,,,,
,,,,,
,,,,,
,,,,,
,,,,,
,,,,,
,,,,,
,,,,,
,,,,,
,,,,,
,,,,,
,,,,,
,,,,,
,,,,,
,,,,,
,,,,,
,,,,,
,,,,,
,,,,,
,,,,,
,,,,,
,,,,,
,,,,,
,,,,,
,,,,,
,,,,,
,,,,,
,,,,,
,,,,,
,,,,,
,,,,,
,,,,,
,,,,,
,,,,,
,,,,,
,,,,,
,,,,,
,,,,,
,,,,,
,,,,,
,,,,,
,,,,,
,,,,,
,,,,,
,,,,,
,,,,,
,,,,,
,,,,,
,,,,,
,,,,,
,,,,,
,,,,,
,,,,,
,,,,,
,,,,,
,,,,,
,,,,,
,,,,,
,,,,,
,,,,,
,,,,,
,,,,,
,,,,,
,,,,,
,,,,,
,,,,,
,,,,,
,,,,,
,,,,,
,,,,,
,,,,,
,,,,,
,,,,,
,,,,,
,,,,,
,,,,,
,,,,,
,,,,,
,,,,,
,,,,,
,,,,,
,,,,,
,,,,,
,,,,,
,,,,,
,,,,,
,,,,,
,,,,,
,,,,,
,,,,,
,,,,,
,,,,,
,,,,,
,,,,,
,,,,,
,,,,,
,,,,,
,,,,,
,,,,,
,,,,,
,,,,,
,,,,,
,,,,,
,,,,,
,,,,,
,,,,,
,,,,,
,,,,,
,,,,,
,,,,,
,,,,,
,,,,,
,,,,,
,,,,,
,,,,,
,,,,,
,,,,,
,,,,,
,,,,,
,,,,,
,,,,,
,,,,,
,,,,,
,,,,,
,,,,,
,,,,,
,,,,,
,,,,,
,,,,,
,,,,,
,,,,,
,,,,,
,,,,,
,,,,,
,,,,,
,,,,,
,,,,,
,,,,,
,,,,,
,,,,,
,,,,,
,,,,,
,,,,,
,,,,,
,,,,,
,,,,,
,,,,,
,,,,,
,,,,,
,,,,,
,,,,,
,,,,,
,,,,,
,,,,,
,,,,,
,,,,,
,,,,,
,,,,,
,,,,,
,,,,,
,,,,,
,,,,,
,,,,,
,,,,,
,,,,,
,,,,,
,,,,,
,,,,,
,,,,,
,,,,,
,,,,,
,,,,,
,,,,,
,,,,,
,,,,,
,,,,,
,,,,,
,,,,,
,,,,,
,,,,,
,,,,,
,,,,,
,,,,,
,,,,,
,,,,,
,,,,,
,,,,,
,,,,,
,,,,,
,,,,,
,,,,,
,,,,,
,,,,,
,,,,,
,,,,,
,,,,,
,,,,,
,,,,,
,,,,,
,,,,,
,,,,,
,,,,,
,,,,,
,,,,,
,,,,,
,,,,,
,,,,,
,,,,,
,,,,,
,,,,,
,,,,,
,,,,,
,,,,,
,,,,,
,,,,,
,,,,,
,,,,,
,,,,,
,,,,,
,,,,,
,,,,,
,,,,,
,,,,,
,,,,,
,,,,,
,,,,,
,,,,,
,,,,,
,,,,,
,,,,,
,,,,,
,,,,,
,,,,,
,,,,,
,,,,,
,,,,,
,,,,,
,,,,,
,,,,,
,,,,,
,,,,,
,,,,,
,,,,,
,,,,,
,,,,,
,,,,,
,,,,,
,,,,,
,,,,,
,,,,,
,,,,,
,,,,,
,,,,,
,,,,,
,,,,,
,,,,,
,,,,,
,,,,,
,,,,,
,,,,,
,,,,,
,,,,,
,,,,,
,,,,,
,,,,,
,,,,,
,,,,,
,,,,,
,,,,,
,,,,,
,,,,,
,,,,,
,,,,,
,,,,,
,,,,,
,,,,,
,,,,,
,,,,,
,,,,,
,,,,,
,,,,,
,,,,,
,,,,,
,,,,,
,,,,,
,,,,,
,,,,,
,,,,,
,,,,,
,,,,,
,,,,,
,,,,,
,,,,,
,,,,,
,,,,,
,,,,,
,,,,,
,,,,,
,,,,,
,,,,,
,,,,,
,,,,,
,,,,,
,,,,,
,,,,,
,,,,,
,,,,,
,,,,,
,,,,,
,,,,,
,,,,,
,,,,,
,,,,,
,,,,,
,,,,,
,,,,,
,,,,,
,,,,,
,,,,,
,,,,,
,,,,,
,,,,,
,,,,,
,,,,,
,,,,,
,,,,,
,,,,,
,,,,,
,,,,,
,,,,,
,,,,,
,,,,,
,,,,,
,,,,,
,,,,,
,,,,,
,,,,,
,,,,,
,,,,,
,,,,,
,,,,,
,,,,,
,,,,,
,,,,,
,,,,,
,,,,,
,,,,,
,,,,,
,,,,,
,,,,,
,,,,,
,,,,,
,,,,,
,,,,,
,,,,,
,,,,,
,,,,,
,,,,,
,,,,,
,,,,,
,,,,,
,,,,,
,,,,,
,,,,,
,,,,,
,,,,,
,,,,,
,,,,,
,,,,,
,,,,,
,,,,,
,,,,,
,,,,,
,,,,,
,,,,,
,,,,,
,,,,,
,,,,,
,,,,,
,,,,,
,,,,,
,,,,,
,,,,,
,,,,,
,,,,,
,,,,,
,,,,,
,,,,,
,,,,,
,,,,,
,,,,,
,,,,,
,,,,,
,,,,,
,,,,,
,,,,,
,,,,,
,,,,,
,,,,,
,,,,,
,,,,,
,,,,,
,,,,,
,,,,,
,,,,,
,,,,,
,,,,,
,,,,,
,,,,,
,,,,,
,,,,,
,,,,,
,,,,,
,,,,,
,,,,,
,,,,,
,,,,,
,,,,,
,,,,,
,,,,,
,,,,,
,,,,,
,,,,,
,,,,,
,,,,,
,,,,,
,,,,,
,,,,,
,,,,,
,,,,,
,,,,,
,,,,,
,,,,,
,,,,,
,,,,,
,,,,,
,,,,,
,,,,,
,,,,,
,,,,,
,,,,,
,,,,,
,,,,,
,,,,,
,,,,,
,,,,,
,,,,,
,,,,,
,,,,,
,,,,,
,,,,,
,,,,,
,,,,,
,,,,,
,,,,,
,,,,,
,,,,,
,,,,,
,,,,,
,,,,,
,,,,,
,,,,,
,,,,,
,,,,,
,,,,,
,,,,,
,,,,,
,,,,,
,,,,,
,,,,,
,,,,,
,,,,,
,,,,,
,,,,,
,,,,,
,,,,,
,,,,,
,,,,,
,,,,,
,,,,,
,,,,,
,,,,,
,,,,,
,,,,,
,,,,,
,,,,,
,,,,,
,,,,,
,,,,,
,,,,,
,,,,,
,,,,,
,,,,,
,,,,,
,,,,,
,,,,,
,,,,,
,,,,,
,,,,,
,,,,,
,,,,,
,,,,,
,,,,,
,,,,,
,,,,,
,,,,,
,,,,,
,,,,,
,,,,,
,,,,,
,,,,,
,,,,,
,,,,,
,,,,,
,,,,,
,,,,,
,,,,,
,,,,,
,,,,,
,,,,,
,,,,,
,,,,,
,,,,,
,,,,,
,,,,,
,,,,,
,,,,,
,,,,,
,,,,,
,,,,,
,,,,,
,,,,,
,,,,,
,,,,,
,,,,,
,,,,,
,,,,,
,,,,,
,,,,,
,,,,,
,,,,,
,,,,,
,,,,,
,,,,,
,,,,,
,,,,,
,,,,,
,,,,,
,,,,,
,,,,,
,,,,,
,,,,,
,,,,,
,,,,,
,,,,,
,,,,,
,,,,,
,,,,,
,,,,,
,,,,,
,,,,,
,,,,,
,,,,,
,,,,,
,,,,,
,,,,,
,,,,,
,,,,,
,,,,,
,,,,,
,,,,,
,,,,,
,,,,,
,,,,,
,,,,,
,,,,,
,,,,,
,,,,,
,,,,,
,,,,,
,,,,,
,,,,,
,,,,,
,,,,,
,,,,,
,,,,,
,,,,,
,,,,,
,,,,,
,,,,,
,,,,,
,,,,,
,,,,,
,,,,,
,,,,,
,,,,,
,,,,,
,,,,,
,,,,,
,,,,,
,,,,,
,,,,,
,,,,,
,,,,,
,,,,,
,,,,,
,,,,,
,,,,,
,,,,,
,,,,,
,,,,,
,,,,,
,,,,,
,,,,,
,,,,,
,,,,,
,,,,,
,,,,,
,,,,,
,,,,,
,,,,,
,,,,,
,,,,,
,,,,,
,,,,,
,,,,,
,,,,,
,,,,,
,,,,,
,,,,,
,,,,,
,,,,,
,,,,,
,,,,,
,,,,,
,,,,,
,,,,,
,,,,,
,,,,,
,,,,,
,,,,,
,,,,,
,,,,,
,,,,,
,,,,,
,,,,,
,,,,,
,,,,,
,,,,,
,,,,,
,,,,,
,,,,,
,,,,,
,,,,,
,,,,,
,,,,,
,,,,,
,,,,,
,,,,,
,,,,,
,,,,,
,,,,,
,,,,,
,,,,,
,,,,,
,,,,,
,,,,,
,,,,,
,,,,,
,,,,,
,,,,,
,,,,,
,,,,,
,,,,,
,,,,,
,,,,,
,,,,,
,,,,,
,,,,,
,,,,,
,,,,,
,,,,,
,,,,,
,,,,,
,,,,,
,,,,,
,,,,,
,,,,,
,,,,,
,,,,,
,,,,,
,,,,,
,,,,,
,,,,,
,,,,,
,,,,,
,,,,,
,,,,,
,,,,,
,,,,,
,,,,,
,,,,,
,,,,,
,,,,,
,,,,,
,,,,,
,,,,,
,,,,,
,,,,,
,,,,,
,,,,,
,,,,,
,,,,,
,,,,,
,,,,,
,,,,,
,,,,,
,,,,,
,,,,,
,,,,,
,,,,,
,,,,,
,,,,,
,,,,,
,,,,,
,,,,,
,,,,,
,,,,,
,,,,,
,,,,,
,,,,,
,,,,,
,,,,,
,,,,,
,,,,,
,,,,,
,,,,,
,,,,,
,,,,,
,,,,,
,,,,,
,,,,,
,,,,,
,,,,,
,,,,,
,,,,,
,,,,,
,,,,,
,,,,,
,,,,,
,,,,,
,,,,,
,,,,,
,,,,,
,,,,,
,,,,,
,,,,,
,,,,,
,,,,,
,,,,,
,,,,,
,,,,,
,,,,,
,,,,,
,,,,,
,,,,,
,,,,,
,,,,,
,,,,,
,,,,,
,,,,,
,,,,,
,,,,,
,,,,,
,,,,,
,,,,,
,,,,,
,,,,,
,,,,,
,,,,,
,,,,,
,,,,,
,,,,,
,,,,,
,,,,,
,,,,,
,,,,,
,,,,,
,,,,,
,,,,,
,,,,,
,,,,,
,,,,,
,,,,,
,,,,,
,,,,,
,,,,,
,,,,,
,,,,,
,,,,,
,,,,,
,,,,,
,,,,,
,,,,,
,,,,,
,,,,,
,,,,,
,,,,,
,,,,,
,,,,,
,,,,,
,,,,,
,,,,,
,,,,,
,,,,,
,,,,,
,,,,,
,,,,,
,,,,,
,,,,,
,,,,,
,,,,,
,,,,,
,,,,,
,,,,,
,,,,,
,,,,,
,,,,,
,,,,,
,,,,,
,,,,,
,,,,,
,,,,,
,,,,,
,,,,,
,,,,,
,,,,,
,,,,,
,,,,,
,,,,,
,,,,,
,,,,,
,,,,,
,,,,,
,,,,,
,,,,,
,,,,,
,,,,,
,,,,,
,,,,,
,,,,,
,,,,,
,,,,,
,,,,,
,,,,,
,,,,,
,,,,,
,,,,,
,,,,,
,,,,,
,,,,,
,,,,,
,,,,,
,,,,,
,,,,,
,,,,,
,,,,,
,,,,,
,,,,,
,,,,,
,,,,,
,,,,,
,,,,,
,,,,,
,,,,,
,,,,,
,,,,,
,,,,,
,,,,,
,,,,,
,,,,,
,,,,,
,,,,,
,,,,,
,,,,,
,,,,,
,,,,,
,,,,,
,,,,,
,,,,,
,,,,,
,,,,,
,,,,,
,,,,,
,,,,,
,,,,,
,,,,,
,,,,,
,,,,,
,,,,,
,,,,,
,,,,,
,,,,,
,,,,,
,,,,,
,,,,,
,,,,,
,,,,,
,,,,,
,,,,,
,,,,,
,,,,,
,,,,,
,,,,,
,,,,,
,,,,,
,,,,,
,,,,,
,,,,,
,,,,,
,,,,,
,,,,,
,,,,,
,,,,,
,,,,,
,,,,,
,,,,,
,,,,,
,,,,,
,,,,,
,,,,,
,,,,,
,,,,,
,,,,,
,,,,,
,,,,,
,,,,,
,,,,,
,,,,,
,,,,,
,,,,,
,,,,,
,,,,,
,,,,,
,,,,,
,,,,,
,,,,,
,,,,,
,,,,,
,,,,,
,,,,,
,,,,,
,,,,,
,,,,,
,,,,,
,,,,,
,,,,,
,,,,,
,,,,,
,,,,,
,,,,,
,,,,,
,,,,,
,,,,,
,,,,,
,,,,,
,,,,,
,,,,,
,,,,,
,,,,,
,,,,,
,,,,,
,,,,,
,,,,,
,,,,,
,,,,,
,,,,,
,,,,,
,,,,,
,,,,,
,,,,,
,,,,,
,,,,,
,,,,,
,,,,,
,,,,,
,,,,,
,,,,,
,,,,,
,,,,,
,,,,,
,,,,,
,,,,,
,,,,,
,,,,,
,,,,,
,,,,,
,,,,,
,,,,,
,,,,,
,,,,,
,,,,,
,,,,,
,,,,,
,,,,,
,,,,,
,,,,,
,,,,,
,,,,,
,,,,,
,,,,,
,,,,,
,,,,,
,,,,,
,,,,,
,,,,,
,,,,,
,,,,,
,,,,,
,,,,,
,,,,,
,,,,,
,,,,,
,,,,,
,,,,,
,,,,,
,,,,,
,,,,,
,,,,,
,,,,,
,,,,,
,,,,,
,,,,,
,,,,,
,,,,,
,,,,,
,,,,,
,,,,,
,,,,,
,,,,,
,,,,,
,,,,,
,,,,,
,,,,,
,,,,,
,,,,,
,,,,,
,,,,,
,,,,,
,,,,,
,,,,,
,,,,,
,,,,,
,,,,,
,,,,,
,,,,,
,,,,,
,,,,,
,,,,,
,,,,,
,,,,,
,,,,,
,,,,,
,,,,,
,,,,,
,,,,,
,,,,,
,,,,,
,,,,,
,,,,,
,,,,,
,,,,,
,,,,,
,,,,,
,,,,,
,,,,,
,,,,,
,,,,,
,,,,,
,,,,,
,,,,,
,,,,,
,,,,,
,,,,,
,,,,,
,,,,,
,,,,,
,,,,,
,,,,,
,,,,,
,,,,,
,,,,,
,,,,,
,,,,,
,,,,,
,,,,,
,,,,,
,,,,,
,,,,,
,,,,,
,,,,,
,,,,,
,,,,,
,,,,,
,,,,,
,,,,,
,,,,,
,,,,,
,,,,,
,,,,,
,,,,,
,,,,,
,,,,,
,,,,,
,,,,,
,,,,,
,,,,,
,,,,,
,,,,,
,,,,,
,,,,,
,,,,,
,,,,,
,,,,,
,,,,,
,,,,,
,,,,,
,,,,,
,,,,,
,,,,,
,,,,,
,,,,,
,,,,,
,,,,,
,,,,,
,,,,,
,,,,,
,,,,,
,,,,,
,,,,,
,,,,,
,,,,,
,,,,,
,,,,,
,,,,,
,,,,,
,,,,,
,,,,,
,,,,,
,,,,,
,,,,,
,,,,,
,,,,,
,,,,,
,,,,,
,,,,,
,,,,,
,,,,,
,,,,,
,,,,,
,,,,,
,,,,,
,,,,,
,,,,,
,,,,,
,,,,,
,,,,,
,,,,,
,,,,,
,,,,,
,,,,,
,,,,,
,,,,,
,,,,,
,,,,,
,,,,,
,,,,,
,,,,,
,,,,,
,,,,,
,,,,,
,,,,,
,,,,,
,,,,,
,,,,,
,,,,,
,,,,,
,,,,,
,,,,,
,,,,,
,,,,,
,,,,,
,,,,,
,,,,,
,,,,,
,,,,,
,,,,,
,,,,,
,,,,,
,,,,,
,,,,,
,,,,,
,,,,,
,,,,,
,,,,,
,,,,,
,,,,,
,,,,,
,,,,,
,,,,,
,,,,,
,,,,,
,,,,,
,,,,,
,,,,,
,,,,,
,,,,,
,,,,,
,,,,,
,,,,,
,,,,,
,,,,,
,,,,,
,,,,,
,,,,,
,,,,,
,,,,,
,,,,,
,,,,,
,,,,,
,,,,,
,,,,,
,,,,,
,,,,,
,,,,,
,,,,,
,,,,,
,,,,,
,,,,,
,,,,,
,,,,,
,,,,,
,,,,,
,,,,,
,,,,,
,,,,,
,,,,,
,,,,,
,,,,,
,,,,,
,,,,,
,,,,,
,,,,,
,,,,,
,,,,,
,,,,,
,,,,,
,,,,,
,,,,,
,,,,,
,,,,,
,,,,,
,,,,,
,,,,,
,,,,,
,,,,,
,,,,,
,,,,,
,,,,,
,,,,,
,,,,,
,,,,,
,,,,,
,,,,,
,,,,,
,,,,,
,,,,,
,,,,,
,,,,,
,,,,,
,,,,,
,,,,,
,,,,,
,,,,,
,,,,,
,,,,,
,,,,,
,,,,,
,,,,,
,,,,,
,,,,,
,,,,,
,,,,,
,,,,,
,,,,,
,,,,,
,,,,,
,,,,,
,,,,,
,,,,,
,,,,,
,,,,,
,,,,,
,,,,,
,,,,,
,,,,,
,,,,,
,,,,,
,,,,,
,,,,,
,,,,,
,,,,,
,,,,,
,,,,,
,,,,,
,,,,,
,,,,,
,,,,,
,,,,,
,,,,,
,,,,,
,,,,,
,,,,,
,,,,,
,,,,,
,,,,,
,,,,,
,,,,,
,,,,,
,,,,,
,,,,,
,,,,,
,,,,,
,,,,,
,,,,,
,,,,,
,,,,,
,,,,,
,,,,,
,,,,,
,,,,,
,,,,,
,,,,,
,,,,,
,,,,,
,,,,,
,,,,,
,,,,,
,,,,,
,,,,,
,,,,,
,,,,,
,,,,,
,,,,,
,,,,,
,,,,,
,,,,,
,,,,,
,,,,,
,,,,,
,,,,,
,,,,,
,,,,,
,,,,,
,,,,,
,,,,,
,,,,,
,,,,,
,,,,,
,,,,,
,,,,,
,,,,,
,,,,,
,,,,,
,,,,,
,,,,,
,,,,,
,,,,,
,,,,,
,,,,,
,,,,,
,,,,,
,,,,,
,,,,,
,,,,,
,,,,,
,,,,,
,,,,,
,,,,,
,,,,,
,,,,,
,,,,,
,,,,,
,,,,,
,,,,,
,,,,,
,,,,,
,,,,,
,,,,,
,,,,,
,,,,,
,,,,,
,,,,,
,,,,,
,,,,,
,,,,,
,,,,,
,,,,,
,,,,,
,,,,,
,,,,,
,,,,,
,,,,,
,,,,,
,,,,,
,,,,,
,,,,,
,,,,,
,,,,,
,,,,,
,,,,,
,,,,,
,,,,,
,,,,,
,,,,,
,,,,,
,,,,,
,,,,,
,,,,,
,,,,,
,,,,,
,,,,,
,,,,,
,,,,,
,,,,,
,,,,,
,,,,,
,,,,,
,,,,,
,,,,,
,,,,,
,,,,,
,,,,,
,,,,,
,,,,,
,,,,,
,,,,,
,,,,,
,,,,,
,,,,,
,,,,,
,,,,,
,,,,,
,,,,,
,,,,,
,,,,,
,,,,,
,,,,,
,,,,,
,,,,,
,,,,,
,,,,,
,,,,,
,,,,,
,,,,,
,,,,,
,,,,,
,,,,,
,,,,,
,,,,,
,,,,,
,,,,,
,,,,,
,,,,,
,,,,,
,,,,,
,,,,,
,,,,,
,,,,,
,,,,,
,,,,,
,,,,,
,,,,,
,,,,,
,,,,,
,,,,,
,,,,,
,,,,,
,,,,,
,,,,,
,,,,,
,,,,,
,,,,,
,,,,,
,,,,,
,,,,,
,,,,,
,,,,,
,,,,,
,,,,,
,,,,,
,,,,,
,,,,,
,,,,,
,,,,,
,,,,,
,,,,,
,,,,,
,,,,,
,,,,,
,,,,,
,,,,,
,,,,,
,,,,,
,,,,,
,,,,,
,,,,,
,,,,,
,,,,,
,,,,,
,,,,,
,,,,,
,,,,,
,,,,,
,,,,,
,,,,,
,,,,,
,,,,,
,,,,,
,,,,,
,,,,,
,,,,,
,,,,,
,,,,,
,,,,,
,,,,,
,,,,,
,,,,,
,,,,,
,,,,,
,,,,,
,,,,,
,,,,,
,,,,,
,,,,,
,,,,,
,,,,,
,,,,,
,,,,,
,,,,,
,,,,,
,,,,,
,,,,,
,,,,,
,,,,,
,,,,,
,,,,,
,,,,,
,,,,,
,,,,,
,,,,,
,,,,,
,,,,,
,,,,,
,,,,,
,,,,,
,,,,,
,,,,,
,,,,,
,,,,,
,,,,,
,,,,,
,,,,,
,,,,,
,,,,,
,,,,,
,,,,,
,,,,,
,,,,,
,,,,,
,,,,,
,,,,,
,,,,,
,,,,,
,,,,,
,,,,,
,,,,,
,,,,,
,,,,,
,,,,,
,,,,,
,,,,,
,,,,,
,,,,,
,,,,,
,,,,,
,,,,,
,,,,,
,,,,,
,,,,,
,,,,,
,,,,,
,,,,,
,,,,,
,,,,,
,,,,,
,,,,,
,,,,,
,,,,,
,,,,,
,,,,,
,,,,,
,,,,,
,,,,,
,,,,,
,,,,,
,,,,,
,,,,,
,,,,,
,,,,,
,,,,,
,,,,,
,,,,,
,,,,,
,,,,,
,,,,,
,,,,,
,,,,,
,,,,,
,,,,,
,,,,,
,,,,,
,,,,,
,,,,,
,,,,,
,,,,,
,,,,,
,,,,,
,,,,,
,,,,,
,,,,,
,,,,,
,,,,,
,,,,,
,,,,,
,,,,,
,,,,,
,,,,,
,,,,,
,,,,,
,,,,,
,,,,,
,,,,,
,,,,,
,,,,,
,,,,,
,,,,,
,,,,,
,,,,,
,,,,,
,,,,,
,,,,,
,,,,,
,,,,,
,,,,,
,,,,,
,,,,,
,,,,,
,,,,,
,,,,,
,,,,,
,,,,,
,,,,,
,,,,,
,,,,,
,,,,,
,,,,,
,,,,,
,,,,,
,,,,,
,,,,,
,,,,,
,,,,,
,,,,,
,,,,,
,,,,,
,,,,,
,,,,,
,,,,,
,,,,,
,,,,,
,,,,,
,,,,,
,,,,,
,,,,,
,,,,,
,,,,,
,,,,,
,,,,,
,,,,,
,,,,,
,,,,,
,,,,,
,,,,,
,,,,,
,,,,,
,,,,,
,,,,,
,,,,,
,,,,,
,,,,,
,,,,,
,,,,,
,,,,,
,,,,,
,,,,,
,,,,,
,,,,,
,,,,,
,,,,,
,,,,,
,,,,,
,,,,,
,,,,,
,,,,,
,,,,,
,,,,,
,,,,,
,,,,,
,,,,,
,,,,,
,,,,,
,,,,,
,,,,,
,,,,,
,,,,,
,,,,,
,,,,,
,,,,,
,,,,,
,,,,,
,,,,,
,,,,,
,,,,,
,,,,,
,,,,,
,,,,,
,,,,,
,,,,,
,,,,,
,,,,,
,,,,,
,,,,,
,,,,,
,,,,,
,,,,,
,,,,,
,,,,,
,,,,,
,,,,,
,,,,,
,,,,,
,,,,,
,,,,,
,,,,,
,,,,,
,,,,,
,,,,,
,,,,,
,,,,,
,,,,,
,,,,,
,,,,,
,,,,,
,,,,,
,,,,,
,,,,,
,,,,,
,,,,,
,,,,,
,,,,,
,,,,,
,,,,,
,,,,,
,,,,,
,,,,,
,,,,,
,,,,,
,,,,,
,,,,,
,,,,,
,,,,,
,,,,,
,,,,,
,,,,,
,,,,,
,,,,,
,,,,,
,,,,,
,,,,,
,,,,,
,,,,,
,,,,,
,,,,,
,,,,,
,,,,,
,,,,,
,,,,,
,,,,,
,,,,,
,,,,,
,,,,,
,,,,,
,,,,,
,,,,,
,,,,,
,,,,,
,,,,,
,,,,,
,,,,,
,,,,,
,,,,,
,,,,,
,,,,,
,,,,,
,,,,,
,,,,,
,,,,,
,,,,,
,,,,,
,,,,,
,,,,,
,,,,,
,,,,,
,,,,,
,,,,,
,,,,,
,,,,,
,,,,,
,,,,,
,,,,,
,,,,,
,,,,,
,,,,,
,,,,,
,,,,,
,,,,,
,,,,,
,,,,,
,,,,,
,,,,,
,,,,,
,,,,,
,,,,,
,,,,,
,,,,,
,,,,,
,,,,,
,,,,,
,,,,,
,,,,,
,,,,,
,,,,,
,,,,,
,,,,,
,,,,,
,,,,,
,,,,,
,,,,,
,,,,,
,,,,,
,,,,,
,,,,,
,,,,,
,,,,,
,,,,,
,,,,,
,,,,,
,,,,,
,,,,,
,,,,,
,,,,,
,,,,,
,,,,,
,,,,,
,,,,,
,,,,,
,,,,,
,,,,,
,,,,,
,,,,,
,,,,,
,,,,,
,,,,,
,,,,,
,,,,,
,,,,,
,,,,,
,,,,,
,,,,,
,,,,,
,,,,,
,,,,,
,,,,,
,,,,,
,,,,,
,,,,,
,,,,,
,,,,,
,,,,,
,,,,,
,,,,,
,,,,,
,,,,,
,,,,,
,,,,,
,,,,,
,,,,,
,,,,,
,,,,,
,,,,,
,,,,,
,,,,,
,,,,,
,,,,,
,,,,,
,,,,,
,,,,,
,,,,,
,,,,,
,,,,,
,,,,,
,,,,,
,,,,,
,,,,,
,,,,,
,,,,,
,,,,,
,,,,,
,,,,,
,,,,,
,,,,,
,,,,,
,,,,,
,,,,,
,,,,,
,,,,,
,,,,,
,,,,,
,,,,,
,,,,,
,,,,,
,,,,,
,,,,,
,,,,,
,,,,,
,,,,,
,,,,,
,,,,,
,,,,,
,,,,,
,,,,,
,,,,,
,,,,,
,,,,,
,,,,,
,,,,,
,,,,,
,,,,,
,,,,,
,,,,,
,,,,,
,,,,,
,,,,,
,,,,,
,,,,,
,,,,,
,,,,,
,,,,,
,,,,,
,,,,,
,,,,,
,,,,,
,,,,,
,,,,,
,,,,,
,,,,,
,,,,,
,,,,,
,,,,,
,,,,,
,,,,,
,,,,,
,,,,,
,,,,,
,,,,,
,,,,,
,,,,,
,,,,,
,,,,,
,,,,,
,,,,,
,,,,,
,,,,,
,,,,,
,,,,,
,,,,,
,,,,,
,,,,,
,,,,,
,,,,,
,,,,,
,,,,,
,,,,,
,,,,,
,,,,,
,,,,,
,,,,,
,,,,,
,,,,,
,,,,,
,,,,,
,,,,,
,,,,,
,,,,,
,,,,,
,,,,,
,,,,,
,,,,,
,,,,,
,,,,,
,,,,,
,,,,,
,,,,,
,,,,,
,,,,,
,,,,,
,,,,,
,,,,,
,,,,,
,,,,,
,,,,,
,,,,,
,,,,,
,,,,,
,,,,,
,,,,,
,,,,,
,,,,,
,,,,,
,,,,,
,,,,,
,,,,,
,,,,,
,,,,,
,,,,,
,,,,,
,,,,,
,,,,,
,,,,,
,,,,,
,,,,,
,,,,,
,,,,,
,,,,,
,,,,,
,,,,,
,,,,,
,,,,,
,,,,,
,,,,,
,,,,,
,,,,,
,,,,,
,,,,,
,,,,,
,,,,,
,,,,,
,,,,,
,,,,,
,,,,,
,,,,,
,,,,,
,,,,,
,,,,,
,,,,,
,,,,,
,,,,,
,,,,,
,,,,,
,,,,,
,,,,,
,,,,,
,,,,,
,,,,,
,,,,,
,,,,,
,,,,,
,,,,,
,,,,,
,,,,,
,,,,,
,,,,,
,,,,,
,,,,,
,,,,,
,,,,,
,,,,,
,,,,,
,,,,,
,,,,,
,,,,,
,,,,,
,,,,,
,,,,,
,,,,,
,,,,,
,,,,,
,,,,,
,,,,,
,,,,,
,,,,,
,,,,,
,,,,,
,,,,,
,,,,,
,,,,,
,,,,,
,,,,,
,,,,,
,,,,,
,,,,,
,,,,,
,,,,,
,,,,,
,,,,,
,,,,,
,,,,,
,,,,,
,,,,,
,,,,,
,,,,,
,,,,,
,,,,,
,,,,,
,,,,,
,,,,,
,,,,,
,,,,,
,,,,,
,,,,,
,,,,,
,,,,,
,,,,,
,,,,,
,,,,,
,,,,,
,,,,,
,,,,,
,,,,,
,,,,,
,,,,,
,,,,,
,,,,,
,,,,,
,,,,,
,,,,,
,,,,,
,,,,,
,,,,,
,,,,,
,,,,,
,,,,,
,,,,,
,,,,,
,,,,,
,,,,,
,,,,,
,,,,,
,,,,,
,,,,,
,,,,,
,,,,,
,,,,,
,,,,,
,,,,,
,,,,,
,,,,,
,,,,,
,,,,,
,,,,,
,,,,,
,,,,,
,,,,,
,,,,,
,,,,,
,,,,,
,,,,,
,,,,,
,,,,,
,,,,,
,,,,,
,,,,,
,,,,,
,,,,,
,,,,,
,,,,,
,,,,,
,,,,,
,,,,,
,,,,,
,,,,,
,,,,,
,,,,,
,,,,,
,,,,,
,,,,,
,,,,,
,,,,,
,,,,,
,,,,,
,,,,,
,,,,,
,,,,,
,,,,,
,,,,,
,,,,,
,,,,,
,,,,,
,,,,,
,,,,,
,,,,,
,,,,,
,,,,,
,,,,,
,,,,,
,,,,,
,,,,,
,,,,,
,,,,,
,,,,,
,,,,,
,,,,,
,,,,,
,,,,,
,,,,,
,,,,,
,,,,,
,,,,,
,,,,,
,,,,,
,,,,,
,,,,,
,,,,,
,,,,,
,,,,,
,,,,,
,,,,,
,,,,,
,,,,,
,,,,,
,,,,,
,,,,,
,,,,,
,,,,,
,,,,,
,,,,,
,,,,,
,,,,,
,,,,,
,,,,,
,,,,,
,,,,,
,,,,,
,,,,,
,,,,,
,,,,,
,,,,,
,,,,,
,,,,,
,,,,,
,,,,,
,,,,,
,,,,,
,,,,,
,,,,,
,,,,,
,,,,,
,,,,,
,,,,,
,,,,,
,,,,,
,,,,,
,,,,,
,,,,,
,,,,,
,,,,,
,,,,,
,,,,,
,,,,,
,,,,,
,,,,,
,,,,,
,,,,,
,,,,,
,,,,,
,,,,,
,,,,,
,,,,,
,,,,,
,,,,,
,,,,,
,,,,,
,,,,,
,,,,,
,,,,,
,,,,,
,,,,,
,,,,,
,,,,,
,,,,,
,,,,,
,,,,,
,,,,,
,,,,,
,,,,,
,,,,,
,,,,,
,,,,,
,,,,,
,,,,,
,,,,,
,,,,,
,,,,,
,,,,,
,,,,,
,,,,,
,,,,,
,,,,,
,,,,,
,,,,,
,,,,,
,,,,,
,,,,,
,,,,,
,,,,,
,,,,,
,,,,,
,,,,,
,,,,,
,,,,,
,,,,,
,,,,,
,,,,,
,,,,,
,,,,,
,,,,,
,,,,,
,,,,,
,,,,,
,,,,,
,,,,,
,,,,,
,,,,,
,,,,,
,,,,,
,,,,,
,,,,,
,,,,,
,,,,,
,,,,,
,,,,,
,,,,,
,,,,,
,,,,,
,,,,,
,,,,,
,,,,,
,,,,,
,,,,,
,,,,,
,,,,,
,,,,,
,,,,,
,,,,,
,,,,,
,,,,,
,,,,,
,,,,,
,,,,,
,,,,,
,,,,,
,,,,,
,,,,,
,,,,,
,,,,,
,,,,,
,,,,,
,,,,,
,,,,,
,,,,,
,,,,,
,,,,,
,,,,,
,,,,,
,,,,,
,,,,,
,,,,,
,,,,,
,,,,,
,,,,,
,,,,,
,,,,,
,,,,,
,,,,,
,,,,,
,,,,,
,,,,,
,,,,,
,,,,,
,,,,,
,,,,,
,,,,,
,,,,,
,,,,,
,,,,,
,,,,,
,,,,,
,,,,,
,,,,,
,,,,,
,,,,,
,,,,,
,,,,,
,,,,,
,,,,,
,,,,,
,,,,,
,,,,,
,,,,,
,,,,,
,,,,,
,,,,,
,,,,,
,,,,,
,,,,,
,,,,,
,,,,,
,,,,,
,,,,,
,,,,,
,,,,,
,,,,,
,,,,,
,,,,,
,,,,,
,,,,,
,,,,,
,,,,,
,,,,,
,,,,,
,,,,,
,,,,,
,,,,,
,,,,,
,,,,,
,,,,,
,,,,,
,,,,,
,,,,,
,,,,,
,,,,,
,,,,,
,,,,,
,,,,,
,,,,,
,,,,,
,,,,,
,,,,,
,,,,,
,,,,,
,,,,,
,,,,,
,,,,,
,,,,,
,,,,,
,,,,,
,,,,,
,,,,,
,,,,,
,,,,,
,,,,,
,,,,,
,,,,,
,,,,,
,,,,,
,,,,,
,,,,,
,,,,,
,,,,,
,,,,,
,,,,,
,,,,,
,,,,,
,,,,,
,,,,,
,,,,,
,,,,,
,,,,,
,,,,,
,,,,,
,,,,,
,,,,,
,,,,,
,,,,,
,,,,,
,,,,,
,,,,,
,,,,,
,,,,,
,,,,,
,,,,,
,,,,,
,,,,,
,,,,,
,,,,,
,,,,,
,,,,,
,,,,,
,,,,,
,,,,,
,,,,,
,,,,,
,,,,,
,,,,,
,,,,,
,,,,,
,,,,,
,,,,,
,,,,,
,,,,,
,,,,,
,,,,,
,,,,,
,,,,,
,,,,,
,,,,,
,,,,,
,,,,,
,,,,,
,,,,,
,,,,,
,,,,,
,,,,,
,,,,,
,,,,,
,,,,,
,,,,,
,,,,,
,,,,,
,,,,,
,,,,,
,,,,,
,,,,,
,,,,,
,,,,,
,,,,,
,,,,,
,,,,,
,,,,,
,,,,,
,,,,,
,,,,,
,,,,,
,,,,,
,,,,,
,,,,,
,,,,,
,,,,,
,,,,,
,,,,,
,,,,,
,,,,,
,,,,,
,,,,,
,,,,,
,,,,,
,,,,,
,,,,,
,,,,,
,,,,,
,,,,,
,,,,,
,,,,,
,,,,,
,,,,,
,,,,,
,,,,,
,,,,,
,,,,,
,,,,,
,,,,,
,,,,,
,,,,,
,,,,,
,,,,,
,,,,,
,,,,,
,,,,,
,,,,,
,,,,,
,,,,,
,,,,,
,,,,,
,,,,,
,,,,,
,,,,,
,,,,,
,,,,,
,,,,,
,,,,,
,,,,,
,,,,,
,,,,,
,,,,,
,,,,,
,,,,,
,,,,,
,,,,,
,,,,,
,,,,,
,,,,,
,,,,,
,,,,,
,,,,,
,,,,,
,,,,,
,,,,,
,,,,,
,,,,,
,,,,,
,,,,,
,,,,,
,,,,,
,,,,,
,,,,,
,,,,,
,,,,,
,,,,,
,,,,,
,,,,,
,,,,,
,,,,,
,,,,,
,,,,,
,,,,,
,,,,,
,,,,,
,,,,,
,,,,,
,,,,,
,,,,,
,,,,,
,,,,,
,,,,,
,,,,,
,,,,,
,,,,,
,,,,,
,,,,,
,,,,,
,,,,,
,,,,,
,,,,,
,,,,,
,,,,,
,,,,,
,,,,,
,,,,,
,,,,,
,,,,,
,,,,,
,,,,,
,,,,,
,,,,,
,,,,,
,,,,,
,,,,,
,,,,,
,,,,,
,,,,,
,,,,,
,,,,,
,,,,,
,,,,,
,,,,,
,,,,,
,,,,,
,,,,,
,,,,,
,,,,,
,,,,,
,,,,,
,,,,,
,,,,,
,,,,,
,,,,,
,,,,,
,,,,,
,,,,,
,,,,,
,,,,,
,,,,,
,,,,,
,,,,,
,,,,,
,,,,,
,,,,,
,,,,,
,,,,,
,,,,,
,,,,,
,,,,,
,,,,,
,,,,,
,,,,,
,,,,,
,,,,,
,,,,,
,,,,,
,,,,,
,,,,,
,,,,,
,,,,,
,,,,,
,,,,,
,,,,,
,,,,,
,,,,,
,,,,,
,,,,,
,,,,,
,,,,,
,,,,,
,,,,,
,,,,,
,,,,,
,,,,,
,,,,,
,,,,,
,,,,,
,,,,,
,,,,,
,,,,,
,,,,,
,,,,,
,,,,,
,,,,,
,,,,,
,,,,,
,,,,,
,,,,,
,,,,,
,,,,,
,,,,,
,,,,,
,,,,,
,,,,,
,,,,,
,,,,,
,,,,,
,,,,,
,,,,,
,,,,,
,,,,,
,,,,,
,,,,,
,,,,,
,,,,,
,,,,,
,,,,,
,,,,,
,,,,,
,,,,,
,,,,,
,,,,,
,,,,,
,,,,,
,,,,,
,,,,,
,,,,,
,,,,,
,,,,,
,,,,,
,,,,,
,,,,,
,,,,,
,,,,,
,,,,,
,,,,,
,,,,,
,,,,,
,,,,,
,,,,,
,,,,,
,,,,,
,,,,,
,,,,,
,,,,,
,,,,,
,,,,,
,,,,,
,,,,,
,,,,,
,,,,,
,,,,,
,,,,,
,,,,,
,,,,,
,,,,,
,,,,,
,,,,,
,,,,,
,,,,,
,,,,,
,,,,,
,,,,,
,,,,,
,,,,,
,,,,,
,,,,,
,,,,,
,,,,,
,,,,,
,,,,,
,,,,,
,,,,,
,,,,,
,,,,,
,,,,,
,,,,,
,,,,,
,,,,,
,,,,,
,,,,,
,,,,,
,,,,,
,,,,,
,,,,,
,,,,,
,,,,,
,,,,,
,,,,,
,,,,,
,,,,,
,,,,,
,,,,,
,,,,,
,,,,,
,,,,,
,,,,,
,,,,,
,,,,,
,,,,,
,,,,,
,,,,,
,,,,,
,,,,,
,,,,,
,,,,,
,,,,,
,,,,,
,,,,,
,,,,,
,,,,,
,,,,,
,,,,,
,,,,,
,,,,,
,,,,,
,,,,,
,,,,,
,,,,,
,,,,,
,,,,,
,,,,,
,,,,,
,,,,,
,,,,,
,,,,,
,,,,,
,,,,,
,,,,,
,,,,,
,,,,,
,,,,,
,,,,,
,,,,,
,,,,,
,,,,,
,,,,,
,,,,,
,,,,,
,,,,,
,,,,,
,,,,,
,,,,,
,,,,,
,,,,,
,,,,,
,,,,,
,,,,,
,,,,,
,,,,,
,,,,,
,,,,,
,,,,,
,,,,,
,,,,,
,,,,,
,,,,,
,,,,,
,,,,,
,,,,,
,,,,,
,,,,,
,,,,,
,,,,,
,,,,,
,,,,,
,,,,,
,,,,,
,,,,,
,,,,,
,,,,,
,,,,,
,,,,,
,,,,,
,,,,,
,,,,,
,,,,,
,,,,,
,,,,,
,,,,,
,,,,,
,,,,,
,,,,,
,,,,,
,,,,,
,,,,,
,,,,,
,,,,,
,,,,,
,,,,,
,,,,,
,,,,,
,,,,,
,,,,,
,,,,,
,,,,,
,,,,,
,,,,,
,,,,,
,,,,,
,,,,,
,,,,,
,,,,,
,,,,,
,,,,,
,,,,,
,,,,,
,,,,,
,,,,,
,,,,,
,,,,,
,,,,,
,,,,,
,,,,,
,,,,,
,,,,,
,,,,,
,,,,,
,,,,,
,,,,,
,,,,,
,,,,,
,,,,,
,,,,,
,,,,,
,,,,,
,,,,,
,,,,,
,,,,,
,,,,,
,,,,,
,,,,,
,,,,,
,,,,,
,,,,,
,,,,,
,,,,,
,,,,,
,,,,,
,,,,,
,,,,,
,,,,,
,,,,,
,,,,,
,,,,,
,,,,,
,,,,,
,,,,,
,,,,,
,,,,,
,,,,,
,,,,,
,,,,,
,,,,,
,,,,,
,,,,,
,,,,,
,,,,,
,,,,,
,,,,,
,,,,,
,,,,,
,,,,,
,,,,,
,,,,,
,,,,,
,,,,,
,,,,,
,,,,,
,,,,,
,,,,,
,,,,,
,,,,,
,,,,,
,,,,,
,,,,,
,,,,,
,,,,,
,,,,,
,,,,,
,,,,,
,,,,,
,,,,,
,,,,,
,,,,,
,,,,,
,,,,,
,,,,,
,,,,,
,,,,,
,,,,,
,,,,,
,,,,,
,,,,,
,,,,,
,,,,,
,,,,,
,,,,,
,,,,,
,,,,,
,,,,,
,,,,,
,,,,,
,,,,,
,,,,,
,,,,,
,,,,,
,,,,,
,,,,,
,,,,,
,,,,,
,,,,,
,,,,,
,,,,,
,,,,,
,,,,,
,,,,,
,,,,,
,,,,,
,,,,,
,,,,,
,,,,,
,,,,,
,,,,,
,,,,,
,,,,,
,,,,,
,,,,,
,,,,,
,,,,,
,,,,,
,,,,,
,,,,,
,,,,,
,,,,,
,,,,,
,,,,,
,,,,,
,,,,,
,,,,,
,,,,,
,,,,,
,,,,,
,,,,,
,,,,,
,,,,,
,,,,,
,,,,,
,,,,,
,,,,,
,,,,,
,,,,,
,,,,,
,,,,,
,,,,,
,,,,,
,,,,,
,,,,,
,,,,,
,,,,,
,,,,,
,,,,,
,,,,,
,,,,,
,,,,,
,,,,,
,,,,,
,,,,,
,,,,,
,,,,,
,,,,,
,,,,,
,,,,,
,,,,,
,,,,,
,,,,,
,,,,,
,,,,,
,,,,,
,,,,,
,,,,,
,,,,,
,,,,,
,,,,,
,,,,,
,,,,,
,,,,,
,,,,,
,,,,,
,,,,,
,,,,,
,,,,,
,,,,,
,,,,,
,,,,,
,,,,,
,,,,,
,,,,,
,,,,,
,,,,,
,,,,,
,,,,,
,,,,,
,,,,,
,,,,,
,,,,,
,,,,,
,,,,,
,,,,,
,,,,,
,,,,,
,,,,,
,,,,,
,,,,,
,,,,,
,,,,,
,,,,,
,,,,,
,,,,,
,,,,,
,,,,,
,,,,,
,,,,,
,,,,,
,,,,,
,,,,,
,,,,,
,,,,,
,,,,,
,,,,,
,,,,,
,,,,,
,,,,,
,,,,,
,,,,,
,,,,,
,,,,,
,,,,,
,,,,,
,,,,,
,,,,,
,,,,,
,,,,,
,,,,,
,,,,,
,,,,,
,,,,,
,,,,,
,,,,,
,,,,,
,,,,,
,,,,,
,,,,,
,,,,,
,,,,,
,,,,,
,,,,,
,,,,,
,,,,,
,,,,,
,,,,,
,,,,,
,,,,,
,,,,,
,,,,,
,,,,,
,,,,,
,,,,,
,,,,,
,,,,,
,,,,,
,,,,,
,,,,,
,,,,,
,,,,,
,,,,,
,,,,,
,,,,,
,,,,,
,,,,,
,,,,,
,,,,,
,,,,,
,,,,,
,,,,,
,,,,,
,,,,,
,,,,,
,,,,,
,,,,,
,,,,,
,,,,,
,,,,,
,,,,,
,,,,,
,,,,,
,,,,,
,,,,,
,,,,,
,,,,,
,,,,,
,,,,,
,,,,,
,,,,,
,,,,,
,,,,,
,,,,,
,,,,,
,,,,,
,,,,,
,,,,,
,,,,,
,,,,,
,,,,,
,,,,,
,,,,,
,,,,,
,,,,,
,,,,,
,,,,,
,,,,,
,,,,,
,,,,,
,,,,,
,,,,,
,,,,,
,,,,,
,,,,,
,,,,,
,,,,,
,,,,,
,,,,,
,,,,,
,,,,,
,,,,,
,,,,,
,,,,,
,,,,,
,,,,,
,,,,,
,,,,,
,,,,,
,,,,,
,,,,,
,,,,,
,,,,,
,,,,,
,,,,,
,,,,,
,,,,,
,,,,,
,,,,,
,,,,,
,,,,,
,,,,,
,,,,,
,,,,,
,,,,,
,,,,,
,,,,,
,,,,,
,,,,,
,,,,,
,,,,,
,,,,,
,,,,,
,,,,,
,,,,,
,,,,,
,,,,,
,,,,,
,,,,,
,,,,,
,,,,,
,,,,,
,,,,,
,,,,,
,,,,,
,,,,,
,,,,,
,,,,,
,,,,,
,,,,,
,,,,,
,,,,,
,,,,,
,,,,,
,,,,,
,,,,,
,,,,,
,,,,,
,,,,,
,,,,,
,,,,,
,,,,,
,,,,,
,,,,,
,,,,,
,,,,,
,,,,,
,,,,,
,,,,,
,,,,,
,,,,,
,,,,,
,,,,,
,,,,,
,,,,,
,,,,,
,,,,,
,,,,,
,,,,,
,,,,,
,,,,,
,,,,,
,,,,,
,,,,,
,,,,,
,,,,,
,,,,,
,,,,,
,,,,,
,,,,,
,,,,,
,,,,,
,,,,,
,,,,,
,,,,,
,,,,,
,,,,,
,,,,,
,,,,,
,,,,,
,,,,,
,,,,,
,,,,,
,,,,,
,,,,,
,,,,,
,,,,,
,,,,,
,,,,,
,,,,,
,,,,,
,,,,,
,,,,,
,,,,,
,,,,,
,,,,,
,,,,,
,,,,,
,,,,,
,,,,,
,,,,,
,,,,,
,,,,,
,,,,,
,,,,,
,,,,,
,,,,,
,,,,,
,,,,,
,,,,,
,,,,,
,,,,,
,,,,,
,,,,,
,,,,,
,,,,,
,,,,,
,,,,,
,,,,,
,,,,,
,,,,,
,,,,,
,,,,,
,,,,,
,,,,,
,,,,,
,,,,,
,,,,,
,,,,,
,,,,,
,,,,,
,,,,,
,,,,,
,,,,,
,,,,,
,,,,,
,,,,,
,,,,,
,,,,,
,,,,,
,,,,,
,,,,,
,,,,,
,,,,,
,,,,,
,,,,,
,,,,,
,,,,,
,,,,,
,,,,,
,,,,,
,,,,,
,,,,,
,,,,,
,,,,,
,,,,,
,,,,,
,,,,,
,,,,,
,,,,,
,,,,,
,,,,,
,,,,,
,,,,,
,,,,,
,,,,,
,,,,,
,,,,,
,,,,,
,,,,,
,,,,,
,,,,,
,,,,,
,,,,,
,,,,,
,,,,,
,,,,,
,,,,,
,,,,,
,,,,,
,,,,,
,,,,,
,,,,,
,,,,,
,,,,,
,,,,,
,,,,,
,,,,,
,,,,,
,,,,,
,,,,,
,,,,,
,,,,,
,,,,,
,,,,,
,,,,,
,,,,,
,,,,,
,,,,,
,,,,,
,,,,,
,,,,,
,,,,,
,,,,,
,,,,,
,,,,,
,,,,,
,,,,,
,,,,,
,,,,,
,,,,,
,,,,,
,,,,,
,,,,,
,,,,,
,,,,,
,,,,,
,,,,,
,,,,,
,,,,,
,,,,,
,,,,,
,,,,,
,,,,,
,,,,,
,,,,,
,,,,,
,,,,,
,,,,,
,,,,,
,,,,,
,,,,,
,,,,,
,,,,,
,,,,,
,,,,,
,,,,,
,,,,,
,,,,,
,,,,,
,,,,,
,,,,,
,,,,,
,,,,,
,,,,,
,,,,,
,,,,,
,,,,,
,,,,,
,,,,,
,,,,,
,,,,,
,,,,,
,,,,,
,,,,,
,,,,,
,,,,,
,,,,,
,,,,,
,,,,,
,,,,,
,,,,,
,,,,,
,,,,,
,,,,,
,,,,,
,,,,,
,,,,,
,,,,,
,,,,,
,,,,,
,,,,,
,,,,,
,,,,,
,,,,,
,,,,,
,,,,,
,,,,,
,,,,,
,,,,,
,,,,,
,,,,,
,,,,,
,,,,,
,,,,,
,,,,,
,,,,,
,,,,,
,,,,,
,,,,,
,,,,,
,,,,,
,,,,,
,,,,,
,,,,,
,,,,,
,,,,,
,,,,,
,,,,,
,,,,,
,,,,,
,,,,,
,,,,,
,,,,,
,,,,,
,,,,,
,,,,,
,,,,,
,,,,,
,,,,,
,,,,,
,,,,,
,,,,,
,,,,,
,,,,,
,,,,,
,,,,,
,,,,,
,,,,,
,,,,,
,,,,,
,,,,,
,,,,,
,,,,,
,,,,,
,,,,,
,,,,,
,,,,,
,,,,,
,,,,,
,,,,,
,,,,,
,,,,,
,,,,,
,,,,,
,,,,,
,,,,,
,,,,,
,,,,,
,,,,,
,,,,,
,,,,,
,,,,,
,,,,,
,,,,,
,,,,,
,,,,,
,,,,,
,,,,,
,,,,,
,,,,,
,,,,,
,,,,,
,,,,,
,,,,,
,,,,,
,,,,,
,,,,,
,,,,,
,,,,,
,,,,,
,,,,,
,,,,,
,,,,,
,,,,,
,,,,,
,,,,,
,,,,,
,,,,,
,,,,,
,,,,,
,,,,,
,,,,,
,,,,,
,,,,,
,,,,,
,,,,,
,,,,,
,,,,,
,,,,,
,,,,,
,,,,,
,,,,,
,,,,,
,,,,,
,,,,,
,,,,,
,,,,,
,,,,,
,,,,,
,,,,,
,,,,,
,,,,,
,,,,,
,,,,,
,,,,,
,,,,,
,,,,,
,,,,,
,,,,,
,,,,,
,,,,,
,,,,,
,,,,,
,,,,,
,,,,,
,,,,,
,,,,,
,,,,,
,,,,,
,,,,,
,,,,,
,,,,,
,,,,,
,,,,,
,,,,,
,,,,,
,,,,,
,,,,,
,,,,,
,,,,,
,,,,,
,,,,,
,,,,,
,,,,,
,,,,,
,,,,,
,,,,,
,,,,,
,,,,,
,,,,,
,,,,,
,,,,,
,,,,,
,,,,,
,,,,,
,,,,,
,,,,,
,,,,,
,,,,,
,,,,,
,,,,,
,,,,,
,,,,,
,,,,,
,,,,,
,,,,,
,,,,,
,,,,,
,,,,,
,,,,,
,,,,,
,,,,,
,,,,,
,,,,,
,,,,,
,,,,,
,,,,,
,,,,,
,,,,,
,,,,,
,,,,,
,,,,,
,,,,,
,,,,,
,,,,,
,,,,,
,,,,,
,,,,,
,,,,,
,,,,,
,,,,,
,,,,,
,,,,,
,,,,,
,,,,,
,,,,,
,,,,,
,,,,,
,,,,,
,,,,,
,,,,,
,,,,,
,,,,,
,,,,,
,,,,,
,,,,,
,,,,,
,,,,,
,,,,,
,,,,,
,,,,,
,,,,,
,,,,,
,,,,,
,,,,,
,,,,,
,,,,,
,,,,,
,,,,,
,,,,,
,,,,,
,,,,,
,,,,,
,,,,,
,,,,,
,,,,,
,,,,,
,,,,,
,,,,,
,,,,,
,,,,,
,,,,,
,,,,,
,,,,,
,,,,,
,,,,,
,,,,,
,,,,,
,,,,,
,,,,,
,,,,,
,,,,,
,,,,,
,,,,,
,,,,,
,,,,,
,,,,,
,,,,,
,,,,,
,,,,,
,,,,,
,,,,,
,,,,,
,,,,,
,,,,,
,,,,,
,,,,,
,,,,,
,,,,,
,,,,,
,,,,,
,,,,,
,,,,,
,,,,,
,,,,,
,,,,,
,,,,,
,,,,,
,,,,,
,,,,,
,,,,,
,,,,,
,,,,,
,,,,,
,,,,,
,,,,,
,,,,,
,,,,,
,,,,,
,,,,,
,,,,,
,,,,,
,,,,,
,,,,,
,,,,,
,,,,,
,,,,,
,,,,,
,,,,,
,,,,,
,,,,,
,,,,,
,,,,,
,,,,,
,,,,,
,,,,,
,,,,,
,,,,,
,,,,,
,,,,,
,,,,,
,,,,,
,,,,,
,,,,,
,,,,,
,,,,,
,,,,,
,,,,,
,,,,,
,,,,,
,,,,,
,,,,,
,,,,,
,,,,,
,,,,,
,,,,,
,,,,,
,,,,,
,,,,,
,,,,,
,,,,,
,,,,,
,,,,,
,,,,,
,,,,,
,,,,,
,,,,,
,,,,,
,,,,,
,,,,,
,,,,,
,,,,,
,,,,,
,,,,,
,,,,,
,,,,,
,,,,,
,,,,,
,,,,,
,,,,,
,,,,,
,,,,,
,,,,,
,,,,,
,,,,,
,,,,,
,,,,,
,,,,,
,,,,,
,,,,,
,,,,,
,,,,,
,,,,,
,,,,,
,,,,,
,,,,,
,,,,,
,,,,,
,,,,,
,,,,,
,,,,,
,,,,,
,,,,,
,,,,,
,,,,,
,,,,,
,,,,,
,,,,,
,,,,,
,,,,,
,,,,,
,,,,,
,,,,,
,,,,,
,,,,,
,,,,,
,,,,,
,,,,,
,,,,,
,,,,,
,,,,,
,,,,,
,,,,,
,,,,,
,,,,,
,,,,,
,,,,,
,,,,,
,,,,,
,,,,,
,,,,,
,,,,,
,,,,,
,,,,,
,,,,,
,,,,,
,,,,,
,,,,,
,,,,,
,,,,,
,,,,,
,,,,,
,,,,,
,,,,,
,,,,,
,,,,,
,,,,,
,,,,,
,,,,,
,,,,,
,,,,,
,,,,,
,,,,,
,,,,,
,,,,,
,,,,,
,,,,,
,,,,,
,,,,,
,,,,,
,,,,,
,,,,,
,,,,,
,,,,,
,,,,,
,,,,,
,,,,,
,,,,,
,,,,,
,,,,,
,,,,,
,,,,,
,,,,,
,,,,,
,,,,,
,,,,,
,,,,,
,,,,,
,,,,,
,,,,,
,,,,,
,,,,,
,,,,,
,,,,,
,,,,,
,,,,,
,,,,,
,,,,,
,,,,,
,,,,,
,,,,,
,,,,,
,,,,,
,,,,,
,,,,,
,,,,,
,,,,,
,,,,,
,,,,,
,,,,,
,,,,,
,,,,,
,,,,,
,,,,,
,,,,,
,,,,,
,,,,,
,,,,,
,,,,,
,,,,,
,,,,,
,,,,,
,,,,,
,,,,,
,,,,,
,,,,,
,,,,,
,,,,,
,,,,,
,,,,,
,,,,,
,,,,,
,,,,,
,,,,,
,,,,,
,,,,,
,,,,,
,,,,,
,,,,,
,,,,,
,,,,,
,,,,,
,,,,,
,,,,,
,,,,,
,,,,,
,,,,,
,,,,,
,,,,,
,,,,,
,,,,,
,,,,,
,,,,,
,,,,,
,,,,,
,,,,,
,,,,,
,,,,,
,,,,,
,,,,,
,,,,,
,,,,,
,,,,,
,,,,,
,,,,,
,,,,,
,,,,,
,,,,,
,,,,,
,,,,,
,,,,,
,,,,,
,,,,,
,,,,,
,,,,,
,,,,,
,,,,,
,,,,,
,,,,,
,,,,,
,,,,,
,,,,,
,,,,,
,,,,,
,,,,,
,,,,,
,,,,,
,,,,,
,,,,,
,,,,,
,,,,,
,,,,,
,,,,,
,,,,,
,,,,,
,,,,,
,,,,,
,,,,,
,,,,,
,,,,,
,,,,,
,,,,,
,,,,,
,,,,,
,,,,,
,,,,,
,,,,,
,,,,,
,,,,,
,,,,,
,,,,,
,,,,,
,,,,,
,,,,,
,,,,,
,,,,,
,,,,,
,,,,,
,,,,,
,,,,,
,,,,,
,,,,,
,,,,,
,,,,,
,,,,,
,,,,,
,,,,,
,,,,,
,,,,,
,,,,,
,,,,,
,,,,,
,,,,,
,,,,,
,,,,,
,,,,,
,,,,,
,,,,,
,,,,,
,,,,,
,,,,,
,,,,,
,,,,,
,,,,,
,,,,,
,,,,,
,,,,,
,,,,,
,,,,,
,,,,,
,,,,,
,,,,,
,,,,,
,,,,,
,,,,,
,,,,,
,,,,,
,,,,,
,,,,,
,,,,,
,,,,,
,,,,,
,,,,,
,,,,,
,,,,,
,,,,,
,,,,,
,,,,,
,,,,,
,,,,,
,,,,,
,,,,,
,,,,,
,,,,,
,,,,,
,,,,,
,,,,,
,,,,,
,,,,,
,,,,,
,,,,,
,,,,,
,,,,,
,,,,,
,,,,,
,,,,,
,,,,,
,,,,,
,,,,,
,,,,,
,,,,,
,,,,,
,,,,,
,,,,,
,,,,,
,,,,,
,,,,,
,,,,,
,,,,,
,,,,,
,,,,,
,,,,,
,,,,,
,,,,,
,,,,,
,,,,,
,,,,,
,,,,,
,,,,,
,,,,,
,,,,,
,,,,,
,,,,,
,,,,,
,,,,,
,,,,,
,,,,,
,,,,,
,,,,,
,,,,,
,,,,,
,,,,,
,,,,,
,,,,,
,,,,,
,,,,,
,,,,,
,,,,,
,,,,,
,,,,,
,,,,,
,,,,,
,,,,,
,,,,,
,,,,,
,,,,,
,,,,,
,,,,,
,,,,,
,,,,,
,,,,,
,,,,,
,,,,,
,,,,,
,,,,,
,,,,,
,,,,,
,,,,,
,,,,,
,,,,,
,,,,,
,,,,,
,,,,,
,,,,,
,,,,,
,,,,,
,,,,,
,,,,,
,,,,,
,,,,,
,,,,,
,,,,,
,,,,,
,,,,,
,,,,,
,,,,,
,,,,,
,,,,,
,,,,,
,,,,,
,,,,,
,,,,,
,,,,,
,,,,,
,,,,,
,,,,,
,,,,,
,,,,,
,,,,,
,,,,,
,,,,,
,,,,,
,,,,,
,,,,,
,,,,,
,,,,,
,,,,,
,,,,,
,,,,,
,,,,,
,,,,,
,,,,,
,,,,,
,,,,,
,,,,,
,,,,,
,,,,,
,,,,,
,,,,,
,,,,,
,,,,,
,,,,,
,,,,,
,,,,,
,,,,,
,,,,,
,,,,,
,,,,,
,,,,,
,,,,,
,,,,,
,,,,,
,,,,,
,,,,,
,,,,,
,,,,,
,,,,,
,,,,,
,,,,,
,,,,,
,,,,,
,,,,,
,,,,,
,,,,,
,,,,,
,,,,,
,,,,,
,,,,,
,,,,,
,,,,,
,,,,,
,,,,,
,,,,,
,,,,,
,,,,,
,,,,,
,,,,,
,,,,,
,,,,,
,,,,,
,,,,,
,,,,,
,,,,,
,,,,,
,,,,,
,,,,,
,,,,,
,,,,,
,,,,,
,,,,,
,,,,,
,,,,,
,,,,,
,,,,,
,,,,,
,,,,,
,,,,,
,,,,,
,,,,,
,,,,,
,,,,,
,,,,,
,,,,,
,,,,,
,,,,,
,,,,,
,,,,,
,,,,,
,,,,,
,,,,,
,,,,,
,,,,,
,,,,,
,,,,,
,,,,,
,,,,,
,,,,,
,,,,,
,,,,,
,,,,,
,,,,,
,,,,,
,,,,,
,,,,,
,,,,,
,,,,,
,,,,,
,,,,,
,,,,,
,,,,,
,,,,,
,,,,,
,,,,,
,,,,,
,,,,,
,,,,,
,,,,,
,,,,,
,,,,,
,,,,,
,,,,,
,,,,,
,,,,,
,,,,,
,,,,,
,,,,,
,,,,,
,,,,,
,,,,,
,,,,,
,,,,,
,,,,,
,,,,,
,,,,,
,,,,,
,,,,,
,,,,,
,,,,,
,,,,,
,,,,,
,,,,,
,,,,,
,,,,,
,,,,,
,,,,,
,,,,,
,,,,,
,,,,,
,,,,,
,,,,,
,,,,,
,,,,,
,,,,,
,,,,,
,,,,,
,,,,,
,,,,,
,,,,,
,,,,,
,,,,,
,,,,,
,,,,,
,,,,,
,,,,,
,,,,,
,,,,,
,,,,,
,,,,,
,,,,,
,,,,,
,,,,,
,,,,,
,,,,,
,,,,,
,,,,,
,,,,,
,,,,,
,,,,,
,,,,,
,,,,,
,,,,,
,,,,,
,,,,,
,,,,,
,,,,,
,,,,,
,,,,,
,,,,,
,,,,,
,,,,,
,,,,,
,,,,,
,,,,,
,,,,,
,,,,,
,,,,,
,,,,,
,,,,,
,,,,,
,,,,,
,,,,,
,,,,,
,,,,,
,,,,,
,,,,,
,,,,,
,,,,,
,,,,,
,,,,,
,,,,,
,,,,,
,,,,,
,,,,,
,,,,,
,,,,,
,,,,,
,,,,,
,,,,,
,,,,,
,,,,,
,,,,,
,,,,,
,,,,,
,,,,,
,,,,,
,,,,,
,,,,,
,,,,,
,,,,,
,,,,,
,,,,,
,,,,,
,,,,,
,,,,,
,,,,,
,,,,,
,,,,,
,,,,,
,,,,,
,,,,,
,,,,,
,,,,,
,,,,,
,,,,,
,,,,,
,,,,,
,,,,,
,,,,,
,,,,,
,,,,,
,,,,,
,,,,,
,,,,,
,,,,,
,,,,,
,,,,,
,,,,,
,,,,,
,,,,,
,,,,,
,,,,,
,,,,,
,,,,,
,,,,,
,,,,,
,,,,,
,,,,,
,,,,,
,,,,,
,,,,,
,,,,,
,,,,,
,,,,,
,,,,,
,,,,,
,,,,,
,,,,,
,,,,,
,,,,,
,,,,,
,,,,,
,,,,,
,,,,,
,,,,,
,,,,,
,,,,,
,,,,,
,,,,,
,,,,,
,,,,,
,,,,,
,,,,,
,,,,,
,,,,,
,,,,,
,,,,,
,,,,,
,,,,,
,,,,,
,,,,,
,,,,,
,,,,,
,,,,,
,,,,,
,,,,,
,,,,,
,,,,,
,,,,,
,,,,,
,,,,,
,,,,,
,,,,,
,,,,,
,,,,,
,,,,,
,,,,,
,,,,,
,,,,,
,,,,,
,,,,,
,,,,,
,,,,,
,,,,,
,,,,,
,,,,,
,,,,,
,,,,,
,,,,,
,,,,,
,,,,,
,,,,,
,,,,,
,,,,,
,,,,,
,,,,,
,,,,,
,,,,,
,,,,,
,,,,,
,,,,,
,,,,,
,,,,,
,,,,,
,,,,,
,,,,,
,,,,,
,,,,,
,,,,,
,,,,,
,,,,,
,,,,,
,,,,,
,,,,,
,,,,,
,,,,,
,,,,,
,,,,,
,,,,,
,,,,,
,,,,,
,,,,,
,,,,,
,,,,,
,,,,,
,,,,,
,,,,,
,,,,,
,,,,,
,,,,,
,,,,,
,,,,,
,,,,,
,,,,,
,,,,,
,,,,,
,,,,,
,,,,,
,,,,,
,,,,,
,,,,,
,,,,,
,,,,,
,,,,,
,,,,,
,,,,,
,,,,,
,,,,,
,,,,,
,,,,,
,,,,,
,,,,,
,,,,,
,,,,,
,,,,,
,,,,,
,,,,,
,,,,,
,,,,,
,,,,,
,,,,,
,,,,,
,,,,,
,,,,,
,,,,,
,,,,,
,,,,,
,,,,,
,,,,,
,,,,,
,,,,,
,,,,,
,,,,,
,,,,,
,,,,,
,,,,,
,,,,,
,,,,,
,,,,,
,,,,,
,,,,,
,,,,,
,,,,,
,,,,,
,,,,,
,,,,,
,,,,,
,,,,,
,,,,,
,,,,,
,,,,,
,,,,,
,,,,,
,,,,,
,,,,,
,,,,,
,,,,,
,,,,,
,,,,,
,,,,,
,,,,,
,,,,,
,,,,,
,,,,,
,,,,,
,,,,,
,,,,,
,,,,,
,,,,,
,,,,,
,,,,,
,,,,,
,,,,,
,,,,,
,,,,,
,,,,,
,,,,,
,,,,,
,,,,,
,,,,,
,,,,,
,,,,,
,,,,,
,,,,,
,,,,,
,,,,,
,,,,,
,,,,,
,,,,,
,,,,,
,,,,,
,,,,,
,,,,,
,,,,,
,,,,,
,,,,,
,,,,,
,,,,,
,,,,,
,,,,,
,,,,,
,,,,,
,,,,,
,,,,,
,,,,,
,,,,,
,,,,,
,,,,,
,,,,,
,,,,,
,,,,,
,,,,,
,,,,,
,,,,,
,,,,,
,,,,,
,,,,,
,,,,,
,,,,,
,,,,,
,,,,,
,,,,,
,,,,,
,,,,,
,,,,,
,,,,,
,,,,,
,,,,,
,,,,,
,,,,,
,,,,,
,,,,,
,,,,,
,,,,,
,,,,,
,,,,,
,,,,,
,,,,,
,,,,,
,,,,,
,,,,,
,,,,,
,,,,,
,,,,,
,,,,,
,,,,,
,,,,,
,,,,,
,,,,,
,,,,,
,,,,,
,,,,,
,,,,,
,,,,,
,,,,,
,,,,,
,,,,,
,,,,,
,,,,,
,,,,,
,,,,,
,,,,,
,,,,,
,,,,,
,,,,,
,,,,,
,,,,,
,,,,,
,,,,,
,,,,,
,,,,,
,,,,,
,,,,,
,,,,,
,,,,,
,,,,,
,,,,,
,,,,,
,,,,,
,,,,,
,,,,,
,,,,,
,,,,,
,,,,,
,,,,,
,,,,,
,,,,,
,,,,,
,,,,,
,,,,,
,,,,,
,,,,,
,,,,,
,,,,,
,,,,,
,,,,,
,,,,,
,,,,,
,,,,,
,,,,,
,,,,,
,,,,,
,,,,,
,,,,,
,,,,,
,,,,,
,,,,,
,,,,,
,,,,,
,,,,,
,,,,,
,,,,,
,,,,,
,,,,,
,,,,,
,,,,,
,,,,,
,,,,,
,,,,,
,,,,,
,,,,,
,,,,,
,,,,,
,,,,,
,,,,,
,,,,,
,,,,,
,,,,,
,,,,,
,,,,,
,,,,,
,,,,,
,,,,,
,,,,,
,,,,,
,,,,,
,,,,,
,,,,,
,,,,,
,,,,,
,,,,,
,,,,,
,,,,,
,,,,,
,,,,,
,,,,,
,,,,,
,,,,,
,,,,,
,,,,,
,,,,,
,,,,,
,,,,,
,,,,,
,,,,,
,,,,,
,,,,,
,,,,,
,,,,,
,,,,,
,,,,,
,,,,,
,,,,,
,,,,,
,,,,,
,,,,,
,,,,,
,,,,,
,,,,,
,,,,,
,,,,,
,,,,,
,,,,,
,,,,,
,,,,,
,,,,,
,,,,,
,,,,,
,,,,,
,,,,,
,,,,,
,,,,,
,,,,,
,,,,,
,,,,,
,,,,,
,,,,,
,,,,,
,,,,,
,,,,,
,,,,,
,,,,,
,,,,,
,,,,,
,,,,,
,,,,,
,,,,,
,,,,,
,,,,,
,,,,,
,,,,,
,,,,,
,,,,,
,,,,,
,,,,,
,,,,,
,,,,,
,,,,,
,,,,,
,,,,,
,,,,,
,,,,,
,,,,,
,,,,,
,,,,,
,,,,,
,,,,,
,,,,,
,,,,,
,,,,,
,,,,,
,,,,,
,,,,,
,,,,,
,,,,,
,,,,,
,,,,,
,,,,,
,,,,,
,,,,,
,,,,,
,,,,,
,,,,,
,,,,,
,,,,,
,,,,,
,,,,,
,,,,,
,,,,,
,,,,,
,,,,,
,,,,,
,,,,,
,,,,,
,,,,,
,,,,,
,,,,,
,,,,,
,,,,,
,,,,,
,,,,,
,,,,,
,,,,,
,,,,,
,,,,,
,,,,,
,,,,,
,,,,,
,,,,,
,,,,,
,,,,,
,,,,,
,,,,,
,,,,,
,,,,,
,,,,,
,,,,,
,,,,,
,,,,,
,,,,,
,,,,,
,,,,,
,,,,,
,,,,,
,,,,,
,,,,,
,,,,,
,,,,,
,,,,,
,,,,,
,,,,,
,,,,,
,,,,,
,,,,,
,,,,,
,,,,,
,,,,,
,,,,,
,,,,,
,,,,,
,,,,,
,,,,,
,,,,,
,,,,,
,,,,,
,,,,,
,,,,,
,,,,,
,,,,,
,,,,,
,,,,,
,,,,,
,,,,,
,,,,,
,,,,,
,,,,,
,,,,,
,,,,,
,,,,,
,,,,,
,,,,,
,,,,,
,,,,,
,,,,,
,,,,,
,,,,,
,,,,,
,,,,,
,,,,,
,,,,,
,,,,,
,,,,,
,,,,,
,,,,,
,,,,,
,,,,,
,,,,,
,,,,,
,,,,,
,,,,,
,,,,,
,,,,,
,,,,,
,,,,,
,,,,,
,,,,,
,,,,,
,,,,,
,,,,,
,,,,,
,,,,,
,,,,,
,,,,,
,,,,,
,,,,,
,,,,,
,,,,,
,,,,,
,,,,,
,,,,,
,,,,,
,,,,,
,,,,,
,,,,,
,,,,,
,,,,,
,,,,,
,,,,,
,,,,,
,,,,,
,,,,,
,,,,,
,,,,,
,,,,,
,,,,,
,,,,,
,,,,,
,,,,,
,,,,,
,,,,,
,,,,,
,,,,,
,,,,,
,,,,,
,,,,,
,,,,,
,,,,,
,,,,,
,,,,,
,,,,,
,,,,,
,,,,,
,,,,,
,,,,,
,,,,,
,,,,,
,,,,,
,,,,,
,,,,,
,,,,,
,,,,,
,,,,,
,,,,,
,,,,,
,,,,,
,,,,,
,,,,,
,,,,,
,,,,,
,,,,,
,,,,,
,,,,,
,,,,,
,,,,,
,,,,,
,,,,,
,,,,,
,,,,,
,,,,,
,,,,,
,,,,,
,,,,,
,,,,,
,,,,,
,,,,,
,,,,,
,,,,,
,,,,,
,,,,,
,,,,,
,,,,,
,,,,,
,,,,,
,,,,,
,,,,,
,,,,,
,,,,,
,,,,,
,,,,,
,,,,,
,,,,,
,,,,,
,,,,,
,,,,,
,,,,,
,,,,,
,,,,,
,,,,,
,,,,,
,,,,,
,,,,,
,,,,,
,,,,,
,,,,,
,,,,,
,,,,,
,,,,,
,,,,,
,,,,,
,,,,,
,,,,,
,,,,,
,,,,,
,,,,,
,,,,,
,,,,,
,,,,,
,,,,,
,,,,,
,,,,,
,,,,,
,,,,,
,,,,,
,,,,,
,,,,,
,,,,,
,,,,,
,,,,,
,,,,,
,,,,,
,,,,,
,,,,,
,,,,,
,,,,,
,,,,,
,,,,,
,,,,,
,,,,,
,,,,,
,,,,,
,,,,,
,,,,,
,,,,,
,,,,,
,,,,,
,,,,,
,,,,,
,,,,,
,,,,,
,,,,,
,,,,,
,,,,,
,,,,,
,,,,,
,,,,,
,,,,,
,,,,,
,,,,,
,,,,,
,,,,,
,,,,,
,,,,,
,,,,,
,,,,,
,,,,,
,,,,,
,,,,,
,,,,,
,,,,,
,,,,,
,,,,,
,,,,,
,,,,,
,,,,,
,,,,,
,,,,,
,,,,,
,,,,,
,,,,,
,,,,,
,,,,,
,,,,,
,,,,,
,,,,,
,,,,,
,,,,,
,,,,,
,,,,,
,,,,,
,,,,,
,,,,,
,,,,,
,,,,,
,,,,,
,,,,,
,,,,,
,,,,,
,,,,,
,,,,,
,,,,,
,,,,,
,,,,,
,,,,,
,,,,,
,,,,,
,,,,,
,,,,,
,,,,,
,,,,,
,,,,,
,,,,,
,,,,,
,,,,,
,,,,,
,,,,,
,,,,,
,,,,,
,,,,,
,,,,,
,,,,,
,,,,,
,,,,,
,,,,,
,,,,,
,,,,,
,,,,,
,,,,,
,,,,,
,,,,,
,,,,,
,,,,,
,,,,,
,,,,,
,,,,,
,,,,,
,,,,,
,,,,,
,,,,,
,,,,,
,,,,,
,,,,,
,,,,,
,,,,,
,,,,,
,,,,,
,,,,,
,,,,,
,,,,,
,,,,,
,,,,,
,,,,,
,,,,,
,,,,,
,,,,,
,,,,,
,,,,,
,,,,,
,,,,,
,,,,,
,,,,,
,,,,,
,,,,,
,,,,,
,,,,,
,,,,,
,,,,,
,,,,,
,,,,,
,,,,,
,,,,,
,,,,,
,,,,,
,,,,,
,,,,,
,,,,,
,,,,,
,,,,,
,,,,,
,,,,,
,,,,,
,,,,,
,,,,,
,,,,,
,,,,,
,,,,,
,,,,,
,,,,,
,,,,,
,,,,,
,,,,,
,,,,,
,,,,,
,,,,,
,,,,,
,,,,,
,,,,,
,,,,,
,,,,,
,,,,,
,,,,,
,,,,,
,,,,,
,,,,,
,,,,,
,,,,,
,,,,,
,,,,,
,,,,,
,,,,,
,,,,,
,,,,,
,,,,,
,,,,,
,,,,,
,,,,,
,,,,,
,,,,,
,,,,,
,,,,,
,,,,,
,,,,,
,,,,,
,,,,,
,,,,,
,,,,,
,,,,,
,,,,,
,,,,,
,,,,,
,,,,,
,,,,,
,,,,,
,,,,,
,,,,,
,,,,,
,,,,,
,,,,,
,,,,,
,,,,,
,,,,,
,,,,,
,,,,,
,,,,,
,,,,,
,,,,,
,,,,,
,,,,,
,,,,,
,,,,,
,,,,,
,,,,,
,,,,,
,,,,,
,,,,,
,,,,,
,,,,,
,,,,,
,,,,,
,,,,,
,,,,,
,,,,,
,,,,,
,,,,,
,,,,,
,,,,,
,,,,,
,,,,,
,,,,,
,,,,,
,,,,,
,,,,,
,,,,,
,,,,,
,,,,,
,,,,,
,,,,,
,,,,,
,,,,,
,,,,,
,,,,,
,,,,,
,,,,,
,,,,,
,,,,,
,,,,,
,,,,,
,,,,,
,,,,,
,,,,,
,,,,,
,,,,,
,,,,,
,,,,,
,,,,,
,,,,,
,,,,,
,,,,,
,,,,,
,,,,,
,,,,,
,,,,,
,,,,,
,,,,,
,,,,,
,,,,,
,,,,,
,,,,,
,,,,,
,,,,,
,,,,,
,,,,,
,,,,,
,,,,,
,,,,,
,,,,,
,,,,,
,,,,,
,,,,,
,,,,,
,,,,,
,,,,,
,,,,,
,,,,,
,,,,,
,,,,,
,,,,,
,,,,,
,,,,,
,,,,,
,,,,,
,,,,,
,,,,,
,,,,,
,,,,,
,,,,,
,,,,,
,,,,,
,,,,,
,,,,,
,,,,,
,,,,,
,,,,,
,,,,,
,,,,,
,,,,,
,,,,,
,,,,,
,,,,,
,,,,,
,,,,,
,,,,,
,,,,,
,,,,,
,,,,,
,,,,,
,,,,,
,,,,,
,,,,,
,,,,,
,,,,,
,,,,,
,,,,,
,,,,,
,,,,,
,,,,,
,,,,,
,,,,,
,,,,,
,,,,,
,,,,,
,,,,,
,,,,,
,,,,,
,,,,,
,,,,,
,,,,,
,,,,,
,,,,,
,,,,,
,,,,,
,,,,,
,,,,,
,,,,,
,,,,,
,,,,,
,,,,,
,,,,,
,,,,,
,,,,,
,,,,,
,,,,,
,,,,,
,,,,,
,,,,,
,,,,,
,,,,,
,,,,,
,,,,,
,,,,,
,,,,,
,,,,,
,,,,,
,,,,,
,,,,,
,,,,,
,,,,,
,,,,,
,,,,,
,,,,,
,,,,,
,,,,,
,,,,,
,,,,,
,,,,,
,,,,,
,,,,,
,,,,,
,,,,,
,,,,,
,,,,,
,,,,,
,,,,,
,,,,,
,,,,,
,,,,,
,,,,,
,,,,,
,,,,,
,,,,,
,,,,,
,,,,,
,,,,,
,,,,,
,,,,,
,,,,,
,,,,,
,,,,,
,,,,,
,,,,,
,,,,,
,,,,,
,,,,,
,,,,,
,,,,,
,,,,,
,,,,,
,,,,,
,,,,,
,,,,,
,,,,,
,,,,,
,,,,,
,,,,,
,,,,,
,,,,,
,,,,,
,,,,,
,,,,,
,,,,,
,,,,,
,,,,,
,,,,,
,,,,,
,,,,,
,,,,,
,,,,,
,,,,,
,,,,,
,,,,,
,,,,,
,,,,,
,,,,,
,,,,,
,,,,,
,,,,,
,,,,,
,,,,,
,,,,,
,,,,,
,,,,,
,,,,,
,,,,,
,,,,,
,,,,,
,,,,,
,,,,,
,,,,,
,,,,,
,,,,,
,,,,,
,,,,,
,,,,,
,,,,,
,,,,,
,,,,,
,,,,,
,,,,,
,,,,,
,,,,,
,,,,,
,,,,,
,,,,,
,,,,,
,,,,,
,,,,,
,,,,,
,,,,,
,,,,,
,,,,,
,,,,,
,,,,,
,,,,,
,,,,,
,,,,,
,,,,,
,,,,,
,,,,,
,,,,,
,,,,,
,,,,,
,,,,,
,,,,,
,,,,,
,,,,,
,,,,,
,,,,,
,,,,,
,,,,,
,,,,,
,,,,,
,,,,,
,,,,,
,,,,,
,,,,,
,,,,,
,,,,,
,,,,,
,,,,,
,,,,,
,,,,,
,,,,,
,,,,,
,,,,,
,,,,,
,,,,,
,,,,,
,,,,,
,,,,,
,,,,,
,,,,,
,,,,,
,,,,,
,,,,,
,,,,,
,,,,,
,,,,,
,,,,,
,,,,,
,,,,,
,,,,,
,,,,,
,,,,,
,,,,,
,,,,,
,,,,,
,,,,,
,,,,,
,,,,,
,,,,,
,,,,,
,,,,,
,,,,,
,,,,,
,,,,,
,,,,,
,,,,,
,,,,,
,,,,,
,,,,,
,,,,,
,,,,,
,,,,,
,,,,,
,,,,,
,,,,,
,,,,,
,,,,,
,,,,,
,,,,,
,,,,,
,,,,,
,,,,,
,,,,,
,,,,,
,,,,,
,,,,,
,,,,,
,,,,,
,,,,,
,,,,,
,,,,,
,,,,,
,,,,,
,,,,,
,,,,,
,,,,,
,,,,,
,,,,,
,,,,,
,,,,,
,,,,,
,,,,,
,,,,,
,,,,,
,,,,,
,,,,,
,,,,,
,,,,,
,,,,,
,,,,,
,,,,,
,,,,,
,,,,,
,,,,,
,,,,,
,,,,,
,,,,,
,,,,,
,,,,,
,,,,,
,,,,,
,,,,,
,,,,,
,,,,,
,,,,,
,,,,,
,,,,,
,,,,,
,,,,,
,,,,,
,,,,,
,,,,,
,,,,,
,,,,,
,,,,,
,,,,,
,,,,,
,,,,,
,,,,,
,,,,,
,,,,,
,,,,,
,,,,,
,,,,,
,,,,,
,,,,,
,,,,,
,,,,,
,,,,,
,,,,,
,,,,,
,,,,,
,,,,,
,,,,,
,,,,,
,,,,,
,,,,,
,,,,,
,,,,,
,,,,,
,,,,,
,,,,,
,,,,,
,,,,,
,,,,,
,,,,,
,,,,,
,,,,,
,,,,,
,,,,,
,,,,,
,,,,,
,,,,,
,,,,,
,,,,,
,,,,,
,,,,,
,,,,,
,,,,,
,,,,,
,,,,,
,,,,,
,,,,,
,,,,,
,,,,,
,,,,,
,,,,,
,,,,,
,,,,,
,,,,,
,,,,,
,,,,,
,,,,,
,,,,,
,,,,,
,,,,,
,,,,,
,,,,,
,,,,,
,,,,,
,,,,,
,,,,,
,,,,,
,,,,,
,,,,,
,,,,,
,,,,,
,,,,,
,,,,,
,,,,,
,,,,,
,,,,,
,,,,,
,,,,,
,,,,,
,,,,,
,,,,,
,,,,,
,,,,,
,,,,,
,,,,,
,,,,,
,,,,,
,,,,,
,,,,,
,,,,,
,,,,,
,,,,,
,,,,,
,,,,,
,,,,,
,,,,,
,,,,,
,,,,,
,,,,,
,,,,,
,,,,,
,,,,,
,,,,,
,,,,,
,,,,,
,,,,,
,,,,,
,,,,,
,,,,,
,,,,,
,,,,,
,,,,,
,,,,,
,,,,,
,,,,,
,,,,,
,,,,,
,,,,,
,,,,,
,,,,,
,,,,,
,,,,,
,,,,,
,,,,,
,,,,,
,,,,,
,,,,,
,,,,,
,,,,,
,,,,,
,,,,,
,,,,,
,,,,,
,,,,,
,,,,,
,,,,,
,,,,,
,,,,,
,,,,,
,,,,,
,,,,,
,,,,,
,,,,,
,,,,,
,,,,,
,,,,,
,,,,,
,,,,,
,,,,,
,,,,,
,,,,,
,,,,,
,,,,,
,,,,,
,,,,,
,,,,,
,,,,,
,,,,,
,,,,,
,,,,,
,,,,,
,,,,,
,,,,,
,,,,,
,,,,,
,,,,,
,,,,,
,,,,,
,,,,,
,,,,,
,,,,,
,,,,,
,,,,,
,,,,,
,,,,,
,,,,,
,,,,,
,,,,,
,,,,,
,,,,,
,,,,,
,,,,,
,,,,,
,,,,,
,,,,,
,,,,,
,,,,,
,,,,,
,,,,,
,,,,,
,,,,,
,,,,,
,,,,,
,,,,,
,,,,,
,,,,,
,,,,,
,,,,,
,,,,,
,,,,,
,,,,,
,,,,,
,,,,,
,,,,,
,,,,,
,,,,,
,,,,,
,,,,,
,,,,,
,,,,,
,,,,,
,,,,,
,,,,,
,,,,,
,,,,,
,,,,,
,,,,,
,,,,,
,,,,,
,,,,,
,,,,,
,,,,,
,,,,,
,,,,,
,,,,,
,,,,,
,,,,,
,,,,,
,,,,,
,,,,,
,,,,,
,,,,,
,,,,,
,,,,,
,,,,,
,,,,,
,,,,,
,,,,,
,,,,,
,,,,,
,,,,,
,,,,,
,,,,,
,,,,,
,,,,,
,,,,,
,,,,,
,,,,,
,,,,,
,,,,,
,,,,,
,,,,,
,,,,,
,,,,,
,,,,,
,,,,,
,,,,,
,,,,,
,,,,,
,,,,,
,,,,,
,,,,,
,,,,,
,,,,,
,,,,,
,,,,,
,,,,,
,,,,,
,,,,,
,,,,,
,,,,,
,,,,,
,,,,,
,,,,,
,,,,,
,,,,,
,,,,,
,,,,,
,,,,,
,,,,,
,,,,,
,,,,,
,,,,,
,,,,,
,,,,,
,,,,,
,,,,,
,,,,,
,,,,,
,,,,,
,,,,,
,,,,,
,,,,,
,,,,,
,,,,,
,,,,,
,,,,,
,,,,,
,,,,,
,,,,,
,,,,,
,,,,,
,,,,,
,,,,,
,,,,,
,,,,,
,,,,,
,,,,,
,,,,,
,,,,,
,,,,,
,,,,,
,,,,,
,,,,,
,,,,,
,,,,,
,,,,,
,,,,,
,,,,,
,,,,,
,,,,,
,,,,,
,,,,,
,,,,,
,,,,,
,,,,,
,,,,,
,,,,,
,,,,,
,,,,,
,,,,,
,,,,,
,,,,,
,,,,,
,,,,,
,,,,,
,,,,,
,,,,,
,,,,,
,,,,,
,,,,,
,,,,,
,,,,,
,,,,,
,,,,,
,,,,,
,,,,,
,,,,,
,,,,,
,,,,,
,,,,,
,,,,,
,,,,,
,,,,,
,,,,,
,,,,,
,,,,,
,,,,,
,,,,,
,,,,,
,,,,,
,,,,,
,,,,,
,,,,,
,,,,,
,,,,,
,,,,,
,,,,,
,,,,,
,,,,,
,,,,,
,,,,,
,,,,,
,,,,,
,,,,,
,,,,,
,,,,,
,,,,,
,,,,,
,,,,,
,,,,,
,,,,,
,,,,,
,,,,,
,,,,,
,,,,,
,,,,,
,,,,,
,,,,,
,,,,,
,,,,,
,,,,,
,,,,,
,,,,,
,,,,,
,,,,,
,,,,,
,,,,,
,,,,,
,,,,,
,,,,,
,,,,,
,,,,,
,,,,,
,,,,,
,,,,,
,,,,,
,,,,,
,,,,,
,,,,,
,,,,,
,,,,,
,,,,,
,,,,,
,,,,,
,,,,,
,,,,,
,,,,,
,,,,,
,,,,,
,,,,,
,,,,,
,,,,,
,,,,,
,,,,,
,,,,,
,,,,,
,,,,,
,,,,,
,,,,,
,,,,,
,,,,,
,,,,,
,,,,,
,,,,,
,,,,,
,,,,,
,,,,,
,,,,,
,,,,,
,,,,,
,,,,,
,,,,,
,,,,,
,,,,,
,,,,,
,,,,,
,,,,,
,,,,,
,,,,,
,,,,,
,,,,,
,,,,,
,,,,,
,,,,,
,,,,,
,,,,,
,,,,,
,,,,,
,,,,,
,,,,,
,,,,,
,,,,,
,,,,,
,,,,,
,,,,,
,,,,,
,,,,,
,,,,,
,,,,,
,,,,,
,,,,,
,,,,,
,,,,,
,,,,,
,,,,,
,,,,,
,,,,,
,,,,,
,,,,,
,,,,,
,,,,,
,,,,,
,,,,,
,,,,,
,,,,,
,,,,,
,,,,,
,,,,,
,,,,,
,,,,,
,,,,,
,,,,,
,,,,,
,,,,,
,,,,,
,,,,,
,,,,,
,,,,,
,,,,,
,,,,,
,,,,,
,,,,,
,,,,,
,,,,,
,,,,,
,,,,,
,,,,,
,,,,,
,,,,,
,,,,,
,,,,,
,,,,,
,,,,,
,,,,,
,,,,,
,,,,,
,,,,,
,,,,,
,,,,,
,,,,,
,,,,,
,,,,,
,,,,,
,,,,,
,,,,,
,,,,,
,,,,,
,,,,,
,,,,,
,,,,,
,,,,,
,,,,,
,,,,,
,,,,,
,,,,,
,,,,,
,,,,,
,,,,,
,,,,,
,,,,,
,,,,,
,,,,,
,,,,,
,,,,,
,,,,,
,,,,,
,,,,,
,,,,,
,,,,,
,,,,,
,,,,,
,,,,,
,,,,,
,,,,,
,,,,,
,,,,,
,,,,,
,,,,,
,,,,,
,,,,,
,,,,,
,,,,,
,,,,,
,,,,,
,,,,,
,,,,,
,,,,,
,,,,,
,,,,,
,,,,,
,,,,,
,,,,,
,,,,,
,,,,,
,,,,,
,,,,,
,,,,,
,,,,,
,,,,,
,,,,,
,,,,,
,,,,,
,,,,,
,,,,,
,,,,,
,,,,,
,,,,,
,,,,,
,,,,,
,,,,,
,,,,,
,,,,,
,,,,,
,,,,,
,,,,,
,,,,,
,,,,,
,,,,,
,,,,,
,,,,,
,,,,,
,,,,,
,,,,,
,,,,,
,,,,,
,,,,,
,,,,,
,,,,,
,,,,,
,,,,,
,,,,,
,,,,,
,,,,,
,,,,,
,,,,,
,,,,,
,,,,,
,,,,,
,,,,,
,,,,,
,,,,,
,,,,,
,,,,,
,,,,,
,,,,,
,,,,,
,,,,,
,,,,,
,,,,,
,,,,,
,,,,,
,,,,,
,,,,,
,,,,,
,,,,,
,,,,,
,,,,,
,,,,,
,,,,,
,,,,,
,,,,,
,,,,,
,,,,,
,,,,,
,,,,,
,,,,,
,,,,,
,,,,,
,,,,,
,,,,,
,,,,,
,,,,,
,,,,,
,,,,,
,,,,,
,,,,,
,,,,,
,,,,,
,,,,,
,,,,,
,,,,,
,,,,,
,,,,,
,,,,,
,,,,,
,,,,,
,,,,,
,,,,,
,,,,,
,,,,,
,,,,,
,,,,,
,,,,,
,,,,,
,,,,,
,,,,,
,,,,,
,,,,,
,,,,,
,,,,,
,,,,,
,,,,,
,,,,,
,,,,,
,,,,,
,,,,,
,,,,,
,,,,,
,,,,,
,,,,,
,,,,,
,,,,,
,,,,,
,,,,,
,,,,,
,,,,,
,,,,,
,,,,,
,,,,,
,,,,,
,,,,,
,,,,,
,,,,,
,,,,,
,,,,,
,,,,,
,,,,,
,,,,,
,,,,,
,,,,,
,,,,,
,,,,,
,,,,,
,,,,,
,,,,,
,,,,,
,,,,,
,,,,,
,,,,,
,,,,,
,,,,,
,,,,,
,,,,,
,,,,,
,,,,,
,,,,,
,,,,,
,,,,,
,,,,,
,,,,,
,,,,,
,,,,,
,,,,,
,,,,,
,,,,,
,,,,,
,,,,,
,,,,,
,,,,,
,,,,,
,,,,,
,,,,,
,,,,,
,,,,,
,,,,,
,,,,,
,,,,,
,,,,,
,,,,,
,,,,,
,,,,,
,,,,,
,,,,,
,,,,,
,,,,,
,,,,,
,,,,,
,,,,,
,,,,,
,,,,,
,,,,,
,,,,,
,,,,,
,,,,,
,,,,,
,,,,,
,,,,,
,,,,,
,,,,,
,,,,,
,,,,,
,,,,,
,,,,,
,,,,,
,,,,,
,,,,,
,,,,,
,,,,,
,,,,,
,,,,,
,,,,,
,,,,,
,,,,,
,,,,,
,,,,,
,,,,,
,,,,,
,,,,,
,,,,,
,,,,,
,,,,,
,,,,,
,,,,,
,,,,,
,,,,,
,,,,,
,,,,,
,,,,,
,,,,,
,,,,,
,,,,,
,,,,,
,,,,,
,,,,,
,,,,,
,,,,,
,,,,,
,,,,,
,,,,,
,,,,,
,,,,,
,,,,,
,,,,,
,,,,,
,,,,,
,,,,,
,,,,,
,,,,,
,,,,,
,,,,,
,,,,,
,,,,,
,,,,,
,,,,,
,,,,,
,,,,,
,,,,,
,,,,,
,,,,,
,,,,,
,,,,,
,,,,,
,,,,,
,,,,,
,,,,,
,,,,,
,,,,,
,,,,,
,,,,,
,,,,,
,,,,,
,,,,,
,,,,,
,,,,,
,,,,,
,,,,,
,,,,,
,,,,,
,,,,,
,,,,,
,,,,,
,,,,,
,,,,,
,,,,,
,,,,,
,,,,,
,,,,,
,,,,,
,,,,,
,,,,,
,,,,,
,,,,,
,,,,,
,,,,,
,,,,,
,,,,,
,,,,,
,,,,,
,,,,,
,,,,,
,,,,,
,,,,,
,,,,,
,,,,,
,,,,,
,,,,,
,,,,,
,,,,,
,,,,,
,,,,,
,,,,,
,,,,,
,,,,,
,,,,,
,,,,,
,,,,,
,,,,,
,,,,,
,,,,,
,,,,,
,,,,,
,,,,,
,,,,,
,,,,,
,,,,,
,,,,,
,,,,,
,,,,,
,,,,,
,,,,,
,,,,,
,,,,,
,,,,,
,,,,,
,,,,,
,,,,,
,,,,,
,,,,,
,,,,,
,,,,,
,,,,,
,,,,,
,,,,,
,,,,,
,,,,,
,,,,,
,,,,,
,,,,,
,,,,,
,,,,,
,,,,,
,,,,,
,,,,,
,,,,,
,,,,,
,,,,,
,,,,,
,,,,,
,,,,,
,,,,,
,,,,,
,,,,,
,,,,,
,,,,,
,,,,,
,,,,,
,,,,,
,,,,,
,,,,,
,,,,,
,,,,,
,,,,,
,,,,,
,,,,,
,,,,,
,,,,,
,,,,,
,,,,,
,,,,,
,,,,,
,,,,,
,,,,,
,,,,,
,,,,,
,,,,,
,,,,,
,,,,,
,,,,,
,,,,,
,,,,,
,,,,,
,,,,,
,,,,,
,,,,,
,,,,,
,,,,,
,,,,,
,,,,,
,,,,,
,,,,,
,,,,,
,,,,,
,,,,,
,,,,,
,,,,,
,,,,,
,,,,,
,,,,,
,,,,,
,,,,,
,,,,,
,,,,,
,,,,,
,,,,,
,,,,,
,,,,,
,,,,,
,,,,,
,,,,,
,,,,,
,,,,,
,,,,,
,,,,,
,,,,,
,,,,,
,,,,,
,,,,,
,,,,,
,,,,,
,,,,,
,,,,,
,,,,,
,,,,,
,,,,,
,,,,,
,,,,,
,,,,,
,,,,,
,,,,,
,,,,,
,,,,,
,,,,,
,,,,,
,,,,,
,,,,,
,,,,,
,,,,,
,,,,,
,,,,,
,,,,,
,,,,,
,,,,,
,,,,,
,,,,,
,,,,,
,,,,,
,,,,,
,,,,,
,,,,,
,,,,,
,,,,,
,,,,,
,,,,,
,,,,,
,,,,,
,,,,,
,,,,,
,,,,,
,,,,,
,,,,,
,,,,,
,,,,,
,,,,,
,,,,,
,,,,,
,,,,,
,,,,,
,,,,,
,,,,,
,,,,,
,,,,,
,,,,,
,,,,,
,,,,,
,,,,,
,,,,,
,,,,,
,,,,,
,,,,,
,,,,,
,,,,,
,,,,,
,,,,,
,,,,,
,,,,,
,,,,,
,,,,,
,,,,,
,,,,,
,,,,,
,,,,,
,,,,,
,,,,,
,,,,,
,,,,,
,,,,,
,,,,,
,,,,,
,,,,,
,,,,,
,,,,,
,,,,,
,,,,,
,,,,,
,,,,,
,,,,,
,,,,,
,,,,,
,,,,,
,,,,,
,,,,,
,,,,,
,,,,,
,,,,,
,,,,,
,,,,,
,,,,,
,,,,,
,,,,,
,,,,,
,,,,,
,,,,,
,,,,,
,,,,,
,,,,,
,,,,,
,,,,,
,,,,,
,,,,,
,,,,,
,,,,,
,,,,,
,,,,,
,,,,,
,,,,,
,,,,,
,,,,,
,,,,,
,,,,,
,,,,,
,,,,,
,,,,,
,,,,,
,,,,,
,,,,,
,,,,,
,,,,,
,,,,,
,,,,,
,,,,,
,,,,,
,,,,,
,,,,,
,,,,,
,,,,,
,,,,,
,,,,,
,,,,,
,,,,,
,,,,,
,,,,,
,,,,,
,,,,,
,,,,,
,,,,,
,,,,,
,,,,,
,,,,,
,,,,,
,,,,,
,,,,,
,,,,,
,,,,,
,,,,,
,,,,,
,,,,,
,,,,,
,,,,,
,,,,,
,,,,,
,,,,,
,,,,,
,,,,,
,,,,,
,,,,,
,,,,,
,,,,,
,,,,,
,,,,,
,,,,,
,,,,,
,,,,,
,,,,,
,,,,,
,,,,,
,,,,,
,,,,,
,,,,,
,,,,,
,,,,,
,,,,,
,,,,,
,,,,,
,,,,,
,,,,,
,,,,,
,,,,,
,,,,,
,,,,,
,,,,,
,,,,,
,,,,,
,,,,,
,,,,,
,,,,,
,,,,,
,,,,,
,,,,,
,,,,,
,,,,,
,,,,,
,,,,,
,,,,,
,,,,,
,,,,,
,,,,,
,,,,,
,,,,,
,,,,,
,,,,,
,,,,,
,,,,,
,,,,,
,,,,,
,,,,,
,,,,,
,,,,,
,,,,,
,,,,,
,,,,,
,,,,,
,,,,,
,,,,,
,,,,,
,,,,,
,,,,,
,,,,,
,,,,,
,,,,,
,,,,,
,,,,,
,,,,,
,,,,,
,,,,,
,,,,,
,,,,,
,,,,,
,,,,,
,,,,,
,,,,,
,,,,,
,,,,,
,,,,,
,,,,,
,,,,,
,,,,,
,,,,,
,,,,,
,,,,,
,,,,,
,,,,,
,,,,,
,,,,,
,,,,,
,,,,,
,,,,,
,,,,,
,,,,,
,,,,,
,,,,,
,,,,,
,,,,,
,,,,,
,,,,,
,,,,,
,,,,,
,,,,,
,,,,,
,,,,,
,,,,,
,,,,,
,,,,,
,,,,,
,,,,,
,,,,,
,,,,,
,,,,,
,,,,,
,,,,,
,,,,,
,,,,,
,,,,,
,,,,,
,,,,,
,,,,,
,,,,,
,,,,,
,,,,,
,,,,,
,,,,,
,,,,,
,,,,,
,,,,,
,,,,,
,,,,,
,,,,,
,,,,,
,,,,,
,,,,,
,,,,,
,,,,,
,,,,,
,,,,,
,,,,,
,,,,,
,,,,,
,,,,,
,,,,,
,,,,,
,,,,,
,,,,,
,,,,,
,,,,,
,,,,,
,,,,,
,,,,,
,,,,,
,,,,,
,,,,,
,,,,,
,,,,,
,,,,,
,,,,,
,,,,,
,,,,,
,,,,,
,,,,,
,,,,,
,,,,,
,,,,,
,,,,,
,,,,,
,,,,,
,,,,,
,,,,,
,,,,,
,,,,,
,,,,,
,,,,,
,,,,,
,,,,,
,,,,,
,,,,,
,,,,,
,,,,,
,,,,,
,,,,,
,,,,,
,,,,,
,,,,,
,,,,,
,,,,,
,,,,,
,,,,,
,,,,,
,,,,,
,,,,,
,,,,,
,,,,,
,,,,,
,,,,,
,,,,,
,,,,,
,,,,,
,,,,,
,,,,,
,,,,,
,,,,,
,,,,,
,,,,,
,,,,,
,,,,,
,,,,,
,,,,,
,,,,,
,,,,,
,,,,,
,,,,,
,,,,,
,,,,,
,,,,,
,,,,,
,,,,,
,,,,,
,,,,,
,,,,,
,,,,,
,,,,,
,,,,,
,,,,,
,,,,,
,,,,,
,,,,,
,,,,,
,,,,,
,,,,,
,,,,,
,,,,,
,,,,,
,,,,,
,,,,,
,,,,,
,,,,,
,,,,,
,,,,,
,,,,,
,,,,,
,,,,,
,,,,,
,,,,,
,,,,,
,,,,,
,,,,,
,,,,,
,,,,,
,,,,,
,,,,,
,,,,,
,,,,,
,,,,,
,,,,,
,,,,,
,,,,,
,,,,,
,,,,,
,,,,,
,,,,,
,,,,,
,,,,,
,,,,,
,,,,,
,,,,,
,,,,,
,,,,,
,,,,,
,,,,,
,,,,,
,,,,,
,,,,,
,,,,,
,,,,,
,,,,,
,,,,,
,,,,,
,,,,,
,,,,,
,,,,,
,,,,,
,,,,,
,,,,,
,,,,,
,,,,,
,,,,,
,,,,,
,,,,,
,,,,,
,,,,,
,,,,,
,,,,,
,,,,,
,,,,,
,,,,,
,,,,,
,,,,,
,,,,,
,,,,,
,,,,,
,,,,,
,,,,,
,,,,,
,,,,,
,,,,,
,,,,,
,,,,,
,,,,,
,,,,,
,,,,,
,,,,,
,,,,,
,,,,,
,,,,,
,,,,,
,,,,,
,,,,,
,,,,,
,,,,,
,,,,,
,,,,,
,,,,,
,,,,,
,,,,,
,,,,,
,,,,,
,,,,,
,,,,,
,,,,,
,,,,,
,,,,,
,,,,,
,,,,,
,,,,,
,,,,,
,,,,,
,,,,,
,,,,,
,,,,,
,,,,,
,,,,,
,,,,,
,,,,,
,,,,,
,,,,,
,,,,,
,,,,,
,,,,,
,,,,,
,,,,,
,,,,,
,,,,,
,,,,,
,,,,,
,,,,,
,,,,,
,,,,,
,,,,,
,,,,,
,,,,,
,,,,,
,,,,,
,,,,,
,,,,,
,,,,,
,,,,,
,,,,,
,,,,,
,,,,,
,,,,,
,,,,,
,,,,,
,,,,,
,,,,,
,,,,,
,,,,,
,,,,,
,,,,,
,,,,,
,,,,,
,,,,,
,,,,,
,,,,,
,,,,,
,,,,,
,,,,,
,,,,,
,,,,,
,,,,,
,,,,,
,,,,,
,,,,,
,,,,,
,,,,,
,,,,,
,,,,,
,,,,,
,,,,,
,,,,,
,,,,,
,,,,,
,,,,,
,,,,,
,,,,,
,,,,,
,,,,,
,,,,,
,,,,,
,,,,,
,,,,,
,,,,,
,,,,,
,,,,,
,,,,,
,,,,,
,,,,,
,,,,,
,,,,,
,,,,,
,,,,,
,,,,,
,,,,,
,,,,,
,,,,,
,,,,,
,,,,,
,,,,,
,,,,,
,,,,,
,,,,,
,,,,,
,,,,,
,,,,,
,,,,,
,,,,,
,,,,,
,,,,,
,,,,,
,,,,,
,,,,,
,,,,,
,,,,,
,,,,,
,,,,,
,,,,,
,,,,,
,,,,,
,,,,,
,,,,,
,,,,,
,,,,,
,,,,,
,,,,,
,,,,,
,,,,,
,,,,,
,,,,,
,,,,,
,,,,,
,,,,,
,,,,,
,,,,,
,,,,,
,,,,,
,,,,,
,,,,,
,,,,,
,,,,,
,,,,,
,,,,,
,,,,,
,,,,,
,,,,,
,,,,,
,,,,,
,,,,,
,,,,,
,,,,,
,,,,,
,,,,,
,,,,,
,,,,,
,,,,,
,,,,,
,,,,,
,,,,,
,,,,,
,,,,,
,,,,,
,,,,,
,,,,,
,,,,,
,,,,,
,,,,,
,,,,,
,,,,,
,,,,,
,,,,,
,,,,,
,,,,,
,,,,,
,,,,,
,,,,,
,,,,,
,,,,,
,,,,,
,,,,,
,,,,,
,,,,,
,,,,,
,,,,,
,,,,,
,,,,,
,,,,,
,,,,,
,,,,,
,,,,,
,,,,,
,,,,,
,,,,,
,,,,,
,,,,,
,,,,,
,,,,,
,,,,,
,,,,,
,,,,,
,,,,,
,,,,,
,,,,,
,,,,,
,,,,,
,,,,,
,,,,,
,,,,,
,,,,,
,,,,,
,,,,,
,,,,,
,,,,,
,,,,,
,,,,,
,,,,,
,,,,,
,,,,,
,,,,,
,,,,,
,,,,,
,,,,,
,,,,,
,,,,,
,,,,,
,,,,,
,,,,,
,,,,,
,,,,,
,,,,,
,,,,,
,,,,,
,,,,,
,,,,,
,,,,,
,,,,,
,,,,,
,,,,,
,,,,,
,,,,,
,,,,,
,,,,,
,,,,,
,,,,,
,,,,,
,,,,,
,,,,,
,,,,,
,,,,,
,,,,,
,,,,,
,,,,,
,,,,,
,,,,,
,,,,,
,,,,,
,,,,,
,,,,,
,,,,,
,,,,,
,,,,,
,,,,,
,,,,,
,,,,,
,,,,,
,,,,,
,,,,,
,,,,,
,,,,,
,,,,,
,,,,,
,,,,,
,,,,,
,,,,,
,,,,,
,,,,,
,,,,,
,,,,,
,,,,,
,,,,,
,,,,,
,,,,,
,,,,,
,,,,,
,,,,,
,,,,,
,,,,,
,,,,,
,,,,,
,,,,,
,,,,,
,,,,,
,,,,,
,,,,,
,,,,,
,,,,,
,,,,,
,,,,,
,,,,,
,,,,,
,,,,,
,,,,,
,,,,,
,,,,,
,,,,,
,,,,,
,,,,,
,,,,,
,,,,,
,,,,,
,,,,,
,,,,,
,,,,,
,,,,,
,,,,,
,,,,,
,,,,,
,,,,,
,,,,,
,,,,,
,,,,,
,,,,,
,,,,,
,,,,,
,,,,,
,,,,,
,,,,,
,,,,,
,,,,,
,,,,,
,,,,,
,,,,,
,,,,,
,,,,,
,,,,,
,,,,,
,,,,,
,,,,,
,,,,,
,,,,,
,,,,,
,,,,,
,,,,,
,,,,,
,,,,,
,,,,,
,,,,,
,,,,,
,,,,,
,,,,,
,,,,,
,,,,,
,,,,,
,,,,,
,,,,,
,,,,,
,,,,,
,,,,,
,,,,,
,,,,,
,,,,,
,,,,,
,,,,,
,,,,,
,,,,,
,,,,,
,,,,,
,,,,,
,,,,,
,,,,,
,,,,,
,,,,,
,,,,,
,,,,,
,,,,,
,,,,,
,,,,,
,,,,,
,,,,,
,,,,,
,,,,,
,,,,,
,,,,,
,,,,,
,,,,,
,,,,,
,,,,,
,,,,,
,,,,,
,,,,,
,,,,,
,,,,,
,,,,,
,,,,,
,,,,,
,,,,,
,,,,,
,,,,,
,,,,,
,,,,,
,,,,,
,,,,,
,,,,,
,,,,,
,,,,,
,,,,,
,,,,,
,,,,,
,,,,,
,,,,,
,,,,,
,,,,,
,,,,,
,,,,,
,,,,,
,,,,,
,,,,,
,,,,,
,,,,,
,,,,,
,,,,,
,,,,,
,,,,,
,,,,,
,,,,,
,,,,,
,,,,,
,,,,,
,,,,,
,,,,,
,,,,,
,,,,,
,,,,,
,,,,,
,,,,,
,,,,,
,,,,,
,,,,,
,,,,,
,,,,,
,,,,,
,,,,,
,,,,,
,,,,,
,,,,,
,,,,,
,,,,,
,,,,,
,,,,,
,,,,,
,,,,,
,,,,,
,,,,,
,,,,,
,,,,,
,,,,,
,,,,,
,,,,,
,,,,,
,,,,,
,,,,,
,,,,,
,,,,,
,,,,,
,,,,,
,,,,,
,,,,,
,,,,,
,,,,,
,,,,,
,,,,,
,,,,,
,,,,,
,,,,,
,,,,,
,,,,,
,,,,,
,,,,,
,,,,,
,,,,,
,,,,,
,,,,,
,,,,,
,,,,,
,,,,,
,,,,,
,,,,,
,,,,,
,,,,,
,,,,,
,,,,,
,,,,,
,,,,,
,,,,,
,,,,,
,,,,,
,,,,,
,,,,,
,,,,,
,,,,,
,,,,,
,,,,,
,,,,,
,,,,,
,,,,,
,,,,,
,,,,,
,,,,,
,,,,,
,,,,,
,,,,,
,,,,,
,,,,,
,,,,,
,,,,,
,,,,,
,,,,,
,,,,,
,,,,,
,,,,,
,,,,,
,,,,,
,,,,,
,,,,,
,,,,,
,,,,,
,,,,,
,,,,,
,,,,,
,,,,,
,,,,,
,,,,,
,,,,,
,,,,,
,,,,,
,,,,,
,,,,,
,,,,,
,,,,,
,,,,,
,,,,,
,,,,,
,,,,,
,,,,,
,,,,,
,,,,,
,,,,,
,,,,,
,,,,,
,,,,,
,,,,,
,,,,,
,,,,,
,,,,,
,,,,,
,,,,,
,,,,,
,,,,,
,,,,,
,,,,,
,,,,,
,,,,,
,,,,,
,,,,,
,,,,,
,,,,,
,,,,,
,,,,,
,,,,,
,,,,,
,,,,,
,,,,,
,,,,,
,,,,,
,,,,,
,,,,,
,,,,,
,,,,,
,,,,,
,,,,,
,,,,,
,,,,,
,,,,,
,,,,,
,,,,,
,,,,,
,,,,,
,,,,,
,,,,,
,,,,,
,,,,,
,,,,,
,,,,,
,,,,,
,,,,,
,,,,,
,,,,,
,,,,,
,,,,,
,,,,,
,,,,,
,,,,,
,,,,,
,,,,,
,,,,,
,,,,,
,,,,,
,,,,,
,,,,,
,,,,,
,,,,,
,,,,,
,,,,,
,,,,,
,,,,,
,,,,,
,,,,,
,,,,,
,,,,,
,,,,,
,,,,,
,,,,,
,,,,,
,,,,,
,,,,,
,,,,,
,,,,,
,,,,,
,,,,,
,,,,,
,,,,,
,,,,,
,,,,,
,,,,,
,,,,,
,,,,,
,,,,,
,,,,,
,,,,,
,,,,,
,,,,,
,,,,,
,,,,,
,,,,,
,,,,,
,,,,,
,,,,,
,,,,,
,,,,,
,,,,,
,,,,,
,,,,,
,,,,,
,,,,,
,,,,,
,,,,,
,,,,,
,,,,,
,,,,,
,,,,,
,,,,,
,,,,,
,,,,,
,,,,,
,,,,,
,,,,,
,,,,,
,,,,,
,,,,,
,,,,,
,,,,,
,,,,,
,,,,,
,,,,,
,,,,,
,,,,,
,,,,,
,,,,,
,,,,,
,,,,,
,,,,,
,,,,,
,,,,,
,,,,,
,,,,,
,,,,,
,,,,,
,,,,,
,,,,,
,,,,,
,,,,,
,,,,,
,,,,,
,,,,,
,,,,,
,,,,,
,,,,,
,,,,,
,,,,,
,,,,,
,,,,,
,,,,,
,,,,,
,,,,,
,,,,,
,,,,,
,,,,,
,,,,,
,,,,,
,,,,,
,,,,,
,,,,,
,,,,,
,,,,,
,,,,,
,,,,,
,,,,,
,,,,,
,,,,,
,,,,,
,,,,,
,,,,,
,,,,,
,,,,,
,,,,,
,,,,,
,,,,,
,,,,,
,,,,,
,,,,,
,,,,,
,,,,,
,,,,,
,,,,,
,,,,,
,,,,,
,,,,,
,,,,,
,,,,,
,,,,,
,,,,,
,,,,,
,,,,,
,,,,,
,,,,,
,,,,,
,,,,,
,,,,,
,,,,,
,,,,,
,,,,,
,,,,,
,,,,,
,,,,,
,,,,,
,,,,,
,,,,,
,,,,,
,,,,,
,,,,,
,,,,,
,,,,,
,,,,,
,,,,,
,,,,,
,,,,,
,,,,,
,,,,,
,,,,,
,,,,,
,,,,,
,,,,,
,,,,,
,,,,,
,,,,,
,,,,,
,,,,,
,,,,,
,,,,,
,,,,,
,,,,,
,,,,,
,,,,,
,,,,,
,,,,,
,,,,,
,,,,,
,,,,,
,,,,,
,,,,,
,,,,,
,,,,,
,,,,,
,,,,,
,,,,,
,,,,,
,,,,,
,,,,,
,,,,,
,,,,,
,,,,,
,,,,,
,,,,,
,,,,,
,,,,,
,,,,,
,,,,,
,,,,,
,,,,,
,,,,,
,,,,,
,,,,,
,,,,,
,,,,,
,,,,,
,,,,,
,,,,,
,,,,,
,,,,,
,,,,,
,,,,,
,,,,,
,,,,,
,,,,,
,,,,,
,,,,,
,,,,,
,,,,,
,,,,,
,,,,,
,,,,,
,,,,,
,,,,,
,,,,,
,,,,,
,,,,,
,,,,,
,,,,,
,,,,,
,,,,,
,,,,,
,,,,,
,,,,,
,,,,,
,,,,,
,,,,,
,,,,,
,,,,,
,,,,,
,,,,,
,,,,,
,,,,,
,,,,,
,,,,,
,,,,,
,,,,,
,,,,,
,,,,,
,,,,,
,,,,,
,,,,,
,,,,,
,,,,,
,,,,,
,,,,,
,,,,,
,,,,,
,,,,,
,,,,,
,,,,,
,,,,,
,,,,,
,,,,,
,,,,,
,,,,,
,,,,,
,,,,,
,,,,,
,,,,,
,,,,,
,,,,,
,,,,,
,,,,,
,,,,,
,,,,,
,,,,,
,,,,,
,,,,,
,,,,,
,,,,,
,,,,,
,,,,,
,,,,,
,,,,,
,,,,,
,,,,,
,,,,,
,,,,,
,,,,,
,,,,,
,,,,,
,,,,,
,,,,,
,,,,,
,,,,,
,,,,,
,,,,,
,,,,,
,,,,,
,,,,,
,,,,,
,,,,,
,,,,,
,,,,,
,,,,,
,,,,,
,,,,,
,,,,,
,,,,,
,,,,,
,,,,,
,,,,,
,,,,,
,,,,,
,,,,,
,,,,,
,,,,,
,,,,,
,,,,,
,,,,,
,,,,,
,,,,,
,,,,,
,,,,,
,,,,,
,,,,,
,,,,,
,,,,,
,,,,,
,,,,,
,,,,,
,,,,,
,,,,,
,,,,,
,,,,,
,,,,,
,,,,,
,,,,,
,,,,,
,,,,,
,,,,,
,,,,,
,,,,,
,,,,,
,,,,,
,,,,,
,,,,,
,,,,,
,,,,,
,,,,,
,,,,,
,,,,,
,,,,,
,,,,,
,,,,,
,,,,,
,,,,,
,,,,,
,,,,,
,,,,,
,,,,,
,,,,,
,,,,,
,,,,,
,,,,,
,,,,,
,,,,,
,,,,,
,,,,,
,,,,,
,,,,,
,,,,,
,,,,,
,,,,,
,,,,,
,,,,,
,,,,,
,,,,,
,,,,,
,,,,,
,,,,,
,,,,,
,,,,,
,,,,,
,,,,,
,,,,,
,,,,,
,,,,,
,,,,,
,,,,,
,,,,,
,,,,,
,,,,,
,,,,,
,,,,,
,,,,,
,,,,,
,,,,,
,,,,,
,,,,,
,,,,,
,,,,,
,,,,,
,,,,,
,,,,,
,,,,,
,,,,,
,,,,,
,,,,,
,,,,,
,,,,,
,,,,,
,,,,,
,,,,,
,,,,,
,,,,,
,,,,,
,,,,,
,,,,,
,,,,,
,,,,,
,,,,,
,,,,,
,,,,,
,,,,,
,,,,,
,,,,,
,,,,,
,,,,,
,,,,,
,,,,,
,,,,,
,,,,,
,,,,,
,,,,,
,,,,,
,,,,,
,,,,,
,,,,,
,,,,,
,,,,,
,,,,,
,,,,,
,,,,,
,,,,,
,,,,,
,,,,,
,,,,,
,,,,,
,,,,,
,,,,,
,,,,,
,,,,,
,,,,,
,,,,,
,,,,,
,,,,,
,,,,,
,,,,,
,,,,,
,,,,,
,,,,,
,,,,,
,,,,,
,,,,,
,,,,,
,,,,,
,,,,,
,,,,,
,,,,,
,,,,,
,,,,,
,,,,,
,,,,,
,,,,,
,,,,,
,,,,,
,,,,,
,,,,,
,,,,,
,,,,,
,,,,,
,,,,,
,,,,,
,,,,,
,,,,,
,,,,,
,,,,,
,,,,,
,,,,,
,,,,,
,,,,,
,,,,,
,,,,,
,,,,,
,,,,,
,,,,,
,,,,,
,,,,,
,,,,,
,,,,,
,,,,,
,,,,,
,,,,,
,,,,,
,,,,,
,,,,,
,,,,,
,,,,,
,,,,,
,,,,,
,,,,,
,,,,,
,,,,,
,,,,,
,,,,,
,,,,,
,,,,,
,,,,,
,,,,,
,,,,,
,,,,,
,,,,,
,,,,,
,,,,,
,,,,,
,,,,,
,,,,,
,,,,,
,,,,,
,,,,,
,,,,,
,,,,,
,,,,,
,,,,,
,,,,,
,,,,,
,,,,,
,,,,,
,,,,,
,,,,,
,,,,,
,,,,,
,,,,,
,,,,,
,,,,,
,,,,,
,,,,,
,,,,,
,,,,,
,,,,,
,,,,,
,,,,,
,,,,,
,,,,,
,,,,,
,,,,,
,,,,,
,,,,,
,,,,,
,,,,,
,,,,,
,,,,,
,,,,,
,,,,,
,,,,,
,,,,,
,,,,,
,,,,,
,,,,,
,,,,,
,,,,,
,,,,,
,,,,,
,,,,,
,,,,,
,,,,,
,,,,,
,,,,,
,,,,,
,,,,,
,,,,,
,,,,,
,,,,,
,,,,,
,,,,,
,,,,,
,,,,,
,,,,,
,,,,,
,,,,,
,,,,,
,,,,,
,,,,,
,,,,,
,,,,,
,,,,,
,,,,,
,,,,,
,,,,,
,,,,,
,,,,,
,,,,,
,,,,,
,,,,,
,,,,,
,,,,,
,,,,,
,,,,,
,,,,,
,,,,,
,,,,,
,,,,,
,,,,,
,,,,,
,,,,,
,,,,,
,,,,,
,,,,,
,,,,,
,,,,,
,,,,,
,,,,,
,,,,,
,,,,,
,,,,,
,,,,,
,,,,,
,,,,,
,,,,,
,,,,,
,,,,,
,,,,,
,,,,,
,,,,,
,,,,,
,,,,,
,,,,,
,,,,,
,,,,,
,,,,,
,,,,,
,,,,,
,,,,,
,,,,,
,,,,,
,,,,,
,,,,,
,,,,,
,,,,,
,,,,,
,,,,,
,,,,,
,,,,,
,,,,,
,,,,,
,,,,,
,,,,,
,,,,,
,,,,,
,,,,,
,,,,,
,,,,,
,,,,,
,,,,,
,,,,,
,,,,,
,,,,,
,,,,,
,,,,,
,,,,,
,,,,,
,,,,,
,,,,,
,,,,,
,,,,,
,,,,,
,,,,,
,,,,,
,,,,,
,,,,,
,,,,,
,,,,,
,,,,,
,,,,,
,,,,,
,,,,,
,,,,,
,,,,,
,,,,,
,,,,,
,,,,,
,,,,,
,,,,,
,,,,,
,,,,,
,,,,,
,,,,,
,,,,,
,,,,,
,,,,,
,,,,,
,,,,,
,,,,,
,,,,,
,,,,,
,,,,,
,,,,,
,,,,,
,,,,,
,,,,,
,,,,,
,,,,,
,,,,,
,,,,,
,,,,,
,,,,,
,,,,,
,,,,,
,,,,,
,,,,,
,,,,,
,,,,,
,,,,,
,,,,,
,,,,,
,,,,,
,,,,,
,,,,,
,,,,,
,,,,,
,,,,,
,,,,,
,,,,,
,,,,,
,,,,,
,,,,,
,,,,,
,,,,,
,,,,,
,,,,,
,,,,,
,,,,,
,,,,,
,,,,,
,,,,,
,,,,,
,,,,,
,,,,,
,,,,,
,,,,,
,,,,,
,,,,,
,,,,,
,,,,,
,,,,,
,,,,,
,,,,,
,,,,,
,,,,,
,,,,,
,,,,,
,,,,,
,,,,,
,,,,,
,,,,,
,,,,,
,,,,,
,,,,,
,,,,,
,,,,,
,,,,,
,,,,,
,,,,,
,,,,,
,,,,,
,,,,,
,,,,,
,,,,,
,,,,,
,,,,,
,,,,,
,,,,,
,,,,,
,,,,,
,,,,,
,,,,,
,,,,,
,,,,,
,,,,,
,,,,,
,,,,,
,,,,,
,,,,,
,,,,,
,,,,,
,,,,,
,,,,,
,,,,,
,,,,,
,,,,,
,,,,,
,,,,,
,,,,,
,,,,,
,,,,,
,,,,,
,,,,,
,,,,,
,,,,,
,,,,,
,,,,,
,,,,,
,,,,,
,,,,,
,,,,,
,,,,,
,,,,,
,,,,,
,,,,,
,,,,,
,,,,,
,,,,,
,,,,,
,,,,,
,,,,,
,,,,,
,,,,,
,,,,,
,,,,,
,,,,,
,,,,,
,,,,,
,,,,,
,,,,,
,,,,,
,,,,,
,,,,,
,,,,,
,,,,,
,,,,,
,,,,,
,,,,,
,,,,,
,,,,,
,,,,,
,,,,,
,,,,,
,,,,,
,,,,,
,,,,,
,,,,,
,,,,,
,,,,,
,,,,,
,,,,,
,,,,,
,,,,,
,,,,,
,,,,,
,,,,,
,,,,,
,,,,,
,,,,,
,,,,,
,,,,,
,,,,,
,,,,,
,,,,,
,,,,,
,,,,,
,,,,,
,,,,,
,,,,,
,,,,,
,,,,,
,,,,,
,,,,,
,,,,,
,,,,,
,,,,,
,,,,,
,,,,,
,,,,,
,,,,,
,,,,,
,,,,,
,,,,,
,,,,,
,,,,,
,,,,,
,,,,,
,,,,,
,,,,,
,,,,,
,,,,,
,,,,,
,,,,,
,,,,,
,,,,,
,,,,,
,,,,,
,,,,,
,,,,,
,,,,,
,,,,,
,,,,,
,,,,,
,,,,,
,,,,,
,,,,,
,,,,,
,,,,,
,,,,,
,,,,,
,,,,,
,,,,,
,,,,,
,,,,,
,,,,,
,,,,,
,,,,,
,,,,,
,,,,,
,,,,,
,,,,,
,,,,,
,,,,,
,,,,,
,,,,,
,,,,,
,,,,,
,,,,,
,,,,,
,,,,,
,,,,,
,,,,,
,,,,,
,,,,,
,,,,,
,,,,,
,,,,,
,,,,,
,,,,,
,,,,,
,,,,,
,,,,,
,,,,,
,,,,,
,,,,,
,,,,,
,,,,,
,,,,,
,,,,,
,,,,,
,,,,,
,,,,,
,,,,,
,,,,,
,,,,,
,,,,,
,,,,,
,,,,,
,,,,,
,,,,,
,,,,,
,,,,,
,,,,,
,,,,,
,,,,,
,,,,,
,,,,,
,,,,,
,,,,,
,,,,,
,,,,,
,,,,,
,,,,,
,,,,,
,,,,,
,,,,,
,,,,,
,,,,,
,,,,,
,,,,,
,,,,,
,,,,,
,,,,,
,,,,,
,,,,,
,,,,,
,,,,,
,,,,,
,,,,,
,,,,,
,,,,,
,,,,,
,,,,,
,,,,,
,,,,,
,,,,,
,,,,,
,,,,,
,,,,,
,,,,,
,,,,,
,,,,,
,,,,,
,,,,,
,,,,,
,,,,,
,,,,,
,,,,,
,,,,,
,,,,,
,,,,,
,,,,,
,,,,,
,,,,,
,,,,,
,,,,,
,,,,,
,,,,,
,,,,,
,,,,,
,,,,,
,,,,,
,,,,,
,,,,,
,,,,,
,,,,,
,,,,,
,,,,,
,,,,,
,,,,,
,,,,,
,,,,,
,,,,,
,,,,,
,,,,,
,,,,,
,,,,,
,,,,,
,,,,,
,,,,,
,,,,,
,,,,,
,,,,,
,,,,,
,,,,,
,,,,,
,,,,,
,,,,,
,,,,,
,,,,,
,,,,,
,,,,,
,,,,,
,,,,,
,,,,,
,,,,,
,,,,,
,,,,,
,,,,,
,,,,,
,,,,,
,,,,,
,,,,,
,,,,,
,,,,,
,,,,,
,,,,,
,,,,,
,,,,,
,,,,,
,,,,,
,,,,,
,,,,,
,,,,,
,,,,,
,,,,,
,,,,,
,,,,,
,,,,,
,,,,,
,,,,,
,,,,,
,,,,,
,,,,,
,,,,,
,,,,,
,,,,,
,,,,,
,,,,,
,,,,,
,,,,,
,,,,,
,,,,,
,,,,,
,,,,,
,,,,,
,,,,,
,,,,,
,,,,,
,,,,,
,,,,,
,,,,,
,,,,,
,,,,,
,,,,,
,,,,,
,,,,,
,,,,,
,,,,,
,,,,,
,,,,,
,,,,,
,,,,,
,,,,,
,,,,,
,,,,,
,,,,,
,,,,,
,,,,,
,,,,,
,,,,,
,,,,,
,,,,,
,,,,,
,,,,,
,,,,,
,,,,,
,,,,,
,,,,,
,,,,,
,,,,,
,,,,,
,,,,,
,,,,,
,,,,,
,,,,,
,,,,,
,,,,,
,,,,,
,,,,,
,,,,,
,,,,,
,,,,,
,,,,,
,,,,,
,,,,,
,,,,,
,,,,,
,,,,,
,,,,,
,,,,,
,,,,,
,,,,,
,,,,,
,,,,,
,,,,,
,,,,,
,,,,,
,,,,,
,,,,,
,,,,,
,,,,,
,,,,,
,,,,,
,,,,,
,,,,,
,,,,,
,,,,,
,,,,,
,,,,,
,,,,,
,,,,,
,,,,,
,,,,,
,,,,,
,,,,,
,,,,,
,,,,,
,,,,,
,,,,,
,,,,,
,,,,,
,,,,,
,,,,,
,,,,,
,,,,,
,,,,,
,,,,,
,,,,,
,,,,,
,,,,,
,,,,,
,,,,,
,,,,,
,,,,,
,,,,,
,,,,,
,,,,,
,,,,,
,,,,,
,,,,,
,,,,,
,,,,,
,,,,,
,,,,,
,,,,,
,,,,,
,,,,,
,,,,,
,,,,,
,,,,,
,,,,,
,,,,,
,,,,,
,,,,,
,,,,,
,,,,,
,,,,,
,,,,,
,,,,,
,,,,,
,,,,,
,,,,,
,,,,,
,,,,,
,,,,,
,,,,,
,,,,,
,,,,,
,,,,,
,,,,,
,,,,,
,,,,,
,,,,,
,,,,,
,,,,,
,,,,,
,,,,,
,,,,,
,,,,,
,,,,,
,,,,,
,,,,,
,,,,,
,,,,,
,,,,,
,,,,,
,,,,,
,,,,,
,,,,,
,,,,,
,,,,,
,,,,,
,,,,,
,,,,,
,,,,,
,,,,,
,,,,,
,,,,,
,,,,,
,,,,,
,,,,,
,,,,,
,,,,,
,,,,,
,,,,,
,,,,,
,,,,,
,,,,,
,,,,,
,,,,,
,,,,,
,,,,,
,,,,,
,,,,,
,,,,,
,,,,,
,,,,,
,,,,,
,,,,,
,,,,,
,,,,,
,,,,,
,,,,,
,,,,,
,,,,,
,,,,,
,,,,,
,,,,,
,,,,,
,,,,,
,,,,,
,,,,,
,,,,,
,,,,,
,,,,,
,,,,,
,,,,,
,,,,,
,,,,,
,,,,,
,,,,,
,,,,,
,,,,,
,,,,,
,,,,,
,,,,,
,,,,,
,,,,,
,,,,,
,,,,,
,,,,,
,,,,,
,,,,,
,,,,,
,,,,,
,,,,,
,,,,,
,,,,,
,,,,,
,,,,,
,,,,,
,,,,,
,,,,,
,,,,,
,,,,,
,,,,,
,,,,,
,,,,,
,,,,,
,,,,,
,,,,,
,,,,,
,,,,,
,,,,,
,,,,,
,,,,,
,,,,,
,,,,,
,,,,,
,,,,,
,,,,,
,,,,,
,,,,,
,,,,,
,,,,,
,,,,,
,,,,,
,,,,,
,,,,,
,,,,,
,,,,,
,,,,,
,,,,,
,,,,,
,,,,,
,,,,,
,,,,,
,,,,,
,,,,,
,,,,,
,,,,,
,,,,,
,,,,,
,,,,,
,,,,,
,,,,,
,,,,,
,,,,,
,,,,,
,,,,,
,,,,,
,,,,,
,,,,,
,,,,,
,,,,,
,,,,,
,,,,,
,,,,,
,,,,,
,,,,,
,,,,,
,,,,,
,,,,,
,,,,,
,,,,,
,,,,,
,,,,,
,,,,,
,,,,,
,,,,,
,,,,,
,,,,,
,,,,,
,,,,,
,,,,,
,,,,,
,,,,,
,,,,,
,,,,,
,,,,,
,,,,,
,,,,,
,,,,,
,,,,,
,,,,,
,,,,,
,,,,,
,,,,,
,,,,,
,,,,,
,,,,,
,,,,,
,,,,,
,,,,,
,,,,,
,,,,,
,,,,,
,,,,,
,,,,,
,,,,,
,,,,,
,,,,,
,,,,,
,,,,,
,,,,,
,,,,,
,,,,,
,,,,,
,,,,,
,,,,,
,,,,,
,,,,,
,,,,,
,,,,,
,,,,,
,,,,,
,,,,,
,,,,,
,,,,,
,,,,,
,,,,,
,,,,,
,,,,,
,,,,,
,,,,,
,,,,,
,,,,,
,,,,,
,,,,,
,,,,,
,,,,,
,,,,,
,,,,,
,,,,,
,,,,,
,,,,,
,,,,,
,,,,,
,,,,,
,,,,,
,,,,,
,,,,,
,,,,,
,,,,,
,,,,,
,,,,,
,,,,,
,,,,,
,,,,,
,,,,,
,,,,,
,,,,,
,,,,,
,,,,,
,,,,,
,,,,,
,,,,,
,,,,,
,,,,,
,,,,,
,,,,,
,,,,,
,,,,,
,,,,,
,,,,,
,,,,,
,,,,,
,,,,,
,,,,,
,,,,,
,,,,,
,,,,,
,,,,,
,,,,,
,,,,,
,,,,,
,,,,,
,,,,,
,,,,,
,,,,,
,,,,,
,,,,,
,,,,,
,,,,,
,,,,,
,,,,,
,,,,,
,,,,,
,,,,,
,,,,,
,,,,,
,,,,,
,,,,,
,,,,,
,,,,,
,,,,,
,,,,,
,,,,,
,,,,,
,,,,,
,,,,,
,,,,,
,,,,,
,,,,,
,,,,,
,,,,,
,,,,,
,,,,,
,,,,,
,,,,,
,,,,,
,,,,,
,,,,,
,,,,,
,,,,,
,,,,,
,,,,,
,,,,,
,,,,,
,,,,,
,,,,,
,,,,,
,,,,,
,,,,,
,,,,,
,,,,,
,,,,,
,,,,,
,,,,,
,,,,,
,,,,,
,,,,,
,,,,,
,,,,,
,,,,,
,,,,,
,,,,,
,,,,,
,,,,,
,,,,,
,,,,,
,,,,,
,,,,,
,,,,,
,,,,,
,,,,,
,,,,,
,,,,,
,,,,,
,,,,,
,,,,,
,,,,,
,,,,,
,,,,,
,,,,,
,,,,,
,,,,,
,,,,,
,,,,,
,,,,,
,,,,,
,,,,,
,,,,,
,,,,,
,,,,,
,,,,,
,,,,,
,,,,,
,,,,,
,,,,,
,,,,,
,,,,,
,,,,,
,,,,,
,,,,,
,,,,,
,,,,,
,,,,,
,,,,,
,,,,,
,,,,,
,,,,,
,,,,,
,,,,,
,,,,,
,,,,,
,,,,,
,,,,,
,,,,,
,,,,,
,,,,,
,,,,,
,,,,,
,,,,,
,,,,,
,,,,,
,,,,,
,,,,,
,,,,,
,,,,,
,,,,,
,,,,,
,,,,,
,,,,,
,,,,,
,,,,,
,,,,,
,,,,,
,,,,,
,,,,,
,,,,,
,,,,,
,,,,,
,,,,,
,,,,,
,,,,,
,,,,,
,,,,,
,,,,,
,,,,,
,,,,,
,,,,,
,,,,,
,,,,,
,,,,,
,,,,,
,,,,,
,,,,,
,,,,,
,,,,,
,,,,,
,,,,,
,,,,,
,,,,,
,,,,,
,,,,,
,,,,,
,,,,,
,,,,,
,,,,,
,,,,,
,,,,,
,,,,,
,,,,,
,,,,,
,,,,,
,,,,,
,,,,,
,,,,,
,,,,,
,,,,,
,,,,,
,,,,,
,,,,,
,,,,,
,,,,,
,,,,,
,,,,,
,,,,,
,,,,,
,,,,,
,,,,,
,,,,,
,,,,,
,,,,,
,,,,,
,,,,,
,,,,,
,,,,,
,,,,,
,,,,,
,,,,,
,,,,,
,,,,,
,,,,,
,,,,,
,,,,,
,,,,,
,,,,,
,,,,,
,,,,,
,,,,,
,,,,,
,,,,,
,,,,,
,,,,,
,,,,,
,,,,,
,,,,,
,,,,,
,,,,,
,,,,,
,,,,,
,,,,,
,,,,,
,,,,,
,,,,,
,,,,,
,,,,,
,,,,,
,,,,,
,,,,,
,,,,,
,,,,,
,,,,,
,,,,,
,,,,,
,,,,,
,,,,,
,,,,,
,,,,,
,,,,,
,,,,,
,,,,,
,,,,,
,,,,,
,,,,,
,,,,,
,,,,,
,,,,,
,,,,,
,,,,,
,,,,,
,,,,,
,,,,,
,,,,,
,,,,,
,,,,,
,,,,,
,,,,,
,,,,,
,,,,,
,,,,,
,,,,,
,,,,,
,,,,,
,,,,,
,,,,,
,,,,,
,,,,,
,,,,,
,,,,,
,,,,,
,,,,,
,,,,,
,,,,,
,,,,,
,,,,,
,,,,,
,,,,,
,,,,,
,,,,,
,,,,,
,,,,,
,,,,,
,,,,,
,,,,,
,,,,,
,,,,,
,,,,,
,,,,,
,,,,,
,,,,,
,,,,,
,,,,,
,,,,,
,,,,,
,,,,,
,,,,,
,,,,,
,,,,,
,,,,,
,,,,,
,,,,,
,,,,,
,,,,,
,,,,,
,,,,,
,,,,,
,,,,,
,,,,,
,,,,,
,,,,,
,,,,,
,,,,,
,,,,,
,,,,,
,,,,,
,,,,,
,,,,,
,,,,,
,,,,,
,,,,,
,,,,,
,,,,,
,,,,,
,,,,,
,,,,,
,,,,,
,,,,,
,,,,,
,,,,,
,,,,,
,,,,,
,,,,,
,,,,,
,,,,,
,,,,,
,,,,,
,,,,,
,,,,,
,,,,,
,,,,,
,,,,,
,,,,,
,,,,,
,,,,,
,,,,,
,,,,,
,,,,,
,,,,,
,,,,,
,,,,,
,,,,,
,,,,,
,,,,,
,,,,,
,,,,,
,,,,,
,,,,,
,,,,,
,,,,,
,,,,,
,,,,,
,,,,,
,,,,,
,,,,,
,,,,,
,,,,,
,,,,,
,,,,,
,,,,,
,,,,,
,,,,,
,,,,,
,,,,,
,,,,,
,,,,,
,,,,,
,,,,,
,,,,,
,,,,,
,,,,,
,,,,,
,,,,,
,,,,,
,,,,,
,,,,,
,,,,,
,,,,,
,,,,,
,,,,,
,,,,,
,,,,,
,,,,,
,,,,,
,,,,,
,,,,,
,,,,,
,,,,,
,,,,,
,,,,,
,,,,,
,,,,,
,,,,,
,,,,,
,,,,,
,,,,,
,,,,,
,,,,,
,,,,,
,,,,,
,,,,,
,,,,,
,,,,,
,,,,,
,,,,,
,,,,,
,,,,,
,,,,,
,,,,,
,,,,,
,,,,,
,,,,,
,,,,,
,,,,,
,,,,,
,,,,,
,,,,,
,,,,,
,,,,,
,,,,,
,,,,,
,,,,,
,,,,,
,,,,,
,,,,,
,,,,,
,,,,,
,,,,,
,,,,,
,,,,,
,,,,,
,,,,,
,,,,,
,,,,,
,,,,,
,,,,,
,,,,,
,,,,,
,,,,,
,,,,,
,,,,,
,,,,,
,,,,,
,,,,,
,,,,,
,,,,,
,,,,,
,,,,,
,,,,,
,,,,,
,,,,,
,,,,,
,,,,,
,,,,,
,,,,,
,,,,,
,,,,,
,,,,,
,,,,,
,,,,,
,,,,,
,,,,,
,,,,,
,,,,,
,,,,,
,,,,,
,,,,,
,,,,,
,,,,,
,,,,,
,,,,,
,,,,,
,,,,,
,,,,,
,,,,,
,,,,,
,,,,,
,,,,,
,,,,,
,,,,,
,,,,,
,,,,,
,,,,,
,,,,,
,,,,,
,,,,,
,,,,,
,,,,,
,,,,,
,,,,,
,,,,,
,,,,,
,,,,,
,,,,,
,,,,,
,,,,,
,,,,,
,,,,,
,,,,,
,,,,,
,,,,,
,,,,,
,,,,,
,,,,,
,,,,,
,,,,,
,,,,,
,,,,,
,,,,,
,,,,,
,,,,,
,,,,,
,,,,,
,,,,,
,,,,,
,,,,,
,,,,,
,,,,,
,,,,,
,,,,,
,,,,,
,,,,,
,,,,,
,,,,,
,,,,,
,,,,,
,,,,,
,,,,,
,,,,,
,,,,,
,,,,,
,,,,,
,,,,,
,,,,,
,,,,,
,,,,,
,,,,,
,,,,,
,,,,,
,,,,,
,,,,,
,,,,,
,,,,,
,,,,,
,,,,,
,,,,,
,,,,,
,,,,,
,,,,,
,,,,,
,,,,,
,,,,,
,,,,,
,,,,,
,,,,,
,,,,,
,,,,,
,,,,,
,,,,,
,,,,,
,,,,,
,,,,,
,,,,,
,,,,,
,,,,,
,,,,,
,,,,,
,,,,,
,,,,,
,,,,,
,,,,,
,,,,,
,,,,,
,,,,,
,,,,,
,,,,,
,,,,,
,,,,,
,,,,,
,,,,,
,,,,,
,,,,,
,,,,,
,,,,,
,,,,,
,,,,,
,,,,,
,,,,,
,,,,,
,,,,,
,,,,,
,,,,,
,,,,,
,,,,,
,,,,,
,,,,,
,,,,,
,,,,,
,,,,,
,,,,,
,,,,,
,,,,,
,,,,,
,,,,,
,,,,,
,,,,,
,,,,,
,,,,,
,,,,,
,,,,,
,,,,,
,,,,,
,,,,,
,,,,,
,,,,,
,,,,,
,,,,,
,,,,,
,,,,,
,,,,,
,,,,,
,,,,,
,,,,,
,,,,,
,,,,,
,,,,,
,,,,,
,,,,,
,,,,,
,,,,,
,,,,,
,,,,,
,,,,,
,,,,,
,,,,,
,,,,,
,,,,,
,,,,,
,,,,,
,,,,,
,,,,,
,,,,,
,,,,,
,,,,,
,,,,,
,,,,,
,,,,,
,,,,,
,,,,,
,,,,,
,,,,,
,,,,,
,,,,,
,,,,,
,,,,,
,,,,,
,,,,,
,,,,,
,,,,,
,,,,,
,,,,,
,,,,,
,,,,,
,,,,,
,,,,,
,,,,,
,,,,,
,,,,,
,,,,,
,,,,,
,,,,,
,,,,,
,,,,,
,,,,,
,,,,,
,,,,,
,,,,,
,,,,,
,,,,,
,,,,,
,,,,,
,,,,,
,,,,,
,,,,,
,,,,,
,,,,,
,,,,,
,,,,,
,,,,,
,,,,,
,,,,,
,,,,,
,,,,,
,,,,,
,,,,,
,,,,,
,,,,,
,,,,,
,,,,,
,,,,,
,,,,,
,,,,,
,,,,,
,,,,,
,,,,,
,,,,,
,,,,,
,,,,,
,,,,,
,,,,,
,,,,,
,,,,,
,,,,,
,,,,,
,,,,,
,,,,,
,,,,,
,,,,,
,,,,,
,,,,,
,,,,,
,,,,,
,,,,,
,,,,,
,,,,,
,,,,,
,,,,,
,,,,,
,,,,,
,,,,,
,,,,,
,,,,,
,,,,,
,,,,,
,,,,,
,,,,,
,,,,,
,,,,,
,,,,,
,,,,,
,,,,,
,,,,,
,,,,,
,,,,,
,,,,,
,,,,,
,,,,,
,,,,,
,,,,,
,,,,,
,,,,,
,,,,,
,,,,,
,,,,,
,,,,,
,,,,,
,,,,,
,,,,,
,,,,,
,,,,,
,,,,,
,,,,,
,,,,,
,,,,,
,,,,,
,,,,,
,,,,,
,,,,,
,,,,,
,,,,,
,,,,,
,,,,,
,,,,,
,,,,,
,,,,,
,,,,,
,,,,,
,,,,,
,,,,,
,,,,,
,,,,,
,,,,,
,,,,,
,,,,,
,,,,,
,,,,,
,,,,,
,,,,,
,,,,,
,,,,,
,,,,,
,,,,,
,,,,,
,,,,,
,,,,,
,,,,,
,,,,,
,,,,,
,,,,,
,,,,,
,,,,,
,,,,,
,,,,,
,,,,,
,,,,,
,,,,,
,,,,,
,,,,,
,,,,,
,,,,,
,,,,,
,,,,,
,,,,,
,,,,,
,,,,,
,,,,,
,,,,,
,,,,,
,,,,,
,,,,,
,,,,,
,,,,,
,,,,,
,,,,,
,,,,,
,,,,,
,,,,,
,,,,,
,,,,,
,,,,,
,,,,,
,,,,,
,,,,,
,,,,,
,,,,,
,,,,,
,,,,,
,,,,,
,,,,,
,,,,,
,,,,,
,,,,,
,,,,,
,,,,,
,,,,,
,,,,,
,,,,,
,,,,,
,,,,,
,,,,,
,,,,,
,,,,,
,,,,,
,,,,,
,,,,,
,,,,,
,,,,,
,,,,,
,,,,,
,,,,,
,,,,,
,,,,,
,,,,,
,,,,,
,,,,,
,,,,,
,,,,,
,,,,,
,,,,,
,,,,,
,,,,,
,,,,,
,,,,,
,,,,,
,,,,,
,,,,,
,,,,,
,,,,,
,,,,,
,,,,,
,,,,,
,,,,,
,,,,,
,,,,,
,,,,,
,,,,,
,,,,,
,,,,,
,,,,,
,,,,,
,,,,,
,,,,,
,,,,,
,,,,,
,,,,,
,,,,,
,,,,,
,,,,,
,,,,,
,,,,,
,,,,,
,,,,,
,,,,,
,,,,,
,,,,,
,,,,,
,,,,,
,,,,,
,,,,,
,,,,,
,,,,,
,,,,,
,,,,,
,,,,,
,,,,,
,,,,,
,,,,,
,,,,,
,,,,,
,,,,,
,,,,,
,,,,,
,,,,,
,,,,,
,,,,,
,,,,,
,,,,,
,,,,,
,,,,,
,,,,,
,,,,,
,,,,,
,,,,,
,,,,,
,,,,,
,,,,,
,,,,,
,,,,,
,,,,,
,,,,,
,,,,,
,,,,,
,,,,,
,,,,,
,,,,,
,,,,,
,,,,,
,,,,,
,,,,,
,,,,,
,,,,,
,,,,,
,,,,,
,,,,,
,,,,,
,,,,,
,,,,,
,,,,,
,,,,,
,,,,,
,,,,,
,,,,,
,,,,,
,,,,,
,,,,,
,,,,,
,,,,,
,,,,,
,,,,,
,,,,,
,,,,,
,,,,,
,,,,,
,,,,,
,,,,,
,,,,,
,,,,,
,,,,,
,,,,,
,,,,,
,,,,,
,,,,,
,,,,,
,,,,,
,,,,,
,,,,,
,,,,,
,,,,,
,,,,,
,,,,,
,,,,,
,,,,,
,,,,,
,,,,,
,,,,,
,,,,,
,,,,,
,,,,,
,,,,,
,,,,,
,,,,,
,,,,,
,,,,,
,,,,,
,,,,,
,,,,,
,,,,,
,,,,,
,,,,,
,,,,,
,,,,,
,,,,,
,,,,,
,,,,,
,,,,,
,,,,,
,,,,,
,,,,,
,,,,,
,,,,,
,,,,,
,,,,,
,,,,,
,,,,,
,,,,,
,,,,,
,,,,,
,,,,,
,,,,,
,,,,,
,,,,,
,,,,,
,,,,,
,,,,,
,,,,,
,,,,,
,,,,,
,,,,,
,,,,,
,,,,,
,,,,,
,,,,,
,,,,,
,,,,,
,,,,,
,,,,,
,,,,,
,,,,,
,,,,,
,,,,,
,,,,,
,,,,,
,,,,,
,,,,,
,,,,,
,,,,,
,,,,,
,,,,,
,,,,,
,,,,,
,,,,,
,,,,,
,,,,,
,,,,,
,,,,,
,,,,,
,,,,,
,,,,,
,,,,,
,,,,,
,,,,,
,,,,,
,,,,,
,,,,,
,,,,,
,,,,,
,,,,,
,,,,,
,,,,,
,,,,,
,,,,,
,,,,,
,,,,,
,,,,,
,,,,,
,,,,,
,,,,,
,,,,,
,,,,,
,,,,,
,,,,,
,,,,,
,,,,,
,,,,,
,,,,,
,,,,,
,,,,,
,,,,,
,,,,,
,,,,,
,,,,,
,,,,,
,,,,,
,,,,,
,,,,,
,,,,,
,,,,,
,,,,,
,,,,,
,,,,,
,,,,,
,,,,,
,,,,,
,,,,,
,,,,,
,,,,,
,,,,,
,,,,,
,,,,,
,,,,,
,,,,,
,,,,,
,,,,,
,,,,,
,,,,,
,,,,,
,,,,,
,,,,,
,,,,,
,,,,,
,,,,,
,,,,,
,,,,,
,,,,,
,,,,,
,,,,,
,,,,,
,,,,,
,,,,,
,,,,,
,,,,,
,,,,,
,,,,,
,,,,,
,,,,,
,,,,,
,,,,,
,,,,,
,,,,,
,,,,,
,,,,,
,,,,,
,,,,,
,,,,,
,,,,,
,,,,,
,,,,,
,,,,,
,,,,,
,,,,,
,,,,,
,,,,,
,,,,,
,,,,,
,,,,,
,,,,,
,,,,,
,,,,,
,,,,,
,,,,,
,,,,,
,,,,,
,,,,,
,,,,,
,,,,,
,,,,,
,,,,,
,,,,,
,,,,,
,,,,,
,,,,,
,,,,,
,,,,,
,,,,,
,,,,,
,,,,,
,,,,,
,,,,,
,,,,,
,,,,,
,,,,,
,,,,,
,,,,,
,,,,,
,,,,,
,,,,,
,,,,,
,,,,,
,,,,,
,,,,,
,,,,,
,,,,,
,,,,,
,,,,,
,,,,,
,,,,,
,,,,,
,,,,,
,,,,,
,,,,,
,,,,,
,,,,,
,,,,,
,,,,,
,,,,,
,,,,,
,,,,,
,,,,,
,,,,,
,,,,,
,,,,,
,,,,,
,,,,,
,,,,,
,,,,,
,,,,,
,,,,,
,,,,,
,,,,,
,,,,,
,,,,,
,,,,,
,,,,,
,,,,,
,,,,,
,,,,,
,,,,,
,,,,,
,,,,,
,,,,,
,,,,,
,,,,,
,,,,,
,,,,,
,,,,,
,,,,,
,,,,,
,,,,,
,,,,,
,,,,,
,,,,,
,,,,,
,,,,,
,,,,,
,,,,,
,,,,,
,,,,,
,,,,,
,,,,,
,,,,,
,,,,,
,,,,,
,,,,,
,,,,,
,,,,,
,,,,,
,,,,,
,,,,,
,,,,,
,,,,,
,,,,,
,,,,,
,,,,,
,,,,,
,,,,,
,,,,,
,,,,,
,,,,,
,,,,,
,,,,,
,,,,,
,,,,,
,,,,,
,,,,,
,,,,,
,,,,,
,,,,,
,,,,,
,,,,,
,,,,,
,,,,,
,,,,,
,,,,,
,,,,,
,,,,,
,,,,,
,,,,,
,,,,,
,,,,,
,,,,,
,,,,,
,,,,,
,,,,,
,,,,,
,,,,,
,,,,,
,,,,,
,,,,,
,,,,,
,,,,,
,,,,,
,,,,,
,,,,,
,,,,,
,,,,,
,,,,,
,,,,,
,,,,,
,,,,,
,,,,,
,,,,,
,,,,,
,,,,,
,,,,,
,,,,,
,,,,,
,,,,,
,,,,,
,,,,,
,,,,,
,,,,,
,,,,,
,,,,,
,,,,,
,,,,,
,,,,,
,,,,,
,,,,,
,,,,,
,,,,,
,,,,,
,,,,,
,,,,,
,,,,,
,,,,,
,,,,,
,,,,,
,,,,,
,,,,,
,,,,,
,,,,,
,,,,,
,,,,,
,,,,,
,,,,,
,,,,,
,,,,,
,,,,,
,,,,,
,,,,,
,,,,,
,,,,,
,,,,,
,,,,,
,,,,,
,,,,,
,,,,,
,,,,,
,,,,,
,,,,,
,,,,,
,,,,,
,,,,,
,,,,,
,,,,,
,,,,,
,,,,,
,,,,,
,,,,,
,,,,,
,,,,,
,,,,,
,,,,,
,,,,,
,,,,,
,,,,,
,,,,,
,,,,,
,,,,,
,,,,,
,,,,,
,,,,,
,,,,,
,,,,,
,,,,,
,,,,,
,,,,,
,,,,,
,,,,,
,,,,,
,,,,,
,,,,,
,,,,,
,,,,,
,,,,,
,,,,,
,,,,,
,,,,,
,,,,,
,,,,,
,,,,,
,,,,,
,,,,,
,,,,,
,,,,,
,,,,,
,,,,,
,,,,,
,,,,,
,,,,,
,,,,,
,,,,,
,,,,,
,,,,,
,,,,,
,,,,,
,,,,,
,,,,,
,,,,,
,,,,,
,,,,,
,,,,,
,,,,,
,,,,,
,,,,,
,,,,,
,,,,,
,,,,,
,,,,,
,,,,,
,,,,,
,,,,,
,,,,,
,,,,,
,,,,,
,,,,,
,,,,,
,,,,,
,,,,,
,,,,,
,,,,,
,,,,,
,,,,,
,,,,,
,,,,,
,,,,,
,,,,,
,,,,,
,,,,,
,,,,,
,,,,,
,,,,,
,,,,,
,,,,,
,,,,,
,,,,,
,,,,,
,,,,,
,,,,,
,,,,,
,,,,,
,,,,,
,,,,,
,,,,,
,,,,,
,,,,,
,,,,,
,,,,,
,,,,,
,,,,,
,,,,,
,,,,,
,,,,,
,,,,,
,,,,,
,,,,,
,,,,,
,,,,,
,,,,,
,,,,,
,,,,,
,,,,,
,,,,,
,,,,,
,,,,,
,,,,,
,,,,,
,,,,,
,,,,,
,,,,,
,,,,,
,,,,,
,,,,,
,,,,,
,,,,,
,,,,,
,,,,,
,,,,,
,,,,,
,,,,,
,,,,,
,,,,,
,,,,,
,,,,,
,,,,,
,,,,,
,,,,,
,,,,,
,,,,,
,,,,,
,,,,,
,,,,,
,,,,,
,,,,,
,,,,,
,,,,,
,,,,,
,,,,,
,,,,,
,,,,,
,,,,,
,,,,,
,,,,,
,,,,,
,,,,,
,,,,,
,,,,,
,,,,,
,,,,,
,,,,,
,,,,,
,,,,,
,,,,,
,,,,,
,,,,,
,,,,,
,,,,,
,,,,,
,,,,,
,,,,,
,,,,,
,,,,,
,,,,,
,,,,,
,,,,,
,,,,,
,,,,,
,,,,,
,,,,,
,,,,,
,,,,,
,,,,,
,,,,,
,,,,,
,,,,,
,,,,,
,,,,,
,,,,,
,,,,,
,,,,,
,,,,,
,,,,,
,,,,,
,,,,,
,,,,,
,,,,,
,,,,,
,,,,,
,,,,,
,,,,,
,,,,,
,,,,,
,,,,,
,,,,,
,,,,,
,,,,,
,,,,,
,,,,,
,,,,,
,,,,,
,,,,,
,,,,,
,,,,,
,,,,,
,,,,,
,,,,,
,,,,,
,,,,,
,,,,,
,,,,,
,,,,,
,,,,,
,,,,,
,,,,,
,,,,,
,,,,,
,,,,,
,,,,,
,,,,,
,,,,,
,,,,,
,,,,,
,,,,,
,,,,,
,,,,,
,,,,,
,,,,,
,,,,,
,,,,,
,,,,,
,,,,,
,,,,,
,,,,,
,,,,,
,,,,,
,,,,,
,,,,,
,,,,,
,,,,,
,,,,,
,,,,,
,,,,,
,,,,,
,,,,,
,,,,,
,,,,,
,,,,,
,,,,,
,,,,,
,,,,,
,,,,,
,,,,,
,,,,,
,,,,,
,,,,,
,,,,,
,,,,,
,,,,,
,,,,,
,,,,,
,,,,,
,,,,,
,,,,,
,,,,,
,,,,,
,,,,,
,,,,,
,,,,,
,,,,,
,,,,,
,,,,,
,,,,,
,,,,,
,,,,,
,,,,,
,,,,,
,,,,,
,,,,,
,,,,,
,,,,,
,,,,,
,,,,,
,,,,,
,,,,,
,,,,,
,,,,,
,,,,,
,,,,,
,,,,,
,,,,,
,,,,,
,,,,,
,,,,,
,,,,,
,,,,,
,,,,,
,,,,,
,,,,,
,,,,,
,,,,,
,,,,,
,,,,,
,,,,,
,,,,,
,,,,,
,,,,,
,,,,,
,,,,,
,,,,,
,,,,,
,,,,,
,,,,,
,,,,,
,,,,,
,,,,,
,,,,,
,,,,,
,,,,,
,,,,,
,,,,,
,,,,,
,,,,,
,,,,,
,,,,,
,,,,,
,,,,,
,,,,,
,,,,,
,,,,,
,,,,,
,,,,,
,,,,,
,,,,,
,,,,,
,,,,,
,,,,,
,,,,,
,,,,,
,,,,,
,,,,,
,,,,,
,,,,,
,,,,,
,,,,,
,,,,,
,,,,,
,,,,,
,,,,,
,,,,,
,,,,,
,,,,,
,,,,,
,,,,,
,,,,,
,,,,,
,,,,,
,,,,,
,,,,,
,,,,,
,,,,,
,,,,,
,,,,,
,,,,,
,,,,,
,,,,,
,,,,,
,,,,,
,,,,,
,,,,,
,,,,,
,,,,,
,,,,,
,,,,,
,,,,,
,,,,,
,,,,,
,,,,,
,,,,,
,,,,,
,,,,,
,,,,,
,,,,,
,,,,,
,,,,,
,,,,,
,,,,,
,,,,,
,,,,,
,,,,,
,,,,,
,,,,,
,,,,,
,,,,,
,,,,,
,,,,,
,,,,,
,,,,,
,,,,,
,,,,,
,,,,,
,,,,,
,,,,,
,,,,,
,,,,,
,,,,,
,,,,,
,,,,,
,,,,,
,,,,,
,,,,,
,,,,,
,,,,,
,,,,,
,,,,,
,,,,,
,,,,,
,,,,,
,,,,,
,,,,,
,,,,,
,,,,,
,,,,,
,,,,,
,,,,,
,,,,,
,,,,,
,,,,,
,,,,,
,,,,,
,,,,,
,,,,,
,,,,,
,,,,,
,,,,,
,,,,,
,,,,,
,,,,,
,,,,,
,,,,,
,,,,,
,,,,,
,,,,,
,,,,,
,,,,,
,,,,,
,,,,,
,,,,,
,,,,,
,,,,,
,,,,,
,,,,,
,,,,,
,,,,,
,,,,,
,,,,,
,,,,,
,,,,,
,,,,,
,,,,,
,,,,,
,,,,,
,,,,,
,,,,,
,,,,,
,,,,,
,,,,,
,,,,,
,,,,,
,,,,,
,,,,,
,,,,,
,,,,,
,,,,,
,,,,,
,,,,,
,,,,,
,,,,,
,,,,,
,,,,,
,,,,,
,,,,,
,,,,,
,,,,,
,,,,,
,,,,,
,,,,,
,,,,,
,,,,,
,,,,,
,,,,,
,,,,,
,,,,,
,,,,,
,,,,,
,,,,,
,,,,,
,,,,,
,,,,,
,,,,,
,,,,,
,,,,,
,,,,,
,,,,,
,,,,,
,,,,,
,,,,,
,,,,,
,,,,,
,,,,,
,,,,,
,,,,,
,,,,,
,,,,,
,,,,,
,,,,,
,,,,,
,,,,,
,,,,,
,,,,,
,,,,,
,,,,,
,,,,,
,,,,,
,,,,,
,,,,,
,,,,,
,,,,,
,,,,,
,,,,,
,,,,,
,,,,,
,,,,,
,,,,,
,,,,,
,,,,,
,,,,,
,,,,,
,,,,,
,,,,,
,,,,,
,,,,,
,,,,,
,,,,,
,,,,,
,,,,,
,,,,,
,,,,,
,,,,,
,,,,,
,,,,,
,,,,,
,,,,,
,,,,,
,,,,,
,,,,,
,,,,,
,,,,,
,,,,,
,,,,,
,,,,,
,,,,,
,,,,,
,,,,,
,,,,,
,,,,,
,,,,,
,,,,,
,,,,,
,,,,,
,,,,,
,,,,,
,,,,,
,,,,,
,,,,,
,,,,,
,,,,,
,,,,,
,,,,,
,,,,,
,,,,,
,,,,,
,,,,,
,,,,,
,,,,,
,,,,,
,,,,,
,,,,,
,,,,,
,,,,,
,,,,,
,,,,,
,,,,,
,,,,,
,,,,,
,,,,,
,,,,,
,,,,,
,,,,,
,,,,,
,,,,,
,,,,,
,,,,,
,,,,,
,,,,,
,,,,,
,,,,,
,,,,,
,,,,,
,,,,,
,,,,,
,,,,,
,,,,,
,,,,,
,,,,,
,,,,,
,,,,,
,,,,,
,,,,,
,,,,,
,,,,,
,,,,,
,,,,,
,,,,,
,,,,,
,,,,,
,,,,,
,,,,,
,,,,,
,,,,,
,,,,,
,,,,,
,,,,,
,,,,,
,,,,,
,,,,,
,,,,,
,,,,,
,,,,,
,,,,,
,,,,,
,,,,,
,,,,,
,,,,,
,,,,,
,,,,,
,,,,,
,,,,,
,,,,,
,,,,,
,,,,,
,,,,,
,,,,,
,,,,,
,,,,,
,,,,,
,,,,,
,,,,,
,,,,,
,,,,,
,,,,,
,,,,,
,,,,,
,,,,,
,,,,,
,,,,,
,,,,,
,,,,,
,,,,,
,,,,,
,,,,,
,,,,,
,,,,,
,,,,,
,,,,,
,,,,,
,,,,,
,,,,,
,,,,,
,,,,,
,,,,,
,,,,,
,,,,,
,,,,,
,,,,,
,,,,,
,,,,,
,,,,,
,,,,,
,,,,,
,,,,,
,,,,,
,,,,,
,,,,,
,,,,,
,,,,,
,,,,,
,,,,,
,,,,,
,,,,,
,,,,,
,,,,,
,,,,,
,,,,,
,,,,,
,,,,,
,,,,,
,,,,,
,,,,,
,,,,,
,,,,,
,,,,,
,,,,,
,,,,,
,,,,,
,,,,,
,,,,,
,,,,,
,,,,,
,,,,,
,,,,,
,,,,,
,,,,,
,,,,,
,,,,,
,,,,,
,,,,,
,,,,,
,,,,,
,,,,,
,,,,,
,,,,,
,,,,,
,,,,,
,,,,,
,,,,,
,,,,,
,,,,,
,,,,,
,,,,,
,,,,,
,,,,,
,,,,,
,,,,,
,,,,,
,,,,,
,,,,,
,,,,,
,,,,,
,,,,,
,,,,,
,,,,,
,,,,,
,,,,,
,,,,,
,,,,,
,,,,,
,,,,,
,,,,,
,,,,,
,,,,,
,,,,,
,,,,,
,,,,,
,,,,,
,,,,,
,,,,,
,,,,,
,,,,,
,,,,,
,,,,,
,,,,,
,,,,,
,,,,,
,,,,,
,,,,,
,,,,,
,,,,,
,,,,,
,,,,,
,,,,,
,,,,,
,,,,,
,,,,,
,,,,,
,,,,,
,,,,,
,,,,,
,,,,,
,,,,,
,,,,,
,,,,,
,,,,,
,,,,,
,,,,,
,,,,,
,,,,,
,,,,,
,,,,,
,,,,,
,,,,,
,,,,,
,,,,,
,,,,,
,,,,,
,,,,,
,,,,,
,,,,,
,,,,,
,,,,,
,,,,,
,,,,,
,,,,,
,,,,,
,,,,,
,,,,,
,,,,,
,,,,,
,,,,,
,,,,,
,,,,,
,,,,,
,,,,,
,,,,,
,,,,,
,,,,,
,,,,,
,,,,,
,,,,,
,,,,,
,,,,,
,,,,,
,,,,,
,,,,,
,,,,,
,,,,,
,,,,,
,,,,,
,,,,,
,,,,,
,,,,,
,,,,,
,,,,,
,,,,,
,,,,,
,,,,,
,,,,,
,,,,,
,,,,,
,,,,,
,,,,,
,,,,,
,,,,,
,,,,,
,,,,,
,,,,,
,,,,,
,,,,,
,,,,,
,,,,,
,,,,,
,,,,,
,,,,,
,,,,,
,,,,,
,,,,,
,,,,,
,,,,,
,,,,,
,,,,,
,,,,,
,,,,,
,,,,,
,,,,,
,,,,,
,,,,,
,,,,,
,,,,,
,,,,,
,,,,,
,,,,,
,,,,,
,,,,,
,,,,,
,,,,,
,,,,,
,,,,,
,,,,,
,,,,,
,,,,,
,,,,,
,,,,,
,,,,,
,,,,,
,,,,,
,,,,,
,,,,,
,,,,,
,,,,,
,,,,,
,,,,,
,,,,,
,,,,,
,,,,,
,,,,,
,,,,,
,,,,,
,,,,,
,,,,,
,,,,,
,,,,,
,,,,,
,,,,,
,,,,,
,,,,,
,,,,,
,,,,,
,,,,,
,,,,,
,,,,,
,,,,,
,,,,,
,,,,,
,,,,,
,,,,,
,,,,,
,,,,,
,,,,,
,,,,,
,,,,,
,,,,,
,,,,,
,,,,,
,,,,,
,,,,,
,,,,,
,,,,,
,,,,,
,,,,,
,,,,,
,,,,,
,,,,,
,,,,,
,,,,,
,,,,,
,,,,,
,,,,,
,,,,,
,,,,,
,,,,,
,,,,,
,,,,,
,,,,,
,,,,,
,,,,,
,,,,,
,,,,,
,,,,,
,,,,,
,,,,,
,,,,,
,,,,,
,,,,,
,,,,,
,,,,,
,,,,,
,,,,,
,,,,,
,,,,,
,,,,,
,,,,,
,,,,,
,,,,,
,,,,,
,,,,,
,,,,,
,,,,,
,,,,,
,,,,,
,,,,,
,,,,,
,,,,,
,,,,,
,,,,,
,,,,,
,,,,,
,,,,,
,,,,,
,,,,,
,,,,,
,,,,,
,,,,,
,,,,,
,,,,,
,,,,,
,,,,,
,,,,,
,,,,,
,,,,,
,,,,,
,,,,,
,,,,,
,,,,,
,,,,,
,,,,,
,,,,,
,,,,,
,,,,,
,,,,,
,,,,,
,,,,,
,,,,,
,,,,,
,,,,,
,,,,,
,,,,,
,,,,,
,,,,,
,,,,,
,,,,,
,,,,,
,,,,,
,,,,,
,,,,,
,,,,,
,,,,,
,,,,,
,,,,,
,,,,,
,,,,,
,,,,,
,,,,,
,,,,,
,,,,,
,,,,,
,,,,,
,,,,,
,,,,,
,,,,,
,,,,,
,,,,,
,,,,,
,,,,,
,,,,,
,,,,,
,,,,,
,,,,,
,,,,,
,,,,,
,,,,,
,,,,,
,,,,,
,,,,,
,,,,,
,,,,,
,,,,,
,,,,,
,,,,,
,,,,,
,,,,,
,,,,,
,,,,,
,,,,,
,,,,,
,,,,,
,,,,,
,,,,,
,,,,,
,,,,,
,,,,,
,,,,,
,,,,,
,,,,,
,,,,,
,,,,,
,,,,,
,,,,,
,,,,,
,,,,,
,,,,,
,,,,,
,,,,,
,,,,,
,,,,,
,,,,,
,,,,,
,,,,,
,,,,,
,,,,,
,,,,,
,,,,,
,,,,,
,,,,,
,,,,,
,,,,,
,,,,,
,,,,,
,,,,,
,,,,,
,,,,,
,,,,,
,,,,,
,,,,,
,,,,,
,,,,,
,,,,,
,,,,,
,,,,,
,,,,,
,,,,,
,,,,,
,,,,,
,,,,,
,,,,,
,,,,,
,,,,,
,,,,,
,,,,,
,,,,,
,,,,,
,,,,,
,,,,,
,,,,,
,,,,,
,,,,,
,,,,,
,,,,,
,,,,,
,,,,,
,,,,,
,,,,,
,,,,,
,,,,,
,,,,,
,,,,,
,,,,,
,,,,,
,,,,,
,,,,,
,,,,,
,,,,,
,,,,,
,,,,,
,,,,,
,,,,,
,,,,,
,,,,,
,,,,,
,,,,,
,,,,,
,,,,,
,,,,,
,,,,,
,,,,,
,,,,,
,,,,,
,,,,,
,,,,,
,,,,,
,,,,,
,,,,,
,,,,,
,,,,,
,,,,,
,,,,,
,,,,,
,,,,,
,,,,,
,,,,,
,,,,,
,,,,,
,,,,,
,,,,,
,,,,,
,,,,,
,,,,,
,,,,,
,,,,,
,,,,,
,,,,,
,,,,,
,,,,,
,,,,,
,,,,,
,,,,,
,,,,,
,,,,,
,,,,,
,,,,,
,,,,,
,,,,,
,,,,,
,,,,,
,,,,,
,,,,,
,,,,,
,,,,,
,,,,,
,,,,,
,,,,,
,,,,,
,,,,,
,,,,,
,,,,,
,,,,,
,,,,,
,,,,,
,,,,,
,,,,,
,,,,,
,,,,,
,,,,,
,,,,,
,,,,,
,,,,,
,,,,,
,,,,,
,,,,,
,,,,,
,,,,,
,,,,,
,,,,,
,,,,,
,,,,,
,,,,,
,,,,,
,,,,,
,,,,,
,,,,,
,,,,,
,,,,,
,,,,,
,,,,,
,,,,,
,,,,,
,,,,,
,,,,,
,,,,,
,,,,,
,,,,,
,,,,,
,,,,,
,,,,,
,,,,,
,,,,,
,,,,,
,,,,,
,,,,,
,,,,,
,,,,,
,,,,,
,,,,,
,,,,,
,,,,,
,,,,,
,,,,,
,,,,,
,,,,,
,,,,,
,,,,,
,,,,,
,,,,,
,,,,,
,,,,,
,,,,,
,,,,,
,,,,,
,,,,,
,,,,,
,,,,,
,,,,,
,,,,,
,,,,,
,,,,,
,,,,,
,,,,,
,,,,,
,,,,,
,,,,,
,,,,,
,,,,,
,,,,,
,,,,,
,,,,,
,,,,,
,,,,,
,,,,,
,,,,,
,,,,,
,,,,,
,,,,,
,,,,,
,,,,,
,,,,,
,,,,,
,,,,,
,,,,,
,,,,,
,,,,,
,,,,,
,,,,,
,,,,,
,,,,,
,,,,,
,,,,,
,,,,,
,,,,,
,,,,,
,,,,,
,,,,,
,,,,,
,,,,,
,,,,,
,,,,,
,,,,,
,,,,,
,,,,,
,,,,,
,,,,,
,,,,,
,,,,,
,,,,,
,,,,,
,,,,,
,,,,,
,,,,,
,,,,,
,,,,,
,,,,,
,,,,,
,,,,,
,,,,,
,,,,,
,,,,,
,,,,,
,,,,,
,,,,,
,,,,,
,,,,,
,,,,,
,,,,,
,,,,,
,,,,,
,,,,,
,,,,,
,,,,,
,,,,,
,,,,,
,,,,,
,,,,,
,,,,,
,,,,,
,,,,,
,,,,,
,,,,,
,,,,,
,,,,,
,,,,,
,,,,,
,,,,,
,,,,,
,,,,,
,,,,,
,,,,,
,,,,,
,,,,,
,,,,,
,,,,,
,,,,,
,,,,,
,,,,,
,,,,,
,,,,,
,,,,,
,,,,,
,,,,,
,,,,,
,,,,,
,,,,,
,,,,,
,,,,,
,,,,,
,,,,,
,,,,,
,,,,,
,,,,,
,,,,,
,,,,,
,,,,,
,,,,,
,,,,,
,,,,,
,,,,,
,,,,,
,,,,,
,,,,,
,,,,,
,,,,,
,,,,,
,,,,,
,,,,,
,,,,,
,,,,,
,,,,,
,,,,,
,,,,,
,,,,,
,,,,,
,,,,,
,,,,,
,,,,,
,,,,,
,,,,,
,,,,,
,,,,,
,,,,,
,,,,,
,,,,,
,,,,,
,,,,,
,,,,,
,,,,,
,,,,,
,,,,,
,,,,,
,,,,,
,,,,,
,,,,,
,,,,,
,,,,,
,,,,,
,,,,,
,,,,,
,,,,,
,,,,,
,,,,,
,,,,,
,,,,,
,,,,,
,,,,,
,,,,,
,,,,,
,,,,,
,,,,,
,,,,,
,,,,,
,,,,,
,,,,,
,,,,,
,,,,,
,,,,,
,,,,,
,,,,,
,,,,,
,,,,,
,,,,,
,,,,,
,,,,,
,,,,,
,,,,,
,,,,,
,,,,,
,,,,,
,,,,,
,,,,,
,,,,,
,,,,,
,,,,,
,,,,,
,,,,,
,,,,,
,,,,,
,,,,,
,,,,,
,,,,,
,,,,,
,,,,,
,,,,,
,,,,,
,,,,,
,,,,,
,,,,,
,,,,,
,,,,,
,,,,,
,,,,,
,,,,,
,,,,,
,,,,,
,,,,,
,,,,,
,,,,,
,,,,,
,,,,,
,,,,,
,,,,,
,,,,,
,,,,,
,,,,,
,,,,,
,,,,,
,,,,,
,,,,,
,,,,,
,,,,,
,,,,,
,,,,,
,,,,,
,,,,,
,,,,,
,,,,,
,,,,,
,,,,,
,,,,,
,,,,,
,,,,,
,,,,,
,,,,,
,,,,,
,,,,,
,,,,,
,,,,,
,,,,,
,,,,,
,,,,,
,,,,,
,,,,,
,,,,,
,,,,,
,,,,,
,,,,,
,,,,,
,,,,,
,,,,,
,,,,,
,,,,,
,,,,,
,,,,,
,,,,,
,,,,,
,,,,,
,,,,,
,,,,,
,,,,,
,,,,,
,,,,,
,,,,,
,,,,,
,,,,,
,,,,,
,,,,,
,,,,,
,,,,,
,,,,,
,,,,,
,,,,,
,,,,,
,,,,,
,,,,,
,,,,,
,,,,,
,,,,,
,,,,,
,,,,,
,,,,,
,,,,,
,,,,,
,,,,,
,,,,,
,,,,,
,,,,,
,,,,,
,,,,,
,,,,,
,,,,,
,,,,,
,,,,,
,,,,,
,,,,,
,,,,,
,,,,,
,,,,,
,,,,,
,,,,,
,,,,,
,,,,,
,,,,,
,,,,,
,,,,,
,,,,,
,,,,,
,,,,,
,,,,,
,,,,,
,,,,,
,,,,,
,,,,,
,,,,,
,,,,,
,,,,,
,,,,,
,,,,,
,,,,,
,,,,,
,,,,,
,,,,,
,,,,,
,,,,,
,,,,,
,,,,,
,,,,,
,,,,,
,,,,,
,,,,,
,,,,,
,,,,,
,,,,,
,,,,,
,,,,,
,,,,,
,,,,,
,,,,,
,,,,,
,,,,,
,,,,,
,,,,,
,,,,,
,,,,,
,,,,,
,,,,,
,,,,,
,,,,,
,,,,,
,,,,,
,,,,,
,,,,,
,,,,,
,,,,,
,,,,,
,,,,,
,,,,,
,,,,,
,,,,,
,,,,,
,,,,,
,,,,,
,,,,,
,,,,,
,,,,,
,,,,,
,,,,,
,,,,,
,,,,,
,,,,,
,,,,,
,,,,,
,,,,,
,,,,,
,,,,,
,,,,,
,,,,,
,,,,,
,,,,,
,,,,,
,,,,,
,,,,,
,,,,,
,,,,,
,,,,,
,,,,,
,,,,,
,,,,,
,,,,,
,,,,,
,,,,,
,,,,,
,,,,,
,,,,,
,,,,,
,,,,,
,,,,,
,,,,,
,,,,,
,,,,,
,,,,,
,,,,,
,,,,,
,,,,,
,,,,,
,,,,,
,,,,,
,,,,,
,,,,,
,,,,,
,,,,,
,,,,,
,,,,,
,,,,,
,,,,,
,,,,,
,,,,,
,,,,,
,,,,,
,,,,,
,,,,,
,,,,,
,,,,,
,,,,,
,,,,,
,,,,,
,,,,,
,,,,,
,,,,,
,,,,,
,,,,,
,,,,,
,,,,,
,,,,,
,,,,,
,,,,,
,,,,,
,,,,,
,,,,,
,,,,,
,,,,,
,,,,,
,,,,,
,,,,,
,,,,,
,,,,,
,,,,,
,,,,,
,,,,,
,,,,,
,,,,,
,,,,,
,,,,,
,,,,,
,,,,,
,,,,,
,,,,,
,,,,,
,,,,,
,,,,,
,,,,,
,,,,,
,,,,,
,,,,,
,,,,,
,,,,,
,,,,,
,,,,,
,,,,,
,,,,,
,,,,,
,,,,,
,,,,,
,,,,,
,,,,,
,,,,,
,,,,,
,,,,,
,,,,,
,,,,,
,,,,,
,,,,,
,,,,,
,,,,,
,,,,,
,,,,,
,,,,,
,,,,,
,,,,,
,,,,,
,,,,,
,,,,,
,,,,,
,,,,,
,,,,,
,,,,,
,,,,,
,,,,,
,,,,,
,,,,,
,,,,,
,,,,,
,,,,,
,,,,,
,,,,,
,,,,,
,,,,,
,,,,,
,,,,,
,,,,,
,,,,,
,,,,,
,,,,,
,,,,,
,,,,,
,,,,,
,,,,,
,,,,,
,,,,,
,,,,,
,,,,,
,,,,,
,,,,,
,,,,,
,,,,,
,,,,,
,,,,,
,,,,,
,,,,,
,,,,,
,,,,,
,,,,,
,,,,,
,,,,,
,,,,,
,,,,,
,,,,,
,,,,,
,,,,,
,,,,,
,,,,,
,,,,,
,,,,,
,,,,,
,,,,,
,,,,,
,,,,,
,,,,,
,,,,,
,,,,,
,,,,,
,,,,,
,,,,,
,,,,,
,,,,,
,,,,,
,,,,,
,,,,,
,,,,,
,,,,,
,,,,,
,,,,,
,,,,,
,,,,,
,,,,,
,,,,,
,,,,,
,,,,,
,,,,,
,,,,,
,,,,,
,,,,,
,,,,,
,,,,,
,,,,,
,,,,,
,,,,,
,,,,,
,,,,,
,,,,,
,,,,,
,,,,,
,,,,,
,,,,,
,,,,,
,,,,,
,,,,,
,,,,,
,,,,,
,,,,,
,,,,,
,,,,,
,,,,,
,,,,,
,,,,,
,,,,,
,,,,,
,,,,,
,,,,,
,,,,,
,,,,,
,,,,,
,,,,,
,,,,,
,,,,,
,,,,,
,,,,,
,,,,,
,,,,,
,,,,,
,,,,,
,,,,,
,,,,,
,,,,,
,,,,,
,,,,,
,,,,,
,,,,,
,,,,,
,,,,,
,,,,,
,,,,,
,,,,,
,,,,,
,,,,,
,,,,,
,,,,,
,,,,,
,,,,,
,,,,,
,,,,,
,,,,,
,,,,,
,,,,,
,,,,,
,,,,,
,,,,,
,,,,,
,,,,,
,,,,,
,,,,,
,,,,,
,,,,,
,,,,,
,,,,,
,,,,,
,,,,,
,,,,,
,,,,,
,,,,,
,,,,,
,,,,,
,,,,,
,,,,,
,,,,,
,,,,,
,,,,,
,,,,,
,,,,,
,,,,,
,,,,,
,,,,,
,,,,,
,,,,,
,,,,,
,,,,,
,,,,,
,,,,,
,,,,,
,,,,,
,,,,,
,,,,,
,,,,,
,,,,,
,,,,,
,,,,,
,,,,,
,,,,,
,,,,,
,,,,,
,,,,,
,,,,,
,,,,,
,,,,,
,,,,,
,,,,,
,,,,,
,,,,,
,,,,,
,,,,,
,,,,,
,,,,,
,,,,,
,,,,,
,,,,,
,,,,,
,,,,,
,,,,,
,,,,,
,,,,,
,,,,,
,,,,,
,,,,,
,,,,,
,,,,,
,,,,,
,,,,,
,,,,,
,,,,,
,,,,,
,,,,,
,,,,,
,,,,,
,,,,,
,,,,,
,,,,,
,,,,,
,,,,,
,,,,,
,,,,,
,,,,,
,,,,,
,,,,,
,,,,,
,,,,,
,,,,,
,,,,,
,,,,,
,,,,,
,,,,,
,,,,,
,,,,,
,,,,,
,,,,,
,,,,,
,,,,,
,,,,,
,,,,,
,,,,,
,,,,,
,,,,,
,,,,,
,,,,,
,,,,,
,,,,,
,,,,,
,,,,,
,,,,,
,,,,,
,,,,,
,,,,,
,,,,,
,,,,,
,,,,,
,,,,,
,,,,,
,,,,,
,,,,,
,,,,,
,,,,,
,,,,,
,,,,,
,,,,,
,,,,,
,,,,,
,,,,,
,,,,,
,,,,,
,,,,,
,,,,,
,,,,,
,,,,,
,,,,,
,,,,,
,,,,,
,,,,,
,,,,,
,,,,,
,,,,,
,,,,,
,,,,,
,,,,,
,,,,,
,,,,,
,,,,,
,,,,,
,,,,,
,,,,,
,,,,,
,,,,,
,,,,,
,,,,,
,,,,,
,,,,,
,,,,,
,,,,,
,,,,,
,,,,,
,,,,,
,,,,,
,,,,,
,,,,,
,,,,,
,,,,,
,,,,,
,,,,,
,,,,,
,,,,,
,,,,,
,,,,,
,,,,,
,,,,,
,,,,,
,,,,,
,,,,,
,,,,,
,,,,,
,,,,,
,,,,,
,,,,,
,,,,,
,,,,,
,,,,,
,,,,,
,,,,,
,,,,,
,,,,,
,,,,,
,,,,,
,,,,,
,,,,,
,,,,,
,,,,,
,,,,,
,,,,,
,,,,,
,,,,,
,,,,,
,,,,,
,,,,,
,,,,,
,,,,,
,,,,,
,,,,,
,,,,,
,,,,,
,,,,,
,,,,,
,,,,,
,,,,,
,,,,,
,,,,,
,,,,,
,,,,,
,,,,,
,,,,,
,,,,,
,,,,,
,,,,,
,,,,,
,,,,,
,,,,,
,,,,,
,,,,,
,,,,,
,,,,,
,,,,,
,,,,,
,,,,,
,,,,,
,,,,,
,,,,,
,,,,,
,,,,,
,,,,,
,,,,,
,,,,,
,,,,,
,,,,,
,,,,,
,,,,,
,,,,,
,,,,,
,,,,,
,,,,,
,,,,,
,,,,,
,,,,,
,,,,,
,,,,,
,,,,,
,,,,,
,,,,,
,,,,,
,,,,,
,,,,,
,,,,,
,,,,,
,,,,,
,,,,,
,,,,,
,,,,,
,,,,,
,,,,,
,,,,,
,,,,,
,,,,,
,,,,,
,,,,,
,,,,,
,,,,,
,,,,,
,,,,,
,,,,,
,,,,,
,,,,,
,,,,,
,,,,,
,,,,,
,,,,,
,,,,,
,,,,,
,,,,,
,,,,,
,,,,,
,,,,,
,,,,,
,,,,,
,,,,,
,,,,,
,,,,,
,,,,,
,,,,,
,,,,,
,,,,,
,,,,,
,,,,,
,,,,,
,,,,,
,,,,,
,,,,,
,,,,,
,,,,,
,,,,,
,,,,,
,,,,,
,,,,,
,,,,,
,,,,,
,,,,,
,,,,,
,,,,,
,,,,,
,,,,,
,,,,,
,,,,,
,,,,,
,,,,,
,,,,,
,,,,,
,,,,,
,,,,,
,,,,,
,,,,,
,,,,,
,,,,,
,,,,,
,,,,,
,,,,,
,,,,,
,,,,,
,,,,,
,,,,,
,,,,,
,,,,,
,,,,,
,,,,,
,,,,,
,,,,,
,,,,,
,,,,,
,,,,,
,,,,,
,,,,,
,,,,,
,,,,,
,,,,,
,,,,,
,,,,,
,,,,,
,,,,,
,,,,,
,,,,,
,,,,,
,,,,,
,,,,,
,,,,,
,,,,,
,,,,,
,,,,,
,,,,,
,,,,,
,,,,,
,,,,,
,,,,,
,,,,,
,,,,,
,,,,,
,,,,,
,,,,,
,,,,,
,,,,,
,,,,,
,,,,,
,,,,,
,,,,,
,,,,,
,,,,,
,,,,,
,,,,,
,,,,,
,,,,,
,,,,,
,,,,,
,,,,,
,,,,,
,,,,,
,,,,,
,,,,,
,,,,,
,,,,,
,,,,,
,,,,,
,,,,,
,,,,,
,,,,,
,,,,,
,,,,,
,,,,,
,,,,,
,,,,,
,,,,,
,,,,,
,,,,,
,,,,,
,,,,,
,,,,,
,,,,,
,,,,,
,,,,,
,,,,,
,,,,,
,,,,,
,,,,,
,,,,,
,,,,,
,,,,,
,,,,,
,,,,,
,,,,,
,,,,,
,,,,,
,,,,,
,,,,,
,,,,,
,,,,,
,,,,,
,,,,,
,,,,,
,,,,,
,,,,,
,,,,,
,,,,,
,,,,,
,,,,,
,,,,,
,,,,,
,,,,,
,,,,,
,,,,,
,,,,,
,,,,,
,,,,,
,,,,,
,,,,,
,,,,,
,,,,,
,,,,,
,,,,,
,,,,,
,,,,,
,,,,,
,,,,,
,,,,,
,,,,,
,,,,,
,,,,,
,,,,,
,,,,,
,,,,,
,,,,,
,,,,,
,,,,,
,,,,,
,,,,,
,,,,,
,,,,,
,,,,,
,,,,,
,,,,,
,,,,,
,,,,,
,,,,,
,,,,,
,,,,,
,,,,,
,,,,,
,,,,,
,,,,,
,,,,,
,,,,,
,,,,,
,,,,,
,,,,,
,,,,,
,,,,,
,,,,,
,,,,,
,,,,,
,,,,,
,,,,,
,,,,,
,,,,,
,,,,,
,,,,,
,,,,,
,,,,,
,,,,,
,,,,,
,,,,,
,,,,,
,,,,,
,,,,,
,,,,,
,,,,,
,,,,,
,,,,,
,,,,,
,,,,,
,,,,,
,,,,,
,,,,,
,,,,,
,,,,,
,,,,,
,,,,,
,,,,,
,,,,,
,,,,,
,,,,,
,,,,,
,,,,,
,,,,,
,,,,,
,,,,,
,,,,,
,,,,,
,,,,,
,,,,,
,,,,,
,,,,,
,,,,,
,,,,,
,,,,,
,,,,,
,,,,,
,,,,,
,,,,,
,,,,,
,,,,,
,,,,,
,,,,,
,,,,,
,,,,,
,,,,,
,,,,,
,,,,,
,,,,,
,,,,,
,,,,,
,,,,,
,,,,,
,,,,,
,,,,,
,,,,,
,,,,,
,,,,,
,,,,,
,,,,,
,,,,,
,,,,,
,,,,,
,,,,,
,,,,,
,,,,,
,,,,,
,,,,,
,,,,,
,,,,,
,,,,,
,,,,,
,,,,,
,,,,,
,,,,,
,,,,,
,,,,,
,,,,,
,,,,,
,,,,,
,,,,,
,,,,,
,,,,,
,,,,,
,,,,,
,,,,,
,,,,,
,,,,,
,,,,,
,,,,,
,,,,,
,,,,,
,,,,,
,,,,,
,,,,,
,,,,,
,,,,,
,,,,,
,,,,,
,,,,,
,,,,,
,,,,,
,,,,,
,,,,,
,,,,,
,,,,,
,,,,,
,,,,,
,,,,,
,,,,,
,,,,,
,,,,,
,,,,,
,,,,,
,,,,,
,,,,,
,,,,,
,,,,,
,,,,,
,,,,,
,,,,,
,,,,,
,,,,,
,,,,,
,,,,,
,,,,,
,,,,,
,,,,,
,,,,,
,,,,,
,,,,,
,,,,,
,,,,,
,,,,,
,,,,,
,,,,,
,,,,,
,,,,,
,,,,,
,,,,,
,,,,,
,,,,,
,,,,,
,,,,,
,,,,,
,,,,,
,,,,,
,,,,,
,,,,,
,,,,,
,,,,,
,,,,,
,,,,,
,,,,,
,,,,,
,,,,,
,,,,,
,,,,,
,,,,,
,,,,,
,,,,,
,,,,,
,,,,,
,,,,,
,,,,,
,,,,,
,,,,,
,,,,,
,,,,,
,,,,,
,,,,,
,,,,,
,,,,,
,,,,,
,,,,,
,,,,,
,,,,,
,,,,,
,,,,,
,,,,,
,,,,,
,,,,,
,,,,,
,,,,,
,,,,,
,,,,,
,,,,,
,,,,,
,,,,,
,,,,,
,,,,,
,,,,,
,,,,,
,,,,,
,,,,,
,,,,,
,,,,,
,,,,,
,,,,,
,,,,,
,,,,,
,,,,,
,,,,,
,,,,,
,,,,,
,,,,,
,,,,,
,,,,,
,,,,,
,,,,,
,,,,,
,,,,,
,,,,,
,,,,,
,,,,,
,,,,,
,,,,,
,,,,,
,,,,,
,,,,,
,,,,,
,,,,,
,,,,,
,,,,,
,,,,,
,,,,,
,,,,,
,,,,,
,,,,,
,,,,,
,,,,,
,,,,,
,,,,,
,,,,,
,,,,,
,,,,,
,,,,,
,,,,,
,,,,,
,,,,,
,,,,,
,,,,,
,,,,,
,,,,,
,,,,,
,,,,,
,,,,,
,,,,,
,,,,,
,,,,,
,,,,,
,,,,,
,,,,,
,,,,,
,,,,,
,,,,,
,,,,,
,,,,,
,,,,,
,,,,,
,,,,,
,,,,,
,,,,,
,,,,,
,,,,,
,,,,,
,,,,,
,,,,,
,,,,,
,,,,,
,,,,,
,,,,,
,,,,,
,,,,,
,,,,,
,,,,,
,,,,,
,,,,,
,,,,,
,,,,,
,,,,,
,,,,,
,,,,,
,,,,,
,,,,,
,,,,,
,,,,,
,,,,,
,,,,,
,,,,,
,,,,,
,,,,,
,,,,,
,,,,,
,,,,,
,,,,,
,,,,,
,,,,,
,,,,,
,,,,,
,,,,,
,,,,,
,,,,,
,,,,,
,,,,,
,,,,,
,,,,,
,,,,,
,,,,,
,,,,,
,,,,,
,,,,,
,,,,,
,,,,,
,,,,,
,,,,,
,,,,,
,,,,,
,,,,,
,,,,,
,,,,,
,,,,,
,,,,,
,,,,,
,,,,,
,,,,,
,,,,,
,,,,,
,,,,,
,,,,,
,,,,,
,,,,,
,,,,,
,,,,,
,,,,,
,,,,,
,,,,,
,,,,,
,,,,,
,,,,,
,,,,,
,,,,,
,,,,,
,,,,,
,,,,,
,,,,,
,,,,,
,,,,,
,,,,,
,,,,,
,,,,,
,,,,,
,,,,,
,,,,,
,,,,,
,,,,,
,,,,,
,,,,,
,,,,,
,,,,,
,,,,,
,,,,,
,,,,,
,,,,,
,,,,,
,,,,,
,,,,,
,,,,,
,,,,,
,,,,,
,,,,,
,,,,,
,,,,,
,,,,,
,,,,,
,,,,,
,,,,,
,,,,,
,,,,,
,,,,,
,,,,,
,,,,,
,,,,,
,,,,,
,,,,,
,,,,,
,,,,,
,,,,,
,,,,,
,,,,,
,,,,,
,,,,,
,,,,,
,,,,,
,,,,,
,,,,,
,,,,,
,,,,,
,,,,,
,,,,,
,,,,,
,,,,,
,,,,,
,,,,,
,,,,,
,,,,,
,,,,,
,,,,,
,,,,,
,,,,,
,,,,,
,,,,,
,,,,,
,,,,,
,,,,,
,,,,,
,,,,,
,,,,,
,,,,,
,,,,,
,,,,,
,,,,,
,,,,,
,,,,,
,,,,,
,,,,,
,,,,,
,,,,,
,,,,,
,,,,,
,,,,,
,,,,,
,,,,,
,,,,,
,,,,,
,,,,,
,,,,,
,,,,,
,,,,,
,,,,,
,,,,,
,,,,,
,,,,,
,,,,,
,,,,,
,,,,,
,,,,,
,,,,,
,,,,,
,,,,,
,,,,,
,,,,,
,,,,,
,,,,,
,,,,,
,,,,,
,,,,,
,,,,,
,,,,,
,,,,,
,,,,,
,,,,,
,,,,,
,,,,,
,,,,,
,,,,,
,,,,,
,,,,,
,,,,,
,,,,,
,,,,,
,,,,,
,,,,,
,,,,,
,,,,,
,,,,,
,,,,,
,,,,,
,,,,,
,,,,,
,,,,,
,,,,,
,,,,,
,,,,,
,,,,,
,,,,,
,,,,,
,,,,,
,,,,,
,,,,,
,,,,,
,,,,,
,,,,,
,,,,,
,,,,,
,,,,,
,,,,,
,,,,,
,,,,,
,,,,,
,,,,,
,,,,,
,,,,,
,,,,,
,,,,,
,,,,,
,,,,,
,,,,,
,,,,,
,,,,,
,,,,,
,,,,,
,,,,,
,,,,,
,,,,,
,,,,,
,,,,,
,,,,,
,,,,,
,,,,,
,,,,,
,,,,,
,,,,,
,,,,,
,,,,,
,,,,,
,,,,,
,,,,,
,,,,,
,,,,,
,,,,,
,,,,,
,,,,,
,,,,,
,,,,,
,,,,,
,,,,,
,,,,,
,,,,,
,,,,,
,,,,,
,,,,,
,,,,,
,,,,,
,,,,,
,,,,,
,,,,,
,,,,,
,,,,,
,,,,,
,,,,,
,,,,,
,,,,,
,,,,,
,,,,,
,,,,,
,,,,,
,,,,,
,,,,,
,,,,,
,,,,,
,,,,,
,,,,,
,,,,,
,,,,,
,,,,,
,,,,,
,,,,,
,,,,,
,,,,,
,,,,,
,,,,,
,,,,,
,,,,,
,,,,,
,,,,,
,,,,,
,,,,,
,,,,,
,,,,,
,,,,,
,,,,,
,,,,,
,,,,,
,,,,,
,,,,,
,,,,,
,,,,,
,,,,,
,,,,,
,,,,,
,,,,,
,,,,,
,,,,,
,,,,,
,,,,,
,,,,,
,,,,,
,,,,,
,,,,,
,,,,,
,,,,,
,,,,,
,,,,,
,,,,,
,,,,,
,,,,,
,,,,,
,,,,,
,,,,,
,,,,,
,,,,,
,,,,,
,,,,,
,,,,,
,,,,,
,,,,,
,,,,,
,,,,,
,,,,,
,,,,,
,,,,,
,,,,,
,,,,,
,,,,,
,,,,,
,,,,,
,,,,,
,,,,,
,,,,,
,,,,,
,,,,,
,,,,,
,,,,,
,,,,,
,,,,,
,,,,,
,,,,,
,,,,,
,,,,,
,,,,,
,,,,,
,,,,,
,,,,,
,,,,,
,,,,,
,,,,,
,,,,,
,,,,,
,,,,,
,,,,,
,,,,,
,,,,,
,,,,,
,,,,,
,,,,,
,,,,,
,,,,,
,,,,,
,,,,,
,,,,,
,,,,,
,,,,,
,,,,,
,,,,,
,,,,,
,,,,,
,,,,,
,,,,,
,,,,,
,,,,,
,,,,,
,,,,,
,,,,,
,,,,,
,,,,,
,,,,,
,,,,,
,,,,,
,,,,,
,,,,,
,,,,,
,,,,,
,,,,,
,,,,,
,,,,,
,,,,,
,,,,,
,,,,,
,,,,,
,,,,,
,,,,,
,,,,,
,,,,,
,,,,,
,,,,,
,,,,,
,,,,,
,,,,,
,,,,,
,,,,,
,,,,,
,,,,,
,,,,,
,,,,,
,,,,,
,,,,,
,,,,,
,,,,,
,,,,,
,,,,,
,,,,,
,,,,,
,,,,,
,,,,,
,,,,,
,,,,,
,,,,,
,,,,,
,,,,,
,,,,,
,,,,,
,,,,,
,,,,,
,,,,,
,,,,,
,,,,,
,,,,,
,,,,,
,,,,,
,,,,,
,,,,,
,,,,,
,,,,,
,,,,,
,,,,,
,,,,,
,,,,,
,,,,,
,,,,,
,,,,,
,,,,,
,,,,,
,,,,,
,,,,,
,,,,,
,,,,,
,,,,,
,,,,,
,,,,,
,,,,,
,,,,,
,,,,,
,,,,,
,,,,,
,,,,,
,,,,,
,,,,,
,,,,,
,,,,,
,,,,,
,,,,,
,,,,,
,,,,,
,,,,,
,,,,,
,,,,,
,,,,,
,,,,,
,,,,,
,,,,,
,,,,,
,,,,,
,,,,,
,,,,,
,,,,,
,,,,,
,,,,,
,,,,,
,,,,,
,,,,,
,,,,,
,,,,,
,,,,,
,,,,,
,,,,,
,,,,,
,,,,,
,,,,,
,,,,,
,,,,,
,,,,,
,,,,,
,,,,,
,,,,,
,,,,,
,,,,,
,,,,,
,,,,,
,,,,,
,,,,,
,,,,,
,,,,,
,,,,,
,,,,,
,,,,,
,,,,,
,,,,,
,,,,,
,,,,,
,,,,,
,,,,,
,,,,,
,,,,,
,,,,,
,,,,,
,,,,,
,,,,,
,,,,,
,,,,,
,,,,,
,,,,,
,,,,,
,,,,,
,,,,,
,,,,,
,,,,,
,,,,,
,,,,,
,,,,,
,,,,,
,,,,,
,,,,,
,,,,,
,,,,,
,,,,,
,,,,,
,,,,,
,,,,,
,,,,,
,,,,,
,,,,,
,,,,,
,,,,,
,,,,,
,,,,,
,,,,,
,,,,,
,,,,,
,,,,,
,,,,,
,,,,,
,,,,,
,,,,,
,,,,,
,,,,,
,,,,,
,,,,,
,,,,,
,,,,,
,,,,,
,,,,,
,,,,,
,,,,,
,,,,,
,,,,,
,,,,,
,,,,,
,,,,,
,,,,,
,,,,,
,,,,,
,,,,,
,,,,,
,,,,,
,,,,,
,,,,,
,,,,,
,,,,,
,,,,,
,,,,,
,,,,,
,,,,,
,,,,,
,,,,,
,,,,,
,,,,,
,,,,,
,,,,,
,,,,,
,,,,,
,,,,,
,,,,,
,,,,,
,,,,,
,,,,,
,,,,,
,,,,,
,,,,,
,,,,,
,,,,,
,,,,,
,,,,,
,,,,,
,,,,,
,,,,,
,,,,,
,,,,,
,,,,,
,,,,,
,,,,,
,,,,,
,,,,,
,,,,,
,,,,,
,,,,,
,,,,,
,,,,,
,,,,,
,,,,,
,,,,,
,,,,,
,,,,,
,,,,,
,,,,,
,,,,,
,,,,,
,,,,,
,,,,,
,,,,,
,,,,,
,,,,,
,,,,,
,,,,,
,,,,,
,,,,,
,,,,,
,,,,,
,,,,,
,,,,,
,,,,,
,,,,,
,,,,,
,,,,,
,,,,,
,,,,,
,,,,,
,,,,,
,,,,,
,,,,,
,,,,,
,,,,,
,,,,,
,,,,,
,,,,,
,,,,,
,,,,,
,,,,,
,,,,,
,,,,,
,,,,,
,,,,,
,,,,,
,,,,,
,,,,,
,,,,,
,,,,,
,,,,,
,,,,,
,,,,,
,,,,,
,,,,,
,,,,,
,,,,,
,,,,,
,,,,,
,,,,,
,,,,,
,,,,,
,,,,,
,,,,,
,,,,,
,,,,,
,,,,,
,,,,,
,,,,,
,,,,,
,,,,,
,,,,,
,,,,,
,,,,,
,,,,,
,,,,,
,,,,,
,,,,,
,,,,,
,,,,,
,,,,,
,,,,,
,,,,,
,,,,,
,,,,,
,,,,,
,,,,,
,,,,,
,,,,,
,,,,,
,,,,,
,,,,,
,,,,,
,,,,,
,,,,,
,,,,,
,,,,,
,,,,,
,,,,,
,,,,,
,,,,,
,,,,,
,,,,,
,,,,,
,,,,,
,,,,,
,,,,,
,,,,,
,,,,,
,,,,,
,,,,,
,,,,,
,,,,,
,,,,,
,,,,,
,,,,,
,,,,,
,,,,,
,,,,,
,,,,,
,,,,,
,,,,,
,,,,,
,,,,,
,,,,,
,,,,,
,,,,,
,,,,,
,,,,,
,,,,,
,,,,,
,,,,,
,,,,,
,,,,,
,,,,,
,,,,,
,,,,,
,,,,,
,,,,,
,,,,,
,,,,,
,,,,,
,,,,,
,,,,,
,,,,,
,,,,,
,,,,,
,,,,,
,,,,,
,,,,,
,,,,,
,,,,,
,,,,,
,,,,,
,,,,,
,,,,,
,,,,,
,,,,,
,,,,,
,,,,,
,,,,,
,,,,,
,,,,,
,,,,,
,,,,,
,,,,,
,,,,,
,,,,,
,,,,,
,,,,,
,,,,,
,,,,,
,,,,,
,,,,,
,,,,,
,,,,,
,,,,,
,,,,,
,,,,,
,,,,,
,,,,,
,,,,,
,,,,,
,,,,,
,,,,,
,,,,,
,,,,,
,,,,,
,,,,,
,,,,,
,,,,,
,,,,,
,,,,,
,,,,,
,,,,,
,,,,,
,,,,,
,,,,,
,,,,,
,,,,,
,,,,,
,,,,,
,,,,,
,,,,,
,,,,,
,,,,,
,,,,,
,,,,,
,,,,,
,,,,,
,,,,,
,,,,,
,,,,,
,,,,,
,,,,,
,,,,,
,,,,,
,,,,,
,,,,,
,,,,,
,,,,,
,,,,,
,,,,,
,,,,,
,,,,,
,,,,,
,,,,,
,,,,,
,,,,,
,,,,,
,,,,,
,,,,,
,,,,,
,,,,,
,,,,,
,,,,,
,,,,,
,,,,,
,,,,,
,,,,,
,,,,,
,,,,,
,,,,,
,,,,,
,,,,,
,,,,,
,,,,,
,,,,,
,,,,,
,,,,,
,,,,,
,,,,,
,,,,,
,,,,,
,,,,,
,,,,,
,,,,,
,,,,,
,,,,,
,,,,,
,,,,,
,,,,,
,,,,,
,,,,,
,,,,,
,,,,,
,,,,,
,,,,,
,,,,,
,,,,,
,,,,,
,,,,,
,,,,,
,,,,,
,,,,,
,,,,,
,,,,,
,,,,,
,,,,,
,,,,,
,,,,,
,,,,,
,,,,,
,,,,,
,,,,,
,,,,,
,,,,,
,,,,,
,,,,,
,,,,,
,,,,,
,,,,,
,,,,,
,,,,,
,,,,,
,,,,,
,,,,,
,,,,,
,,,,,
,,,,,
,,,,,
,,,,,
,,,,,
,,,,,
,,,,,
,,,,,
,,,,,
,,,,,
,,,,,
,,,,,
,,,,,
,,,,,
,,,,,
,,,,,
,,,,,
,,,,,
,,,,,
,,,,,
,,,,,
,,,,,
,,,,,
,,,,,
,,,,,
,,,,,
,,,,,
,,,,,
,,,,,
,,,,,
,,,,,
,,,,,
,,,,,
,,,,,
,,,,,
,,,,,
,,,,,
,,,,,
,,,,,
,,,,,
,,,,,
,,,,,
,,,,,
,,,,,
,,,,,
,,,,,
,,,,,
,,,,,
,,,,,
,,,,,
,,,,,
,,,,,
,,,,,
,,,,,
,,,,,
,,,,,
,,,,,
,,,,,
,,,,,
,,,,,
,,,,,
,,,,,
,,,,,
,,,,,
,,,,,
,,,,,
,,,,,
,,,,,
,,,,,
,,,,,
,,,,,
,,,,,
,,,,,
,,,,,
,,,,,
,,,,,
,,,,,
,,,,,
,,,,,
,,,,,
,,,,,
,,,,,
,,,,,
,,,,,
,,,,,
,,,,,
,,,,,
,,,,,
,,,,,
,,,,,
,,,,,
,,,,,
,,,,,
,,,,,
,,,,,
,,,,,
,,,,,
,,,,,
,,,,,
,,,,,
,,,,,
,,,,,
,,,,,
,,,,,
,,,,,
,,,,,
,,,,,
,,,,,
,,,,,
,,,,,
,,,,,
,,,,,
,,,,,
,,,,,
,,,,,
,,,,,
,,,,,
,,,,,
,,,,,
,,,,,
,,,,,
,,,,,
,,,,,
,,,,,
,,,,,
,,,,,
,,,,,
,,,,,
,,,,,
,,,,,
,,,,,
,,,,,
,,,,,
,,,,,
,,,,,
,,,,,
,,,,,
,,,,,
,,,,,
,,,,,
,,,,,
,,,,,
,,,,,
,,,,,
,,,,,
,,,,,
,,,,,
,,,,,
,,,,,
,,,,,
,,,,,
,,,,,
,,,,,
,,,,,
,,,,,
,,,,,
,,,,,
,,,,,
,,,,,
,,,,,
,,,,,
,,,,,
,,,,,
,,,,,
,,,,,
,,,,,
,,,,,
,,,,,
,,,,,
,,,,,
,,,,,
,,,,,
,,,,,
,,,,,
,,,,,
,,,,,
,,,,,
,,,,,
,,,,,
,,,,,
,,,,,
,,,,,
,,,,,
,,,,,
,,,,,
,,,,,
,,,,,
,,,,,
,,,,,
,,,,,
,,,,,
,,,,,
,,,,,
,,,,,
,,,,,
,,,,,
,,,,,
,,,,,
,,,,,
,,,,,
,,,,,
,,,,,
,,,,,
,,,,,
,,,,,
,,,,,
,,,,,
,,,,,
,,,,,
,,,,,
,,,,,
,,,,,
,,,,,
,,,,,
,,,,,
,,,,,
,,,,,
,,,,,
,,,,,
,,,,,
,,,,,
,,,,,
,,,,,
,,,,,
,,,,,
,,,,,
,,,,,
,,,,,
,,,,,
,,,,,
,,,,,
,,,,,
,,,,,
,,,,,
,,,,,
,,,,,
,,,,,
,,,,,
,,,,,
,,,,,
,,,,,
,,,,,
,,,,,
,,,,,
,,,,,
,,,,,
,,,,,
,,,,,
,,,,,
,,,,,
,,,,,
,,,,,
,,,,,
,,,,,
,,,,,
,,,,,
,,,,,
,,,,,
,,,,,
,,,,,
,,,,,
,,,,,
,,,,,
,,,,,
,,,,,
,,,,,
,,,,,
,,,,,
,,,,,
,,,,,
,,,,,
,,,,,
,,,,,
,,,,,
,,,,,
,,,,,
,,,,,
,,,,,
,,,,,
,,,,,
,,,,,
,,,,,
,,,,,
,,,,,
,,,,,
,,,,,
,,,,,
,,,,,
,,,,,
,,,,,
,,,,,
,,,,,
,,,,,
,,,,,
,,,,,
,,,,,
,,,,,
,,,,,
,,,,,
,,,,,
,,,,,
,,,,,
,,,,,
,,,,,
,,,,,
,,,,,
,,,,,
,,,,,
,,,,,
,,,,,
,,,,,
,,,,,
,,,,,
,,,,,
,,,,,
,,,,,
,,,,,
,,,,,
,,,,,
,,,,,
,,,,,
,,,,,
,,,,,
,,,,,
,,,,,
,,,,,
,,,,,
,,,,,
,,,,,
,,,,,
,,,,,
,,,,,
,,,,,
,,,,,
,,,,,
,,,,,
,,,,,
,,,,,
,,,,,
,,,,,
,,,,,
,,,,,
,,,,,
,,,,,
,,,,,
,,,,,
,,,,,
,,,,,
,,,,,
,,,,,
,,,,,
,,,,,
,,,,,
,,,,,
,,,,,
,,,,,
,,,,,
,,,,,
,,,,,
,,,,,
,,,,,
,,,,,
,,,,,
,,,,,
,,,,,
,,,,,
,,,,,
,,,,,
,,,,,
,,,,,
,,,,,
,,,,,
,,,,,
,,,,,
,,,,,
,,,,,
,,,,,
,,,,,
,,,,,
,,,,,
,,,,,
,,,,,
,,,,,
,,,,,
,,,,,
,,,,,
,,,,,
,,,,,
,,,,,
,,,,,
,,,,,
,,,,,
,,,,,
,,,,,
,,,,,
,,,,,
,,,,,
,,,,,
,,,,,
,,,,,
,,,,,
,,,,,
,,,,,
,,,,,
,,,,,
,,,,,
,,,,,
,,,,,
,,,,,
,,,,,
,,,,,
,,,,,
,,,,,
,,,,,
,,,,,
,,,,,
,,,,,
,,,,,
,,,,,
,,,,,
,,,,,
,,,,,
,,,,,
,,,,,
,,,,,
,,,,,
,,,,,
,,,,,
,,,,,
,,,,,
,,,,,
,,,,,
,,,,,
,,,,,
,,,,,
,,,,,
,,,,,
,,,,,
,,,,,
,,,,,
,,,,,
,,,,,
,,,,,
,,,,,
,,,,,
,,,,,
,,,,,
,,,,,
,,,,,
,,,,,
,,,,,
,,,,,
,,,,,
,,,,,
,,,,,
,,,,,
,,,,,
,,,,,
,,,,,
,,,,,
,,,,,
,,,,,
,,,,,
,,,,,
,,,,,
,,,,,
,,,,,
,,,,,
,,,,,
,,,,,
,,,,,
,,,,,
,,,,,
,,,,,
,,,,,
,,,,,
,,,,,
,,,,,
,,,,,
,,,,,
,,,,,
,,,,,
,,,,,
,,,,,
,,,,,
,,,,,
,,,,,
,,,,,
,,,,,
,,,,,
,,,,,
,,,,,
,,,,,
,,,,,
,,,,,
,,,,,
,,,,,
,,,,,
,,,,,
,,,,,
,,,,,
,,,,,
,,,,,
,,,,,
,,,,,
,,,,,
,,,,,
,,,,,
,,,,,
,,,,,
,,,,,
,,,,,
,,,,,
,,,,,
,,,,,
,,,,,
,,,,,
,,,,,
,,,,,
,,,,,
,,,,,
,,,,,
,,,,,
,,,,,
,,,,,
,,,,,
,,,,,
,,,,,
,,,,,
,,,,,
,,,,,
,,,,,
,,,,,
,,,,,
,,,,,
,,,,,
,,,,,
,,,,,
,,,,,
,,,,,
,,,,,
,,,,,
,,,,,
,,,,,
,,,,,
,,,,,
,,,,,
,,,,,
,,,,,
,,,,,
,,,,,
,,,,,
,,,,,
,,,,,
,,,,,
,,,,,
,,,,,
,,,,,
,,,,,
,,,,,
,,,,,
,,,,,
,,,,,
,,,,,
,,,,,
,,,,,
,,,,,
,,,,,
,,,,,
,,,,,
,,,,,
,,,,,
,,,,,
,,,,,
,,,,,
,,,,,
,,,,,
,,,,,
,,,,,
,,,,,
,,,,,
,,,,,
,,,,,
,,,,,
,,,,,
,,,,,
,,,,,
,,,,,
,,,,,
,,,,,
,,,,,
,,,,,
,,,,,
,,,,,
,,,,,
,,,,,
,,,,,
,,,,,
,,,,,
,,,,,
,,,,,
,,,,,
,,,,,
,,,,,
,,,,,
,,,,,
,,,,,
,,,,,
,,,,,
,,,,,
,,,,,
,,,,,
,,,,,
,,,,,
,,,,,
,,,,,
,,,,,
,,,,,
,,,,,
,,,,,
,,,,,
,,,,,
,,,,,
,,,,,
,,,,,
,,,,,
,,,,,
,,,,,
,,,,,
,,,,,
,,,,,
,,,,,
,,,,,
,,,,,
,,,,,
,,,,,
,,,,,
,,,,,
,,,,,
,,,,,
,,,,,
,,,,,
,,,,,
,,,,,
,,,,,
,,,,,
,,,,,
,,,,,
,,,,,
,,,,,
,,,,,
,,,,,
,,,,,
,,,,,
,,,,,
,,,,,
,,,,,
,,,,,
,,,,,
,,,,,
,,,,,
,,,,,
,,,,,
,,,,,
,,,,,
,,,,,
,,,,,
,,,,,
,,,,,
,,,,,
,,,,,
,,,,,
,,,,,
,,,,,
,,,,,
,,,,,
,,,,,
,,,,,
,,,,,
,,,,,
,,,,,
,,,,,
,,,,,
,,,,,
,,,,,
,,,,,
,,,,,
,,,,,
,,,,,
,,,,,
,,,,,
,,,,,
,,,,,
,,,,,
,,,,,
,,,,,
,,,,,
,,,,,
,,,,,
,,,,,
,,,,,
,,,,,
,,,,,
,,,,,
,,,,,
,,,,,
,,,,,
,,,,,
,,,,,
,,,,,
,,,,,
,,,,,
,,,,,
,,,,,
,,,,,
,,,,,
,,,,,
,,,,,
,,,,,
,,,,,
,,,,,
,,,,,
,,,,,
,,,,,
,,,,,
,,,,,
,,,,,
,,,,,
,,,,,
,,,,,
,,,,,
,,,,,
,,,,,
,,,,,
,,,,,
,,,,,
,,,,,
,,,,,
,,,,,
,,,,,
,,,,,
,,,,,
,,,,,
,,,,,
,,,,,
,,,,,
,,,,,
,,,,,
,,,,,
,,,,,
,,,,,
,,,,,
,,,,,
,,,,,
,,,,,
,,,,,
,,,,,
,,,,,
,,,,,
,,,,,
,,,,,
,,,,,
,,,,,
,,,,,
,,,,,
,,,,,
,,,,,
,,,,,
,,,,,
,,,,,
,,,,,
,,,,,
,,,,,
,,,,,
,,,,,
,,,,,
,,,,,
,,,,,
,,,,,
,,,,,
,,,,,
,,,,,
,,,,,
,,,,,
,,,,,
,,,,,
,,,,,
,,,,,
,,,,,
,,,,,
,,,,,
,,,,,
,,,,,
,,,,,
,,,,,
,,,,,
,,,,,
,,,,,
,,,,,
,,,,,
,,,,,
,,,,,
,,,,,
,,,,,
,,,,,
,,,,,
,,,,,
,,,,,
,,,,,
,,,,,
,,,,,
,,,,,
,,,,,
,,,,,
,,,,,
,,,,,
,,,,,
,,,,,
,,,,,
,,,,,
,,,,,
,,,,,
,,,,,
,,,,,
,,,,,
,,,,,
,,,,,
,,,,,
,,,,,
,,,,,
,,,,,
,,,,,
,,,,,
,,,,,
,,,,,
,,,,,
,,,,,
,,,,,
,,,,,
,,,,,
,,,,,
,,,,,
,,,,,
,,,,,
,,,,,
,,,,,
,,,,,
,,,,,
,,,,,
,,,,,
,,,,,
,,,,,
,,,,,
,,,,,
,,,,,
,,,,,
,,,,,
,,,,,
,,,,,
,,,,,
,,,,,
,,,,,
,,,,,
,,,,,
,,,,,
,,,,,
,,,,,
,,,,,
,,,,,
,,,,,
,,,,,
,,,,,
,,,,,
,,,,,
,,,,,
,,,,,
,,,,,
,,,,,
,,,,,
,,,,,
,,,,,
,,,,,
,,,,,
,,,,,
,,,,,
,,,,,
,,,,,
,,,,,
,,,,,
,,,,,
,,,,,
,,,,,
,,,,,
,,,,,
,,,,,
,,,,,
,,,,,
,,,,,
,,,,,
,,,,,
,,,,,
,,,,,
,,,,,
,,,,,
,,,,,
,,,,,
,,,,,
,,,,,
,,,,,
,,,,,
,,,,,
,,,,,
,,,,,
,,,,,
,,,,,
,,,,,
,,,,,
,,,,,
,,,,,
,,,,,
,,,,,
,,,,,
,,,,,
,,,,,
,,,,,
,,,,,
,,,,,
,,,,,
,,,,,
,,,,,
,,,,,
,,,,,
,,,,,
,,,,,
,,,,,
,,,,,
,,,,,
,,,,,
,,,,,
,,,,,
,,,,,
,,,,,
,,,,,
,,,,,
,,,,,
,,,,,
,,,,,
,,,,,
,,,,,
,,,,,
,,,,,
,,,,,
,,,,,
,,,,,
,,,,,
,,,,,
,,,,,
,,,,,
,,,,,
,,,,,
,,,,,
,,,,,
,,,,,
,,,,,
,,,,,
,,,,,
,,,,,
,,,,,
,,,,,
,,,,,
,,,,,
,,,,,
,,,,,
,,,,,
,,,,,
,,,,,
,,,,,
,,,,,
,,,,,
,,,,,
,,,,,
,,,,,
,,,,,
,,,,,
,,,,,
,,,,,
,,,,,
,,,,,
,,,,,
,,,,,
,,,,,
,,,,,
,,,,,
,,,,,
,,,,,
,,,,,
,,,,,
,,,,,
,,,,,
,,,,,
,,,,,
,,,,,
,,,,,
,,,,,
,,,,,
,,,,,
,,,,,
,,,,,
,,,,,
,,,,,
,,,,,
,,,,,
,,,,,
,,,,,
,,,,,
,,,,,
,,,,,
,,,,,
,,,,,
,,,,,
,,,,,
,,,,,
,,,,,
,,,,,
,,,,,
,,,,,
,,,,,
,,,,,
,,,,,
,,,,,
,,,,,
,,,,,
,,,,,
,,,,,
,,,,,
,,,,,
,,,,,
,,,,,
,,,,,
,,,,,
,,,,,
,,,,,
,,,,,
,,,,,
,,,,,
,,,,,
,,,,,
,,,,,
,,,,,
,,,,,
,,,,,
,,,,,
,,,,,
,,,,,
,,,,,
,,,,,
,,,,,
,,,,,
,,,,,
,,,,,
,,,,,
,,,,,
,,,,,
,,,,,
,,,,,
,,,,,
,,,,,
,,,,,
,,,,,
,,,,,
,,,,,
,,,,,
,,,,,
,,,,,
,,,,,
,,,,,
,,,,,
,,,,,
,,,,,
,,,,,
,,,,,
,,,,,
,,,,,
,,,,,
,,,,,
,,,,,
,,,,,
,,,,,
,,,,,
,,,,,
,,,,,
,,,,,
,,,,,
,,,,,
,,,,,
,,,,,
,,,,,
,,,,,
,,,,,
,,,,,
,,,,,
,,,,,
,,,,,
,,,,,
,,,,,
,,,,,
,,,,,
,,,,,
,,,,,
,,,,,
,,,,,
,,,,,
,,,,,
,,,,,
,,,,,
,,,,,
,,,,,
,,,,,
,,,,,
,,,,,
,,,,,
,,,,,
,,,,,
,,,,,
,,,,,
,,,,,
,,,,,
,,,,,
,,,,,
,,,,,
,,,,,
,,,,,
,,,,,
,,,,,
,,,,,
,,,,,
,,,,,
,,,,,
,,,,,
,,,,,
,,,,,
,,,,,
,,,,,
,,,,,
,,,,,
,,,,,
,,,,,
,,,,,
,,,,,
,,,,,
,,,,,
,,,,,
,,,,,
,,,,,
,,,,,
,,,,,
,,,,,
,,,,,
,,,,,
,,,,,
,,,,,
,,,,,
,,,,,
,,,,,
,,,,,
,,,,,
,,,,,
,,,,,
,,,,,
,,,,,
,,,,,
,,,,,
,,,,,
,,,,,
,,,,,
,,,,,
,,,,,
,,,,,
,,,,,
,,,,,
,,,,,
,,,,,
,,,,,
,,,,,
,,,,,
,,,,,
,,,,,
,,,,,
,,,,,
,,,,,
,,,,,
,,,,,
,,,,,
,,,,,
,,,,,
,,,,,
,,,,,
,,,,,
,,,,,
,,,,,
,,,,,
,,,,,
,,,,,
,,,,,
,,,,,
,,,,,
,,,,,
,,,,,
,,,,,
,,,,,
,,,,,
,,,,,
,,,,,
,,,,,
,,,,,
,,,,,
,,,,,
,,,,,
,,,,,
,,,,,
,,,,,
,,,,,
,,,,,
,,,,,
,,,,,
,,,,,
,,,,,
,,,,,
,,,,,
,,,,,
,,,,,
,,,,,
,,,,,
,,,,,
,,,,,
,,,,,
,,,,,
,,,,,
,,,,,
,,,,,
,,,,,
,,,,,
,,,,,
,,,,,
,,,,,
,,,,,
,,,,,
,,,,,
,,,,,
,,,,,
,,,,,
,,,,,
,,,,,
,,,,,
,,,,,
,,,,,
,,,,,
,,,,,
,,,,,
,,,,,
,,,,,
,,,,,
,,,,,
,,,,,
,,,,,
,,,,,
,,,,,
,,,,,
,,,,,
,,,,,
,,,,,
,,,,,
,,,,,
,,,,,
,,,,,
,,,,,
,,,,,
,,,,,
,,,,,
,,,,,
,,,,,
,,,,,
,,,,,
,,,,,
,,,,,
,,,,,
,,,,,
,,,,,
,,,,,
,,,,,
,,,,,
,,,,,
,,,,,
,,,,,
,,,,,
,,,,,
,,,,,
,,,,,
,,,,,
,,,,,
,,,,,
,,,,,
,,,,,
,,,,,
,,,,,
,,,,,
,,,,,
,,,,,
,,,,,
,,,,,
,,,,,
,,,,,
,,,,,
,,,,,
,,,,,
,,,,,
,,,,,
,,,,,
,,,,,
,,,,,
,,,,,
,,,,,
,,,,,
,,,,,
,,,,,
,,,,,
,,,,,
,,,,,
,,,,,
,,,,,
,,,,,
,,,,,
,,,,,
,,,,,
,,,,,
,,,,,
,,,,,
,,,,,
,,,,,
,,,,,
,,,,,
,,,,,
,,,,,
,,,,,
,,,,,
,,,,,
,,,,,
,,,,,
,,,,,
,,,,,
,,,,,
,,,,,
,,,,,
,,,,,
,,,,,
,,,,,
,,,,,
,,,,,
,,,,,
,,,,,
,,,,,
,,,,,
,,,,,
,,,,,
,,,,,
,,,,,
,,,,,
,,,,,
,,,,,
,,,,,
,,,,,
,,,,,
,,,,,
,,,,,
,,,,,
,,,,,
,,,,,
,,,,,
,,,,,
,,,,,
,,,,,
,,,,,
,,,,,
,,,,,
,,,,,
,,,,,
,,,,,
,,,,,
,,,,,
,,,,,
,,,,,
,,,,,
,,,,,
,,,,,
,,,,,
,,,,,
,,,,,
,,,,,
,,,,,
,,,,,
,,,,,
,,,,,
,,,,,
,,,,,
,,,,,
,,,,,
,,,,,
,,,,,
,,,,,
,,,,,
,,,,,
,,,,,
,,,,,
,,,,,
,,,,,
,,,,,
,,,,,
,,,,,
,,,,,
,,,,,
,,,,,
,,,,,
,,,,,
,,,,,
,,,,,
,,,,,
,,,,,
,,,,,
,,,,,
,,,,,
,,,,,
,,,,,
,,,,,
,,,,,
,,,,,
,,,,,
,,,,,
,,,,,
,,,,,
,,,,,
,,,,,
,,,,,
,,,,,
,,,,,
,,,,,
,,,,,
,,,,,
,,,,,
,,,,,
,,,,,
,,,,,
,,,,,
,,,,,
,,,,,
,,,,,
,,,,,
,,,,,
,,,,,
,,,,,
,,,,,
,,,,,
,,,,,
,,,,,
,,,,,
,,,,,
,,,,,
,,,,,
,,,,,
,,,,,
,,,,,
,,,,,
,,,,,
,,,,,
,,,,,
,,,,,
,,,,,
,,,,,
,,,,,
,,,,,
,,,,,
,,,,,
,,,,,
,,,,,
,,,,,
,,,,,
,,,,,
,,,,,
,,,,,
,,,,,
,,,,,
,,,,,
,,,,,
,,,,,
,,,,,
,,,,,
,,,,,
,,,,,
,,,,,
,,,,,
,,,,,
,,,,,
,,,,,
,,,,,
,,,,,
,,,,,
,,,,,
,,,,,
,,,,,
,,,,,
,,,,,
,,,,,
,,,,,
,,,,,
,,,,,
,,,,,
,,,,,
,,,,,
,,,,,
,,,,,
,,,,,
,,,,,
,,,,,
,,,,,
,,,,,
,,,,,
,,,,,
,,,,,
,,,,,
,,,,,
,,,,,
,,,,,
,,,,,
,,,,,
,,,,,
,,,,,
,,,,,
,,,,,
,,,,,
,,,,,
,,,,,
,,,,,
,,,,,
,,,,,
,,,,,
,,,,,
,,,,,
,,,,,
,,,,,
,,,,,
,,,,,
,,,,,
,,,,,
,,,,,
,,,,,
,,,,,
,,,,,
,,,,,
,,,,,
,,,,,
,,,,,
,,,,,
,,,,,
,,,,,
,,,,,
,,,,,
,,,,,
,,,,,
,,,,,
,,,,,
,,,,,
,,,,,
,,,,,
,,,,,
,,,,,
,,,,,
,,,,,
,,,,,
,,,,,
,,,,,
,,,,,
,,,,,
,,,,,
,,,,,
,,,,,
,,,,,
,,,,,
,,,,,
,,,,,
,,,,,
,,,,,
,,,,,
,,,,,
,,,,,
,,,,,
,,,,,
,,,,,
,,,,,
,,,,,
,,,,,
,,,,,
,,,,,
,,,,,
,,,,,
,,,,,
,,,,,
,,,,,
,,,,,
,,,,,
,,,,,
,,,,,
,,,,,
,,,,,
,,,,,
,,,,,
,,,,,
,,,,,
,,,,,
,,,,,
,,,,,
,,,,,
,,,,,
,,,,,
,,,,,
,,,,,
,,,,,
,,,,,
,,,,,
,,,,,
,,,,,
,,,,,
,,,,,
,,,,,
,,,,,
,,,,,
,,,,,
,,,,,
,,,,,
,,,,,
,,,,,
,,,,,
,,,,,
,,,,,
,,,,,
,,,,,
,,,,,
,,,,,
,,,,,
,,,,,
,,,,,
,,,,,
,,,,,
,,,,,
,,,,,
,,,,,
,,,,,
,,,,,
,,,,,
,,,,,
,,,,,
,,,,,
,,,,,
,,,,,
,,,,,
,,,,,
,,,,,
,,,,,
,,,,,
,,,,,
,,,,,
,,,,,
,,,,,
,,,,,
,,,,,
,,,,,
,,,,,
,,,,,
,,,,,
,,,,,
,,,,,
,,,,,
,,,,,
,,,,,
,,,,,
,,,,,
,,,,,
,,,,,
,,,,,
,,,,,
,,,,,
,,,,,
,,,,,
,,,,,
,,,,,
,,,,,
,,,,,
,,,,,
,,,,,
,,,,,
,,,,,
,,,,,
,,,,,
,,,,,
,,,,,
,,,,,
,,,,,
,,,,,
,,,,,
,,,,,
,,,,,
,,,,,
,,,,,
,,,,,
,,,,,
,,,,,
,,,,,
,,,,,
,,,,,
,,,,,
,,,,,
,,,,,
,,,,,
,,,,,
,,,,,
,,,,,
,,,,,
,,,,,
,,,,,
,,,,,
,,,,,
,,,,,
,,,,,
,,,,,
,,,,,
,,,,,
,,,,,
,,,,,
,,,,,
,,,,,
,,,,,
,,,,,
,,,,,
,,,,,
,,,,,
,,,,,
,,,,,
,,,,,
,,,,,
,,,,,
,,,,,
,,,,,
,,,,,
,,,,,
,,,,,
,,,,,
,,,,,
,,,,,
,,,,,
,,,,,
,,,,,
,,,,,
,,,,,
,,,,,
,,,,,
,,,,,
,,,,,
,,,,,
,,,,,
,,,,,
,,,,,
,,,,,
,,,,,
,,,,,
,,,,,
,,,,,
,,,,,
,,,,,
,,,,,
,,,,,
,,,,,
,,,,,
,,,,,
,,,,,
,,,,,
,,,,,
,,,,,
,,,,,
,,,,,
,,,,,
,,,,,
,,,,,
,,,,,
,,,,,
,,,,,
,,,,,
,,,,,
,,,,,
,,,,,
,,,,,
,,,,,
,,,,,
,,,,,
,,,,,
,,,,,
,,,,,
,,,,,
,,,,,
,,,,,
,,,,,
,,,,,
,,,,,
,,,,,
,,,,,
,,,,,
,,,,,
,,,,,
,,,,,
,,,,,
,,,,,
,,,,,
,,,,,
,,,,,
,,,,,
,,,,,
,,,,,
,,,,,
,,,,,
,,,,,
,,,,,
,,,,,
,,,,,
,,,,,
,,,,,
,,,,,
,,,,,
,,,,,
,,,,,
,,,,,
,,,,,
,,,,,
,,,,,
,,,,,
,,,,,
,,,,,
,,,,,
,,,,,
,,,,,
,,,,,
,,,,,
,,,,,
,,,,,
,,,,,
,,,,,
,,,,,
,,,,,
,,,,,
,,,,,
,,,,,
,,,,,
,,,,,
,,,,,
,,,,,
,,,,,
,,,,,
,,,,,
,,,,,
,,,,,
,,,,,
,,,,,
,,,,,
,,,,,
,,,,,
,,,,,
,,,,,
,,,,,
,,,,,
,,,,,
,,,,,
,,,,,
,,,,,
,,,,,
,,,,,
,,,,,
,,,,,
,,,,,
,,,,,
,,,,,
,,,,,
,,,,,
,,,,,
,,,,,
,,,,,
,,,,,
,,,,,
,,,,,
,,,,,
,,,,,
,,,,,
,,,,,
,,,,,
,,,,,
,,,,,
,,,,,
,,,,,
,,,,,
,,,,,
,,,,,
,,,,,
,,,,,
,,,,,
,,,,,
,,,,,
,,,,,
,,,,,
,,,,,
,,,,,
,,,,,
,,,,,
,,,,,
,,,,,
,,,,,
,,,,,
,,,,,
,,,,,
,,,,,
,,,,,
,,,,,
,,,,,
,,,,,
,,,,,
,,,,,
,,,,,
,,,,,
,,,,,
,,,,,
,,,,,
,,,,,
,,,,,
,,,,,
,,,,,
,,,,,
,,,,,
,,,,,
,,,,,
,,,,,
,,,,,
,,,,,
,,,,,
,,,,,
,,,,,
,,,,,
,,,,,
,,,,,
,,,,,
,,,,,
,,,,,
,,,,,
,,,,,
,,,,,
,,,,,
,,,,,
,,,,,
,,,,,
,,,,,
,,,,,
,,,,,
,,,,,
,,,,,
,,,,,
,,,,,
,,,,,
,,,,,
,,,,,
,,,,,
,,,,,
,,,,,
,,,,,
,,,,,
,,,,,
,,,,,
,,,,,
,,,,,
,,,,,
,,,,,
,,,,,
,,,,,
,,,,,
,,,,,
,,,,,
,,,,,
,,,,,
,,,,,
,,,,,
,,,,,
,,,,,
,,,,,
,,,,,
,,,,,
,,,,,
,,,,,
,,,,,
,,,,,
,,,,,
,,,,,
,,,,,
,,,,,
,,,,,
,,,,,
,,,,,
,,,,,
,,,,,
,,,,,
,,,,,
,,,,,
,,,,,
,,,,,
,,,,,
,,,,,
,,,,,
,,,,,
,,,,,
,,,,,
,,,,,
,,,,,
,,,,,
,,,,,
,,,,,
,,,,,
,,,,,
,,,,,
,,,,,
,,,,,
,,,,,
,,,,,
,,,,,
,,,,,
,,,,,
,,,,,
,,,,,
,,,,,
,,,,,
,,,,,
,,,,,
,,,,,
,,,,,
,,,,,
,,,,,
,,,,,
,,,,,
,,,,,
,,,,,
,,,,,
,,,,,
,,,,,
,,,,,
,,,,,
,,,,,
,,,,,
,,,,,
,,,,,
,,,,,
,,,,,
,,,,,
,,,,,
,,,,,
,,,,,
,,,,,
,,,,,
,,,,,
,,,,,
,,,,,
,,,,,
,,,,,
,,,,,
,,,,,
,,,,,
,,,,,
,,,,,
,,,,,
,,,,,
,,,,,
,,,,,
,,,,,
,,,,,
,,,,,
,,,,,
,,,,,
,,,,,
,,,,,
,,,,,
,,,,,
,,,,,
,,,,,
,,,,,
,,,,,
,,,,,
,,,,,
,,,,,
,,,,,
,,,,,
,,,,,
,,,,,
,,,,,
,,,,,
,,,,,
,,,,,
,,,,,
,,,,,
,,,,,
,,,,,
,,,,,
,,,,,
,,,,,
,,,,,
,,,,,
,,,,,
,,,,,
,,,,,
,,,,,
,,,,,
,,,,,
,,,,,
,,,,,
,,,,,
,,,,,
,,,,,
,,,,,
,,,,,
,,,,,
,,,,,
,,,,,
,,,,,
,,,,,
,,,,,
,,,,,
,,,,,
,,,,,
,,,,,
,,,,,
,,,,,
,,,,,
,,,,,
,,,,,
,,,,,
,,,,,
,,,,,
,,,,,
,,,,,
,,,,,
,,,,,
,,,,,
,,,,,
,,,,,
,,,,,
,,,,,
,,,,,
,,,,,
,,,,,
,,,,,
,,,,,
,,,,,
,,,,,
,,,,,
,,,,,
,,,,,
,,,,,
,,,,,
,,,,,
,,,,,
,,,,,
,,,,,
,,,,,
,,,,,
,,,,,
,,,,,
,,,,,
,,,,,
,,,,,
,,,,,
,,,,,
,,,,,
,,,,,
,,,,,
,,,,,
,,,,,
,,,,,
,,,,,
,,,,,
,,,,,
,,,,,
,,,,,
,,,,,
,,,,,
,,,,,
,,,,,
,,,,,
,,,,,
,,,,,
,,,,,
,,,,,
,,,,,
,,,,,
,,,,,
,,,,,
,,,,,
,,,,,
,,,,,
,,,,,
,,,,,
,,,,,
,,,,,
,,,,,
,,,,,
,,,,,
,,,,,
,,,,,
,,,,,
,,,,,
,,,,,
,,,,,
,,,,,
,,,,,
,,,,,
,,,,,
,,,,,
,,,,,
,,,,,
,,,,,
,,,,,
,,,,,
,,,,,
,,,,,
,,,,,
,,,,,
,,,,,
,,,,,
,,,,,
,,,,,
,,,,,
,,,,,
,,,,,
,,,,,
,,,,,
,,,,,
,,,,,
,,,,,
,,,,,
,,,,,
,,,,,
,,,,,
,,,,,
,,,,,
,,,,,
,,,,,
,,,,,
,,,,,
,,,,,
,,,,,
,,,,,
,,,,,
,,,,,
,,,,,
,,,,,
,,,,,
,,,,,
,,,,,
,,,,,
,,,,,
,,,,,
,,,,,
,,,,,
,,,,,
,,,,,
,,,,,
,,,,,
,,,,,
,,,,,
,,,,,
,,,,,
,,,,,
,,,,,
,,,,,
,,,,,
,,,,,
,,,,,
,,,,,
,,,,,
,,,,,
,,,,,
,,,,,
,,,,,
,,,,,
,,,,,
,,,,,
,,,,,
,,,,,
,,,,,
,,,,,
,,,,,
,,,,,
,,,,,
,,,,,
,,,,,
,,,,,
,,,,,
,,,,,
,,,,,
,,,,,
,,,,,
,,,,,
,,,,,
,,,,,
,,,,,
,,,,,
,,,,,
,,,,,
,,,,,
,,,,,
,,,,,
,,,,,
,,,,,
,,,,,
,,,,,
,,,,,
,,,,,
,,,,,
,,,,,
,,,,,
,,,,,
,,,,,
,,,,,
,,,,,
,,,,,
,,,,,
,,,,,
,,,,,
,,,,,
,,,,,
,,,,,
,,,,,
,,,,,
,,,,,
,,,,,
,,,,,
,,,,,
,,,,,
,,,,,
,,,,,
,,,,,
,,,,,
,,,,,
,,,,,
,,,,,
,,,,,
,,,,,
,,,,,
,,,,,
,,,,,
,,,,,
,,,,,
,,,,,
,,,,,
,,,,,
,,,,,
,,,,,
,,,,,
,,,,,
,,,,,
,,,,,
,,,,,
,,,,,
,,,,,
,,,,,
,,,,,
,,,,,
,,,,,
,,,,,
,,,,,
,,,,,
,,,,,
,,,,,
,,,,,
,,,,,
,,,,,
,,,,,
,,,,,
,,,,,
,,,,,
,,,,,
,,,,,
,,,,,
,,,,,
,,,,,
,,,,,
,,,,,
,,,,,
,,,,,
,,,,,
,,,,,
,,,,,
,,,,,
,,,,,
,,,,,
,,,,,
,,,,,
,,,,,
,,,,,
,,,,,
,,,,,
,,,,,
,,,,,
,,,,,
,,,,,
,,,,,
,,,,,
,,,,,
,,,,,
,,,,,
,,,,,
,,,,,
,,,,,
,,,,,
,,,,,
,,,,,
,,,,,
,,,,,
,,,,,
,,,,,
,,,,,
,,,,,
,,,,,
,,,,,
,,,,,
,,,,,
,,,,,
,,,,,
,,,,,
,,,,,
,,,,,
,,,,,
,,,,,
,,,,,
,,,,,
,,,,,
,,,,,
,,,,,
,,,,,
,,,,,
,,,,,
,,,,,
,,,,,
,,,,,
,,,,,
,,,,,
,,,,,
,,,,,
,,,,,
,,,,,
,,,,,
,,,,,
,,,,,
,,,,,
,,,,,
,,,,,
,,,,,
,,,,,
,,,,,
,,,,,
,,,,,
,,,,,
,,,,,
,,,,,
,,,,,
,,,,,
,,,,,
,,,,,
,,,,,
,,,,,
,,,,,
,,,,,
,,,,,
,,,,,
,,,,,
,,,,,
,,,,,
,,,,,
,,,,,
,,,,,
,,,,,
,,,,,
,,,,,
,,,,,
,,,,,
,,,,,
,,,,,
,,,,,
,,,,,
,,,,,
,,,,,
,,,,,
,,,,,
,,,,,
,,,,,
,,,,,
,,,,,
,,,,,
,,,,,
,,,,,
,,,,,
,,,,,
,,,,,
,,,,,
,,,,,
,,,,,
,,,,,
,,,,,
,,,,,
,,,,,
,,,,,
,,,,,
,,,,,
,,,,,
,,,,,
,,,,,
,,,,,
,,,,,
,,,,,
,,,,,
,,,,,
,,,,,
,,,,,
,,,,,
,,,,,
,,,,,
,,,,,
,,,,,
,,,,,
,,,,,
,,,,,
,,,,,
,,,,,
,,,,,
,,,,,
,,,,,
,,,,,
,,,,,
,,,,,
,,,,,
,,,,,
,,,,,
,,,,,
,,,,,
,,,,,
,,,,,
,,,,,
,,,,,
,,,,,
,,,,,
,,,,,
,,,,,
,,,,,
,,,,,
,,,,,
,,,,,
,,,,,
,,,,,
,,,,,
,,,,,
,,,,,
,,,,,
,,,,,
,,,,,
,,,,,
,,,,,
,,,,,
,,,,,
,,,,,
,,,,,
,,,,,
,,,,,
,,,,,
,,,,,
,,,,,
,,,,,
,,,,,
,,,,,
,,,,,
,,,,,
,,,,,
,,,,,
,,,,,
,,,,,
,,,,,
,,,,,
,,,,,
,,,,,
,,,,,
,,,,,
,,,,,
,,,,,
,,,,,
,,,,,
,,,,,
,,,,,
,,,,,
,,,,,
,,,,,
,,,,,
,,,,,
,,,,,
,,,,,
,,,,,
,,,,,
,,,,,
,,,,,
,,,,,
,,,,,
,,,,,
,,,,,
,,,,,
,,,,,
,,,,,
,,,,,
,,,,,
,,,,,
,,,,,
,,,,,
,,,,,
,,,,,
,,,,,
,,,,,
,,,,,
,,,,,
,,,,,
,,,,,
,,,,,
,,,,,
,,,,,
,,,,,
,,,,,
,,,,,
,,,,,
,,,,,
,,,,,
,,,,,
,,,,,
,,,,,
,,,,,
,,,,,
,,,,,
,,,,,
,,,,,
,,,,,
,,,,,
,,,,,
,,,,,
,,,,,
,,,,,
,,,,,
,,,,,
,,,,,
,,,,,
,,,,,
,,,,,
,,,,,
,,,,,
,,,,,
,,,,,
,,,,,
,,,,,
,,,,,
,,,,,
,,,,,
,,,,,
,,,,,
,,,,,
,,,,,
,,,,,
,,,,,
,,,,,
,,,,,
,,,,,
,,,,,
,,,,,
,,,,,
,,,,,
,,,,,
,,,,,
,,,,,
,,,,,
,,,,,
,,,,,
,,,,,
,,,,,
,,,,,
,,,,,
,,,,,
,,,,,
,,,,,
,,,,,
,,,,,
,,,,,
,,,,,
,,,,,
,,,,,
,,,,,
,,,,,
,,,,,
,,,,,
,,,,,
,,,,,
,,,,,
,,,,,
,,,,,
,,,,,
,,,,,
,,,,,
,,,,,
,,,,,
,,,,,
,,,,,
,,,,,
,,,,,
,,,,,
,,,,,
,,,,,
,,,,,
,,,,,
,,,,,
,,,,,
,,,,,
,,,,,
,,,,,
,,,,,
,,,,,
,,,,,
,,,,,
,,,,,
,,,,,
,,,,,
,,,,,
,,,,,
,,,,,
,,,,,
,,,,,
,,,,,
,,,,,
,,,,,
,,,,,
,,,,,
,,,,,
,,,,,
,,,,,
,,,,,
,,,,,
,,,,,
,,,,,
,,,,,
,,,,,
,,,,,
,,,,,
,,,,,
,,,,,
,,,,,
,,,,,
,,,,,
,,,,,
,,,,,
,,,,,
,,,,,
,,,,,
,,,,,
,,,,,
,,,,,
,,,,,
,,,,,
,,,,,
,,,,,
,,,,,
,,,,,
,,,,,
,,,,,
,,,,,
,,,,,
,,,,,
,,,,,
,,,,,
,,,,,
,,,,,
,,,,,
,,,,,
,,,,,
,,,,,
,,,,,
,,,,,
,,,,,
,,,,,
,,,,,
,,,,,
,,,,,
,,,,,
,,,,,
,,,,,
,,,,,
,,,,,
,,,,,
,,,,,
,,,,,
,,,,,
,,,,,
,,,,,
,,,,,
,,,,,
,,,,,
,,,,,
,,,,,
,,,,,
,,,,,
,,,,,
,,,,,
,,,,,
,,,,,
,,,,,
,,,,,
,,,,,
,,,,,
,,,,,
,,,,,
,,,,,
,,,,,
,,,,,
,,,,,
,,,,,
,,,,,
,,,,,
,,,,,
,,,,,
,,,,,
,,,,,
,,,,,
,,,,,
,,,,,
,,,,,
,,,,,
,,,,,
,,,,,
,,,,,
,,,,,
,,,,,
,,,,,
,,,,,
,,,,,
,,,,,
,,,,,
,,,,,
,,,,,
,,,,,
,,,,,
,,,,,
,,,,,
,,,,,
,,,,,
,,,,,
,,,,,
,,,,,
,,,,,
,,,,,
,,,,,
,,,,,
,,,,,
,,,,,
,,,,,
,,,,,
,,,,,
,,,,,
,,,,,
,,,,,
,,,,,
,,,,,
,,,,,
,,,,,
,,,,,
,,,,,
,,,,,
,,,,,
,,,,,
,,,,,
,,,,,
,,,,,
,,,,,
,,,,,
,,,,,
,,,,,
,,,,,
,,,,,
,,,,,
,,,,,
,,,,,
,,,,,
,,,,,
,,,,,
,,,,,
,,,,,
,,,,,
,,,,,
,,,,,
,,,,,
,,,,,
,,,,,
,,,,,
,,,,,
,,,,,
,,,,,
,,,,,
,,,,,
,,,,,
,,,,,
,,,,,
,,,,,
,,,,,
,,,,,
,,,,,
,,,,,
,,,,,
,,,,,
,,,,,
,,,,,
,,,,,
,,,,,
,,,,,
,,,,,
,,,,,
,,,,,
,,,,,
,,,,,
,,,,,
,,,,,
,,,,,
,,,,,
,,,,,
,,,,,
,,,,,
,,,,,
,,,,,
,,,,,
,,,,,
,,,,,
,,,,,
,,,,,
,,,,,
,,,,,
,,,,,
,,,,,
,,,,,
,,,,,
,,,,,
,,,,,
,,,,,
,,,,,
,,,,,
,,,,,
,,,,,
,,,,,
,,,,,
,,,,,
,,,,,
,,,,,
,,,,,
,,,,,
,,,,,
,,,,,
,,,,,
,,,,,
,,,,,
,,,,,
,,,,,
,,,,,
,,,,,
,,,,,
,,,,,
,,,,,
,,,,,
,,,,,
,,,,,
,,,,,
,,,,,
,,,,,
,,,,,
,,,,,
,,,,,
,,,,,
,,,,,
,,,,,
,,,,,
,,,,,
,,,,,
,,,,,
,,,,,
,,,,,
,,,,,
,,,,,
,,,,,
,,,,,
,,,,,
,,,,,
,,,,,
,,,,,
,,,,,
,,,,,
,,,,,
,,,,,
,,,,,
,,,,,
,,,,,
,,,,,
,,,,,
,,,,,
,,,,,
,,,,,
,,,,,
,,,,,
,,,,,
,,,,,
,,,,,
,,,,,
,,,,,
,,,,,
,,,,,
,,,,,
,,,,,
,,,,,
,,,,,
,,,,,
,,,,,
,,,,,
,,,,,
,,,,,
,,,,,
,,,,,
,,,,,
,,,,,
,,,,,
,,,,,
,,,,,
,,,,,
,,,,,
,,,,,
,,,,,
,,,,,
,,,,,
,,,1,,
