"","Date","Tree","Species","Direction","Cover.Class"
"1","24-May",150,"Buckthorn","N",0
"2","24-May",150,"Multiflora rose","N",0
"3","24-May",150,"Honeysuckle","N",0
"4","24-May",150,"Privot","N",0
"5","24-May",150,"Spicebush","N",1
"6","24-May",150,"Rubus","N",0
"7","24-May",150,"Mapleleaf viburnum","N",0
"8","24-May",150,"Buckthorn","S",0
"9","24-May",150,"Multiflora rose","S",1
"10","24-May",150,"Honeysuckle","S",0
"11","24-May",150,"Privot","S",0
"12","24-May",150,"Spicebush","S",0
"13","24-May",150,"Rubus","S",1
"14","24-May",150,"Mapleleaf viburnum","S",1
"15","24-May",927,"Buckthorn","N",1
"16","24-May",927,"Multiflora rose","N",0
"17","24-May",927,"Honeysuckle","N",0
"18","24-May",927,"Privot","N",0
"19","24-May",927,"Spicebush","N",0
"20","24-May",927,"Rubus","N",1
"21","24-May",927,"Mapleleaf viburnum","N",0
"22","24-May",927,"Buckthorn","S",0
"23","24-May",927,"Multiflora rose","S",0
"24","24-May",927,"Honeysuckle","S",0
"25","24-May",927,"Privot","S",0
"26","24-May",927,"Spicebush","S",0
"27","24-May",927,"Rubus","S",0
"28","24-May",927,"Mapleleaf viburnum","S",0
"29","24-May",248,"Buckthorn","N",0
"30","24-May",248,"Multiflora rose","N",4
"31","24-May",248,"Honeysuckle","N",1
"32","24-May",248,"Privot","N",0
"33","24-May",248,"Spicebush","N",1
"34","24-May",248,"Rubus","N",1
"35","24-May",248,"Mapleleaf viburnum","N",0
"36","24-May",248,"Buckthorn","S",1
"37","24-May",248,"Multiflora rose","S",4
"38","24-May",248,"Honeysuckle","S",0
"39","24-May",248,"Privot","S",0
"40","24-May",248,"Spicebush","S",1
"41","24-May",248,"Rubus","S",0
"42","24-May",248,"Mapleleaf viburnum","S",0
"43","24-May",149,"Buckthorn","N",1
"44","24-May",149,"Multiflora rose","N",3
"45","24-May",149,"Honeysuckle","N",0
"46","24-May",149,"Privot","N",0
"47","24-May",149,"Spicebush","N",1
"48","24-May",149,"Rubus","N",0
"49","24-May",149,"Mapleleaf viburnum","N",0
"50","24-May",149,"Buckthorn","S",0
"51","24-May",149,"Multiflora rose","S",5
"52","24-May",149,"Honeysuckle","S",0
"53","24-May",149,"Privot","S",0
"54","24-May",149,"Spicebush","S",1
"55","24-May",149,"Rubus","S",0
"56","24-May",149,"Mapleleaf viburnum","S",0
"57","24-May",54,"Buckthorn","N",1
"58","24-May",54,"Multiflora rose","N",0
"59","24-May",54,"Honeysuckle","N",1
"60","24-May",54,"Privot","N",0
"61","24-May",54,"Spicebush","N",0
"62","24-May",54,"Rubus","N",1
"63","24-May",54,"Mapleleaf viburnum","N",1
"64","24-May",54,"Buckthorn","S",0
"65","24-May",54,"Multiflora rose","S",1
"66","24-May",54,"Honeysuckle","S",0
"67","24-May",54,"Privot","S",0
"68","24-May",54,"Spicebush","S",0
"69","24-May",54,"Rubus","S",0
"70","24-May",54,"Mapleleaf viburnum","S",0
"71","24-May",44,"Buckthorn","N",1
"72","24-May",44,"Multiflora rose","N",0
"73","24-May",44,"Honeysuckle","N",1
"74","24-May",44,"Privot","N",0
"75","24-May",44,"Spicebush","N",0
"76","24-May",44,"Rubus","N",1
"77","24-May",44,"Mapleleaf viburnum","N",1
"78","24-May",44,"Buckthorn","S",0
"79","24-May",44,"Multiflora rose","S",1
"80","24-May",44,"Honeysuckle","S",0
"81","24-May",44,"Privot","S",0
"82","24-May",44,"Spicebush","S",0
"83","24-May",44,"Rubus","S",0
"84","24-May",44,"Mapleleaf viburnum","S",0
"85","24-May",913,"Buckthorn","N",0
"86","24-May",913,"Multiflora rose","N",3
"87","24-May",913,"Honeysuckle","N",0
"88","24-May",913,"Privot","N",0
"89","24-May",913,"Spicebush","N",0
"90","24-May",913,"Rubus","N",1
"91","24-May",913,"Mapleleaf viburnum","N",0
"92","24-May",913,"Buckthorn","S",1
"93","24-May",913,"Multiflora rose","S",2
"94","24-May",913,"Honeysuckle","S",0
"95","24-May",913,"Privot","S",0
"96","24-May",913,"Spicebush","S",1
"97","24-May",913,"Rubus","S",0
"98","24-May",913,"Mapleleaf viburnum","S",0
"99","24-May",912,"Buckthorn","N",1
"100","24-May",912,"Multiflora rose","N",2
"101","24-May",912,"Honeysuckle","N",1
"102","24-May",912,"Privot","N",0
"103","24-May",912,"Spicebush","N",0
"104","24-May",912,"Rubus","N",1
"105","24-May",912,"Mapleleaf viburnum","N",0
"106","24-May",912,"Buckthorn","S",1
"107","24-May",912,"Multiflora rose","S",2
"108","24-May",912,"Honeysuckle","S",0
"109","24-May",912,"Privot","S",0
"110","24-May",912,"Spicebush","S",0
"111","24-May",912,"Rubus","S",0
"112","24-May",912,"Mapleleaf viburnum","S",0
"113","24-May",46,"Buckthorn","N",1
"114","24-May",46,"Multiflora rose","N",1
"115","24-May",46,"Honeysuckle","N",0
"116","24-May",46,"Privot","N",0
"117","24-May",46,"Spicebush","N",0
"118","24-May",46,"Rubus","N",0
"119","24-May",46,"Mapleleaf viburnum","N",0
"120","24-May",46,"Buckthorn","S",1
"121","24-May",46,"Multiflora rose","S",1
"122","24-May",46,"Honeysuckle","S",0
"123","24-May",46,"Privot","S",0
"124","24-May",46,"Spicebush","S",0
"125","24-May",46,"Rubus","S",1
"126","24-May",46,"Mapleleaf viburnum","S",0
"127","24-May",40,"Buckthorn","N",1
"128","24-May",40,"Multiflora rose","N",1
"129","24-May",40,"Honeysuckle","N",0
"130","24-May",40,"Privot","N",0
"131","24-May",40,"Spicebush","N",1
"132","24-May",40,"Rubus","N",0
"133","24-May",40,"Mapleleaf viburnum","N",0
"134","24-May",40,"Buckthorn","S",1
"135","24-May",40,"Multiflora rose","S",1
"136","24-May",40,"Honeysuckle","S",0
"137","24-May",40,"Privot","S",0
"138","24-May",40,"Spicebush","S",0
"139","24-May",40,"Rubus","S",0
"140","24-May",40,"Mapleleaf viburnum","S",0
"141","24-May",43,"Buckthorn","N",0
"142","24-May",43,"Multiflora rose","N",0
"143","24-May",43,"Honeysuckle","N",0
"144","24-May",43,"Privot","N",1
"145","24-May",43,"Spicebush","N",1
"146","24-May",43,"Rubus","N",0
"147","24-May",43,"Mapleleaf viburnum","N",0
"148","24-May",43,"Buckthorn","S",0
"149","24-May",43,"Multiflora rose","S",0
"150","24-May",43,"Honeysuckle","S",0
"151","24-May",43,"Privot","S",1
"152","24-May",43,"Spicebush","S",0
"153","24-May",43,"Rubus","S",0
"154","24-May",43,"Mapleleaf viburnum","S",0
"155","24-May",151,"Buckthorn","N",0
"156","24-May",151,"Multiflora rose","N",2
"157","24-May",151,"Honeysuckle","N",0
"158","24-May",151,"Privot","N",0
"159","24-May",151,"Spicebush","N",0
"160","24-May",151,"Rubus","N",0
"161","24-May",151,"Mapleleaf viburnum","N",0
"162","24-May",151,"Buckthorn","S",0
"163","24-May",151,"Multiflora rose","S",1
"164","24-May",151,"Honeysuckle","S",0
"165","24-May",151,"Privot","S",0
"166","24-May",151,"Spicebush","S",0
"167","24-May",151,"Rubus","S",0
"168","24-May",151,"Mapleleaf viburnum","S",0
"169","24-May",205,"Buckthorn","N",0
"170","24-May",205,"Multiflora rose","N",2
"171","24-May",205,"Honeysuckle","N",0
"172","24-May",205,"Privot","N",0
"173","24-May",205,"Spicebush","N",2
"174","24-May",205,"Rubus","N",1
"175","24-May",205,"Mapleleaf viburnum","N",0
"176","24-May",205,"Buckthorn","S",1
"177","24-May",205,"Multiflora rose","S",2
"178","24-May",205,"Honeysuckle","S",0
"179","24-May",205,"Privot","S",0
"180","24-May",205,"Spicebush","S",1
"181","24-May",205,"Rubus","S",1
"182","24-May",205,"Mapleleaf viburnum","S",0
"183","24-May",55,"Buckthorn","N",0
"184","24-May",55,"Multiflora rose","N",2
"185","24-May",55,"Honeysuckle","N",0
"186","24-May",55,"Privot","N",0
"187","24-May",55,"Spicebush","N",1
"188","24-May",55,"Rubus","N",1
"189","24-May",55,"Mapleleaf viburnum","N",0
"190","24-May",55,"Buckthorn","S",1
"191","24-May",55,"Multiflora rose","S",5
"192","24-May",55,"Honeysuckle","S",0
"193","24-May",55,"Privot","S",0
"194","24-May",55,"Spicebush","S",0
"195","24-May",55,"Rubus","S",1
"196","24-May",55,"Mapleleaf viburnum","S",0
"197","24-May",147,"Buckthorn","N",0
"198","24-May",147,"Multiflora rose","N",1
"199","24-May",147,"Honeysuckle","N",0
"200","24-May",147,"Privot","N",0
"201","24-May",147,"Spicebush","N",2
"202","24-May",147,"Rubus","N",1
"203","24-May",147,"Mapleleaf viburnum","N",0
"204","24-May",147,"Buckthorn","S",1
"205","24-May",147,"Multiflora rose","S",2
"206","24-May",147,"Honeysuckle","S",1
"207","24-May",147,"Privot","S",0
"208","24-May",147,"Spicebush","S",1
"209","24-May",147,"Rubus","S",1
"210","24-May",147,"Mapleleaf viburnum","S",0
"211","24-May",926,"Buckthorn","N",0
"212","24-May",926,"Multiflora rose","N",4
"213","24-May",926,"Honeysuckle","N",0
"214","24-May",926,"Privot","N",0
"215","24-May",926,"Spicebush","N",1
"216","24-May",926,"Rubus","N",0
"217","24-May",926,"Mapleleaf viburnum","N",0
"218","24-May",926,"Buckthorn","S",0
"219","24-May",926,"Multiflora rose","S",5
"220","24-May",926,"Honeysuckle","S",0
"221","24-May",926,"Privot","S",0
"222","24-May",926,"Spicebush","S",1
"223","24-May",926,"Rubus","S",0
"224","24-May",926,"Mapleleaf viburnum","S",0
"225","24-May",148,"Buckthorn","N",1
"226","24-May",148,"Multiflora rose","N",3
"227","24-May",148,"Honeysuckle","N",0
"228","24-May",148,"Privot","N",0
"229","24-May",148,"Spicebush","N",1
"230","24-May",148,"Rubus","N",1
"231","24-May",148,"Mapleleaf viburnum","N",0
"232","24-May",148,"Buckthorn","S",0
"233","24-May",148,"Multiflora rose","S",4
"234","24-May",148,"Honeysuckle","S",0
"235","24-May",148,"Privot","S",0
"236","24-May",148,"Spicebush","S",1
"237","24-May",148,"Rubus","S",0
"238","24-May",148,"Mapleleaf viburnum","S",0
"239","24-May",925,"Buckthorn","N",0
"240","24-May",925,"Multiflora rose","N",4
"241","24-May",925,"Honeysuckle","N",0
"242","24-May",925,"Privot","N",0
"243","24-May",925,"Spicebush","N",1
"244","24-May",925,"Rubus","N",0
"245","24-May",925,"Mapleleaf viburnum","N",0
"246","24-May",925,"Buckthorn","S",0
"247","24-May",925,"Multiflora rose","S",3
"248","24-May",925,"Honeysuckle","S",0
"249","24-May",925,"Privot","S",0
"250","24-May",925,"Spicebush","S",1
"251","24-May",925,"Rubus","S",1
"252","24-May",925,"Mapleleaf viburnum","S",0
"253","24-May",208,"Buckthorn","N",0
"254","24-May",208,"Multiflora rose","N",5
"255","24-May",208,"Honeysuckle","N",0
"256","24-May",208,"Privot","N",0
"257","24-May",208,"Spicebush","N",0
"258","24-May",208,"Rubus","N",0
"259","24-May",208,"Mapleleaf viburnum","N",0
"260","24-May",208,"Buckthorn","S",1
"261","24-May",208,"Multiflora rose","S",3
"262","24-May",208,"Honeysuckle","S",0
"263","24-May",208,"Privot","S",0
"264","24-May",208,"Spicebush","S",0
"265","24-May",208,"Rubus","S",0
"266","24-May",208,"Mapleleaf viburnum","S",0
"267","24-May",203,"Buckthorn","N",0
"268","24-May",203,"Multiflora rose","N",4
"269","24-May",203,"Honeysuckle","N",0
"270","24-May",203,"Privot","N",0
"271","24-May",203,"Spicebush","N",0
"272","24-May",203,"Rubus","N",0
"273","24-May",203,"Mapleleaf viburnum","N",0
"274","24-May",203,"Buckthorn","S",1
"275","24-May",203,"Multiflora rose","S",3
"276","24-May",203,"Honeysuckle","S",0
"277","24-May",203,"Privot","S",0
"278","24-May",203,"Spicebush","S",0
"279","24-May",203,"Rubus","S",0
"280","24-May",203,"Mapleleaf viburnum","S",0
"281","24-May",210,"Buckthorn","N",1
"282","24-May",210,"Multiflora rose","N",2
"283","24-May",210,"Honeysuckle","N",0
"284","24-May",210,"Privot","N",0
"285","24-May",210,"Spicebush","N",0
"286","24-May",210,"Rubus","N",0
"287","24-May",210,"Mapleleaf viburnum","N",0
"288","24-May",210,"Buckthorn","S",0
"289","24-May",210,"Multiflora rose","S",1
"290","24-May",210,"Honeysuckle","S",1
"291","24-May",210,"Privot","S",0
"292","24-May",210,"Spicebush","S",0
"293","24-May",210,"Rubus","S",0
"294","24-May",210,"Mapleleaf viburnum","S",0
"295","24-May",930,"Buckthorn","N",1
"296","24-May",930,"Multiflora rose","N",2
"297","24-May",930,"Honeysuckle","N",1
"298","24-May",930,"Privot","N",0
"299","24-May",930,"Spicebush","N",0
"300","24-May",930,"Rubus","N",0
"301","24-May",930,"Mapleleaf viburnum","N",0
"302","24-May",930,"Buckthorn","S",0
"303","24-May",930,"Multiflora rose","S",3
"304","24-May",930,"Honeysuckle","S",1
"305","24-May",930,"Privot","S",0
"306","24-May",930,"Spicebush","S",0
"307","24-May",930,"Rubus","S",0
"308","24-May",930,"Mapleleaf viburnum","S",0
"309","24-May",915,"Buckthorn","N",1
"310","24-May",915,"Multiflora rose","N",1
"311","24-May",915,"Honeysuckle","N",1
"312","24-May",915,"Privot","N",0
"313","24-May",915,"Spicebush","N",1
"314","24-May",915,"Rubus","N",1
"315","24-May",915,"Mapleleaf viburnum","N",0
"316","24-May",915,"Buckthorn","S",0
"317","24-May",915,"Multiflora rose","S",2
"318","24-May",915,"Honeysuckle","S",0
"319","24-May",915,"Privot","S",0
"320","24-May",915,"Spicebush","S",0
"321","24-May",915,"Rubus","S",1
"322","24-May",915,"Mapleleaf viburnum","S",0
"323","24-May",153,"Buckthorn","N",1
"324","24-May",153,"Multiflora rose","N",2
"325","24-May",153,"Honeysuckle","N",0
"326","24-May",153,"Privot","N",0
"327","24-May",153,"Spicebush","N",1
"328","24-May",153,"Rubus","N",0
"329","24-May",153,"Mapleleaf viburnum","N",0
"330","24-May",153,"Buckthorn","S",1
"331","24-May",153,"Multiflora rose","S",2
"332","24-May",153,"Honeysuckle","S",0
"333","24-May",153,"Privot","S",0
"334","24-May",153,"Spicebush","S",1
"335","24-May",153,"Rubus","S",0
"336","24-May",153,"Mapleleaf viburnum","S",0
"337","24-May",146,"Buckthorn","N",1
"338","24-May",146,"Multiflora rose","N",3
"339","24-May",146,"Honeysuckle","N",1
"340","24-May",146,"Privot","N",0
"341","24-May",146,"Spicebush","N",0
"342","24-May",146,"Rubus","N",0
"343","24-May",146,"Mapleleaf viburnum","N",0
"344","24-May",146,"Buckthorn","S",1
"345","24-May",146,"Multiflora rose","S",3
"346","24-May",146,"Honeysuckle","S",0
"347","24-May",146,"Privot","S",0
"348","24-May",146,"Spicebush","S",2
"349","24-May",146,"Rubus","S",0
"350","24-May",146,"Mapleleaf viburnum","S",0
"351","24-May",145,"Buckthorn","N",1
"352","24-May",145,"Multiflora rose","N",0
"353","24-May",145,"Honeysuckle","N",0
"354","24-May",145,"Privot","N",0
"355","24-May",145,"Spicebush","N",0
"356","24-May",145,"Rubus","N",0
"357","24-May",145,"Mapleleaf viburnum","N",0
"358","24-May",145,"Buckthorn","S",1
"359","24-May",145,"Multiflora rose","S",0
"360","24-May",145,"Honeysuckle","S",0
"361","24-May",145,"Privot","S",0
"362","24-May",145,"Spicebush","S",0
"363","24-May",145,"Rubus","S",0
"364","24-May",145,"Mapleleaf viburnum","S",0
"365","24-May",914,"Buckthorn","N",1
"366","24-May",914,"Multiflora rose","N",1
"367","24-May",914,"Honeysuckle","N",0
"368","24-May",914,"Privot","N",0
"369","24-May",914,"Spicebush","N",0
"370","24-May",914,"Rubus","N",1
"371","24-May",914,"Mapleleaf viburnum","N",0
"372","24-May",914,"Buckthorn","S",1
"373","24-May",914,"Multiflora rose","S",1
"374","24-May",914,"Honeysuckle","S",0
"375","24-May",914,"Privot","S",1
"376","24-May",914,"Spicebush","S",0
"377","24-May",914,"Rubus","S",0
"378","24-May",914,"Mapleleaf viburnum","S",0
"379","24-May",250,"Buckthorn","N",1
"380","24-May",250,"Multiflora rose","N",1
"381","24-May",250,"Honeysuckle","N",1
"382","24-May",250,"Privot","N",0
"383","24-May",250,"Spicebush","N",0
"384","24-May",250,"Rubus","N",0
"385","24-May",250,"Mapleleaf viburnum","N",0
"386","24-May",250,"Buckthorn","S",1
"387","24-May",250,"Multiflora rose","S",0
"388","24-May",250,"Honeysuckle","S",1
"389","24-May",250,"Privot","S",0
"390","24-May",250,"Spicebush","S",0
"391","24-May",250,"Rubus","S",0
"392","24-May",250,"Mapleleaf viburnum","S",0
"393","24-May",152,"Buckthorn","N",1
"394","24-May",152,"Multiflora rose","N",1
"395","24-May",152,"Honeysuckle","N",0
"396","24-May",152,"Privot","N",0
"397","24-May",152,"Spicebush","N",0
"398","24-May",152,"Rubus","N",0
"399","24-May",152,"Mapleleaf viburnum","N",0
"400","24-May",152,"Buckthorn","S",1
"401","24-May",152,"Multiflora rose","S",1
"402","24-May",152,"Honeysuckle","S",0
"403","24-May",152,"Privot","S",1
"404","24-May",152,"Spicebush","S",0
"405","24-May",152,"Rubus","S",0
"406","24-May",152,"Mapleleaf viburnum","S",0
"407","24-May",211,"Buckthorn","N",1
"408","24-May",211,"Multiflora rose","N",2
"409","24-May",211,"Honeysuckle","N",0
"410","24-May",211,"Privot","N",0
"411","24-May",211,"Spicebush","N",0
"412","24-May",211,"Rubus","N",0
"413","24-May",211,"Mapleleaf viburnum","N",0
"414","24-May",211,"Buckthorn","S",1
"415","24-May",211,"Multiflora rose","S",1
"416","24-May",211,"Honeysuckle","S",0
"417","24-May",211,"Privot","S",0
"418","24-May",211,"Spicebush","S",0
"419","24-May",211,"Rubus","S",1
"420","24-May",211,"Mapleleaf viburnum","S",0
"421","24-May",63,"Buckthorn","N",1
"422","24-May",63,"Multiflora rose","N",1
"423","24-May",63,"Honeysuckle","N",1
"424","24-May",63,"Privot","N",0
"425","24-May",63,"Spicebush","N",0
"426","24-May",63,"Rubus","N",0
"427","24-May",63,"Mapleleaf viburnum","N",0
"428","24-May",63,"Buckthorn","S",1
"429","24-May",63,"Multiflora rose","S",1
"430","24-May",63,"Honeysuckle","S",1
"431","24-May",63,"Privot","S",0
"432","24-May",63,"Spicebush","S",0
"433","24-May",63,"Rubus","S",0
"434","24-May",63,"Mapleleaf viburnum","S",0
"435","24-May",206,"Buckthorn","N",2
"436","24-May",206,"Multiflora rose","N",2
"437","24-May",206,"Honeysuckle","N",0
"438","24-May",206,"Privot","N",0
"439","24-May",206,"Spicebush","N",0
"440","24-May",206,"Rubus","N",0
"441","24-May",206,"Mapleleaf viburnum","N",0
"442","24-May",206,"Buckthorn","S",2
"443","24-May",206,"Multiflora rose","S",1
"444","24-May",206,"Honeysuckle","S",0
"445","24-May",206,"Privot","S",0
"446","24-May",206,"Spicebush","S",1
"447","24-May",206,"Rubus","S",0
"448","24-May",206,"Mapleleaf viburnum","S",0
"449","24-May",204,"Buckthorn","N",1
"450","24-May",204,"Multiflora rose","N",1
"451","24-May",204,"Honeysuckle","N",0
"452","24-May",204,"Privot","N",0
"453","24-May",204,"Spicebush","N",1
"454","24-May",204,"Rubus","N",1
"455","24-May",204,"Mapleleaf viburnum","N",0
"456","24-May",204,"Buckthorn","S",1
"457","24-May",204,"Multiflora rose","S",2
"458","24-May",204,"Honeysuckle","S",0
"459","24-May",204,"Privot","S",0
"460","24-May",204,"Spicebush","S",0
"461","24-May",204,"Rubus","S",0
"462","24-May",204,"Mapleleaf viburnum","S",0
"463","26-May",31,"Buckthorn","N",1
"464","26-May",31,"Multiflora rose","N",1
"465","26-May",31,"Honeysuckle","N",0
"466","26-May",31,"Privot","N",1
"467","26-May",31,"Spicebush","N",0
"468","26-May",31,"Rubus","N",1
"469","26-May",31,"Mapleleaf viburnum","N",0
"470","26-May",31,"Buckthorn","S",1
"471","26-May",31,"Multiflora rose","S",1
"472","26-May",31,"Honeysuckle","S",0
"473","26-May",31,"Privot","S",0
"474","26-May",31,"Spicebush","S",0
"475","26-May",31,"Rubus","S",1
"476","26-May",31,"Mapleleaf viburnum","S",0
"477","26-May",59,"Buckthorn","N",1
"478","26-May",59,"Multiflora rose","N",1
"479","26-May",59,"Honeysuckle","N",1
"480","26-May",59,"Privot","N",0
"481","26-May",59,"Spicebush","N",0
"482","26-May",59,"Rubus","N",1
"483","26-May",59,"Mapleleaf viburnum","N",0
"484","26-May",59,"Buckthorn","S",2
"485","26-May",59,"Multiflora rose","S",1
"486","26-May",59,"Honeysuckle","S",1
"487","26-May",59,"Privot","S",0
"488","26-May",59,"Spicebush","S",0
"489","26-May",59,"Rubus","S",0
"490","26-May",59,"Mapleleaf viburnum","S",0
"491","26-May",909,"Buckthorn","N",1
"492","26-May",909,"Multiflora rose","N",1
"493","26-May",909,"Honeysuckle","N",0
"494","26-May",909,"Privot","N",0
"495","26-May",909,"Spicebush","N",1
"496","26-May",909,"Rubus","N",1
"497","26-May",909,"Mapleleaf viburnum","N",0
"498","26-May",909,"Buckthorn","S",1
"499","26-May",909,"Multiflora rose","S",1
"500","26-May",909,"Honeysuckle","S",0
"501","26-May",909,"Privot","S",0
"502","26-May",909,"Spicebush","S",1
"503","26-May",909,"Rubus","S",0
"504","26-May",909,"Mapleleaf viburnum","S",0
"505","26-May",74,"Buckthorn","N",1
"506","26-May",74,"Multiflora rose","N",2
"507","26-May",74,"Honeysuckle","N",0
"508","26-May",74,"Privot","N",1
"509","26-May",74,"Spicebush","N",1
"510","26-May",74,"Rubus","N",1
"511","26-May",74,"Mapleleaf viburnum","N",0
"512","26-May",74,"Buckthorn","S",2
"513","26-May",74,"Multiflora rose","S",4
"514","26-May",74,"Honeysuckle","S",0
"515","26-May",74,"Privot","S",1
"516","26-May",74,"Spicebush","S",0
"517","26-May",74,"Rubus","S",1
"518","26-May",74,"Mapleleaf viburnum","S",1
"519","26-May",75,"Buckthorn","N",2
"520","26-May",75,"Multiflora rose","N",3
"521","26-May",75,"Honeysuckle","N",0
"522","26-May",75,"Privot","N",0
"523","26-May",75,"Spicebush","N",1
"524","26-May",75,"Rubus","N",0
"525","26-May",75,"Mapleleaf viburnum","N",0
"526","26-May",75,"Buckthorn","S",1
"527","26-May",75,"Multiflora rose","S",1
"528","26-May",75,"Honeysuckle","S",1
"529","26-May",75,"Privot","S",0
"530","26-May",75,"Spicebush","S",0
"531","26-May",75,"Rubus","S",1
"532","26-May",75,"Mapleleaf viburnum","S",0
"533","26-May",72,"Buckthorn","N",1
"534","26-May",72,"Multiflora rose","N",0
"535","26-May",72,"Honeysuckle","N",1
"536","26-May",72,"Privot","N",0
"537","26-May",72,"Spicebush","N",2
"538","26-May",72,"Rubus","N",1
"539","26-May",72,"Mapleleaf viburnum","N",0
"540","26-May",72,"Buckthorn","S",1
"541","26-May",72,"Multiflora rose","S",1
"542","26-May",72,"Honeysuckle","S",1
"543","26-May",72,"Privot","S",0
"544","26-May",72,"Spicebush","S",1
"545","26-May",72,"Rubus","S",1
"546","26-May",72,"Mapleleaf viburnum","S",0
"547","26-May",902,"Buckthorn","N",1
"548","26-May",902,"Multiflora rose","N",2
"549","26-May",902,"Honeysuckle","N",1
"550","26-May",902,"Privot","N",0
"551","26-May",902,"Spicebush","N",0
"552","26-May",902,"Rubus","N",0
"553","26-May",902,"Mapleleaf viburnum","N",0
"554","26-May",902,"Buckthorn","S",2
"555","26-May",902,"Multiflora rose","S",2
"556","26-May",902,"Honeysuckle","S",1
"557","26-May",902,"Privot","S",0
"558","26-May",902,"Spicebush","S",0
"559","26-May",902,"Rubus","S",0
"560","26-May",902,"Mapleleaf viburnum","S",0
"561","26-May",68,"Buckthorn","N",0
"562","26-May",68,"Multiflora rose","N",1
"563","26-May",68,"Honeysuckle","N",0
"564","26-May",68,"Privot","N",0
"565","26-May",68,"Spicebush","N",1
"566","26-May",68,"Rubus","N",0
"567","26-May",68,"Mapleleaf viburnum","N",0
"568","26-May",68,"Buckthorn","S",1
"569","26-May",68,"Multiflora rose","S",0
"570","26-May",68,"Honeysuckle","S",0
"571","26-May",68,"Privot","S",0
"572","26-May",68,"Spicebush","S",2
"573","26-May",68,"Rubus","S",1
"574","26-May",68,"Mapleleaf viburnum","S",0
"575","26-May",77,"Buckthorn","N",0
"576","26-May",77,"Multiflora rose","N",1
"577","26-May",77,"Honeysuckle","N",0
"578","26-May",77,"Privot","N",0
"579","26-May",77,"Spicebush","N",0
"580","26-May",77,"Rubus","N",0
"581","26-May",77,"Mapleleaf viburnum","N",0
"582","26-May",77,"Buckthorn","S",0
"583","26-May",77,"Multiflora rose","S",1
"584","26-May",77,"Honeysuckle","S",0
"585","26-May",77,"Privot","S",0
"586","26-May",77,"Spicebush","S",1
"587","26-May",77,"Rubus","S",1
"588","26-May",77,"Mapleleaf viburnum","S",0
"589","26-May",22,"Buckthorn","N",1
"590","26-May",22,"Multiflora rose","N",2
"591","26-May",22,"Honeysuckle","N",0
"592","26-May",22,"Privot","N",0
"593","26-May",22,"Spicebush","N",0
"594","26-May",22,"Rubus","N",1
"595","26-May",22,"Mapleleaf viburnum","N",0
"596","26-May",22,"Buckthorn","S",0
"597","26-May",22,"Multiflora rose","S",1
"598","26-May",22,"Honeysuckle","S",1
"599","26-May",22,"Privot","S",0
"600","26-May",22,"Spicebush","S",0
"601","26-May",22,"Rubus","S",0
"602","26-May",22,"Mapleleaf viburnum","S",0
"603","26-May",26,"Buckthorn","N",1
"604","26-May",26,"Multiflora rose","N",1
"605","26-May",26,"Honeysuckle","N",1
"606","26-May",26,"Privot","N",0
"607","26-May",26,"Spicebush","N",0
"608","26-May",26,"Rubus","N",0
"609","26-May",26,"Mapleleaf viburnum","N",1
"610","26-May",26,"Buckthorn","S",1
"611","26-May",26,"Multiflora rose","S",1
"612","26-May",26,"Honeysuckle","S",0
"613","26-May",26,"Privot","S",0
"614","26-May",26,"Spicebush","S",1
"615","26-May",26,"Rubus","S",0
"616","26-May",26,"Mapleleaf viburnum","S",0
"617","26-May",27,"Buckthorn","N",1
"618","26-May",27,"Multiflora rose","N",1
"619","26-May",27,"Honeysuckle","N",1
"620","26-May",27,"Privot","N",0
"621","26-May",27,"Spicebush","N",1
"622","26-May",27,"Rubus","N",0
"623","26-May",27,"Mapleleaf viburnum","N",1
"624","26-May",27,"Buckthorn","S",1
"625","26-May",27,"Multiflora rose","S",1
"626","26-May",27,"Honeysuckle","S",0
"627","26-May",27,"Privot","S",0
"628","26-May",27,"Spicebush","S",0
"629","26-May",27,"Rubus","S",0
"630","26-May",27,"Mapleleaf viburnum","S",0
"631","26-May",24,"Buckthorn","N",0
"632","26-May",24,"Multiflora rose","N",1
"633","26-May",24,"Honeysuckle","N",0
"634","26-May",24,"Privot","N",0
"635","26-May",24,"Spicebush","N",0
"636","26-May",24,"Rubus","N",0
"637","26-May",24,"Mapleleaf viburnum","N",0
"638","26-May",24,"Buckthorn","S",1
"639","26-May",24,"Multiflora rose","S",0
"640","26-May",24,"Honeysuckle","S",0
"641","26-May",24,"Privot","S",1
"642","26-May",24,"Spicebush","S",0
"643","26-May",24,"Rubus","S",1
"644","26-May",24,"Mapleleaf viburnum","S",0
"645","26-May",901,"Buckthorn","N",1
"646","26-May",901,"Multiflora rose","N",3
"647","26-May",901,"Honeysuckle","N",0
"648","26-May",901,"Privot","N",0
"649","26-May",901,"Spicebush","N",0
"650","26-May",901,"Rubus","N",0
"651","26-May",901,"Mapleleaf viburnum","N",0
"652","26-May",901,"Buckthorn","S",1
"653","26-May",901,"Multiflora rose","S",1
"654","26-May",901,"Honeysuckle","S",0
"655","26-May",901,"Privot","S",1
"656","26-May",901,"Spicebush","S",0
"657","26-May",901,"Rubus","S",1
"658","26-May",901,"Mapleleaf viburnum","S",0
"659","26-May",134,"Buckthorn","N",0
"660","26-May",134,"Multiflora rose","N",0
"661","26-May",134,"Honeysuckle","N",0
"662","26-May",134,"Privot","N",0
"663","26-May",134,"Spicebush","N",0
"664","26-May",134,"Rubus","N",0
"665","26-May",134,"Mapleleaf viburnum","N",0
"666","26-May",134,"Buckthorn","S",0
"667","26-May",134,"Multiflora rose","S",0
"668","26-May",134,"Honeysuckle","S",0
"669","26-May",134,"Privot","S",0
"670","26-May",134,"Spicebush","S",0
"671","26-May",134,"Rubus","S",0
"672","26-May",134,"Mapleleaf viburnum","S",0
"673","26-May",221,"Buckthorn","N",0
"674","26-May",221,"Multiflora rose","N",0
"675","26-May",221,"Honeysuckle","N",0
"676","26-May",221,"Privot","N",0
"677","26-May",221,"Spicebush","N",0
"678","26-May",221,"Rubus","N",0
"679","26-May",221,"Mapleleaf viburnum","N",0
"680","26-May",221,"Buckthorn","S",0
"681","26-May",221,"Multiflora rose","S",0
"682","26-May",221,"Honeysuckle","S",0
"683","26-May",221,"Privot","S",0
"684","26-May",221,"Spicebush","S",0
"685","26-May",221,"Rubus","S",0
"686","26-May",221,"Mapleleaf viburnum","S",0
"687","26-May",218,"Buckthorn","N",0
"688","26-May",218,"Multiflora rose","N",1
"689","26-May",218,"Honeysuckle","N",0
"690","26-May",218,"Privot","N",0
"691","26-May",218,"Spicebush","N",0
"692","26-May",218,"Rubus","N",0
"693","26-May",218,"Mapleleaf viburnum","N",0
"694","26-May",218,"Buckthorn","S",1
"695","26-May",218,"Multiflora rose","S",1
"696","26-May",218,"Honeysuckle","S",0
"697","26-May",218,"Privot","S",0
"698","26-May",218,"Spicebush","S",0
"699","26-May",218,"Rubus","S",0
"700","26-May",218,"Mapleleaf viburnum","S",0
"701","26-May",222,"Buckthorn","N",0
"702","26-May",222,"Multiflora rose","N",0
"703","26-May",222,"Honeysuckle","N",0
"704","26-May",222,"Privot","N",0
"705","26-May",222,"Spicebush","N",0
"706","26-May",222,"Rubus","N",0
"707","26-May",222,"Mapleleaf viburnum","N",0
"708","26-May",222,"Buckthorn","S",1
"709","26-May",222,"Multiflora rose","S",0
"710","26-May",222,"Honeysuckle","S",0
"711","26-May",222,"Privot","S",0
"712","26-May",222,"Spicebush","S",0
"713","26-May",222,"Rubus","S",0
"714","26-May",222,"Mapleleaf viburnum","S",0
"715","26-May",139,"Buckthorn","N",0
"716","26-May",139,"Multiflora rose","N",1
"717","26-May",139,"Honeysuckle","N",0
"718","26-May",139,"Privot","N",1
"719","26-May",139,"Spicebush","N",0
"720","26-May",139,"Rubus","N",0
"721","26-May",139,"Mapleleaf viburnum","N",0
"722","26-May",139,"Buckthorn","S",0
"723","26-May",139,"Multiflora rose","S",0
"724","26-May",139,"Honeysuckle","S",0
"725","26-May",139,"Privot","S",0
"726","26-May",139,"Spicebush","S",0
"727","26-May",139,"Rubus","S",0
"728","26-May",139,"Mapleleaf viburnum","S",0
"729","26-May",140,"Buckthorn","N",0
"730","26-May",140,"Multiflora rose","N",1
"731","26-May",140,"Honeysuckle","N",0
"732","26-May",140,"Privot","N",1
"733","26-May",140,"Spicebush","N",0
"734","26-May",140,"Rubus","N",0
"735","26-May",140,"Mapleleaf viburnum","N",0
"736","26-May",140,"Buckthorn","S",0
"737","26-May",140,"Multiflora rose","S",0
"738","26-May",140,"Honeysuckle","S",0
"739","26-May",140,"Privot","S",0
"740","26-May",140,"Spicebush","S",0
"741","26-May",140,"Rubus","S",0
"742","26-May",140,"Mapleleaf viburnum","S",0
"743","26-May",861,"Buckthorn","N",0
"744","26-May",861,"Multiflora rose","N",1
"745","26-May",861,"Honeysuckle","N",0
"746","26-May",861,"Privot","N",0
"747","26-May",861,"Spicebush","N",0
"748","26-May",861,"Rubus","N",0
"749","26-May",861,"Mapleleaf viburnum","N",0
"750","26-May",861,"Buckthorn","S",1
"751","26-May",861,"Multiflora rose","S",1
"752","26-May",861,"Honeysuckle","S",0
"753","26-May",861,"Privot","S",0
"754","26-May",861,"Spicebush","S",0
"755","26-May",861,"Rubus","S",0
"756","26-May",861,"Mapleleaf viburnum","S",0
"757","26-May",136,"Buckthorn","N",0
"758","26-May",136,"Multiflora rose","N",0
"759","26-May",136,"Honeysuckle","N",0
"760","26-May",136,"Privot","N",0
"761","26-May",136,"Spicebush","N",0
"762","26-May",136,"Rubus","N",0
"763","26-May",136,"Mapleleaf viburnum","N",0
"764","26-May",136,"Buckthorn","S",0
"765","26-May",136,"Multiflora rose","S",1
"766","26-May",136,"Honeysuckle","S",0
"767","26-May",136,"Privot","S",0
"768","26-May",136,"Spicebush","S",0
"769","26-May",136,"Rubus","S",0
"770","26-May",136,"Mapleleaf viburnum","S",0
"771","26-May",137,"Buckthorn","N",0
"772","26-May",137,"Multiflora rose","N",1
"773","26-May",137,"Honeysuckle","N",0
"774","26-May",137,"Privot","N",0
"775","26-May",137,"Spicebush","N",0
"776","26-May",137,"Rubus","N",0
"777","26-May",137,"Mapleleaf viburnum","N",0
"778","26-May",137,"Buckthorn","S",0
"779","26-May",137,"Multiflora rose","S",1
"780","26-May",137,"Honeysuckle","S",0
"781","26-May",137,"Privot","S",0
"782","26-May",137,"Spicebush","S",0
"783","26-May",137,"Rubus","S",0
"784","26-May",137,"Mapleleaf viburnum","S",0
"785","26-May",202,"Buckthorn","N",0
"786","26-May",202,"Multiflora rose","N",0
"787","26-May",202,"Honeysuckle","N",0
"788","26-May",202,"Privot","N",0
"789","26-May",202,"Spicebush","N",0
"790","26-May",202,"Rubus","N",0
"791","26-May",202,"Mapleleaf viburnum","N",0
"792","26-May",202,"Buckthorn","S",0
"793","26-May",202,"Multiflora rose","S",0
"794","26-May",202,"Honeysuckle","S",0
"795","26-May",202,"Privot","S",0
"796","26-May",202,"Spicebush","S",0
"797","26-May",202,"Rubus","S",0
"798","26-May",202,"Mapleleaf viburnum","S",0
"799","26-May",217,"Buckthorn","N",0
"800","26-May",217,"Multiflora rose","N",0
"801","26-May",217,"Honeysuckle","N",0
"802","26-May",217,"Privot","N",0
"803","26-May",217,"Spicebush","N",0
"804","26-May",217,"Rubus","N",0
"805","26-May",217,"Mapleleaf viburnum","N",0
"806","26-May",217,"Buckthorn","S",0
"807","26-May",217,"Multiflora rose","S",0
"808","26-May",217,"Honeysuckle","S",0
"809","26-May",217,"Privot","S",0
"810","26-May",217,"Spicebush","S",0
"811","26-May",217,"Rubus","S",0
"812","26-May",217,"Mapleleaf viburnum","S",0
"813","26-May",216,"Buckthorn","N",0
"814","26-May",216,"Multiflora rose","N",1
"815","26-May",216,"Honeysuckle","N",0
"816","26-May",216,"Privot","N",0
"817","26-May",216,"Spicebush","N",0
"818","26-May",216,"Rubus","N",0
"819","26-May",216,"Mapleleaf viburnum","N",0
"820","26-May",216,"Buckthorn","S",0
"821","26-May",216,"Multiflora rose","S",1
"822","26-May",216,"Honeysuckle","S",0
"823","26-May",216,"Privot","S",0
"824","26-May",216,"Spicebush","S",0
"825","26-May",216,"Rubus","S",0
"826","26-May",216,"Mapleleaf viburnum","S",0
"827","26-May",212,"Buckthorn","N",0
"828","26-May",212,"Multiflora rose","N",1
"829","26-May",212,"Honeysuckle","N",0
"830","26-May",212,"Privot","N",0
"831","26-May",212,"Spicebush","N",1
"832","26-May",212,"Rubus","N",0
"833","26-May",212,"Mapleleaf viburnum","N",0
"834","26-May",212,"Buckthorn","S",1
"835","26-May",212,"Multiflora rose","S",1
"836","26-May",212,"Honeysuckle","S",0
"837","26-May",212,"Privot","S",0
"838","26-May",212,"Spicebush","S",0
"839","26-May",212,"Rubus","S",0
"840","26-May",212,"Mapleleaf viburnum","S",0
"841","26-May",215,"Buckthorn","N",1
"842","26-May",215,"Multiflora rose","N",1
"843","26-May",215,"Honeysuckle","N",0
"844","26-May",215,"Privot","N",0
"845","26-May",215,"Spicebush","N",0
"846","26-May",215,"Rubus","N",0
"847","26-May",215,"Mapleleaf viburnum","N",0
"848","26-May",215,"Buckthorn","S",0
"849","26-May",215,"Multiflora rose","S",1
"850","26-May",215,"Honeysuckle","S",0
"851","26-May",215,"Privot","S",0
"852","26-May",215,"Spicebush","S",0
"853","26-May",215,"Rubus","S",0
"854","26-May",215,"Mapleleaf viburnum","S",0
"855","1-Jun",292,"Buckthorn","N",0
"856","1-Jun",292,"Multiflora rose","N",0
"857","1-Jun",292,"Honeysuckle","N",0
"858","1-Jun",292,"Privot","N",0
"859","1-Jun",292,"Spicebush","N",0
"860","1-Jun",292,"Rubus","N",0
"861","1-Jun",292,"Mapleleaf viburnum","N",0
"862","1-Jun",292,"Buckthorn","S",1
"863","1-Jun",292,"Multiflora rose","S",0
"864","1-Jun",292,"Honeysuckle","S",0
"865","1-Jun",292,"Privot","S",0
"866","1-Jun",292,"Spicebush","S",0
"867","1-Jun",292,"Rubus","S",0
"868","1-Jun",292,"Mapleleaf viburnum","S",0
"869","1-Jun",376,"Buckthorn","N",2
"870","1-Jun",376,"Multiflora rose","N",4
"871","1-Jun",376,"Honeysuckle","N",0
"872","1-Jun",376,"Privot","N",0
"873","1-Jun",376,"Spicebush","N",0
"874","1-Jun",376,"Rubus","N",0
"875","1-Jun",376,"Mapleleaf viburnum","N",0
"876","1-Jun",376,"Buckthorn","S",1
"877","1-Jun",376,"Multiflora rose","S",3
"878","1-Jun",376,"Honeysuckle","S",0
"879","1-Jun",376,"Privot","S",0
"880","1-Jun",376,"Spicebush","S",0
"881","1-Jun",376,"Rubus","S",0
"882","1-Jun",376,"Mapleleaf viburnum","S",0
"883","1-Jun",198,"Buckthorn","N",1
"884","1-Jun",198,"Multiflora rose","N",1
"885","1-Jun",198,"Honeysuckle","N",0
"886","1-Jun",198,"Privot","N",1
"887","1-Jun",198,"Spicebush","N",0
"888","1-Jun",198,"Rubus","N",0
"889","1-Jun",198,"Mapleleaf viburnum","N",0
"890","1-Jun",198,"Buckthorn","S",1
"891","1-Jun",198,"Multiflora rose","S",1
"892","1-Jun",198,"Honeysuckle","S",0
"893","1-Jun",198,"Privot","S",0
"894","1-Jun",198,"Spicebush","S",0
"895","1-Jun",198,"Rubus","S",0
"896","1-Jun",198,"Mapleleaf viburnum","S",0
"897","1-Jun",259,"Buckthorn","N",0
"898","1-Jun",259,"Multiflora rose","N",5
"899","1-Jun",259,"Honeysuckle","N",0
"900","1-Jun",259,"Privot","N",0
"901","1-Jun",259,"Spicebush","N",0
"902","1-Jun",259,"Rubus","N",0
"903","1-Jun",259,"Mapleleaf viburnum","N",0
"904","1-Jun",259,"Buckthorn","S",1
"905","1-Jun",259,"Multiflora rose","S",6
"906","1-Jun",259,"Honeysuckle","S",0
"907","1-Jun",259,"Privot","S",0
"908","1-Jun",259,"Spicebush","S",0
"909","1-Jun",259,"Rubus","S",0
"910","1-Jun",259,"Mapleleaf viburnum","S",0
"911","1-Jun",360,"Buckthorn","N",0
"912","1-Jun",360,"Multiflora rose","N",0
"913","1-Jun",360,"Honeysuckle","N",0
"914","1-Jun",360,"Privot","N",0
"915","1-Jun",360,"Spicebush","N",0
"916","1-Jun",360,"Rubus","N",0
"917","1-Jun",360,"Mapleleaf viburnum","N",0
"918","1-Jun",360,"Buckthorn","S",0
"919","1-Jun",360,"Multiflora rose","S",0
"920","1-Jun",360,"Honeysuckle","S",0
"921","1-Jun",360,"Privot","S",0
"922","1-Jun",360,"Spicebush","S",1
"923","1-Jun",360,"Rubus","S",0
"924","1-Jun",360,"Mapleleaf viburnum","S",0
"925","1-Jun",354,"Buckthorn","N",2
"926","1-Jun",354,"Multiflora rose","N",0
"927","1-Jun",354,"Honeysuckle","N",0
"928","1-Jun",354,"Privot","N",0
"929","1-Jun",354,"Spicebush","N",0
"930","1-Jun",354,"Rubus","N",0
"931","1-Jun",354,"Mapleleaf viburnum","N",0
"932","1-Jun",354,"Buckthorn","S",2
"933","1-Jun",354,"Multiflora rose","S",2
"934","1-Jun",354,"Honeysuckle","S",0
"935","1-Jun",354,"Privot","S",1
"936","1-Jun",354,"Spicebush","S",0
"937","1-Jun",354,"Rubus","S",0
"938","1-Jun",354,"Mapleleaf viburnum","S",0
"939","1-Jun",346,"Buckthorn","N",1
"940","1-Jun",346,"Multiflora rose","N",1
"941","1-Jun",346,"Honeysuckle","N",0
"942","1-Jun",346,"Privot","N",0
"943","1-Jun",346,"Spicebush","N",0
"944","1-Jun",346,"Rubus","N",0
"945","1-Jun",346,"Mapleleaf viburnum","N",0
"946","1-Jun",346,"Buckthorn","S",1
"947","1-Jun",346,"Multiflora rose","S",1
"948","1-Jun",346,"Honeysuckle","S",0
"949","1-Jun",346,"Privot","S",1
"950","1-Jun",346,"Spicebush","S",0
"951","1-Jun",346,"Rubus","S",0
"952","1-Jun",346,"Mapleleaf viburnum","S",0
"953","1-Jun",350,"Buckthorn","N",1
"954","1-Jun",350,"Multiflora rose","N",0
"955","1-Jun",350,"Honeysuckle","N",0
"956","1-Jun",350,"Privot","N",0
"957","1-Jun",350,"Spicebush","N",0
"958","1-Jun",350,"Rubus","N",1
"959","1-Jun",350,"Mapleleaf viburnum","N",0
"960","1-Jun",350,"Buckthorn","S",1
"961","1-Jun",350,"Multiflora rose","S",0
"962","1-Jun",350,"Honeysuckle","S",1
"963","1-Jun",350,"Privot","S",1
"964","1-Jun",350,"Spicebush","S",0
"965","1-Jun",350,"Rubus","S",0
"966","1-Jun",350,"Mapleleaf viburnum","S",0
"967","1-Jun",257,"Buckthorn","N",0
"968","1-Jun",257,"Multiflora rose","N",1
"969","1-Jun",257,"Honeysuckle","N",0
"970","1-Jun",257,"Privot","N",0
"971","1-Jun",257,"Spicebush","N",0
"972","1-Jun",257,"Rubus","N",0
"973","1-Jun",257,"Mapleleaf viburnum","N",0
"974","1-Jun",257,"Buckthorn","S",1
"975","1-Jun",257,"Multiflora rose","S",1
"976","1-Jun",257,"Honeysuckle","S",0
"977","1-Jun",257,"Privot","S",0
"978","1-Jun",257,"Spicebush","S",0
"979","1-Jun",257,"Rubus","S",0
"980","1-Jun",257,"Mapleleaf viburnum","S",0
"981","1-Jun",349,"Buckthorn","N",1
"982","1-Jun",349,"Multiflora rose","N",2
"983","1-Jun",349,"Honeysuckle","N",0
"984","1-Jun",349,"Privot","N",0
"985","1-Jun",349,"Spicebush","N",0
"986","1-Jun",349,"Rubus","N",0
"987","1-Jun",349,"Mapleleaf viburnum","N",0
"988","1-Jun",349,"Buckthorn","S",1
"989","1-Jun",349,"Multiflora rose","S",1
"990","1-Jun",349,"Honeysuckle","S",0
"991","1-Jun",349,"Privot","S",0
"992","1-Jun",349,"Spicebush","S",0
"993","1-Jun",349,"Rubus","S",1
"994","1-Jun",349,"Mapleleaf viburnum","S",1
"995","1-Jun",885,"Buckthorn","N",0
"996","1-Jun",885,"Multiflora rose","N",0
"997","1-Jun",885,"Honeysuckle","N",0
"998","1-Jun",885,"Privot","N",0
"999","1-Jun",885,"Spicebush","N",0
"1000","1-Jun",885,"Rubus","N",0
"1001","1-Jun",885,"Mapleleaf viburnum","N",0
"1002","1-Jun",885,"Buckthorn","S",0
"1003","1-Jun",885,"Multiflora rose","S",1
"1004","1-Jun",885,"Honeysuckle","S",2
"1005","1-Jun",885,"Privot","S",0
"1006","1-Jun",885,"Spicebush","S",0
"1007","1-Jun",885,"Rubus","S",0
"1008","1-Jun",885,"Mapleleaf viburnum","S",0
"1009","1-Jun",297,"Buckthorn","N",1
"1010","1-Jun",297,"Multiflora rose","N",0
"1011","1-Jun",297,"Honeysuckle","N",0
"1012","1-Jun",297,"Privot","N",0
"1013","1-Jun",297,"Spicebush","N",0
"1014","1-Jun",297,"Rubus","N",0
"1015","1-Jun",297,"Mapleleaf viburnum","N",0
"1016","1-Jun",297,"Buckthorn","S",2
"1017","1-Jun",297,"Multiflora rose","S",0
"1018","1-Jun",297,"Honeysuckle","S",0
"1019","1-Jun",297,"Privot","S",0
"1020","1-Jun",297,"Spicebush","S",0
"1021","1-Jun",297,"Rubus","S",0
"1022","1-Jun",297,"Mapleleaf viburnum","S",0
"1023","1-Jun",898,"Buckthorn","N",2
"1024","1-Jun",898,"Multiflora rose","N",0
"1025","1-Jun",898,"Honeysuckle","N",0
"1026","1-Jun",898,"Privot","N",1
"1027","1-Jun",898,"Spicebush","N",0
"1028","1-Jun",898,"Rubus","N",0
"1029","1-Jun",898,"Mapleleaf viburnum","N",0
"1030","1-Jun",898,"Buckthorn","S",0
"1031","1-Jun",898,"Multiflora rose","S",1
"1032","1-Jun",898,"Honeysuckle","S",0
"1033","1-Jun",898,"Privot","S",0
"1034","1-Jun",898,"Spicebush","S",0
"1035","1-Jun",898,"Rubus","S",0
"1036","1-Jun",898,"Mapleleaf viburnum","S",0
"1037","1-Jun",864,"Buckthorn","N",1
"1038","1-Jun",864,"Multiflora rose","N",0
"1039","1-Jun",864,"Honeysuckle","N",0
"1040","1-Jun",864,"Privot","N",0
"1041","1-Jun",864,"Spicebush","N",0
"1042","1-Jun",864,"Rubus","N",0
"1043","1-Jun",864,"Mapleleaf viburnum","N",0
"1044","1-Jun",864,"Buckthorn","S",1
"1045","1-Jun",864,"Multiflora rose","S",1
"1046","1-Jun",864,"Honeysuckle","S",0
"1047","1-Jun",864,"Privot","S",0
"1048","1-Jun",864,"Spicebush","S",0
"1049","1-Jun",864,"Rubus","S",0
"1050","1-Jun",864,"Mapleleaf viburnum","S",0
"1051","1-Jun",300,"Buckthorn","N",0
"1052","1-Jun",300,"Multiflora rose","N",4
"1053","1-Jun",300,"Honeysuckle","N",0
"1054","1-Jun",300,"Privot","N",1
"1055","1-Jun",300,"Spicebush","N",0
"1056","1-Jun",300,"Rubus","N",2
"1057","1-Jun",300,"Mapleleaf viburnum","N",0
"1058","1-Jun",300,"Buckthorn","S",1
"1059","1-Jun",300,"Multiflora rose","S",2
"1060","1-Jun",300,"Honeysuckle","S",0
"1061","1-Jun",300,"Privot","S",0
"1062","1-Jun",300,"Spicebush","S",0
"1063","1-Jun",300,"Rubus","S",2
"1064","1-Jun",300,"Mapleleaf viburnum","S",0
"1065","1-Jun",197,"Buckthorn","N",0
"1066","1-Jun",197,"Multiflora rose","N",0
"1067","1-Jun",197,"Honeysuckle","N",0
"1068","1-Jun",197,"Privot","N",0
"1069","1-Jun",197,"Spicebush","N",0
"1070","1-Jun",197,"Rubus","N",0
"1071","1-Jun",197,"Mapleleaf viburnum","N",0
"1072","1-Jun",197,"Buckthorn","S",1
"1073","1-Jun",197,"Multiflora rose","S",1
"1074","1-Jun",197,"Honeysuckle","S",0
"1075","1-Jun",197,"Privot","S",0
"1076","1-Jun",197,"Spicebush","S",0
"1077","1-Jun",197,"Rubus","S",0
"1078","1-Jun",197,"Mapleleaf viburnum","S",0
"1079","1-Jun",883,"Buckthorn","N",1
"1080","1-Jun",883,"Multiflora rose","N",2
"1081","1-Jun",883,"Honeysuckle","N",0
"1082","1-Jun",883,"Privot","N",0
"1083","1-Jun",883,"Spicebush","N",0
"1084","1-Jun",883,"Rubus","N",0
"1085","1-Jun",883,"Mapleleaf viburnum","N",0
"1086","1-Jun",883,"Buckthorn","S",0
"1087","1-Jun",883,"Multiflora rose","S",0
"1088","1-Jun",883,"Honeysuckle","S",1
"1089","1-Jun",883,"Privot","S",0
"1090","1-Jun",883,"Spicebush","S",0
"1091","1-Jun",883,"Rubus","S",0
"1092","1-Jun",883,"Mapleleaf viburnum","S",0
"1093","1-Jun",290,"Buckthorn","N",0
"1094","1-Jun",290,"Multiflora rose","N",0
"1095","1-Jun",290,"Honeysuckle","N",0
"1096","1-Jun",290,"Privot","N",0
"1097","1-Jun",290,"Spicebush","N",0
"1098","1-Jun",290,"Rubus","N",0
"1099","1-Jun",290,"Mapleleaf viburnum","N",0
"1100","1-Jun",290,"Buckthorn","S",1
"1101","1-Jun",290,"Multiflora rose","S",0
"1102","1-Jun",290,"Honeysuckle","S",0
"1103","1-Jun",290,"Privot","S",0
"1104","1-Jun",290,"Spicebush","S",0
"1105","1-Jun",290,"Rubus","S",0
"1106","1-Jun",290,"Mapleleaf viburnum","S",0
"1107","1-Jun",196,"Buckthorn","N",0
"1108","1-Jun",196,"Multiflora rose","N",0
"1109","1-Jun",196,"Honeysuckle","N",0
"1110","1-Jun",196,"Privot","N",0
"1111","1-Jun",196,"Spicebush","N",0
"1112","1-Jun",196,"Rubus","N",0
"1113","1-Jun",196,"Mapleleaf viburnum","N",1
"1114","1-Jun",196,"Buckthorn","S",0
"1115","1-Jun",196,"Multiflora rose","S",0
"1116","1-Jun",196,"Honeysuckle","S",0
"1117","1-Jun",196,"Privot","S",0
"1118","1-Jun",196,"Spicebush","S",0
"1119","1-Jun",196,"Rubus","S",0
"1120","1-Jun",196,"Mapleleaf viburnum","S",1
"1121","1-Jun",364,"Buckthorn","N",0
"1122","1-Jun",364,"Multiflora rose","N",0
"1123","1-Jun",364,"Honeysuckle","N",0
"1124","1-Jun",364,"Privot","N",0
"1125","1-Jun",364,"Spicebush","N",0
"1126","1-Jun",364,"Rubus","N",0
"1127","1-Jun",364,"Mapleleaf viburnum","N",0
"1128","1-Jun",364,"Buckthorn","S",1
"1129","1-Jun",364,"Multiflora rose","S",0
"1130","1-Jun",364,"Honeysuckle","S",0
"1131","1-Jun",364,"Privot","S",0
"1132","1-Jun",364,"Spicebush","S",0
"1133","1-Jun",364,"Rubus","S",0
"1134","1-Jun",364,"Mapleleaf viburnum","S",0
"1135","1-Jun",889,"Buckthorn","N",1
"1136","1-Jun",889,"Multiflora rose","N",0
"1137","1-Jun",889,"Honeysuckle","N",0
"1138","1-Jun",889,"Privot","N",0
"1139","1-Jun",889,"Spicebush","N",0
"1140","1-Jun",889,"Rubus","N",0
"1141","1-Jun",889,"Mapleleaf viburnum","N",0
"1142","1-Jun",889,"Buckthorn","S",0
"1143","1-Jun",889,"Multiflora rose","S",0
"1144","1-Jun",889,"Honeysuckle","S",0
"1145","1-Jun",889,"Privot","S",0
"1146","1-Jun",889,"Spicebush","S",0
"1147","1-Jun",889,"Rubus","S",0
"1148","1-Jun",889,"Mapleleaf viburnum","S",0
"1149","1-Jun",365,"Buckthorn","N",1
"1150","1-Jun",365,"Multiflora rose","N",1
"1151","1-Jun",365,"Honeysuckle","N",0
"1152","1-Jun",365,"Privot","N",0
"1153","1-Jun",365,"Spicebush","N",0
"1154","1-Jun",365,"Rubus","N",0
"1155","1-Jun",365,"Mapleleaf viburnum","N",0
"1156","1-Jun",365,"Buckthorn","S",1
"1157","1-Jun",365,"Multiflora rose","S",0
"1158","1-Jun",365,"Honeysuckle","S",0
"1159","1-Jun",365,"Privot","S",0
"1160","1-Jun",365,"Spicebush","S",0
"1161","1-Jun",365,"Rubus","S",0
"1162","1-Jun",365,"Mapleleaf viburnum","S",0
"1163","1-Jun",188,"Buckthorn","N",1
"1164","1-Jun",188,"Multiflora rose","N",0
"1165","1-Jun",188,"Honeysuckle","N",0
"1166","1-Jun",188,"Privot","N",0
"1167","1-Jun",188,"Spicebush","N",0
"1168","1-Jun",188,"Rubus","N",0
"1169","1-Jun",188,"Mapleleaf viburnum","N",0
"1170","1-Jun",188,"Buckthorn","S",0
"1171","1-Jun",188,"Multiflora rose","S",1
"1172","1-Jun",188,"Honeysuckle","S",0
"1173","1-Jun",188,"Privot","S",0
"1174","1-Jun",188,"Spicebush","S",0
"1175","1-Jun",188,"Rubus","S",0
"1176","1-Jun",188,"Mapleleaf viburnum","S",0
"1177","1-Jun",397,"Buckthorn","N",0
"1178","1-Jun",397,"Multiflora rose","N",0
"1179","1-Jun",397,"Honeysuckle","N",0
"1180","1-Jun",397,"Privot","N",0
"1181","1-Jun",397,"Spicebush","N",0
"1182","1-Jun",397,"Rubus","N",0
"1183","1-Jun",397,"Mapleleaf viburnum","N",0
"1184","1-Jun",397,"Buckthorn","S",0
"1185","1-Jun",397,"Multiflora rose","S",0
"1186","1-Jun",397,"Honeysuckle","S",0
"1187","1-Jun",397,"Privot","S",0
"1188","1-Jun",397,"Spicebush","S",0
"1189","1-Jun",397,"Rubus","S",0
"1190","1-Jun",397,"Mapleleaf viburnum","S",0
"1191","1-Jun",367,"Buckthorn","N",1
"1192","1-Jun",367,"Multiflora rose","N",0
"1193","1-Jun",367,"Honeysuckle","N",0
"1194","1-Jun",367,"Privot","N",0
"1195","1-Jun",367,"Spicebush","N",0
"1196","1-Jun",367,"Rubus","N",0
"1197","1-Jun",367,"Mapleleaf viburnum","N",0
"1198","1-Jun",367,"Buckthorn","S",1
"1199","1-Jun",367,"Multiflora rose","S",0
"1200","1-Jun",367,"Honeysuckle","S",0
"1201","1-Jun",367,"Privot","S",0
"1202","1-Jun",367,"Spicebush","S",0
"1203","1-Jun",367,"Rubus","S",0
"1204","1-Jun",367,"Mapleleaf viburnum","S",0
"1205","1-Jun",368,"Buckthorn","N",1
"1206","1-Jun",368,"Multiflora rose","N",1
"1207","1-Jun",368,"Honeysuckle","N",0
"1208","1-Jun",368,"Privot","N",0
"1209","1-Jun",368,"Spicebush","N",0
"1210","1-Jun",368,"Rubus","N",0
"1211","1-Jun",368,"Mapleleaf viburnum","N",0
"1212","1-Jun",368,"Buckthorn","S",1
"1213","1-Jun",368,"Multiflora rose","S",1
"1214","1-Jun",368,"Honeysuckle","S",0
"1215","1-Jun",368,"Privot","S",0
"1216","1-Jun",368,"Spicebush","S",0
"1217","1-Jun",368,"Rubus","S",0
"1218","1-Jun",368,"Mapleleaf viburnum","S",0
"1219","1-Jun",369,"Buckthorn","N",0
"1220","1-Jun",369,"Multiflora rose","N",0
"1221","1-Jun",369,"Honeysuckle","N",0
"1222","1-Jun",369,"Privot","N",0
"1223","1-Jun",369,"Spicebush","N",0
"1224","1-Jun",369,"Rubus","N",0
"1225","1-Jun",369,"Mapleleaf viburnum","N",0
"1226","1-Jun",369,"Buckthorn","S",0
"1227","1-Jun",369,"Multiflora rose","S",0
"1228","1-Jun",369,"Honeysuckle","S",0
"1229","1-Jun",369,"Privot","S",0
"1230","1-Jun",369,"Spicebush","S",0
"1231","1-Jun",369,"Rubus","S",0
"1232","1-Jun",369,"Mapleleaf viburnum","S",0
"1233","1-Jun",191,"Buckthorn","N",0
"1234","1-Jun",191,"Multiflora rose","N",0
"1235","1-Jun",191,"Honeysuckle","N",0
"1236","1-Jun",191,"Privot","N",0
"1237","1-Jun",191,"Spicebush","N",0
"1238","1-Jun",191,"Rubus","N",0
"1239","1-Jun",191,"Mapleleaf viburnum","N",1
"1240","1-Jun",191,"Buckthorn","S",0
"1241","1-Jun",191,"Multiflora rose","S",0
"1242","1-Jun",191,"Honeysuckle","S",0
"1243","1-Jun",191,"Privot","S",0
"1244","1-Jun",191,"Spicebush","S",0
"1245","1-Jun",191,"Rubus","S",0
"1246","1-Jun",191,"Mapleleaf viburnum","S",0
"1247","1-Jun",396,"Buckthorn","N",1
"1248","1-Jun",396,"Multiflora rose","N",2
"1249","1-Jun",396,"Honeysuckle","N",0
"1250","1-Jun",396,"Privot","N",0
"1251","1-Jun",396,"Spicebush","N",1
"1252","1-Jun",396,"Rubus","N",0
"1253","1-Jun",396,"Mapleleaf viburnum","N",0
"1254","1-Jun",396,"Buckthorn","S",1
"1255","1-Jun",396,"Multiflora rose","S",2
"1256","1-Jun",396,"Honeysuckle","S",0
"1257","1-Jun",396,"Privot","S",0
"1258","1-Jun",396,"Spicebush","S",0
"1259","1-Jun",396,"Rubus","S",0
"1260","1-Jun",396,"Mapleleaf viburnum","S",0
"1261","1-Jun",891,"Buckthorn","N",1
"1262","1-Jun",891,"Multiflora rose","N",0
"1263","1-Jun",891,"Honeysuckle","N",0
"1264","1-Jun",891,"Privot","N",0
"1265","1-Jun",891,"Spicebush","N",1
"1266","1-Jun",891,"Rubus","N",0
"1267","1-Jun",891,"Mapleleaf viburnum","N",0
"1268","1-Jun",891,"Buckthorn","S",1
"1269","1-Jun",891,"Multiflora rose","S",2
"1270","1-Jun",891,"Honeysuckle","S",0
"1271","1-Jun",891,"Privot","S",0
"1272","1-Jun",891,"Spicebush","S",0
"1273","1-Jun",891,"Rubus","S",1
"1274","1-Jun",891,"Mapleleaf viburnum","S",0
"1275","1-Jun",296,"Buckthorn","N",1
"1276","1-Jun",296,"Multiflora rose","N",0
"1277","1-Jun",296,"Honeysuckle","N",0
"1278","1-Jun",296,"Privot","N",0
"1279","1-Jun",296,"Spicebush","N",0
"1280","1-Jun",296,"Rubus","N",0
"1281","1-Jun",296,"Mapleleaf viburnum","N",0
"1282","1-Jun",296,"Buckthorn","S",0
"1283","1-Jun",296,"Multiflora rose","S",1
"1284","1-Jun",296,"Honeysuckle","S",0
"1285","1-Jun",296,"Privot","S",0
"1286","1-Jun",296,"Spicebush","S",0
"1287","1-Jun",296,"Rubus","S",0
"1288","1-Jun",296,"Mapleleaf viburnum","S",0
"1289","1-Jun",190,"Buckthorn","N",0
"1290","1-Jun",190,"Multiflora rose","N",0
"1291","1-Jun",190,"Honeysuckle","N",0
"1292","1-Jun",190,"Privot","N",0
"1293","1-Jun",190,"Spicebush","N",0
"1294","1-Jun",190,"Rubus","N",0
"1295","1-Jun",190,"Mapleleaf viburnum","N",0
"1296","1-Jun",190,"Buckthorn","S",0
"1297","1-Jun",190,"Multiflora rose","S",0
"1298","1-Jun",190,"Honeysuckle","S",0
"1299","1-Jun",190,"Privot","S",0
"1300","1-Jun",190,"Spicebush","S",0
"1301","1-Jun",190,"Rubus","S",0
"1302","1-Jun",190,"Mapleleaf viburnum","S",1
"1303","1-Jun",890,"Buckthorn","N",1
"1304","1-Jun",890,"Multiflora rose","N",0
"1305","1-Jun",890,"Honeysuckle","N",0
"1306","1-Jun",890,"Privot","N",0
"1307","1-Jun",890,"Spicebush","N",0
"1308","1-Jun",890,"Rubus","N",0
"1309","1-Jun",890,"Mapleleaf viburnum","N",0
"1310","1-Jun",890,"Buckthorn","S",1
"1311","1-Jun",890,"Multiflora rose","S",0
"1312","1-Jun",890,"Honeysuckle","S",0
"1313","1-Jun",890,"Privot","S",0
"1314","1-Jun",890,"Spicebush","S",0
"1315","1-Jun",890,"Rubus","S",1
"1316","1-Jun",890,"Mapleleaf viburnum","S",0
"1317","1-Jun",262,"Buckthorn","N",0
"1318","1-Jun",262,"Multiflora rose","N",0
"1319","1-Jun",262,"Honeysuckle","N",0
"1320","1-Jun",262,"Privot","N",0
"1321","1-Jun",262,"Spicebush","N",0
"1322","1-Jun",262,"Rubus","N",0
"1323","1-Jun",262,"Mapleleaf viburnum","N",0
"1324","1-Jun",262,"Buckthorn","S",0
"1325","1-Jun",262,"Multiflora rose","S",0
"1326","1-Jun",262,"Honeysuckle","S",0
"1327","1-Jun",262,"Privot","S",0
"1328","1-Jun",262,"Spicebush","S",0
"1329","1-Jun",262,"Rubus","S",0
"1330","1-Jun",262,"Mapleleaf viburnum","S",0
"1331","1-Jun",256,"Buckthorn","N",0
"1332","1-Jun",256,"Multiflora rose","N",0
"1333","1-Jun",256,"Honeysuckle","N",0
"1334","1-Jun",256,"Privot","N",0
"1335","1-Jun",256,"Spicebush","N",0
"1336","1-Jun",256,"Rubus","N",0
"1337","1-Jun",256,"Mapleleaf viburnum","N",0
"1338","1-Jun",256,"Buckthorn","S",1
"1339","1-Jun",256,"Multiflora rose","S",0
"1340","1-Jun",256,"Honeysuckle","S",0
"1341","1-Jun",256,"Privot","S",0
"1342","1-Jun",256,"Spicebush","S",0
"1343","1-Jun",256,"Rubus","S",0
"1344","1-Jun",256,"Mapleleaf viburnum","S",0
"1345","1-Jun",406,"Buckthorn","N",0
"1346","1-Jun",406,"Multiflora rose","N",0
"1347","1-Jun",406,"Honeysuckle","N",0
"1348","1-Jun",406,"Privot","N",0
"1349","1-Jun",406,"Spicebush","N",0
"1350","1-Jun",406,"Rubus","N",0
"1351","1-Jun",406,"Mapleleaf viburnum","N",0
"1352","1-Jun",406,"Buckthorn","S",0
"1353","1-Jun",406,"Multiflora rose","S",0
"1354","1-Jun",406,"Honeysuckle","S",0
"1355","1-Jun",406,"Privot","S",0
"1356","1-Jun",406,"Spicebush","S",1
"1357","1-Jun",406,"Rubus","S",0
"1358","1-Jun",406,"Mapleleaf viburnum","S",1
"1359","1-Jun",405,"Buckthorn","N",1
"1360","1-Jun",405,"Multiflora rose","N",0
"1361","1-Jun",405,"Honeysuckle","N",0
"1362","1-Jun",405,"Privot","N",0
"1363","1-Jun",405,"Spicebush","N",1
"1364","1-Jun",405,"Rubus","N",0
"1365","1-Jun",405,"Mapleleaf viburnum","N",0
"1366","1-Jun",405,"Buckthorn","S",0
"1367","1-Jun",405,"Multiflora rose","S",0
"1368","1-Jun",405,"Honeysuckle","S",0
"1369","1-Jun",405,"Privot","S",0
"1370","1-Jun",405,"Spicebush","S",0
"1371","1-Jun",405,"Rubus","S",0
"1372","1-Jun",405,"Mapleleaf viburnum","S",0
"1373","1-Jun",886,"Buckthorn","N",0
"1374","1-Jun",886,"Multiflora rose","N",0
"1375","1-Jun",886,"Honeysuckle","N",0
"1376","1-Jun",886,"Privot","N",0
"1377","1-Jun",886,"Spicebush","N",0
"1378","1-Jun",886,"Rubus","N",0
"1379","1-Jun",886,"Mapleleaf viburnum","N",1
"1380","1-Jun",886,"Buckthorn","S",1
"1381","1-Jun",886,"Multiflora rose","S",0
"1382","1-Jun",886,"Honeysuckle","S",0
"1383","1-Jun",886,"Privot","S",0
"1384","1-Jun",886,"Spicebush","S",0
"1385","1-Jun",886,"Rubus","S",0
"1386","1-Jun",886,"Mapleleaf viburnum","S",0
"1387","1-Jun",412,"Buckthorn","N",1
"1388","1-Jun",412,"Multiflora rose","N",1
"1389","1-Jun",412,"Honeysuckle","N",0
"1390","1-Jun",412,"Privot","N",0
"1391","1-Jun",412,"Spicebush","N",1
"1392","1-Jun",412,"Rubus","N",0
"1393","1-Jun",412,"Mapleleaf viburnum","N",0
"1394","1-Jun",412,"Buckthorn","S",0
"1395","1-Jun",412,"Multiflora rose","S",0
"1396","1-Jun",412,"Honeysuckle","S",0
"1397","1-Jun",412,"Privot","S",0
"1398","1-Jun",412,"Spicebush","S",0
"1399","1-Jun",412,"Rubus","S",0
"1400","1-Jun",412,"Mapleleaf viburnum","S",0
"1401","1-Jun",401,"Buckthorn","N",0
"1402","1-Jun",401,"Multiflora rose","N",0
"1403","1-Jun",401,"Honeysuckle","N",0
"1404","1-Jun",401,"Privot","N",0
"1405","1-Jun",401,"Spicebush","N",0
"1406","1-Jun",401,"Rubus","N",0
"1407","1-Jun",401,"Mapleleaf viburnum","N",0
"1408","1-Jun",401,"Buckthorn","S",0
"1409","1-Jun",401,"Multiflora rose","S",0
"1410","1-Jun",401,"Honeysuckle","S",0
"1411","1-Jun",401,"Privot","S",0
"1412","1-Jun",401,"Spicebush","S",0
"1413","1-Jun",401,"Rubus","S",0
"1414","1-Jun",401,"Mapleleaf viburnum","S",0
"1415","1-Jun",266,"Buckthorn","N",1
"1416","1-Jun",266,"Multiflora rose","N",0
"1417","1-Jun",266,"Honeysuckle","N",0
"1418","1-Jun",266,"Privot","N",0
"1419","1-Jun",266,"Spicebush","N",0
"1420","1-Jun",266,"Rubus","N",0
"1421","1-Jun",266,"Mapleleaf viburnum","N",0
"1422","1-Jun",266,"Buckthorn","S",0
"1423","1-Jun",266,"Multiflora rose","S",0
"1424","1-Jun",266,"Honeysuckle","S",0
"1425","1-Jun",266,"Privot","S",0
"1426","1-Jun",266,"Spicebush","S",0
"1427","1-Jun",266,"Rubus","S",0
"1428","1-Jun",266,"Mapleleaf viburnum","S",0
"1429","1-Jun",263,"Buckthorn","N",0
"1430","1-Jun",263,"Multiflora rose","N",0
"1431","1-Jun",263,"Honeysuckle","N",0
"1432","1-Jun",263,"Privot","N",0
"1433","1-Jun",263,"Spicebush","N",0
"1434","1-Jun",263,"Rubus","N",0
"1435","1-Jun",263,"Mapleleaf viburnum","N",0
"1436","1-Jun",263,"Buckthorn","S",1
"1437","1-Jun",263,"Multiflora rose","S",0
"1438","1-Jun",263,"Honeysuckle","S",0
"1439","1-Jun",263,"Privot","S",0
"1440","1-Jun",263,"Spicebush","S",0
"1441","1-Jun",263,"Rubus","S",0
"1442","1-Jun",263,"Mapleleaf viburnum","S",0
"1443","1-Jun",404,"Buckthorn","N",0
"1444","1-Jun",404,"Multiflora rose","N",1
"1445","1-Jun",404,"Honeysuckle","N",0
"1446","1-Jun",404,"Privot","N",0
"1447","1-Jun",404,"Spicebush","N",0
"1448","1-Jun",404,"Rubus","N",0
"1449","1-Jun",404,"Mapleleaf viburnum","N",0
"1450","1-Jun",404,"Buckthorn","S",0
"1451","1-Jun",404,"Multiflora rose","S",1
"1452","1-Jun",404,"Honeysuckle","S",0
"1453","1-Jun",404,"Privot","S",0
"1454","1-Jun",404,"Spicebush","S",0
"1455","1-Jun",404,"Rubus","S",0
"1456","1-Jun",404,"Mapleleaf viburnum","S",0
"1457","1-Jun",410,"Buckthorn","N",0
"1458","1-Jun",410,"Multiflora rose","N",2
"1459","1-Jun",410,"Honeysuckle","N",0
"1460","1-Jun",410,"Privot","N",0
"1461","1-Jun",410,"Spicebush","N",1
"1462","1-Jun",410,"Rubus","N",0
"1463","1-Jun",410,"Mapleleaf viburnum","N",1
"1464","1-Jun",410,"Buckthorn","S",0
"1465","1-Jun",410,"Multiflora rose","S",0
"1466","1-Jun",410,"Honeysuckle","S",0
"1467","1-Jun",410,"Privot","S",0
"1468","1-Jun",410,"Spicebush","S",1
"1469","1-Jun",410,"Rubus","S",0
"1470","1-Jun",410,"Mapleleaf viburnum","S",0
"1471","1-Jun",269,"Buckthorn","N",0
"1472","1-Jun",269,"Multiflora rose","N",0
"1473","1-Jun",269,"Honeysuckle","N",0
"1474","1-Jun",269,"Privot","N",0
"1475","1-Jun",269,"Spicebush","N",1
"1476","1-Jun",269,"Rubus","N",0
"1477","1-Jun",269,"Mapleleaf viburnum","N",1
"1478","1-Jun",269,"Buckthorn","S",0
"1479","1-Jun",269,"Multiflora rose","S",1
"1480","1-Jun",269,"Honeysuckle","S",0
"1481","1-Jun",269,"Privot","S",0
"1482","1-Jun",269,"Spicebush","S",1
"1483","1-Jun",269,"Rubus","S",1
"1484","1-Jun",269,"Mapleleaf viburnum","S",0
"1485","1-Jun",264,"Buckthorn","N",0
"1486","1-Jun",264,"Multiflora rose","N",0
"1487","1-Jun",264,"Honeysuckle","N",0
"1488","1-Jun",264,"Privot","N",0
"1489","1-Jun",264,"Spicebush","N",0
"1490","1-Jun",264,"Rubus","N",1
"1491","1-Jun",264,"Mapleleaf viburnum","N",0
"1492","1-Jun",264,"Buckthorn","S",1
"1493","1-Jun",264,"Multiflora rose","S",0
"1494","1-Jun",264,"Honeysuckle","S",0
"1495","1-Jun",264,"Privot","S",0
"1496","1-Jun",264,"Spicebush","S",0
"1497","1-Jun",264,"Rubus","S",0
"1498","1-Jun",264,"Mapleleaf viburnum","S",0
"1499","1-Jun",265,"Buckthorn","N",1
"1500","1-Jun",265,"Multiflora rose","N",0
"1501","1-Jun",265,"Honeysuckle","N",0
"1502","1-Jun",265,"Privot","N",0
"1503","1-Jun",265,"Spicebush","N",0
"1504","1-Jun",265,"Rubus","N",0
"1505","1-Jun",265,"Mapleleaf viburnum","N",0
"1506","1-Jun",265,"Buckthorn","S",0
"1507","1-Jun",265,"Multiflora rose","S",0
"1508","1-Jun",265,"Honeysuckle","S",0
"1509","1-Jun",265,"Privot","S",0
"1510","1-Jun",265,"Spicebush","S",0
"1511","1-Jun",265,"Rubus","S",0
"1512","1-Jun",265,"Mapleleaf viburnum","S",0
"1513","1-Jun",411,"Buckthorn","N",1
"1514","1-Jun",411,"Multiflora rose","N",0
"1515","1-Jun",411,"Honeysuckle","N",0
"1516","1-Jun",411,"Privot","N",0
"1517","1-Jun",411,"Spicebush","N",0
"1518","1-Jun",411,"Rubus","N",0
"1519","1-Jun",411,"Mapleleaf viburnum","N",0
"1520","1-Jun",411,"Buckthorn","S",0
"1521","1-Jun",411,"Multiflora rose","S",0
"1522","1-Jun",411,"Honeysuckle","S",0
"1523","1-Jun",411,"Privot","S",0
"1524","1-Jun",411,"Spicebush","S",0
"1525","1-Jun",411,"Rubus","S",0
"1526","1-Jun",411,"Mapleleaf viburnum","S",0
"1527","1-Jun",408,"Buckthorn","N",0
"1528","1-Jun",408,"Multiflora rose","N",1
"1529","1-Jun",408,"Honeysuckle","N",0
"1530","1-Jun",408,"Privot","N",0
"1531","1-Jun",408,"Spicebush","N",1
"1532","1-Jun",408,"Rubus","N",0
"1533","1-Jun",408,"Mapleleaf viburnum","N",0
"1534","1-Jun",408,"Buckthorn","S",0
"1535","1-Jun",408,"Multiflora rose","S",2
"1536","1-Jun",408,"Honeysuckle","S",0
"1537","1-Jun",408,"Privot","S",0
"1538","1-Jun",408,"Spicebush","S",0
"1539","1-Jun",408,"Rubus","S",0
"1540","1-Jun",408,"Mapleleaf viburnum","S",1
"1541","1-Jun",200,"Buckthorn","N",0
"1542","1-Jun",200,"Multiflora rose","N",0
"1543","1-Jun",200,"Honeysuckle","N",0
"1544","1-Jun",200,"Privot","N",0
"1545","1-Jun",200,"Spicebush","N",1
"1546","1-Jun",200,"Rubus","N",0
"1547","1-Jun",200,"Mapleleaf viburnum","N",0
"1548","1-Jun",200,"Buckthorn","S",0
"1549","1-Jun",200,"Multiflora rose","S",0
"1550","1-Jun",200,"Honeysuckle","S",0
"1551","1-Jun",200,"Privot","S",0
"1552","1-Jun",200,"Spicebush","S",0
"1553","1-Jun",200,"Rubus","S",0
"1554","1-Jun",200,"Mapleleaf viburnum","S",1
"1555","1-Jun",187,"Buckthorn","N",0
"1556","1-Jun",187,"Multiflora rose","N",1
"1557","1-Jun",187,"Honeysuckle","N",0
"1558","1-Jun",187,"Privot","N",0
"1559","1-Jun",187,"Spicebush","N",0
"1560","1-Jun",187,"Rubus","N",0
"1561","1-Jun",187,"Mapleleaf viburnum","N",0
"1562","1-Jun",187,"Buckthorn","S",0
"1563","1-Jun",187,"Multiflora rose","S",1
"1564","1-Jun",187,"Honeysuckle","S",0
"1565","1-Jun",187,"Privot","S",0
"1566","1-Jun",187,"Spicebush","S",0
"1567","1-Jun",187,"Rubus","S",0
"1568","1-Jun",187,"Mapleleaf viburnum","S",0
"1569","1-Jun",260,"Buckthorn","N",1
"1570","1-Jun",260,"Multiflora rose","N",0
"1571","1-Jun",260,"Honeysuckle","N",0
"1572","1-Jun",260,"Privot","N",0
"1573","1-Jun",260,"Spicebush","N",0
"1574","1-Jun",260,"Rubus","N",0
"1575","1-Jun",260,"Mapleleaf viburnum","N",0
"1576","1-Jun",260,"Buckthorn","S",0
"1577","1-Jun",260,"Multiflora rose","S",2
"1578","1-Jun",260,"Honeysuckle","S",0
"1579","1-Jun",260,"Privot","S",0
"1580","1-Jun",260,"Spicebush","S",0
"1581","1-Jun",260,"Rubus","S",0
"1582","1-Jun",260,"Mapleleaf viburnum","S",0
"1583","1-Jun",270,"Buckthorn","N",1
"1584","1-Jun",270,"Multiflora rose","N",0
"1585","1-Jun",270,"Honeysuckle","N",0
"1586","1-Jun",270,"Privot","N",0
"1587","1-Jun",270,"Spicebush","N",0
"1588","1-Jun",270,"Rubus","N",0
"1589","1-Jun",270,"Mapleleaf viburnum","N",0
"1590","1-Jun",270,"Buckthorn","S",0
"1591","1-Jun",270,"Multiflora rose","S",1
"1592","1-Jun",270,"Honeysuckle","S",0
"1593","1-Jun",270,"Privot","S",0
"1594","1-Jun",270,"Spicebush","S",0
"1595","1-Jun",270,"Rubus","S",0
"1596","1-Jun",270,"Mapleleaf viburnum","S",0
"1597","1-Jun",255,"Buckthorn","N",1
"1598","1-Jun",255,"Multiflora rose","N",1
"1599","1-Jun",255,"Honeysuckle","N",0
"1600","1-Jun",255,"Privot","N",0
"1601","1-Jun",255,"Spicebush","N",0
"1602","1-Jun",255,"Rubus","N",0
"1603","1-Jun",255,"Mapleleaf viburnum","N",0
"1604","1-Jun",255,"Buckthorn","S",1
"1605","1-Jun",255,"Multiflora rose","S",0
"1606","1-Jun",255,"Honeysuckle","S",0
"1607","1-Jun",255,"Privot","S",0
"1608","1-Jun",255,"Spicebush","S",0
"1609","1-Jun",255,"Rubus","S",1
"1610","1-Jun",255,"Mapleleaf viburnum","S",0
"1611","1-Jun",254,"Buckthorn","N",1
"1612","1-Jun",254,"Multiflora rose","N",0
"1613","1-Jun",254,"Honeysuckle","N",0
"1614","1-Jun",254,"Privot","N",0
"1615","1-Jun",254,"Spicebush","N",0
"1616","1-Jun",254,"Rubus","N",0
"1617","1-Jun",254,"Mapleleaf viburnum","N",0
"1618","1-Jun",254,"Buckthorn","S",1
"1619","1-Jun",254,"Multiflora rose","S",1
"1620","1-Jun",254,"Honeysuckle","S",0
"1621","1-Jun",254,"Privot","S",0
"1622","1-Jun",254,"Spicebush","S",0
"1623","1-Jun",254,"Rubus","S",1
"1624","1-Jun",254,"Mapleleaf viburnum","S",0
"1625","1-Jun",375,"Buckthorn","N",0
"1626","1-Jun",375,"Multiflora rose","N",1
"1627","1-Jun",375,"Honeysuckle","N",0
"1628","1-Jun",375,"Privot","N",0
"1629","1-Jun",375,"Spicebush","N",0
"1630","1-Jun",375,"Rubus","N",0
"1631","1-Jun",375,"Mapleleaf viburnum","N",0
"1632","1-Jun",375,"Buckthorn","S",1
"1633","1-Jun",375,"Multiflora rose","S",0
"1634","1-Jun",375,"Honeysuckle","S",0
"1635","1-Jun",375,"Privot","S",0
"1636","1-Jun",375,"Spicebush","S",0
"1637","1-Jun",375,"Rubus","S",0
"1638","1-Jun",375,"Mapleleaf viburnum","S",0
"1639","1-Jun",362,"Buckthorn","N",0
"1640","1-Jun",362,"Multiflora rose","N",0
"1641","1-Jun",362,"Honeysuckle","N",0
"1642","1-Jun",362,"Privot","N",0
"1643","1-Jun",362,"Spicebush","N",0
"1644","1-Jun",362,"Rubus","N",0
"1645","1-Jun",362,"Mapleleaf viburnum","N",0
"1646","1-Jun",362,"Buckthorn","S",0
"1647","1-Jun",362,"Multiflora rose","S",0
"1648","1-Jun",362,"Honeysuckle","S",0
"1649","1-Jun",362,"Privot","S",0
"1650","1-Jun",362,"Spicebush","S",0
"1651","1-Jun",362,"Rubus","S",0
"1652","1-Jun",362,"Mapleleaf viburnum","S",0
"1653","1-Jun",373,"Buckthorn","N",0
"1654","1-Jun",373,"Multiflora rose","N",1
"1655","1-Jun",373,"Honeysuckle","N",0
"1656","1-Jun",373,"Privot","N",0
"1657","1-Jun",373,"Spicebush","N",0
"1658","1-Jun",373,"Rubus","N",0
"1659","1-Jun",373,"Mapleleaf viburnum","N",0
"1660","1-Jun",373,"Buckthorn","S",1
"1661","1-Jun",373,"Multiflora rose","S",1
"1662","1-Jun",373,"Honeysuckle","S",0
"1663","1-Jun",373,"Privot","S",0
"1664","1-Jun",373,"Spicebush","S",0
"1665","1-Jun",373,"Rubus","S",0
"1666","1-Jun",373,"Mapleleaf viburnum","S",0
"1667","1-Jun",258,"Buckthorn","N",0
"1668","1-Jun",258,"Multiflora rose","N",0
"1669","1-Jun",258,"Honeysuckle","N",0
"1670","1-Jun",258,"Privot","N",0
"1671","1-Jun",258,"Spicebush","N",0
"1672","1-Jun",258,"Rubus","N",0
"1673","1-Jun",258,"Mapleleaf viburnum","N",0
"1674","1-Jun",258,"Buckthorn","S",0
"1675","1-Jun",258,"Multiflora rose","S",0
"1676","1-Jun",258,"Honeysuckle","S",0
"1677","1-Jun",258,"Privot","S",0
"1678","1-Jun",258,"Spicebush","S",0
"1679","1-Jun",258,"Rubus","S",0
"1680","1-Jun",258,"Mapleleaf viburnum","S",0
"1681","1-Jun",398,"Buckthorn","N",0
"1682","1-Jun",398,"Multiflora rose","N",0
"1683","1-Jun",398,"Honeysuckle","N",0
"1684","1-Jun",398,"Privot","N",0
"1685","1-Jun",398,"Spicebush","N",0
"1686","1-Jun",398,"Rubus","N",0
"1687","1-Jun",398,"Mapleleaf viburnum","N",1
"1688","1-Jun",398,"Buckthorn","S",0
"1689","1-Jun",398,"Multiflora rose","S",0
"1690","1-Jun",398,"Honeysuckle","S",0
"1691","1-Jun",398,"Privot","S",0
"1692","1-Jun",398,"Spicebush","S",0
"1693","1-Jun",398,"Rubus","S",0
"1694","1-Jun",398,"Mapleleaf viburnum","S",0
"1695","1-Jun",288,"Buckthorn","N",0
"1696","1-Jun",288,"Multiflora rose","N",0
"1697","1-Jun",288,"Honeysuckle","N",0
"1698","1-Jun",288,"Privot","N",0
"1699","1-Jun",288,"Spicebush","N",0
"1700","1-Jun",288,"Rubus","N",0
"1701","1-Jun",288,"Mapleleaf viburnum","N",0
"1702","1-Jun",288,"Buckthorn","S",0
"1703","1-Jun",288,"Multiflora rose","S",0
"1704","1-Jun",288,"Honeysuckle","S",0
"1705","1-Jun",288,"Privot","S",0
"1706","1-Jun",288,"Spicebush","S",1
"1707","1-Jun",288,"Rubus","S",0
"1708","1-Jun",288,"Mapleleaf viburnum","S",0
"1709","1-Jun",256,"Buckthorn","N",1
"1710","1-Jun",256,"Multiflora rose","N",0
"1711","1-Jun",256,"Honeysuckle","N",0
"1712","1-Jun",256,"Privot","N",0
"1713","1-Jun",256,"Spicebush","N",0
"1714","1-Jun",256,"Rubus","N",0
"1715","1-Jun",256,"Mapleleaf viburnum","N",0
"1716","1-Jun",256,"Buckthorn","S",1
"1717","1-Jun",256,"Multiflora rose","S",0
"1718","1-Jun",256,"Honeysuckle","S",0
"1719","1-Jun",256,"Privot","S",0
"1720","1-Jun",256,"Spicebush","S",1
"1721","1-Jun",256,"Rubus","S",0
"1722","1-Jun",256,"Mapleleaf viburnum","S",0
"1723","1-Jun",363,"Buckthorn","N",1
"1724","1-Jun",363,"Multiflora rose","N",0
"1725","1-Jun",363,"Honeysuckle","N",0
"1726","1-Jun",363,"Privot","N",0
"1727","1-Jun",363,"Spicebush","N",0
"1728","1-Jun",363,"Rubus","N",0
"1729","1-Jun",363,"Mapleleaf viburnum","N",0
"1730","1-Jun",363,"Buckthorn","S",1
"1731","1-Jun",363,"Multiflora rose","S",0
"1732","1-Jun",363,"Honeysuckle","S",0
"1733","1-Jun",363,"Privot","S",0
"1734","1-Jun",363,"Spicebush","S",0
"1735","1-Jun",363,"Rubus","S",0
"1736","1-Jun",363,"Mapleleaf viburnum","S",0
"1737","1-Jun",365,"Buckthorn","N",1
"1738","1-Jun",365,"Multiflora rose","N",0
"1739","1-Jun",365,"Honeysuckle","N",0
"1740","1-Jun",365,"Privot","N",0
"1741","1-Jun",365,"Spicebush","N",0
"1742","1-Jun",365,"Rubus","N",0
"1743","1-Jun",365,"Mapleleaf viburnum","N",0
"1744","1-Jun",365,"Buckthorn","S",1
"1745","1-Jun",365,"Multiflora rose","S",0
"1746","1-Jun",365,"Honeysuckle","S",0
"1747","1-Jun",365,"Privot","S",0
"1748","1-Jun",365,"Spicebush","S",0
"1749","1-Jun",365,"Rubus","S",0
"1750","1-Jun",365,"Mapleleaf viburnum","S",0
"1751","1-Jun",355,"Buckthorn","N",1
"1752","1-Jun",355,"Multiflora rose","N",1
"1753","1-Jun",355,"Honeysuckle","N",0
"1754","1-Jun",355,"Privot","N",0
"1755","1-Jun",355,"Spicebush","N",0
"1756","1-Jun",355,"Rubus","N",0
"1757","1-Jun",355,"Mapleleaf viburnum","N",0
"1758","1-Jun",355,"Buckthorn","S",0
"1759","1-Jun",355,"Multiflora rose","S",1
"1760","1-Jun",355,"Honeysuckle","S",0
"1761","1-Jun",355,"Privot","S",0
"1762","1-Jun",355,"Spicebush","S",0
"1763","1-Jun",355,"Rubus","S",0
"1764","1-Jun",355,"Mapleleaf viburnum","S",0
"1765","1-Jun",189,"Buckthorn","N",1
"1766","1-Jun",189,"Multiflora rose","N",0
"1767","1-Jun",189,"Honeysuckle","N",0
"1768","1-Jun",189,"Privot","N",0
"1769","1-Jun",189,"Spicebush","N",1
"1770","1-Jun",189,"Rubus","N",1
"1771","1-Jun",189,"Mapleleaf viburnum","N",0
"1772","1-Jun",189,"Buckthorn","S",1
"1773","1-Jun",189,"Multiflora rose","S",0
"1774","1-Jun",189,"Honeysuckle","S",0
"1775","1-Jun",189,"Privot","S",0
"1776","1-Jun",189,"Spicebush","S",0
"1777","1-Jun",189,"Rubus","S",0
"1778","1-Jun",189,"Mapleleaf viburnum","S",1
"1779","1-Jun",357,"Buckthorn","N",1
"1780","1-Jun",357,"Multiflora rose","N",1
"1781","1-Jun",357,"Honeysuckle","N",0
"1782","1-Jun",357,"Privot","N",0
"1783","1-Jun",357,"Spicebush","N",0
"1784","1-Jun",357,"Rubus","N",0
"1785","1-Jun",357,"Mapleleaf viburnum","N",0
"1786","1-Jun",357,"Buckthorn","S",1
"1787","1-Jun",357,"Multiflora rose","S",0
"1788","1-Jun",357,"Honeysuckle","S",0
"1789","1-Jun",357,"Privot","S",1
"1790","1-Jun",357,"Spicebush","S",1
"1791","1-Jun",357,"Rubus","S",0
"1792","1-Jun",357,"Mapleleaf viburnum","S",1
"1793","1-Jun",199,"Buckthorn","N",1
"1794","1-Jun",199,"Multiflora rose","N",0
"1795","1-Jun",199,"Honeysuckle","N",0
"1796","1-Jun",199,"Privot","N",0
"1797","1-Jun",199,"Spicebush","N",0
"1798","1-Jun",199,"Rubus","N",0
"1799","1-Jun",199,"Mapleleaf viburnum","N",0
"1800","1-Jun",199,"Buckthorn","S",1
"1801","1-Jun",199,"Multiflora rose","S",0
"1802","1-Jun",199,"Honeysuckle","S",0
"1803","1-Jun",199,"Privot","S",0
"1804","1-Jun",199,"Spicebush","S",0
"1805","1-Jun",199,"Rubus","S",0
"1806","1-Jun",199,"Mapleleaf viburnum","S",0
"1807","1-Jun",409,"Buckthorn","N",0
"1808","1-Jun",409,"Multiflora rose","N",0
"1809","1-Jun",409,"Honeysuckle","N",0
"1810","1-Jun",409,"Privot","N",0
"1811","1-Jun",409,"Spicebush","N",0
"1812","1-Jun",409,"Rubus","N",0
"1813","1-Jun",409,"Mapleleaf viburnum","N",1
"1814","1-Jun",409,"Buckthorn","S",0
"1815","1-Jun",409,"Multiflora rose","S",0
"1816","1-Jun",409,"Honeysuckle","S",0
"1817","1-Jun",409,"Privot","S",0
"1818","1-Jun",409,"Spicebush","S",0
"1819","1-Jun",409,"Rubus","S",0
"1820","1-Jun",409,"Mapleleaf viburnum","S",0
"1821","1-Jun",882,"Buckthorn","N",0
"1822","1-Jun",882,"Multiflora rose","N",1
"1823","1-Jun",882,"Honeysuckle","N",0
"1824","1-Jun",882,"Privot","N",0
"1825","1-Jun",882,"Spicebush","N",0
"1826","1-Jun",882,"Rubus","N",1
"1827","1-Jun",882,"Mapleleaf viburnum","N",0
"1828","1-Jun",882,"Buckthorn","S",0
"1829","1-Jun",882,"Multiflora rose","S",1
"1830","1-Jun",882,"Honeysuckle","S",0
"1831","1-Jun",882,"Privot","S",0
"1832","1-Jun",882,"Spicebush","S",0
"1833","1-Jun",882,"Rubus","S",1
"1834","1-Jun",882,"Mapleleaf viburnum","S",0
"1835","1-Jun",284,"Buckthorn","N",0
"1836","1-Jun",284,"Multiflora rose","N",0
"1837","1-Jun",284,"Honeysuckle","N",0
"1838","1-Jun",284,"Privot","N",0
"1839","1-Jun",284,"Spicebush","N",0
"1840","1-Jun",284,"Rubus","N",1
"1841","1-Jun",284,"Mapleleaf viburnum","N",0
"1842","1-Jun",284,"Buckthorn","S",1
"1843","1-Jun",284,"Multiflora rose","S",0
"1844","1-Jun",284,"Honeysuckle","S",0
"1845","1-Jun",284,"Privot","S",0
"1846","1-Jun",284,"Spicebush","S",0
"1847","1-Jun",284,"Rubus","S",0
"1848","1-Jun",284,"Mapleleaf viburnum","S",0
"1849","1-Jun",372,"Buckthorn","N",1
"1850","1-Jun",372,"Multiflora rose","N",0
"1851","1-Jun",372,"Honeysuckle","N",0
"1852","1-Jun",372,"Privot","N",0
"1853","1-Jun",372,"Spicebush","N",0
"1854","1-Jun",372,"Rubus","N",1
"1855","1-Jun",372,"Mapleleaf viburnum","N",0
"1856","1-Jun",372,"Buckthorn","S",1
"1857","1-Jun",372,"Multiflora rose","S",0
"1858","1-Jun",372,"Honeysuckle","S",0
"1859","1-Jun",372,"Privot","S",0
"1860","1-Jun",372,"Spicebush","S",0
"1861","1-Jun",372,"Rubus","S",1
"1862","1-Jun",372,"Mapleleaf viburnum","S",0
"1863","1-Jun",359,"Buckthorn","N",1
"1864","1-Jun",359,"Multiflora rose","N",0
"1865","1-Jun",359,"Honeysuckle","N",0
"1866","1-Jun",359,"Privot","N",0
"1867","1-Jun",359,"Spicebush","N",0
"1868","1-Jun",359,"Rubus","N",0
"1869","1-Jun",359,"Mapleleaf viburnum","N",1
"1870","1-Jun",359,"Buckthorn","S",1
"1871","1-Jun",359,"Multiflora rose","S",0
"1872","1-Jun",359,"Honeysuckle","S",0
"1873","1-Jun",359,"Privot","S",0
"1874","1-Jun",359,"Spicebush","S",0
"1875","1-Jun",359,"Rubus","S",0
"1876","1-Jun",359,"Mapleleaf viburnum","S",0
"1877","1-Jun",892,"Buckthorn","N",1
"1878","1-Jun",892,"Multiflora rose","N",2
"1879","1-Jun",892,"Honeysuckle","N",0
"1880","1-Jun",892,"Privot","N",0
"1881","1-Jun",892,"Spicebush","N",0
"1882","1-Jun",892,"Rubus","N",0
"1883","1-Jun",892,"Mapleleaf viburnum","N",1
"1884","1-Jun",892,"Buckthorn","S",1
"1885","1-Jun",892,"Multiflora rose","S",2
"1886","1-Jun",892,"Honeysuckle","S",0
"1887","1-Jun",892,"Privot","S",1
"1888","1-Jun",892,"Spicebush","S",0
"1889","1-Jun",892,"Rubus","S",0
"1890","1-Jun",892,"Mapleleaf viburnum","S",0
"1891","1-Jun",893,"Buckthorn","N",1
"1892","1-Jun",893,"Multiflora rose","N",2
"1893","1-Jun",893,"Honeysuckle","N",0
"1894","1-Jun",893,"Privot","N",0
"1895","1-Jun",893,"Spicebush","N",0
"1896","1-Jun",893,"Rubus","N",0
"1897","1-Jun",893,"Mapleleaf viburnum","N",1
"1898","1-Jun",893,"Buckthorn","S",1
"1899","1-Jun",893,"Multiflora rose","S",3
"1900","1-Jun",893,"Honeysuckle","S",2
"1901","1-Jun",893,"Privot","S",0
"1902","1-Jun",893,"Spicebush","S",0
"1903","1-Jun",893,"Rubus","S",0
"1904","1-Jun",893,"Mapleleaf viburnum","S",1
"1905","1-Jun",894,"Buckthorn","N",2
"1906","1-Jun",894,"Multiflora rose","N",0
"1907","1-Jun",894,"Honeysuckle","N",0
"1908","1-Jun",894,"Privot","N",0
"1909","1-Jun",894,"Spicebush","N",0
"1910","1-Jun",894,"Rubus","N",0
"1911","1-Jun",894,"Mapleleaf viburnum","N",1
"1912","1-Jun",894,"Buckthorn","S",3
"1913","1-Jun",894,"Multiflora rose","S",0
"1914","1-Jun",894,"Honeysuckle","S",0
"1915","1-Jun",894,"Privot","S",1
"1916","1-Jun",894,"Spicebush","S",0
"1917","1-Jun",894,"Rubus","S",0
"1918","1-Jun",894,"Mapleleaf viburnum","S",0
"1919","1-Jun",253,"Buckthorn","N",2
"1920","1-Jun",253,"Multiflora rose","N",3
"1921","1-Jun",253,"Honeysuckle","N",0
"1922","1-Jun",253,"Privot","N",1
"1923","1-Jun",253,"Spicebush","N",0
"1924","1-Jun",253,"Rubus","N",0
"1925","1-Jun",253,"Mapleleaf viburnum","N",1
"1926","1-Jun",253,"Buckthorn","S",3
"1927","1-Jun",253,"Multiflora rose","S",1
"1928","1-Jun",253,"Honeysuckle","S",1
"1929","1-Jun",253,"Privot","S",0
"1930","1-Jun",253,"Spicebush","S",0
"1931","1-Jun",253,"Rubus","S",0
"1932","1-Jun",253,"Mapleleaf viburnum","S",0
"1933","1-Jun",399,"Buckthorn","N",2
"1934","1-Jun",399,"Multiflora rose","N",1
"1935","1-Jun",399,"Honeysuckle","N",0
"1936","1-Jun",399,"Privot","N",0
"1937","1-Jun",399,"Spicebush","N",0
"1938","1-Jun",399,"Rubus","N",0
"1939","1-Jun",399,"Mapleleaf viburnum","N",0
"1940","1-Jun",399,"Buckthorn","S",2
"1941","1-Jun",399,"Multiflora rose","S",0
"1942","1-Jun",399,"Honeysuckle","S",0
"1943","1-Jun",399,"Privot","S",0
"1944","1-Jun",399,"Spicebush","S",0
"1945","1-Jun",399,"Rubus","S",0
"1946","1-Jun",399,"Mapleleaf viburnum","S",0
"1947","1-Jun",400,"Buckthorn","N",2
"1948","1-Jun",400,"Multiflora rose","N",0
"1949","1-Jun",400,"Honeysuckle","N",0
"1950","1-Jun",400,"Privot","N",1
"1951","1-Jun",400,"Spicebush","N",0
"1952","1-Jun",400,"Rubus","N",0
"1953","1-Jun",400,"Mapleleaf viburnum","N",0
"1954","1-Jun",400,"Buckthorn","S",1
"1955","1-Jun",400,"Multiflora rose","S",0
"1956","1-Jun",400,"Honeysuckle","S",0
"1957","1-Jun",400,"Privot","S",0
"1958","1-Jun",400,"Spicebush","S",0
"1959","1-Jun",400,"Rubus","S",0
"1960","1-Jun",400,"Mapleleaf viburnum","S",0
"1961","1-Jun",252,"Buckthorn","N",2
"1962","1-Jun",252,"Multiflora rose","N",1
"1963","1-Jun",252,"Honeysuckle","N",0
"1964","1-Jun",252,"Privot","N",0
"1965","1-Jun",252,"Spicebush","N",0
"1966","1-Jun",252,"Rubus","N",0
"1967","1-Jun",252,"Mapleleaf viburnum","N",0
"1968","1-Jun",252,"Buckthorn","S",2
"1969","1-Jun",252,"Multiflora rose","S",0
"1970","1-Jun",252,"Honeysuckle","S",0
"1971","1-Jun",252,"Privot","S",0
"1972","1-Jun",252,"Spicebush","S",0
"1973","1-Jun",252,"Rubus","S",0
"1974","1-Jun",252,"Mapleleaf viburnum","S",0
"1975","1-Jun",272,"Buckthorn","N",2
"1976","1-Jun",272,"Multiflora rose","N",1
"1977","1-Jun",272,"Honeysuckle","N",1
"1978","1-Jun",272,"Privot","N",0
"1979","1-Jun",272,"Spicebush","N",0
"1980","1-Jun",272,"Rubus","N",1
"1981","1-Jun",272,"Mapleleaf viburnum","N",1
"1982","1-Jun",272,"Buckthorn","S",2
"1983","1-Jun",272,"Multiflora rose","S",1
"1984","1-Jun",272,"Honeysuckle","S",1
"1985","1-Jun",272,"Privot","S",0
"1986","1-Jun",272,"Spicebush","S",0
"1987","1-Jun",272,"Rubus","S",1
"1988","1-Jun",272,"Mapleleaf viburnum","S",1
"1989","1-Jun",353,"Buckthorn","N",1
"1990","1-Jun",353,"Multiflora rose","N",1
"1991","1-Jun",353,"Honeysuckle","N",0
"1992","1-Jun",353,"Privot","N",0
"1993","1-Jun",353,"Spicebush","N",0
"1994","1-Jun",353,"Rubus","N",2
"1995","1-Jun",353,"Mapleleaf viburnum","N",0
"1996","1-Jun",353,"Buckthorn","S",1
"1997","1-Jun",353,"Multiflora rose","S",1
"1998","1-Jun",353,"Honeysuckle","S",0
"1999","1-Jun",353,"Privot","S",0
"2000","1-Jun",353,"Spicebush","S",0
"2001","1-Jun",353,"Rubus","S",2
"2002","1-Jun",353,"Mapleleaf viburnum","S",1
"2003","1-Jun",361,"Buckthorn","N",1
"2004","1-Jun",361,"Multiflora rose","N",3
"2005","1-Jun",361,"Honeysuckle","N",0
"2006","1-Jun",361,"Privot","N",0
"2007","1-Jun",361,"Spicebush","N",0
"2008","1-Jun",361,"Rubus","N",0
"2009","1-Jun",361,"Mapleleaf viburnum","N",1
"2010","1-Jun",361,"Buckthorn","S",1
"2011","1-Jun",361,"Multiflora rose","S",3
"2012","1-Jun",361,"Honeysuckle","S",0
"2013","1-Jun",361,"Privot","S",0
"2014","1-Jun",361,"Spicebush","S",0
"2015","1-Jun",361,"Rubus","S",0
"2016","1-Jun",361,"Mapleleaf viburnum","S",1
"2017","1-Jun",348,"Buckthorn","N",2
"2018","1-Jun",348,"Multiflora rose","N",0
"2019","1-Jun",348,"Honeysuckle","N",1
"2020","1-Jun",348,"Privot","N",0
"2021","1-Jun",348,"Spicebush","N",0
"2022","1-Jun",348,"Rubus","N",0
"2023","1-Jun",348,"Mapleleaf viburnum","N",0
"2024","1-Jun",348,"Buckthorn","S",2
"2025","1-Jun",348,"Multiflora rose","S",0
"2026","1-Jun",348,"Honeysuckle","S",0
"2027","1-Jun",348,"Privot","S",2
"2028","1-Jun",348,"Spicebush","S",0
"2029","1-Jun",348,"Rubus","S",0
"2030","1-Jun",348,"Mapleleaf viburnum","S",0
"2031","1-Jun",371,"Buckthorn","N",2
"2032","1-Jun",371,"Multiflora rose","N",1
"2033","1-Jun",371,"Honeysuckle","N",0
"2034","1-Jun",371,"Privot","N",0
"2035","1-Jun",371,"Spicebush","N",0
"2036","1-Jun",371,"Rubus","N",0
"2037","1-Jun",371,"Mapleleaf viburnum","N",0
"2038","1-Jun",371,"Buckthorn","S",2
"2039","1-Jun",371,"Multiflora rose","S",1
"2040","1-Jun",371,"Honeysuckle","S",2
"2041","1-Jun",371,"Privot","S",0
"2042","1-Jun",371,"Spicebush","S",0
"2043","1-Jun",371,"Rubus","S",0
"2044","1-Jun",371,"Mapleleaf viburnum","S",1
"2045","1-Jun",351,"Buckthorn","N",2
"2046","1-Jun",351,"Multiflora rose","N",1
"2047","1-Jun",351,"Honeysuckle","N",0
"2048","1-Jun",351,"Privot","N",0
"2049","1-Jun",351,"Spicebush","N",0
"2050","1-Jun",351,"Rubus","N",0
"2051","1-Jun",351,"Mapleleaf viburnum","N",0
"2052","1-Jun",351,"Buckthorn","S",3
"2053","1-Jun",351,"Multiflora rose","S",1
"2054","1-Jun",351,"Honeysuckle","S",1
"2055","1-Jun",351,"Privot","S",0
"2056","1-Jun",351,"Spicebush","S",0
"2057","1-Jun",351,"Rubus","S",0
"2058","1-Jun",351,"Mapleleaf viburnum","S",0
"2059","1-Jun",352,"Buckthorn","N",1
"2060","1-Jun",352,"Multiflora rose","N",1
"2061","1-Jun",352,"Honeysuckle","N",1
"2062","1-Jun",352,"Privot","N",0
"2063","1-Jun",352,"Spicebush","N",0
"2064","1-Jun",352,"Rubus","N",0
"2065","1-Jun",352,"Mapleleaf viburnum","N",0
"2066","1-Jun",352,"Buckthorn","S",1
"2067","1-Jun",352,"Multiflora rose","S",2
"2068","1-Jun",352,"Honeysuckle","S",0
"2069","1-Jun",352,"Privot","S",0
"2070","1-Jun",352,"Spicebush","S",0
"2071","1-Jun",352,"Rubus","S",0
"2072","1-Jun",352,"Mapleleaf viburnum","S",0
"2073","1-Jun",293,"Buckthorn","N",1
"2074","1-Jun",293,"Multiflora rose","N",0
"2075","1-Jun",293,"Honeysuckle","N",0
"2076","1-Jun",293,"Privot","N",0
"2077","1-Jun",293,"Spicebush","N",0
"2078","1-Jun",293,"Rubus","N",1
"2079","1-Jun",293,"Mapleleaf viburnum","N",0
"2080","1-Jun",293,"Buckthorn","S",1
"2081","1-Jun",293,"Multiflora rose","S",0
"2082","1-Jun",293,"Honeysuckle","S",0
"2083","1-Jun",293,"Privot","S",0
"2084","1-Jun",293,"Spicebush","S",0
"2085","1-Jun",293,"Rubus","S",0
"2086","1-Jun",293,"Mapleleaf viburnum","S",0
"2087","1-Jun",299,"Buckthorn","N",1
"2088","1-Jun",299,"Multiflora rose","N",3
"2089","1-Jun",299,"Honeysuckle","N",0
"2090","1-Jun",299,"Privot","N",2
"2091","1-Jun",299,"Spicebush","N",0
"2092","1-Jun",299,"Rubus","N",1
"2093","1-Jun",299,"Mapleleaf viburnum","N",0
"2094","1-Jun",299,"Buckthorn","S",1
"2095","1-Jun",299,"Multiflora rose","S",2
"2096","1-Jun",299,"Honeysuckle","S",0
"2097","1-Jun",299,"Privot","S",0
"2098","1-Jun",299,"Spicebush","S",1
"2099","1-Jun",299,"Rubus","S",1
"2100","1-Jun",299,"Mapleleaf viburnum","S",0
"2101","3-Jun",289,"Buckthorn","N",1
"2102","3-Jun",289,"Multiflora rose","N",1
"2103","3-Jun",289,"Honeysuckle","N",0
"2104","3-Jun",289,"Privot","N",0
"2105","3-Jun",289,"Spicebush","N",0
"2106","3-Jun",289,"Rubus","N",0
"2107","3-Jun",289,"Mapleleaf viburnum","N",0
"2108","3-Jun",289,"Buckthorn","S",0
"2109","3-Jun",289,"Multiflora rose","S",0
"2110","3-Jun",289,"Honeysuckle","S",0
"2111","3-Jun",289,"Privot","S",0
"2112","3-Jun",289,"Spicebush","S",0
"2113","3-Jun",289,"Rubus","S",0
"2114","3-Jun",289,"Mapleleaf viburnum","S",0
"2115","3-Jun",345,"Buckthorn","N",0
"2116","3-Jun",345,"Multiflora rose","N",0
"2117","3-Jun",345,"Honeysuckle","N",0
"2118","3-Jun",345,"Privot","N",0
"2119","3-Jun",345,"Spicebush","N",0
"2120","3-Jun",345,"Rubus","N",0
"2121","3-Jun",345,"Mapleleaf viburnum","N",0
"2122","3-Jun",345,"Buckthorn","S",1
"2123","3-Jun",345,"Multiflora rose","S",1
"2124","3-Jun",345,"Honeysuckle","S",0
"2125","3-Jun",345,"Privot","S",1
"2126","3-Jun",345,"Spicebush","S",0
"2127","3-Jun",345,"Rubus","S",0
"2128","3-Jun",345,"Mapleleaf viburnum","S",0
"2129","3-Jun",192,"Buckthorn","N",1
"2130","3-Jun",192,"Multiflora rose","N",0
"2131","3-Jun",192,"Honeysuckle","N",0
"2132","3-Jun",192,"Privot","N",0
"2133","3-Jun",192,"Spicebush","N",0
"2134","3-Jun",192,"Rubus","N",0
"2135","3-Jun",192,"Mapleleaf viburnum","N",0
"2136","3-Jun",192,"Buckthorn","S",1
"2137","3-Jun",192,"Multiflora rose","S",0
"2138","3-Jun",192,"Honeysuckle","S",1
"2139","3-Jun",192,"Privot","S",1
"2140","3-Jun",192,"Spicebush","S",0
"2141","3-Jun",192,"Rubus","S",0
"2142","3-Jun",192,"Mapleleaf viburnum","S",0
"2143","3-Jun",291,"Buckthorn","N",1
"2144","3-Jun",291,"Multiflora rose","N",0
"2145","3-Jun",291,"Honeysuckle","N",0
"2146","3-Jun",291,"Privot","N",0
"2147","3-Jun",291,"Spicebush","N",0
"2148","3-Jun",291,"Rubus","N",0
"2149","3-Jun",291,"Mapleleaf viburnum","N",0
"2150","3-Jun",291,"Buckthorn","S",0
"2151","3-Jun",291,"Multiflora rose","S",0
"2152","3-Jun",291,"Honeysuckle","S",0
"2153","3-Jun",291,"Privot","S",0
"2154","3-Jun",291,"Spicebush","S",0
"2155","3-Jun",291,"Rubus","S",0
"2156","3-Jun",291,"Mapleleaf viburnum","S",0
"2157","3-Jun",343,"Buckthorn","N",1
"2158","3-Jun",343,"Multiflora rose","N",1
"2159","3-Jun",343,"Honeysuckle","N",0
"2160","3-Jun",343,"Privot","N",0
"2161","3-Jun",343,"Spicebush","N",0
"2162","3-Jun",343,"Rubus","N",1
"2163","3-Jun",343,"Mapleleaf viburnum","N",0
"2164","3-Jun",343,"Buckthorn","S",0
"2165","3-Jun",343,"Multiflora rose","S",1
"2166","3-Jun",343,"Honeysuckle","S",0
"2167","3-Jun",343,"Privot","S",0
"2168","3-Jun",343,"Spicebush","S",0
"2169","3-Jun",343,"Rubus","S",1
"2170","3-Jun",343,"Mapleleaf viburnum","S",0
"2171","3-Jun",961,"Buckthorn","N",0
"2172","3-Jun",961,"Multiflora rose","N",2
"2173","3-Jun",961,"Honeysuckle","N",0
"2174","3-Jun",961,"Privot","N",1
"2175","3-Jun",961,"Spicebush","N",0
"2176","3-Jun",961,"Rubus","N",2
"2177","3-Jun",961,"Mapleleaf viburnum","N",0
"2178","3-Jun",961,"Buckthorn","S",1
"2179","3-Jun",961,"Multiflora rose","S",2
"2180","3-Jun",961,"Honeysuckle","S",3
"2181","3-Jun",961,"Privot","S",0
"2182","3-Jun",961,"Spicebush","S",0
"2183","3-Jun",961,"Rubus","S",0
"2184","3-Jun",961,"Mapleleaf viburnum","S",0
"2185","3-Jun",286,"Buckthorn","N",1
"2186","3-Jun",286,"Multiflora rose","N",0
"2187","3-Jun",286,"Honeysuckle","N",0
"2188","3-Jun",286,"Privot","N",0
"2189","3-Jun",286,"Spicebush","N",0
"2190","3-Jun",286,"Rubus","N",1
"2191","3-Jun",286,"Mapleleaf viburnum","N",1
"2192","3-Jun",286,"Buckthorn","S",0
"2193","3-Jun",286,"Multiflora rose","S",3
"2194","3-Jun",286,"Honeysuckle","S",0
"2195","3-Jun",286,"Privot","S",0
"2196","3-Jun",286,"Spicebush","S",0
"2197","3-Jun",286,"Rubus","S",1
"2198","3-Jun",286,"Mapleleaf viburnum","S",0
"2199","3-Jun",275,"Buckthorn","N",1
"2200","3-Jun",275,"Multiflora rose","N",2
"2201","3-Jun",275,"Honeysuckle","N",0
"2202","3-Jun",275,"Privot","N",0
"2203","3-Jun",275,"Spicebush","N",0
"2204","3-Jun",275,"Rubus","N",2
"2205","3-Jun",275,"Mapleleaf viburnum","N",0
"2206","3-Jun",275,"Buckthorn","S",1
"2207","3-Jun",275,"Multiflora rose","S",3
"2208","3-Jun",275,"Honeysuckle","S",0
"2209","3-Jun",275,"Privot","S",0
"2210","3-Jun",275,"Spicebush","S",0
"2211","3-Jun",275,"Rubus","S",1
"2212","3-Jun",275,"Mapleleaf viburnum","S",0
"2213","3-Jun",378,"Buckthorn","N",0
"2214","3-Jun",378,"Multiflora rose","N",0
"2215","3-Jun",378,"Honeysuckle","N",2
"2216","3-Jun",378,"Privot","N",1
"2217","3-Jun",378,"Spicebush","N",0
"2218","3-Jun",378,"Rubus","N",0
"2219","3-Jun",378,"Mapleleaf viburnum","N",3
"2220","3-Jun",378,"Buckthorn","S",0
"2221","3-Jun",378,"Multiflora rose","S",1
"2222","3-Jun",378,"Honeysuckle","S",1
"2223","3-Jun",378,"Privot","S",0
"2224","3-Jun",378,"Spicebush","S",0
"2225","3-Jun",378,"Rubus","S",0
"2226","3-Jun",378,"Mapleleaf viburnum","S",1
"2227","3-Jun",337,"Buckthorn","N",0
"2228","3-Jun",337,"Multiflora rose","N",1
"2229","3-Jun",337,"Honeysuckle","N",0
"2230","3-Jun",337,"Privot","N",0
"2231","3-Jun",337,"Spicebush","N",0
"2232","3-Jun",337,"Rubus","N",3
"2233","3-Jun",337,"Mapleleaf viburnum","N",1
"2234","3-Jun",337,"Buckthorn","S",0
"2235","3-Jun",337,"Multiflora rose","S",2
"2236","3-Jun",337,"Honeysuckle","S",0
"2237","3-Jun",337,"Privot","S",0
"2238","3-Jun",337,"Spicebush","S",0
"2239","3-Jun",337,"Rubus","S",2
"2240","3-Jun",337,"Mapleleaf viburnum","S",0
"2241","3-Jun",305,"Buckthorn","N",0
"2242","3-Jun",305,"Multiflora rose","N",0
"2243","3-Jun",305,"Honeysuckle","N",0
"2244","3-Jun",305,"Privot","N",0
"2245","3-Jun",305,"Spicebush","N",0
"2246","3-Jun",305,"Rubus","N",0
"2247","3-Jun",305,"Mapleleaf viburnum","N",0
"2248","3-Jun",305,"Buckthorn","S",0
"2249","3-Jun",305,"Multiflora rose","S",0
"2250","3-Jun",305,"Honeysuckle","S",0
"2251","3-Jun",305,"Privot","S",0
"2252","3-Jun",305,"Spicebush","S",0
"2253","3-Jun",305,"Rubus","S",0
"2254","3-Jun",305,"Mapleleaf viburnum","S",0
"2255","3-Jun",978,"Buckthorn","N",0
"2256","3-Jun",978,"Multiflora rose","N",0
"2257","3-Jun",978,"Honeysuckle","N",0
"2258","3-Jun",978,"Privot","N",0
"2259","3-Jun",978,"Spicebush","N",0
"2260","3-Jun",978,"Rubus","N",0
"2261","3-Jun",978,"Mapleleaf viburnum","N",0
"2262","3-Jun",978,"Buckthorn","S",0
"2263","3-Jun",978,"Multiflora rose","S",0
"2264","3-Jun",978,"Honeysuckle","S",0
"2265","3-Jun",978,"Privot","S",0
"2266","3-Jun",978,"Spicebush","S",0
"2267","3-Jun",978,"Rubus","S",0
"2268","3-Jun",978,"Mapleleaf viburnum","S",0
"2269","3-Jun",306,"Buckthorn","N",0
"2270","3-Jun",306,"Multiflora rose","N",0
"2271","3-Jun",306,"Honeysuckle","N",0
"2272","3-Jun",306,"Privot","N",0
"2273","3-Jun",306,"Spicebush","N",0
"2274","3-Jun",306,"Rubus","N",0
"2275","3-Jun",306,"Mapleleaf viburnum","N",0
"2276","3-Jun",306,"Buckthorn","S",1
"2277","3-Jun",306,"Multiflora rose","S",0
"2278","3-Jun",306,"Honeysuckle","S",0
"2279","3-Jun",306,"Privot","S",0
"2280","3-Jun",306,"Spicebush","S",0
"2281","3-Jun",306,"Rubus","S",0
"2282","3-Jun",306,"Mapleleaf viburnum","S",0
"2283","3-Jun",929,"Buckthorn","N",0
"2284","3-Jun",929,"Multiflora rose","N",0
"2285","3-Jun",929,"Honeysuckle","N",0
"2286","3-Jun",929,"Privot","N",0
"2287","3-Jun",929,"Spicebush","N",0
"2288","3-Jun",929,"Rubus","N",0
"2289","3-Jun",929,"Mapleleaf viburnum","N",0
"2290","3-Jun",929,"Buckthorn","S",0
"2291","3-Jun",929,"Multiflora rose","S",0
"2292","3-Jun",929,"Honeysuckle","S",0
"2293","3-Jun",929,"Privot","S",0
"2294","3-Jun",929,"Spicebush","S",0
"2295","3-Jun",929,"Rubus","S",0
"2296","3-Jun",929,"Mapleleaf viburnum","S",0
"2297","3-Jun",304,"Buckthorn","N",0
"2298","3-Jun",304,"Multiflora rose","N",0
"2299","3-Jun",304,"Honeysuckle","N",0
"2300","3-Jun",304,"Privot","N",0
"2301","3-Jun",304,"Spicebush","N",0
"2302","3-Jun",304,"Rubus","N",2
"2303","3-Jun",304,"Mapleleaf viburnum","N",0
"2304","3-Jun",304,"Buckthorn","S",0
"2305","3-Jun",304,"Multiflora rose","S",2
"2306","3-Jun",304,"Honeysuckle","S",0
"2307","3-Jun",304,"Privot","S",0
"2308","3-Jun",304,"Spicebush","S",0
"2309","3-Jun",304,"Rubus","S",0
"2310","3-Jun",304,"Mapleleaf viburnum","S",0
"2311","3-Jun",392,"Buckthorn","N",0
"2312","3-Jun",392,"Multiflora rose","N",4
"2313","3-Jun",392,"Honeysuckle","N",0
"2314","3-Jun",392,"Privot","N",0
"2315","3-Jun",392,"Spicebush","N",0
"2316","3-Jun",392,"Rubus","N",0
"2317","3-Jun",392,"Mapleleaf viburnum","N",0
"2318","3-Jun",392,"Buckthorn","S",0
"2319","3-Jun",392,"Multiflora rose","S",1
"2320","3-Jun",392,"Honeysuckle","S",0
"2321","3-Jun",392,"Privot","S",0
"2322","3-Jun",392,"Spicebush","S",0
"2323","3-Jun",392,"Rubus","S",0
"2324","3-Jun",392,"Mapleleaf viburnum","S",1
"2325","3-Jun",285,"Buckthorn","N",0
"2326","3-Jun",285,"Multiflora rose","N",3
"2327","3-Jun",285,"Honeysuckle","N",0
"2328","3-Jun",285,"Privot","N",0
"2329","3-Jun",285,"Spicebush","N",0
"2330","3-Jun",285,"Rubus","N",1
"2331","3-Jun",285,"Mapleleaf viburnum","N",0
"2332","3-Jun",285,"Buckthorn","S",0
"2333","3-Jun",285,"Multiflora rose","S",3
"2334","3-Jun",285,"Honeysuckle","S",0
"2335","3-Jun",285,"Privot","S",0
"2336","3-Jun",285,"Spicebush","S",0
"2337","3-Jun",285,"Rubus","S",0
"2338","3-Jun",285,"Mapleleaf viburnum","S",0
"2339","3-Jun",276,"Buckthorn","N",0
"2340","3-Jun",276,"Multiflora rose","N",5
"2341","3-Jun",276,"Honeysuckle","N",0
"2342","3-Jun",276,"Privot","N",0
"2343","3-Jun",276,"Spicebush","N",0
"2344","3-Jun",276,"Rubus","N",0
"2345","3-Jun",276,"Mapleleaf viburnum","N",0
"2346","3-Jun",276,"Buckthorn","S",1
"2347","3-Jun",276,"Multiflora rose","S",2
"2348","3-Jun",276,"Honeysuckle","S",0
"2349","3-Jun",276,"Privot","S",0
"2350","3-Jun",276,"Spicebush","S",0
"2351","3-Jun",276,"Rubus","S",0
"2352","3-Jun",276,"Mapleleaf viburnum","S",1
"2353","3-Jun",281,"Buckthorn","N",0
"2354","3-Jun",281,"Multiflora rose","N",0
"2355","3-Jun",281,"Honeysuckle","N",2
"2356","3-Jun",281,"Privot","N",0
"2357","3-Jun",281,"Spicebush","N",0
"2358","3-Jun",281,"Rubus","N",1
"2359","3-Jun",281,"Mapleleaf viburnum","N",0
"2360","3-Jun",281,"Buckthorn","S",0
"2361","3-Jun",281,"Multiflora rose","S",0
"2362","3-Jun",281,"Honeysuckle","S",0
"2363","3-Jun",281,"Privot","S",0
"2364","3-Jun",281,"Spicebush","S",0
"2365","3-Jun",281,"Rubus","S",2
"2366","3-Jun",281,"Mapleleaf viburnum","S",0
"2367","3-Jun",393,"Buckthorn","N",0
"2368","3-Jun",393,"Multiflora rose","N",0
"2369","3-Jun",393,"Honeysuckle","N",0
"2370","3-Jun",393,"Privot","N",0
"2371","3-Jun",393,"Spicebush","N",0
"2372","3-Jun",393,"Rubus","N",0
"2373","3-Jun",393,"Mapleleaf viburnum","N",0
"2374","3-Jun",393,"Buckthorn","S",0
"2375","3-Jun",393,"Multiflora rose","S",0
"2376","3-Jun",393,"Honeysuckle","S",0
"2377","3-Jun",393,"Privot","S",0
"2378","3-Jun",393,"Spicebush","S",0
"2379","3-Jun",393,"Rubus","S",0
"2380","3-Jun",393,"Mapleleaf viburnum","S",0
"2381","3-Jun",325,"Buckthorn","N",0
"2382","3-Jun",325,"Multiflora rose","N",1
"2383","3-Jun",325,"Honeysuckle","N",0
"2384","3-Jun",325,"Privot","N",0
"2385","3-Jun",325,"Spicebush","N",0
"2386","3-Jun",325,"Rubus","N",1
"2387","3-Jun",325,"Mapleleaf viburnum","N",0
"2388","3-Jun",325,"Buckthorn","S",0
"2389","3-Jun",325,"Multiflora rose","S",2
"2390","3-Jun",325,"Honeysuckle","S",0
"2391","3-Jun",325,"Privot","S",0
"2392","3-Jun",325,"Spicebush","S",0
"2393","3-Jun",325,"Rubus","S",2
"2394","3-Jun",325,"Mapleleaf viburnum","S",0
"2395","3-Jun",195,"Buckthorn","N",0
"2396","3-Jun",195,"Multiflora rose","N",1
"2397","3-Jun",195,"Honeysuckle","N",0
"2398","3-Jun",195,"Privot","N",1
"2399","3-Jun",195,"Spicebush","N",0
"2400","3-Jun",195,"Rubus","N",1
"2401","3-Jun",195,"Mapleleaf viburnum","N",0
"2402","3-Jun",195,"Buckthorn","S",0
"2403","3-Jun",195,"Multiflora rose","S",1
"2404","3-Jun",195,"Honeysuckle","S",0
"2405","3-Jun",195,"Privot","S",0
"2406","3-Jun",195,"Spicebush","S",0
"2407","3-Jun",195,"Rubus","S",1
"2408","3-Jun",195,"Mapleleaf viburnum","S",0
"2409","3-Jun",335,"Buckthorn","N",0
"2410","3-Jun",335,"Multiflora rose","N",2
"2411","3-Jun",335,"Honeysuckle","N",0
"2412","3-Jun",335,"Privot","N",0
"2413","3-Jun",335,"Spicebush","N",0
"2414","3-Jun",335,"Rubus","N",1
"2415","3-Jun",335,"Mapleleaf viburnum","N",1
"2416","3-Jun",335,"Buckthorn","S",0
"2417","3-Jun",335,"Multiflora rose","S",1
"2418","3-Jun",335,"Honeysuckle","S",1
"2419","3-Jun",335,"Privot","S",0
"2420","3-Jun",335,"Spicebush","S",0
"2421","3-Jun",335,"Rubus","S",2
"2422","3-Jun",335,"Mapleleaf viburnum","S",0
"2423","3-Jun",340,"Buckthorn","N",1
"2424","3-Jun",340,"Multiflora rose","N",0
"2425","3-Jun",340,"Honeysuckle","N",0
"2426","3-Jun",340,"Privot","N",0
"2427","3-Jun",340,"Spicebush","N",0
"2428","3-Jun",340,"Rubus","N",0
"2429","3-Jun",340,"Mapleleaf viburnum","N",0
"2430","3-Jun",340,"Buckthorn","S",1
"2431","3-Jun",340,"Multiflora rose","S",1
"2432","3-Jun",340,"Honeysuckle","S",0
"2433","3-Jun",340,"Privot","S",0
"2434","3-Jun",340,"Spicebush","S",0
"2435","3-Jun",340,"Rubus","S",0
"2436","3-Jun",340,"Mapleleaf viburnum","S",0
"2437","3-Jun",333,"Buckthorn","N",0
"2438","3-Jun",333,"Multiflora rose","N",0
"2439","3-Jun",333,"Honeysuckle","N",0
"2440","3-Jun",333,"Privot","N",0
"2441","3-Jun",333,"Spicebush","N",0
"2442","3-Jun",333,"Rubus","N",0
"2443","3-Jun",333,"Mapleleaf viburnum","N",0
"2444","3-Jun",333,"Buckthorn","S",1
"2445","3-Jun",333,"Multiflora rose","S",0
"2446","3-Jun",333,"Honeysuckle","S",0
"2447","3-Jun",333,"Privot","S",0
"2448","3-Jun",333,"Spicebush","S",0
"2449","3-Jun",333,"Rubus","S",0
"2450","3-Jun",333,"Mapleleaf viburnum","S",0
"2493","5/25/2022",155,"Buckthorn","N",0
"2494","5/25/2022",155,"Multiflora rose","N",0
"2495","5/25/2022",155,"Honeysuckle","N",0
"2496","5/25/2022",155,"Privot","N",0
"2497","5/25/2022",155,"Spicebush","N",0
"2498","5/25/2022",155,"Rubus","N",0
"2499","5/25/2022",155,"Mapleleaf viburnum","N",0
"2500","5/25/2022",155,"Buckthorn","S",0
"2501","5/25/2022",155,"Multiflora rose","S",0
"2502","5/25/2022",155,"Honeysuckle","S",0
"2503","5/25/2022",155,"Privot","S",0
"2504","5/25/2022",155,"Spicebush","S",0
"2505","5/25/2022",155,"Rubus","S",0
"2506","5/25/2022",155,"Mapleleaf viburnum","S",0
"2507","5/25/2022",6,"Buckthorn","N",0
"2508","5/25/2022",6,"Multiflora rose","N",0
"2509","5/25/2022",6,"Honeysuckle","N",0
"2510","5/25/2022",6,"Privot","N",0
"2511","5/25/2022",6,"Spicebush","N",0
"2512","5/25/2022",6,"Rubus","N",0
"2513","5/25/2022",6,"Mapleleaf viburnum","N",0
"2514","5/25/2022",6,"Buckthorn","S",0
"2515","5/25/2022",6,"Multiflora rose","S",1
"2516","5/25/2022",6,"Honeysuckle","S",0
"2517","5/25/2022",6,"Privot","S",0
"2518","5/25/2022",6,"Spicebush","S",0
"2519","5/25/2022",6,"Rubus","S",0
"2520","5/25/2022",6,"Mapleleaf viburnum","S",0
"2521","5/25/2022",10,"Buckthorn","N",1
"2522","5/25/2022",10,"Multiflora rose","N",1
"2523","5/25/2022",10,"Honeysuckle","N",0
"2524","5/25/2022",10,"Privot","N",0
"2525","5/25/2022",10,"Spicebush","N",0
"2526","5/25/2022",10,"Rubus","N",0
"2527","5/25/2022",10,"Mapleleaf viburnum","N",0
"2528","5/25/2022",10,"Buckthorn","S",1
"2529","5/25/2022",10,"Multiflora rose","S",1
"2530","5/25/2022",10,"Honeysuckle","S",0
"2531","5/25/2022",10,"Privot","S",0
"2532","5/25/2022",10,"Spicebush","S",0
"2533","5/25/2022",10,"Rubus","S",0
"2534","5/25/2022",10,"Mapleleaf viburnum","S",0
"2535","5/25/2022",5,"Buckthorn","N",1
"2536","5/25/2022",5,"Multiflora rose","N",1
"2537","5/25/2022",5,"Honeysuckle","N",0
"2538","5/25/2022",5,"Privot","N",0
"2539","5/25/2022",5,"Spicebush","N",0
"2540","5/25/2022",5,"Rubus","N",0
"2541","5/25/2022",5,"Mapleleaf viburnum","N",0
"2542","5/25/2022",5,"Buckthorn","S",1
"2543","5/25/2022",5,"Multiflora rose","S",1
"2544","5/25/2022",5,"Honeysuckle","S",0
"2545","5/25/2022",5,"Privot","S",0
"2546","5/25/2022",5,"Spicebush","S",0
"2547","5/25/2022",5,"Rubus","S",0
"2548","5/25/2022",5,"Mapleleaf viburnum","S",0
"2549","5/25/2022",219,"Buckthorn","N",1
"2550","5/25/2022",219,"Multiflora rose","N",1
"2551","5/25/2022",219,"Honeysuckle","N",0
"2552","5/25/2022",219,"Privot","N",0
"2553","5/25/2022",219,"Spicebush","N",0
"2554","5/25/2022",219,"Rubus","N",0
"2555","5/25/2022",219,"Mapleleaf viburnum","N",0
"2556","5/25/2022",219,"Buckthorn","S",1
"2557","5/25/2022",219,"Multiflora rose","S",1
"2558","5/25/2022",219,"Honeysuckle","S",0
"2559","5/25/2022",219,"Privot","S",0
"2560","5/25/2022",219,"Spicebush","S",0
"2561","5/25/2022",219,"Rubus","S",1
"2562","5/25/2022",219,"Mapleleaf viburnum","S",0
"2563","5/25/2022",156,"Buckthorn","N",0
"2564","5/25/2022",156,"Multiflora rose","N",1
"2565","5/25/2022",156,"Honeysuckle","N",0
"2566","5/25/2022",156,"Privot","N",0
"2567","5/25/2022",156,"Spicebush","N",0
"2568","5/25/2022",156,"Rubus","N",0
"2569","5/25/2022",156,"Mapleleaf viburnum","N",0
"2570","5/25/2022",156,"Buckthorn","S",1
"2571","5/25/2022",156,"Multiflora rose","S",1
"2572","5/25/2022",156,"Honeysuckle","S",0
"2573","5/25/2022",156,"Privot","S",0
"2574","5/25/2022",156,"Spicebush","S",0
"2575","5/25/2022",156,"Rubus","S",0
"2576","5/25/2022",156,"Mapleleaf viburnum","S",0
"2577","5/25/2022",12,"Buckthorn","N",1
"2578","5/25/2022",12,"Multiflora rose","N",1
"2579","5/25/2022",12,"Honeysuckle","N",0
"2580","5/25/2022",12,"Privot","N",0
"2581","5/25/2022",12,"Spicebush","N",1
"2582","5/25/2022",12,"Rubus","N",0
"2583","5/25/2022",12,"Mapleleaf viburnum","N",0
"2584","5/25/2022",12,"Buckthorn","S",1
"2585","5/25/2022",12,"Multiflora rose","S",0
"2586","5/25/2022",12,"Honeysuckle","S",0
"2587","5/25/2022",12,"Privot","S",0
"2588","5/25/2022",12,"Spicebush","S",0
"2589","5/25/2022",12,"Rubus","S",0
"2590","5/25/2022",12,"Mapleleaf viburnum","S",0
"2591","5/25/2022",17,"Buckthorn","N",1
"2592","5/25/2022",17,"Multiflora rose","N",2
"2593","5/25/2022",17,"Honeysuckle","N",0
"2594","5/25/2022",17,"Privot","N",0
"2595","5/25/2022",17,"Spicebush","N",0
"2596","5/25/2022",17,"Rubus","N",1
"2597","5/25/2022",17,"Mapleleaf viburnum","N",0
"2598","5/25/2022",17,"Buckthorn","S",1
"2599","5/25/2022",17,"Multiflora rose","S",1
"2600","5/25/2022",17,"Honeysuckle","S",0
"2601","5/25/2022",17,"Privot","S",0
"2602","5/25/2022",17,"Spicebush","S",0
"2603","5/25/2022",17,"Rubus","S",0
"2604","5/25/2022",17,"Mapleleaf viburnum","S",0
"2605","5/25/2022",2,"Buckthorn","N",1
"2606","5/25/2022",2,"Multiflora rose","N",1
"2607","5/25/2022",2,"Honeysuckle","N",0
"2608","5/25/2022",2,"Privot","N",0
"2609","5/25/2022",2,"Spicebush","N",0
"2610","5/25/2022",2,"Rubus","N",0
"2611","5/25/2022",2,"Mapleleaf viburnum","N",1
"2612","5/25/2022",2,"Buckthorn","S",1
"2613","5/25/2022",2,"Multiflora rose","S",1
"2614","5/25/2022",2,"Honeysuckle","S",0
"2615","5/25/2022",2,"Privot","S",0
"2616","5/25/2022",2,"Spicebush","S",0
"2617","5/25/2022",2,"Rubus","S",0
"2618","5/25/2022",2,"Mapleleaf viburnum","S",0
"2619","5/25/2022",11,"Buckthorn","N",1
"2620","5/25/2022",11,"Multiflora rose","N",0
"2621","5/25/2022",11,"Honeysuckle","N",0
"2622","5/25/2022",11,"Privot","N",0
"2623","5/25/2022",11,"Spicebush","N",0
"2624","5/25/2022",11,"Rubus","N",0
"2625","5/25/2022",11,"Mapleleaf viburnum","N",0
"2626","5/25/2022",11,"Buckthorn","S",1
"2627","5/25/2022",11,"Multiflora rose","S",0
"2628","5/25/2022",11,"Honeysuckle","S",0
"2629","5/25/2022",11,"Privot","S",0
"2630","5/25/2022",11,"Spicebush","S",0
"2631","5/25/2022",11,"Rubus","S",0
"2632","5/25/2022",11,"Mapleleaf viburnum","S",0
"2633","5/25/2022",61,"Buckthorn","N",1
"2634","5/25/2022",61,"Multiflora rose","N",2
"2635","5/25/2022",61,"Honeysuckle","N",0
"2636","5/25/2022",61,"Privot","N",0
"2637","5/25/2022",61,"Spicebush","N",0
"2638","5/25/2022",61,"Rubus","N",1
"2639","5/25/2022",61,"Mapleleaf viburnum","N",0
"2640","5/25/2022",61,"Buckthorn","S",2
"2641","5/25/2022",61,"Multiflora rose","S",4
"2642","5/25/2022",61,"Honeysuckle","S",0
"2643","5/25/2022",61,"Privot","S",0
"2644","5/25/2022",61,"Spicebush","S",0
"2645","5/25/2022",61,"Rubus","S",1
"2646","5/25/2022",61,"Mapleleaf viburnum","S",0
"2647","5/25/2022",909,"Buckthorn","N",1
"2648","5/25/2022",909,"Multiflora rose","N",0
"2649","5/25/2022",909,"Honeysuckle","N",0
"2650","5/25/2022",909,"Privot","N",0
"2651","5/25/2022",909,"Spicebush","N",1
"2652","5/25/2022",909,"Rubus","N",1
"2653","5/25/2022",909,"Mapleleaf viburnum","N",0
"2654","5/25/2022",909,"Buckthorn","S",1
"2655","5/25/2022",909,"Multiflora rose","S",2
"2656","5/25/2022",909,"Honeysuckle","S",0
"2657","5/25/2022",909,"Privot","S",0
"2658","5/25/2022",909,"Spicebush","S",1
"2659","5/25/2022",909,"Rubus","S",1
"2660","5/25/2022",909,"Mapleleaf viburnum","S",0
"2661","5/25/2022",59,"Buckthorn","N",1
"2662","5/25/2022",59,"Multiflora rose","N",1
"2663","5/25/2022",59,"Honeysuckle","N",2
"2664","5/25/2022",59,"Privot","N",0
"2665","5/25/2022",59,"Spicebush","N",0
"2666","5/25/2022",59,"Rubus","N",1
"2667","5/25/2022",59,"Mapleleaf viburnum","N",0
"2668","5/25/2022",59,"Buckthorn","S",2
"2669","5/25/2022",59,"Multiflora rose","S",1
"2670","5/25/2022",59,"Honeysuckle","S",0
"2671","5/25/2022",59,"Privot","S",0
"2672","5/25/2022",59,"Spicebush","S",1
"2673","5/25/2022",59,"Rubus","S",2
"2674","5/25/2022",59,"Mapleleaf viburnum","S",0
"2675","5/25/2022",157,"Buckthorn","N",0
"2676","5/25/2022",157,"Multiflora rose","N",1
"2677","5/25/2022",157,"Honeysuckle","N",0
"2678","5/25/2022",157,"Privot","N",0
"2679","5/25/2022",157,"Spicebush","N",0
"2680","5/25/2022",157,"Rubus","N",1
"2681","5/25/2022",157,"Mapleleaf viburnum","N",0
"2682","5/25/2022",157,"Buckthorn","S",1
"2683","5/25/2022",157,"Multiflora rose","S",1
"2684","5/25/2022",157,"Honeysuckle","S",0
"2685","5/25/2022",157,"Privot","S",0
"2686","5/25/2022",157,"Spicebush","S",0
"2687","5/25/2022",157,"Rubus","S",0
"2688","5/25/2022",157,"Mapleleaf viburnum","S",0
"2689","5/25/2022",895,"Buckthorn","N",2
"2690","5/25/2022",895,"Multiflora rose","N",0
"2691","5/25/2022",895,"Honeysuckle","N",1
"2692","5/25/2022",895,"Privot","N",0
"2693","5/25/2022",895,"Spicebush","N",0
"2694","5/25/2022",895,"Rubus","N",0
"2695","5/25/2022",895,"Mapleleaf viburnum","N",0
"2696","5/25/2022",895,"Buckthorn","S",2
"2697","5/25/2022",895,"Multiflora rose","S",0
"2698","5/25/2022",895,"Honeysuckle","S",0
"2699","5/25/2022",895,"Privot","S",0
"2700","5/25/2022",895,"Spicebush","S",0
"2701","5/25/2022",895,"Rubus","S",1
"2702","5/25/2022",895,"Mapleleaf viburnum","S",0
"2703","5/25/2022",48,"Buckthorn","N",0
"2704","5/25/2022",48,"Multiflora rose","N",1
"2705","5/25/2022",48,"Honeysuckle","N",0
"2706","5/25/2022",48,"Privot","N",0
"2707","5/25/2022",48,"Spicebush","N",1
"2708","5/25/2022",48,"Rubus","N",0
"2709","5/25/2022",48,"Mapleleaf viburnum","N",0
"2710","5/25/2022",48,"Buckthorn","S",1
"2711","5/25/2022",48,"Multiflora rose","S",1
"2712","5/25/2022",48,"Honeysuckle","S",0
"2713","5/25/2022",48,"Privot","S",0
"2714","5/25/2022",48,"Spicebush","S",1
"2715","5/25/2022",48,"Rubus","S",1
"2716","5/25/2022",48,"Mapleleaf viburnum","S",0
"2717","5/25/2022",49,"Buckthorn","N",0
"2718","5/25/2022",49,"Multiflora rose","N",0
"2719","5/25/2022",49,"Honeysuckle","N",0
"2720","5/25/2022",49,"Privot","N",0
"2721","5/25/2022",49,"Spicebush","N",0
"2722","5/25/2022",49,"Rubus","N",1
"2723","5/25/2022",49,"Mapleleaf viburnum","N",0
"2724","5/25/2022",49,"Buckthorn","S",0
"2725","5/25/2022",49,"Multiflora rose","S",1
"2726","5/25/2022",49,"Honeysuckle","S",0
"2727","5/25/2022",49,"Privot","S",0
"2728","5/25/2022",49,"Spicebush","S",1
"2729","5/25/2022",49,"Rubus","S",1
"2730","5/25/2022",49,"Mapleleaf viburnum","S",0
"2731","5/25/2022",25,"Buckthorn","N",1
"2732","5/25/2022",25,"Multiflora rose","N",1
"2733","5/25/2022",25,"Honeysuckle","N",0
"2734","5/25/2022",25,"Privot","N",2
"2735","5/25/2022",25,"Spicebush","N",0
"2736","5/25/2022",25,"Rubus","N",0
"2737","5/25/2022",25,"Mapleleaf viburnum","N",0
"2738","5/25/2022",25,"Buckthorn","S",1
"2739","5/25/2022",25,"Multiflora rose","S",0
"2740","5/25/2022",25,"Honeysuckle","S",0
"2741","5/25/2022",25,"Privot","S",0
"2742","5/25/2022",25,"Spicebush","S",0
"2743","5/25/2022",25,"Rubus","S",1
"2744","5/25/2022",25,"Mapleleaf viburnum","S",0
"2745","5/25/2022",910,"Buckthorn","N",0
"2746","5/25/2022",910,"Multiflora rose","N",1
"2747","5/25/2022",910,"Honeysuckle","N",0
"2748","5/25/2022",910,"Privot","N",0
"2749","5/25/2022",910,"Spicebush","N",0
"2750","5/25/2022",910,"Rubus","N",1
"2751","5/25/2022",910,"Mapleleaf viburnum","N",0
"2752","5/25/2022",910,"Buckthorn","S",0
"2753","5/25/2022",910,"Multiflora rose","S",0
"2754","5/25/2022",910,"Honeysuckle","S",0
"2755","5/25/2022",910,"Privot","S",0
"2756","5/25/2022",910,"Spicebush","S",1
"2757","5/25/2022",910,"Rubus","S",1
"2758","5/25/2022",910,"Mapleleaf viburnum","S",0
"2759","5/25/2022",70,"Buckthorn","N",1
"2760","5/25/2022",70,"Multiflora rose","N",4
"2761","5/25/2022",70,"Honeysuckle","N",0
"2762","5/25/2022",70,"Privot","N",0
"2763","5/25/2022",70,"Spicebush","N",0
"2764","5/25/2022",70,"Rubus","N",0
"2765","5/25/2022",70,"Mapleleaf viburnum","N",0
"2766","5/25/2022",70,"Buckthorn","S",2
"2767","5/25/2022",70,"Multiflora rose","S",3
"2768","5/25/2022",70,"Honeysuckle","S",0
"2769","5/25/2022",70,"Privot","S",0
"2770","5/25/2022",70,"Spicebush","S",0
"2771","5/25/2022",70,"Rubus","S",0
"2772","5/25/2022",70,"Mapleleaf viburnum","S",0
"2773","5/25/2022",64,"Buckthorn","N",2
"2774","5/25/2022",64,"Multiflora rose","N",3
"2775","5/25/2022",64,"Honeysuckle","N",0
"2776","5/25/2022",64,"Privot","N",0
"2777","5/25/2022",64,"Spicebush","N",0
"2778","5/25/2022",64,"Rubus","N",0
"2779","5/25/2022",64,"Mapleleaf viburnum","N",0
"2780","5/25/2022",64,"Buckthorn","S",1
"2781","5/25/2022",64,"Multiflora rose","S",1
"2782","5/25/2022",64,"Honeysuckle","S",0
"2783","5/25/2022",64,"Privot","S",0
"2784","5/25/2022",64,"Spicebush","S",1
"2785","5/25/2022",64,"Rubus","S",0
"2786","5/25/2022",64,"Mapleleaf viburnum","S",0
"2787","5/25/2022",71,"Buckthorn","N",2
"2788","5/25/2022",71,"Multiflora rose","N",1
"2789","5/25/2022",71,"Honeysuckle","N",0
"2790","5/25/2022",71,"Privot","N",0
"2791","5/25/2022",71,"Spicebush","N",1
"2792","5/25/2022",71,"Rubus","N",1
"2793","5/25/2022",71,"Mapleleaf viburnum","N",0
"2794","5/25/2022",71,"Buckthorn","S",2
"2795","5/25/2022",71,"Multiflora rose","S",3
"2796","5/25/2022",71,"Honeysuckle","S",0
"2797","5/25/2022",71,"Privot","S",0
"2798","5/25/2022",71,"Spicebush","S",0
"2799","5/25/2022",71,"Rubus","S",0
"2800","5/25/2022",71,"Mapleleaf viburnum","S",0
"2801","5/25/2022",880,"Buckthorn","N",2
"2802","5/25/2022",880,"Multiflora rose","N",3
"2803","5/25/2022",880,"Honeysuckle","N",0
"2804","5/25/2022",880,"Privot","N",0
"2805","5/25/2022",880,"Spicebush","N",0
"2806","5/25/2022",880,"Rubus","N",1
"2807","5/25/2022",880,"Mapleleaf viburnum","N",0
"2808","5/25/2022",880,"Buckthorn","S",1
"2809","5/25/2022",880,"Multiflora rose","S",2
"2810","5/25/2022",880,"Honeysuckle","S",0
"2811","5/25/2022",880,"Privot","S",0
"2812","5/25/2022",880,"Spicebush","S",0
"2813","5/25/2022",880,"Rubus","S",1
"2814","5/25/2022",880,"Mapleleaf viburnum","S",0
"2815","5/25/2022",56,"Buckthorn","N",1
"2816","5/25/2022",56,"Multiflora rose","N",4
"2817","5/25/2022",56,"Honeysuckle","N",0
"2818","5/25/2022",56,"Privot","N",0
"2819","5/25/2022",56,"Spicebush","N",0
"2820","5/25/2022",56,"Rubus","N",0
"2821","5/25/2022",56,"Mapleleaf viburnum","N",0
"2822","5/25/2022",56,"Buckthorn","S",1
"2823","5/25/2022",56,"Multiflora rose","S",2
"2824","5/25/2022",56,"Honeysuckle","S",0
"2825","5/25/2022",56,"Privot","S",0
"2826","5/25/2022",56,"Spicebush","S",0
"2827","5/25/2022",56,"Rubus","S",1
"2828","5/25/2022",56,"Mapleleaf viburnum","S",0
"2829","5/25/2022",60,"Buckthorn","N",1
"2830","5/25/2022",60,"Multiflora rose","N",1
"2831","5/25/2022",60,"Honeysuckle","N",0
"2832","5/25/2022",60,"Privot","N",0
"2833","5/25/2022",60,"Spicebush","N",0
"2834","5/25/2022",60,"Rubus","N",2
"2835","5/25/2022",60,"Mapleleaf viburnum","N",0
"2836","5/25/2022",60,"Buckthorn","S",1
"2837","5/25/2022",60,"Multiflora rose","S",2
"2838","5/25/2022",60,"Honeysuckle","S",1
"2839","5/25/2022",60,"Privot","S",0
"2840","5/25/2022",60,"Spicebush","S",0
"2841","5/25/2022",60,"Rubus","S",0
"2842","5/25/2022",60,"Mapleleaf viburnum","S",0
"2843","5/25/2022",62,"Buckthorn","N",2
"2844","5/25/2022",62,"Multiflora rose","N",3
"2845","5/25/2022",62,"Honeysuckle","N",0
"2846","5/25/2022",62,"Privot","N",0
"2847","5/25/2022",62,"Spicebush","N",0
"2848","5/25/2022",62,"Rubus","N",1
"2849","5/25/2022",62,"Mapleleaf viburnum","N",0
"2850","5/25/2022",62,"Buckthorn","S",1
"2851","5/25/2022",62,"Multiflora rose","S",3
"2852","5/25/2022",62,"Honeysuckle","S",0
"2853","5/25/2022",62,"Privot","S",0
"2854","5/25/2022",62,"Spicebush","S",1
"2855","5/25/2022",62,"Rubus","S",0
"2856","5/25/2022",62,"Mapleleaf viburnum","S",0
"2857","5/25/2022",58,"Buckthorn","N",3
"2858","5/25/2022",58,"Multiflora rose","N",1
"2859","5/25/2022",58,"Honeysuckle","N",0
"2860","5/25/2022",58,"Privot","N",1
"2861","5/25/2022",58,"Spicebush","N",0
"2862","5/25/2022",58,"Rubus","N",0
"2863","5/25/2022",58,"Mapleleaf viburnum","N",0
"2864","5/25/2022",58,"Buckthorn","S",2
"2865","5/25/2022",58,"Multiflora rose","S",2
"2866","5/25/2022",58,"Honeysuckle","S",0
"2867","5/25/2022",58,"Privot","S",0
"2868","5/25/2022",58,"Spicebush","S",0
"2869","5/25/2022",58,"Rubus","S",1
"2870","5/25/2022",58,"Mapleleaf viburnum","S",0
"2871","5/25/2022",57,"Buckthorn","N",2
"2872","5/25/2022",57,"Multiflora rose","N",1
"2873","5/25/2022",57,"Honeysuckle","N",1
"2874","5/25/2022",57,"Privot","N",0
"2875","5/25/2022",57,"Spicebush","N",0
"2876","5/25/2022",57,"Rubus","N",0
"2877","5/25/2022",57,"Mapleleaf viburnum","N",0
"2878","5/25/2022",57,"Buckthorn","S",2
"2879","5/25/2022",57,"Multiflora rose","S",3
"2880","5/25/2022",57,"Honeysuckle","S",0
"2881","5/25/2022",57,"Privot","S",0
"2882","5/25/2022",57,"Spicebush","S",2
"2883","5/25/2022",57,"Rubus","S",1
"2884","5/25/2022",57,"Mapleleaf viburnum","S",0
"2885","5/25/2022",69,"Buckthorn","N",2
"2886","5/25/2022",69,"Multiflora rose","N",2
"2887","5/25/2022",69,"Honeysuckle","N",0
"2888","5/25/2022",69,"Privot","N",0
"2889","5/25/2022",69,"Spicebush","N",0
"2890","5/25/2022",69,"Rubus","N",0
"2891","5/25/2022",69,"Mapleleaf viburnum","N",0
"2892","5/25/2022",69,"Buckthorn","S",1
"2893","5/25/2022",69,"Multiflora rose","S",1
"2894","5/25/2022",69,"Honeysuckle","S",0
"2895","5/25/2022",69,"Privot","S",0
"2896","5/25/2022",69,"Spicebush","S",0
"2897","5/25/2022",69,"Rubus","S",1
"2898","5/25/2022",69,"Mapleleaf viburnum","S",0
"2899","5/25/2022",159,"Buckthorn","N",0
"2900","5/25/2022",159,"Multiflora rose","N",1
"2901","5/25/2022",159,"Honeysuckle","N",0
"2902","5/25/2022",159,"Privot","N",0
"2903","5/25/2022",159,"Spicebush","N",0
"2904","5/25/2022",159,"Rubus","N",0
"2905","5/25/2022",159,"Mapleleaf viburnum","N",0
"2906","5/25/2022",159,"Buckthorn","S",1
"2907","5/25/2022",159,"Multiflora rose","S",0
"2908","5/25/2022",159,"Honeysuckle","S",0
"2909","5/25/2022",159,"Privot","S",0
"2910","5/25/2022",159,"Spicebush","S",2
"2911","5/25/2022",159,"Rubus","S",1
"2912","5/25/2022",159,"Mapleleaf viburnum","S",0
"2913","5/25/2022",162,"Buckthorn","N",1
"2914","5/25/2022",162,"Multiflora rose","N",0
"2915","5/25/2022",162,"Honeysuckle","N",0
"2916","5/25/2022",162,"Privot","N",0
"2917","5/25/2022",162,"Spicebush","N",0
"2918","5/25/2022",162,"Rubus","N",0
"2919","5/25/2022",162,"Mapleleaf viburnum","N",1
"2920","5/25/2022",162,"Buckthorn","S",1
"2921","5/25/2022",162,"Multiflora rose","S",1
"2922","5/25/2022",162,"Honeysuckle","S",0
"2923","5/25/2022",162,"Privot","S",0
"2924","5/25/2022",162,"Spicebush","S",0
"2925","5/25/2022",162,"Rubus","S",0
"2926","5/25/2022",162,"Mapleleaf viburnum","S",0
"2927","5/25/2022",176,"Buckthorn","N",1
"2928","5/25/2022",176,"Multiflora rose","N",1
"2929","5/25/2022",176,"Honeysuckle","N",0
"2930","5/25/2022",176,"Privot","N",0
"2931","5/25/2022",176,"Spicebush","N",0
"2932","5/25/2022",176,"Rubus","N",0
"2933","5/25/2022",176,"Mapleleaf viburnum","N",0
"2934","5/25/2022",176,"Buckthorn","S",1
"2935","5/25/2022",176,"Multiflora rose","S",0
"2936","5/25/2022",176,"Honeysuckle","S",0
"2937","5/25/2022",176,"Privot","S",0
"2938","5/25/2022",176,"Spicebush","S",0
"2939","5/25/2022",176,"Rubus","S",0
"2940","5/25/2022",176,"Mapleleaf viburnum","S",0
"2941","5/25/2022",9,"Buckthorn","N",1
"2942","5/25/2022",9,"Multiflora rose","N",0
"2943","5/25/2022",9,"Honeysuckle","N",0
"2944","5/25/2022",9,"Privot","N",0
"2945","5/25/2022",9,"Spicebush","N",0
"2946","5/25/2022",9,"Rubus","N",0
"2947","5/25/2022",9,"Mapleleaf viburnum","N",0
"2948","5/25/2022",9,"Buckthorn","S",1
"2949","5/25/2022",9,"Multiflora rose","S",0
"2950","5/25/2022",9,"Honeysuckle","S",0
"2951","5/25/2022",9,"Privot","S",0
"2952","5/25/2022",9,"Spicebush","S",0
"2953","5/25/2022",9,"Rubus","S",0
"2954","5/25/2022",9,"Mapleleaf viburnum","S",0
"2955","5/25/2022",15,"Buckthorn","N",1
"2956","5/25/2022",15,"Multiflora rose","N",1
"2957","5/25/2022",15,"Honeysuckle","N",0
"2958","5/25/2022",15,"Privot","N",0
"2959","5/25/2022",15,"Spicebush","N",1
"2960","5/25/2022",15,"Rubus","N",0
"2961","5/25/2022",15,"Mapleleaf viburnum","N",0
"2962","5/25/2022",15,"Buckthorn","S",0
"2963","5/25/2022",15,"Multiflora rose","S",0
"2964","5/25/2022",15,"Honeysuckle","S",0
"2965","5/25/2022",15,"Privot","S",0
"2966","5/25/2022",15,"Spicebush","S",1
"2967","5/25/2022",15,"Rubus","S",0
"2968","5/25/2022",15,"Mapleleaf viburnum","S",0
"2969","5/25/2022",19,"Buckthorn","N",0
"2970","5/25/2022",19,"Multiflora rose","N",0
"2971","5/25/2022",19,"Honeysuckle","N",0
"2972","5/25/2022",19,"Privot","N",0
"2973","5/25/2022",19,"Spicebush","N",0
"2974","5/25/2022",19,"Rubus","N",1
"2975","5/25/2022",19,"Mapleleaf viburnum","N",0
"2976","5/25/2022",19,"Buckthorn","S",1
"2977","5/25/2022",19,"Multiflora rose","S",0
"2978","5/25/2022",19,"Honeysuckle","S",0
"2979","5/25/2022",19,"Privot","S",0
"2980","5/25/2022",19,"Spicebush","S",0
"2981","5/25/2022",19,"Rubus","S",0
"2982","5/25/2022",19,"Mapleleaf viburnum","S",0
"2983","5/25/2022",20,"Buckthorn","N",0
"2984","5/25/2022",20,"Multiflora rose","N",0
"2985","5/25/2022",20,"Honeysuckle","N",0
"2986","5/25/2022",20,"Privot","N",0
"2987","5/25/2022",20,"Spicebush","N",1
"2988","5/25/2022",20,"Rubus","N",0
"2989","5/25/2022",20,"Mapleleaf viburnum","N",0
"2990","5/25/2022",20,"Buckthorn","S",1
"2991","5/25/2022",20,"Multiflora rose","S",0
"2992","5/25/2022",20,"Honeysuckle","S",0
"2993","5/25/2022",20,"Privot","S",0
"2994","5/25/2022",20,"Spicebush","S",0
"2995","5/25/2022",20,"Rubus","S",0
"2996","5/25/2022",20,"Mapleleaf viburnum","S",0
"2997","5/25/2022",160,"Buckthorn","N",1
"2998","5/25/2022",160,"Multiflora rose","N",0
"2999","5/25/2022",160,"Honeysuckle","N",0
"3000","5/25/2022",160,"Privot","N",0
"3001","5/25/2022",160,"Spicebush","N",1
"3002","5/25/2022",160,"Rubus","N",0
"3003","5/25/2022",160,"Mapleleaf viburnum","N",0
"3004","5/25/2022",160,"Buckthorn","S",1
"3005","5/25/2022",160,"Multiflora rose","S",0
"3006","5/25/2022",160,"Honeysuckle","S",0
"3007","5/25/2022",160,"Privot","S",0
"3008","5/25/2022",160,"Spicebush","S",1
"3009","5/25/2022",160,"Rubus","S",0
"3010","5/25/2022",160,"Mapleleaf viburnum","S",0
"3011","5/25/2022",18,"Buckthorn","N",0
"3012","5/25/2022",18,"Multiflora rose","N",1
"3013","5/25/2022",18,"Honeysuckle","N",0
"3014","5/25/2022",18,"Privot","N",0
"3015","5/25/2022",18,"Spicebush","N",0
"3016","5/25/2022",18,"Rubus","N",0
"3017","5/25/2022",18,"Mapleleaf viburnum","N",0
"3018","5/25/2022",18,"Buckthorn","S",0
"3019","5/25/2022",18,"Multiflora rose","S",0
"3020","5/25/2022",18,"Honeysuckle","S",0
"3021","5/25/2022",18,"Privot","S",0
"3022","5/25/2022",18,"Spicebush","S",0
"3023","5/25/2022",18,"Rubus","S",0
"3024","5/25/2022",18,"Mapleleaf viburnum","S",0
"3025","5/25/2022",173,"Buckthorn","N",0
"3026","5/25/2022",173,"Multiflora rose","N",0
"3027","5/25/2022",173,"Honeysuckle","N",0
"3028","5/25/2022",173,"Privot","N",0
"3029","5/25/2022",173,"Spicebush","N",0
"3030","5/25/2022",173,"Rubus","N",0
"3031","5/25/2022",173,"Mapleleaf viburnum","N",0
"3032","5/25/2022",173,"Buckthorn","S",1
"3033","5/25/2022",173,"Multiflora rose","S",1
"3034","5/25/2022",173,"Honeysuckle","S",0
"3035","5/25/2022",173,"Privot","S",0
"3036","5/25/2022",173,"Spicebush","S",0
"3037","5/25/2022",173,"Rubus","S",0
"3038","5/25/2022",173,"Mapleleaf viburnum","S",0
"3039","5/25/2022",13,"Buckthorn","N",1
"3040","5/25/2022",13,"Multiflora rose","N",0
"3041","5/25/2022",13,"Honeysuckle","N",0
"3042","5/25/2022",13,"Privot","N",0
"3043","5/25/2022",13,"Spicebush","N",0
"3044","5/25/2022",13,"Rubus","N",0
"3045","5/25/2022",13,"Mapleleaf viburnum","N",0
"3046","5/25/2022",13,"Buckthorn","S",1
"3047","5/25/2022",13,"Multiflora rose","S",1
"3048","5/25/2022",13,"Honeysuckle","S",0
"3049","5/25/2022",13,"Privot","S",0
"3050","5/25/2022",13,"Spicebush","S",0
"3051","5/25/2022",13,"Rubus","S",0
"3052","5/25/2022",13,"Mapleleaf viburnum","S",0
"3053","5/25/2022",8,"Buckthorn","N",1
"3054","5/25/2022",8,"Multiflora rose","N",0
"3055","5/25/2022",8,"Honeysuckle","N",0
"3056","5/25/2022",8,"Privot","N",0
"3057","5/25/2022",8,"Spicebush","N",1
"3058","5/25/2022",8,"Rubus","N",0
"3059","5/25/2022",8,"Mapleleaf viburnum","N",0
"3060","5/25/2022",8,"Buckthorn","S",1
"3061","5/25/2022",8,"Multiflora rose","S",0
"3062","5/25/2022",8,"Honeysuckle","S",0
"3063","5/25/2022",8,"Privot","S",0
"3064","5/25/2022",8,"Spicebush","S",1
"3065","5/25/2022",8,"Rubus","S",0
"3066","5/25/2022",8,"Mapleleaf viburnum","S",0
"3067","5/25/2022",161,"Buckthorn","N",1
"3068","5/25/2022",161,"Multiflora rose","N",1
"3069","5/25/2022",161,"Honeysuckle","N",0
"3070","5/25/2022",161,"Privot","N",0
"3071","5/25/2022",161,"Spicebush","N",0
"3072","5/25/2022",161,"Rubus","N",0
"3073","5/25/2022",161,"Mapleleaf viburnum","N",0
"3074","5/25/2022",161,"Buckthorn","S",1
"3075","5/25/2022",161,"Multiflora rose","S",2
"3076","5/25/2022",161,"Honeysuckle","S",0
"3077","5/25/2022",161,"Privot","S",0
"3078","5/25/2022",161,"Spicebush","S",0
"3079","5/25/2022",161,"Rubus","S",0
"3080","5/25/2022",161,"Mapleleaf viburnum","S",0
"3081","5/25/2022",3,"Buckthorn","N",1
"3082","5/25/2022",3,"Multiflora rose","N",1
"3083","5/25/2022",3,"Honeysuckle","N",0
"3084","5/25/2022",3,"Privot","N",0
"3085","5/25/2022",3,"Spicebush","N",0
"3086","5/25/2022",3,"Rubus","N",1
"3087","5/25/2022",3,"Mapleleaf viburnum","N",0
"3088","5/25/2022",3,"Buckthorn","S",1
"3089","5/25/2022",3,"Multiflora rose","S",1
"3090","5/25/2022",3,"Honeysuckle","S",0
"3091","5/25/2022",3,"Privot","S",0
"3092","5/25/2022",3,"Spicebush","S",0
"3093","5/25/2022",3,"Rubus","S",1
"3094","5/25/2022",3,"Mapleleaf viburnum","S",0
"3095","5/25/2022",78,"Buckthorn","N",1
"3096","5/25/2022",78,"Multiflora rose","N",1
"3097","5/25/2022",78,"Honeysuckle","N",0
"3098","5/25/2022",78,"Privot","N",0
"3099","5/25/2022",78,"Spicebush","N",0
"3100","5/25/2022",78,"Rubus","N",1
"3101","5/25/2022",78,"Mapleleaf viburnum","N",0
"3102","5/25/2022",78,"Buckthorn","S",1
"3103","5/25/2022",78,"Multiflora rose","S",0
"3104","5/25/2022",78,"Honeysuckle","S",0
"3105","5/25/2022",78,"Privot","S",0
"3106","5/25/2022",78,"Spicebush","S",0
"3107","5/25/2022",78,"Rubus","S",1
"3108","5/25/2022",78,"Mapleleaf viburnum","S",0
"3109","5/25/2022",903,"Buckthorn","N",2
"3110","5/25/2022",903,"Multiflora rose","N",2
"3111","5/25/2022",903,"Honeysuckle","N",0
"3112","5/25/2022",903,"Privot","N",0
"3113","5/25/2022",903,"Spicebush","N",1
"3114","5/25/2022",903,"Rubus","N",2
"3115","5/25/2022",903,"Mapleleaf viburnum","N",0
"3116","5/25/2022",903,"Buckthorn","S",2
"3117","5/25/2022",903,"Multiflora rose","S",0
"3118","5/25/2022",903,"Honeysuckle","S",0
"3119","5/25/2022",903,"Privot","S",0
"3120","5/25/2022",903,"Spicebush","S",0
"3121","5/25/2022",903,"Rubus","S",2
"3122","5/25/2022",903,"Mapleleaf viburnum","S",0
"3123","5/25/2022",65,"Buckthorn","N",3
"3124","5/25/2022",65,"Multiflora rose","N",0
"3125","5/25/2022",65,"Honeysuckle","N",0
"3126","5/25/2022",65,"Privot","N",0
"3127","5/25/2022",65,"Spicebush","N",1
"3128","5/25/2022",65,"Rubus","N",2
"3129","5/25/2022",65,"Mapleleaf viburnum","N",0
"3130","5/25/2022",65,"Buckthorn","S",2
"3131","5/25/2022",65,"Multiflora rose","S",1
"3132","5/25/2022",65,"Honeysuckle","S",0
"3133","5/25/2022",65,"Privot","S",0
"3134","5/25/2022",65,"Spicebush","S",0
"3135","5/25/2022",65,"Rubus","S",2
"3136","5/25/2022",65,"Mapleleaf viburnum","S",0
"3137","5/25/2022",906,"Buckthorn","N",2
"3138","5/25/2022",906,"Multiflora rose","N",3
"3139","5/25/2022",906,"Honeysuckle","N",0
"3140","5/25/2022",906,"Privot","N",0
"3141","5/25/2022",906,"Spicebush","N",1
"3142","5/25/2022",906,"Rubus","N",1
"3143","5/25/2022",906,"Mapleleaf viburnum","N",0
"3144","5/25/2022",906,"Buckthorn","S",2
"3145","5/25/2022",906,"Multiflora rose","S",2
"3146","5/25/2022",906,"Honeysuckle","S",0
"3147","5/25/2022",906,"Privot","S",1
"3148","5/25/2022",906,"Spicebush","S",0
"3149","5/25/2022",906,"Rubus","S",1
"3150","5/25/2022",906,"Mapleleaf viburnum","S",0
"3151","5/25/2022",907,"Buckthorn","N",2
"3152","5/25/2022",907,"Multiflora rose","N",2
"3153","5/25/2022",907,"Honeysuckle","N",0
"3154","5/25/2022",907,"Privot","N",0
"3155","5/25/2022",907,"Spicebush","N",0
"3156","5/25/2022",907,"Rubus","N",0
"3157","5/25/2022",907,"Mapleleaf viburnum","N",0
"3158","5/25/2022",907,"Buckthorn","S",2
"3159","5/25/2022",907,"Multiflora rose","S",3
"3160","5/25/2022",907,"Honeysuckle","S",0
"3161","5/25/2022",907,"Privot","S",0
"3162","5/25/2022",907,"Spicebush","S",0
"3163","5/25/2022",907,"Rubus","S",0
"3164","5/25/2022",907,"Mapleleaf viburnum","S",0
"3165","5/25/2022",908,"Buckthorn","N",2
"3166","5/25/2022",908,"Multiflora rose","N",3
"3167","5/25/2022",908,"Honeysuckle","N",0
"3168","5/25/2022",908,"Privot","N",1
"3169","5/25/2022",908,"Spicebush","N",0
"3170","5/25/2022",908,"Rubus","N",0
"3171","5/25/2022",908,"Mapleleaf viburnum","N",0
"3172","5/25/2022",908,"Buckthorn","S",3
"3173","5/25/2022",908,"Multiflora rose","S",2
"3174","5/25/2022",908,"Honeysuckle","S",0
"3175","5/25/2022",908,"Privot","S",1
"3176","5/25/2022",908,"Spicebush","S",1
"3177","5/25/2022",908,"Rubus","S",1
"3178","5/25/2022",908,"Mapleleaf viburnum","S",0
"3179","5/25/2022",857,"Buckthorn","N",1
"3180","5/25/2022",857,"Multiflora rose","N",0
"3181","5/25/2022",857,"Honeysuckle","N",0
"3182","5/25/2022",857,"Privot","N",0
"3183","5/25/2022",857,"Spicebush","N",0
"3184","5/25/2022",857,"Rubus","N",0
"3185","5/25/2022",857,"Mapleleaf viburnum","N",0
"3186","5/25/2022",857,"Buckthorn","S",1
"3187","5/25/2022",857,"Multiflora rose","S",1
"3188","5/25/2022",857,"Honeysuckle","S",0
"3189","5/25/2022",857,"Privot","S",0
"3190","5/25/2022",857,"Spicebush","S",0
"3191","5/25/2022",857,"Rubus","S",1
"3192","5/25/2022",857,"Mapleleaf viburnum","S",0
"3193","5/25/2022",67,"Buckthorn","N",2
"3194","5/25/2022",67,"Multiflora rose","N",4
"3195","5/25/2022",67,"Honeysuckle","N",0
"3196","5/25/2022",67,"Privot","N",0
"3197","5/25/2022",67,"Spicebush","N",1
"3198","5/25/2022",67,"Rubus","N",2
"3199","5/25/2022",67,"Mapleleaf viburnum","N",0
"3200","5/25/2022",67,"Buckthorn","S",1
"3201","5/25/2022",67,"Multiflora rose","S",4
"3202","5/25/2022",67,"Honeysuckle","S",0
"3203","5/25/2022",67,"Privot","S",0
"3204","5/25/2022",67,"Spicebush","S",1
"3205","5/25/2022",67,"Rubus","S",2
"3206","5/25/2022",67,"Mapleleaf viburnum","S",0
"3207","5/25/2022",904,"Buckthorn","N",2
"3208","5/25/2022",904,"Multiflora rose","N",3
"3209","5/25/2022",904,"Honeysuckle","N",0
"3210","5/25/2022",904,"Privot","N",0
"3211","5/25/2022",904,"Spicebush","N",1
"3212","5/25/2022",904,"Rubus","N",2
"3213","5/25/2022",904,"Mapleleaf viburnum","N",0
"3214","5/25/2022",904,"Buckthorn","S",1
"3215","5/25/2022",904,"Multiflora rose","S",3
"3216","5/25/2022",904,"Honeysuckle","S",0
"3217","5/25/2022",904,"Privot","S",0
"3218","5/25/2022",904,"Spicebush","S",1
"3219","5/25/2022",904,"Rubus","S",2
"3220","5/25/2022",904,"Mapleleaf viburnum","S",0
"3221","5/25/2022",66,"Buckthorn","N",2
"3222","5/25/2022",66,"Multiflora rose","N",2
"3223","5/25/2022",66,"Honeysuckle","N",0
"3224","5/25/2022",66,"Privot","N",0
"3225","5/25/2022",66,"Spicebush","N",0
"3226","5/25/2022",66,"Rubus","N",1
"3227","5/25/2022",66,"Mapleleaf viburnum","N",1
"3228","5/25/2022",66,"Buckthorn","S",2
"3229","5/25/2022",66,"Multiflora rose","S",1
"3230","5/25/2022",66,"Honeysuckle","S",0
"3231","5/25/2022",66,"Privot","S",0
"3232","5/25/2022",66,"Spicebush","S",0
"3233","5/25/2022",66,"Rubus","S",1
"3234","5/25/2022",66,"Mapleleaf viburnum","S",1
"3235","5/25/2022",905,"Buckthorn","N",1
"3236","5/25/2022",905,"Multiflora rose","N",2
"3237","5/25/2022",905,"Honeysuckle","N",0
"3238","5/25/2022",905,"Privot","N",0
"3239","5/25/2022",905,"Spicebush","N",1
"3240","5/25/2022",905,"Rubus","N",2
"3241","5/25/2022",905,"Mapleleaf viburnum","N",0
"3242","5/25/2022",905,"Buckthorn","S",2
"3243","5/25/2022",905,"Multiflora rose","S",0
"3244","5/25/2022",905,"Honeysuckle","S",0
"3245","5/25/2022",905,"Privot","S",0
"3246","5/25/2022",905,"Spicebush","S",0
"3247","5/25/2022",905,"Rubus","S",2
"3248","5/25/2022",905,"Mapleleaf viburnum","S",0
"3249","5/25/2022",23,"Buckthorn","N",1
"3250","5/25/2022",23,"Multiflora rose","N",1
"3251","5/25/2022",23,"Honeysuckle","N",0
"3252","5/25/2022",23,"Privot","N",0
"3253","5/25/2022",23,"Spicebush","N",0
"3254","5/25/2022",23,"Rubus","N",1
"3255","5/25/2022",23,"Mapleleaf viburnum","N",0
"3256","5/25/2022",23,"Buckthorn","S",1
"3257","5/25/2022",23,"Multiflora rose","S",1
"3258","5/25/2022",23,"Honeysuckle","S",0
"3259","5/25/2022",23,"Privot","S",0
"3260","5/25/2022",23,"Spicebush","S",0
"3261","5/25/2022",23,"Rubus","S",0
"3262","5/25/2022",23,"Mapleleaf viburnum","S",0
"3263","5/25/2022",226,"Buckthorn","N",0
"3264","5/25/2022",226,"Multiflora rose","N",1
"3265","5/25/2022",226,"Honeysuckle","N",0
"3266","5/25/2022",226,"Privot","N",0
"3267","5/25/2022",226,"Spicebush","N",1
"3268","5/25/2022",226,"Rubus","N",1
"3269","5/25/2022",226,"Mapleleaf viburnum","N",0
"3270","5/25/2022",226,"Buckthorn","S",1
"3271","5/25/2022",226,"Multiflora rose","S",1
"3272","5/25/2022",226,"Honeysuckle","S",0
"3273","5/25/2022",226,"Privot","S",0
"3274","5/25/2022",226,"Spicebush","S",1
"3275","5/25/2022",226,"Rubus","S",0
"3276","5/25/2022",226,"Mapleleaf viburnum","S",0
"3277","5/25/2022",1,"Buckthorn","N",0
"3278","5/25/2022",1,"Multiflora rose","N",0
"3279","5/25/2022",1,"Honeysuckle","N",0
"3280","5/25/2022",1,"Privot","N",1
"3281","5/25/2022",1,"Spicebush","N",0
"3282","5/25/2022",1,"Rubus","N",0
"3283","5/25/2022",1,"Mapleleaf viburnum","N",0
"3284","5/25/2022",1,"Buckthorn","S",1
"3285","5/25/2022",1,"Multiflora rose","S",1
"3286","5/25/2022",1,"Honeysuckle","S",0
"3287","5/25/2022",1,"Privot","S",0
"3288","5/25/2022",1,"Spicebush","S",0
"3289","5/25/2022",1,"Rubus","S",1
"3290","5/25/2022",1,"Mapleleaf viburnum","S",0
"3291","5/25/2022",224,"Buckthorn","N",0
"3292","5/25/2022",224,"Multiflora rose","N",1
"3293","5/25/2022",224,"Honeysuckle","N",0
"3294","5/25/2022",224,"Privot","N",0
"3295","5/25/2022",224,"Spicebush","N",0
"3296","5/25/2022",224,"Rubus","N",0
"3297","5/25/2022",224,"Mapleleaf viburnum","N",0
"3298","5/25/2022",224,"Buckthorn","S",1
"3299","5/25/2022",224,"Multiflora rose","S",1
"3300","5/25/2022",224,"Honeysuckle","S",0
"3301","5/25/2022",224,"Privot","S",0
"3302","5/25/2022",224,"Spicebush","S",0
"3303","5/25/2022",224,"Rubus","S",0
"3304","5/25/2022",224,"Mapleleaf viburnum","S",0
"3305","5/25/2022",141,"Buckthorn","N",0
"3306","5/25/2022",141,"Multiflora rose","N",0
"3307","5/25/2022",141,"Honeysuckle","N",0
"3308","5/25/2022",141,"Privot","N",0
"3309","5/25/2022",141,"Spicebush","N",0
"3310","5/25/2022",141,"Rubus","N",0
"3311","5/25/2022",141,"Mapleleaf viburnum","N",0
"3312","5/25/2022",141,"Buckthorn","S",1
"3313","5/25/2022",141,"Multiflora rose","S",0
"3314","5/25/2022",141,"Honeysuckle","S",0
"3315","5/25/2022",141,"Privot","S",0
"3316","5/25/2022",141,"Spicebush","S",1
"3317","5/25/2022",141,"Rubus","S",1
"3318","5/25/2022",141,"Mapleleaf viburnum","S",0
"3319","5/25/2022",220,"Buckthorn","N",0
"3320","5/25/2022",220,"Multiflora rose","N",0
"3321","5/25/2022",220,"Honeysuckle","N",0
"3322","5/25/2022",220,"Privot","N",0
"3323","5/25/2022",220,"Spicebush","N",0
"3324","5/25/2022",220,"Rubus","N",0
"3325","5/25/2022",220,"Mapleleaf viburnum","N",0
"3326","5/25/2022",220,"Buckthorn","S",1
"3327","5/25/2022",220,"Multiflora rose","S",1
"3328","5/25/2022",220,"Honeysuckle","S",0
"3329","5/25/2022",220,"Privot","S",0
"3330","5/25/2022",220,"Spicebush","S",0
"3331","5/25/2022",220,"Rubus","S",1
"3332","5/25/2022",220,"Mapleleaf viburnum","S",0
"3333","5/25/2022",154,"Buckthorn","N",1
"3334","5/25/2022",154,"Multiflora rose","N",1
"3335","5/25/2022",154,"Honeysuckle","N",0
"3336","5/25/2022",154,"Privot","N",0
"3337","5/25/2022",154,"Spicebush","N",0
"3338","5/25/2022",154,"Rubus","N",0
"3339","5/25/2022",154,"Mapleleaf viburnum","N",0
"3340","5/25/2022",154,"Buckthorn","S",1
"3341","5/25/2022",154,"Multiflora rose","S",1
"3342","5/25/2022",154,"Honeysuckle","S",0
"3343","5/25/2022",154,"Privot","S",0
"3344","5/25/2022",154,"Spicebush","S",0
"3345","5/25/2022",154,"Rubus","S",0
"3346","5/25/2022",154,"Mapleleaf viburnum","S",0
"3347","5/25/2022",7,"Buckthorn","N",1
"3348","5/25/2022",7,"Multiflora rose","N",1
"3349","5/25/2022",7,"Honeysuckle","N",0
"3350","5/25/2022",7,"Privot","N",0
"3351","5/25/2022",7,"Spicebush","N",0
"3352","5/25/2022",7,"Rubus","N",1
"3353","5/25/2022",7,"Mapleleaf viburnum","N",1
"3354","5/25/2022",7,"Buckthorn","S",1
"3355","5/25/2022",7,"Multiflora rose","S",0
"3356","5/25/2022",7,"Honeysuckle","S",0
"3357","5/25/2022",7,"Privot","S",0
"3358","5/25/2022",7,"Spicebush","S",0
"3359","5/25/2022",7,"Rubus","S",1
"3360","5/25/2022",7,"Mapleleaf viburnum","S",0
"3361","5/25/2022",166,"Buckthorn","N",1
"3362","5/25/2022",166,"Multiflora rose","N",2
"3363","5/25/2022",166,"Honeysuckle","N",0
"3364","5/25/2022",166,"Privot","N",0
"3365","5/25/2022",166,"Spicebush","N",0
"3366","5/25/2022",166,"Rubus","N",1
"3367","5/25/2022",166,"Mapleleaf viburnum","N",0
"3368","5/25/2022",166,"Buckthorn","S",0
"3369","5/25/2022",166,"Multiflora rose","S",2
"3370","5/25/2022",166,"Honeysuckle","S",0
"3371","5/25/2022",166,"Privot","S",0
"3372","5/25/2022",166,"Spicebush","S",0
"3373","5/25/2022",166,"Rubus","S",0
"3374","5/25/2022",166,"Mapleleaf viburnum","S",0
"3375","5/25/2022",225,"Buckthorn","N",0
"3376","5/25/2022",225,"Multiflora rose","N",2
"3377","5/25/2022",225,"Honeysuckle","N",0
"3378","5/25/2022",225,"Privot","N",0
"3379","5/25/2022",225,"Spicebush","N",0
"3380","5/25/2022",225,"Rubus","N",1
"3381","5/25/2022",225,"Mapleleaf viburnum","N",0
"3382","5/25/2022",225,"Buckthorn","S",1
"3383","5/25/2022",225,"Multiflora rose","S",2
"3384","5/25/2022",225,"Honeysuckle","S",0
"3385","5/25/2022",225,"Privot","S",0
"3386","5/25/2022",225,"Spicebush","S",2
"3387","5/25/2022",225,"Rubus","S",0
"3388","5/25/2022",225,"Mapleleaf viburnum","S",0
"3389","5/25/2022",21,"Buckthorn","N",0
"3390","5/25/2022",21,"Multiflora rose","N",0
"3391","5/25/2022",21,"Honeysuckle","N",0
"3392","5/25/2022",21,"Privot","N",0
"3393","5/25/2022",21,"Spicebush","N",0
"3394","5/25/2022",21,"Rubus","N",0
"3395","5/25/2022",21,"Mapleleaf viburnum","N",0
"3396","5/25/2022",21,"Buckthorn","S",0
"3397","5/25/2022",21,"Multiflora rose","S",1
"3398","5/25/2022",21,"Honeysuckle","S",0
"3399","5/25/2022",21,"Privot","S",0
"3400","5/25/2022",21,"Spicebush","S",0
"3401","5/25/2022",21,"Rubus","S",0
"3402","5/25/2022",21,"Mapleleaf viburnum","S",0
"3403","5/25/2022",4,"Buckthorn","N",1
"3404","5/25/2022",4,"Multiflora rose","N",0
"3405","5/25/2022",4,"Honeysuckle","N",0
"3406","5/25/2022",4,"Privot","N",0
"3407","5/25/2022",4,"Spicebush","N",0
"3408","5/25/2022",4,"Rubus","N",1
"3409","5/25/2022",4,"Mapleleaf viburnum","N",0
"3410","5/25/2022",4,"Buckthorn","S",1
"3411","5/25/2022",4,"Multiflora rose","S",1
"3412","5/25/2022",4,"Honeysuckle","S",0
"3413","5/25/2022",4,"Privot","S",0
"3414","5/25/2022",4,"Spicebush","S",1
"3415","5/25/2022",4,"Rubus","S",0
"3416","5/25/2022",4,"Mapleleaf viburnum","S",0
"3417","5/25/2022",16,"Buckthorn","N",0
"3418","5/25/2022",16,"Multiflora rose","N",1
"3419","5/25/2022",16,"Honeysuckle","N",0
"3420","5/25/2022",16,"Privot","N",0
"3421","5/25/2022",16,"Spicebush","N",1
"3422","5/25/2022",16,"Rubus","N",0
"3423","5/25/2022",16,"Mapleleaf viburnum","N",0
"3424","5/25/2022",16,"Buckthorn","S",1
"3425","5/25/2022",16,"Multiflora rose","S",0
"3426","5/25/2022",16,"Honeysuckle","S",0
"3427","5/25/2022",16,"Privot","S",0
"3428","5/25/2022",16,"Spicebush","S",1
"3429","5/25/2022",16,"Rubus","S",0
"3430","5/25/2022",16,"Mapleleaf viburnum","S",0
"3431","5/25/2022",158,"Buckthorn","N",1
"3432","5/25/2022",158,"Multiflora rose","N",1
"3433","5/25/2022",158,"Honeysuckle","N",0
"3434","5/25/2022",158,"Privot","N",0
"3435","5/25/2022",158,"Spicebush","N",1
"3436","5/25/2022",158,"Rubus","N",0
"3437","5/25/2022",158,"Mapleleaf viburnum","N",0
"3438","5/25/2022",158,"Buckthorn","S",1
"3439","5/25/2022",158,"Multiflora rose","S",1
"3440","5/25/2022",158,"Honeysuckle","S",0
"3441","5/25/2022",158,"Privot","S",0
"3442","5/25/2022",158,"Spicebush","S",0
"3443","5/25/2022",158,"Rubus","S",0
"3444","5/25/2022",158,"Mapleleaf viburnum","S",0
"3445","5/25/2022",167,"Buckthorn","N",1
"3446","5/25/2022",167,"Multiflora rose","N",1
"3447","5/25/2022",167,"Honeysuckle","N",0
"3448","5/25/2022",167,"Privot","N",0
"3449","5/25/2022",167,"Spicebush","N",0
"3450","5/25/2022",167,"Rubus","N",1
"3451","5/25/2022",167,"Mapleleaf viburnum","N",0
"3452","5/25/2022",167,"Buckthorn","S",1
"3453","5/25/2022",167,"Multiflora rose","S",0
"3454","5/25/2022",167,"Honeysuckle","S",0
"3455","5/25/2022",167,"Privot","S",0
"3456","5/25/2022",167,"Spicebush","S",1
"3457","5/25/2022",167,"Rubus","S",0
"3458","5/25/2022",167,"Mapleleaf viburnum","S",0
"3459","5/25/2022",126,"Buckthorn","N",1
"3460","5/25/2022",126,"Multiflora rose","N",1
"3461","5/25/2022",126,"Honeysuckle","N",0
"3462","5/25/2022",126,"Privot","N",0
"3463","5/25/2022",126,"Spicebush","N",0
"3464","5/25/2022",126,"Rubus","N",0
"3465","5/25/2022",126,"Mapleleaf viburnum","N",0
"3466","5/25/2022",126,"Buckthorn","S",0
"3467","5/25/2022",126,"Multiflora rose","S",1
"3468","5/25/2022",126,"Honeysuckle","S",0
"3469","5/25/2022",126,"Privot","S",0
"3470","5/25/2022",126,"Spicebush","S",0
"3471","5/25/2022",126,"Rubus","S",0
"3472","5/25/2022",126,"Mapleleaf viburnum","S",0
"3473","5/25/2022",128,"Buckthorn","N",0
"3474","5/25/2022",128,"Multiflora rose","N",0
"3475","5/25/2022",128,"Honeysuckle","N",0
"3476","5/25/2022",128,"Privot","N",1
"3477","5/25/2022",128,"Spicebush","N",0
"3478","5/25/2022",128,"Rubus","N",0
"3479","5/25/2022",128,"Mapleleaf viburnum","N",0
"3480","5/25/2022",128,"Buckthorn","S",0
"3481","5/25/2022",128,"Multiflora rose","S",1
"3482","5/25/2022",128,"Honeysuckle","S",1
"3483","5/25/2022",128,"Privot","S",0
"3484","5/25/2022",128,"Spicebush","S",0
"3485","5/25/2022",128,"Rubus","S",0
"3486","5/25/2022",128,"Mapleleaf viburnum","S",0
"3487","5/25/2022",209,"Buckthorn","N",1
"3488","5/25/2022",209,"Multiflora rose","N",1
"3489","5/25/2022",209,"Honeysuckle","N",0
"3490","5/25/2022",209,"Privot","N",0
"3491","5/25/2022",209,"Spicebush","N",0
"3492","5/25/2022",209,"Rubus","N",0
"3493","5/25/2022",209,"Mapleleaf viburnum","N",0
"3494","5/25/2022",209,"Buckthorn","S",0
"3495","5/25/2022",209,"Multiflora rose","S",1
"3496","5/25/2022",209,"Honeysuckle","S",0
"3497","5/25/2022",209,"Privot","S",0
"3498","5/25/2022",209,"Spicebush","S",0
"3499","5/25/2022",209,"Rubus","S",0
"3500","5/25/2022",209,"Mapleleaf viburnum","S",0
"3501","5/25/2022",127,"Buckthorn","N",0
"3502","5/25/2022",127,"Multiflora rose","N",1
"3503","5/25/2022",127,"Honeysuckle","N",0
"3504","5/25/2022",127,"Privot","N",0
"3505","5/25/2022",127,"Spicebush","N",0
"3506","5/25/2022",127,"Rubus","N",1
"3507","5/25/2022",127,"Mapleleaf viburnum","N",0
"3508","5/25/2022",127,"Buckthorn","S",1
"3509","5/25/2022",127,"Multiflora rose","S",1
"3510","5/25/2022",127,"Honeysuckle","S",0
"3511","5/25/2022",127,"Privot","S",0
"3512","5/25/2022",127,"Spicebush","S",0
"3513","5/25/2022",127,"Rubus","S",0
"3514","5/25/2022",127,"Mapleleaf viburnum","S",0
"3515","5/25/2022",130,"Buckthorn","N",1
"3516","5/25/2022",130,"Multiflora rose","N",1
"3517","5/25/2022",130,"Honeysuckle","N",0
"3518","5/25/2022",130,"Privot","N",0
"3519","5/25/2022",130,"Spicebush","N",0
"3520","5/25/2022",130,"Rubus","N",0
"3521","5/25/2022",130,"Mapleleaf viburnum","N",0
"3522","5/25/2022",130,"Buckthorn","S",0
"3523","5/25/2022",130,"Multiflora rose","S",0
"3524","5/25/2022",130,"Honeysuckle","S",0
"3525","5/25/2022",130,"Privot","S",0
"3526","5/25/2022",130,"Spicebush","S",0
"3527","5/25/2022",130,"Rubus","S",0
"3528","5/25/2022",130,"Mapleleaf viburnum","S",0
"3529","5/25/2022",131,"Buckthorn","N",0
"3530","5/25/2022",131,"Multiflora rose","N",1
"3531","5/25/2022",131,"Honeysuckle","N",0
"3532","5/25/2022",131,"Privot","N",0
"3533","5/25/2022",131,"Spicebush","N",0
"3534","5/25/2022",131,"Rubus","N",0
"3535","5/25/2022",131,"Mapleleaf viburnum","N",0
"3536","5/25/2022",131,"Buckthorn","S",0
"3537","5/25/2022",131,"Multiflora rose","S",1
"3538","5/25/2022",131,"Honeysuckle","S",1
"3539","5/25/2022",131,"Privot","S",0
"3540","5/25/2022",131,"Spicebush","S",0
"3541","5/25/2022",131,"Rubus","S",1
"3542","5/25/2022",131,"Mapleleaf viburnum","S",0
"3543","5/25/2022",213,"Buckthorn","N",1
"3544","5/25/2022",213,"Multiflora rose","N",1
"3545","5/25/2022",213,"Honeysuckle","N",0
"3546","5/25/2022",213,"Privot","N",0
"3547","5/25/2022",213,"Spicebush","N",1
"3548","5/25/2022",213,"Rubus","N",0
"3549","5/25/2022",213,"Mapleleaf viburnum","N",0
"3550","5/25/2022",213,"Buckthorn","S",0
"3551","5/25/2022",213,"Multiflora rose","S",1
"3552","5/25/2022",213,"Honeysuckle","S",0
"3553","5/25/2022",213,"Privot","S",0
"3554","5/25/2022",213,"Spicebush","S",0
"3555","5/25/2022",213,"Rubus","S",0
"3556","5/25/2022",213,"Mapleleaf viburnum","S",0
"3557","5/25/2022",164,"Buckthorn","N",0
"3558","5/25/2022",164,"Multiflora rose","N",1
"3559","5/25/2022",164,"Honeysuckle","N",0
"3560","5/25/2022",164,"Privot","N",0
"3561","5/25/2022",164,"Spicebush","N",0
"3562","5/25/2022",164,"Rubus","N",0
"3563","5/25/2022",164,"Mapleleaf viburnum","N",0
"3564","5/25/2022",164,"Buckthorn","S",0
"3565","5/25/2022",164,"Multiflora rose","S",1
"3566","5/25/2022",164,"Honeysuckle","S",0
"3567","5/25/2022",164,"Privot","S",0
"3568","5/25/2022",164,"Spicebush","S",1
"3569","5/25/2022",164,"Rubus","S",0
"3570","5/25/2022",164,"Mapleleaf viburnum","S",0
"3571","5/25/2022",129,"Buckthorn","N",1
"3572","5/25/2022",129,"Multiflora rose","N",1
"3573","5/25/2022",129,"Honeysuckle","N",1
"3574","5/25/2022",129,"Privot","N",0
"3575","5/25/2022",129,"Spicebush","N",0
"3576","5/25/2022",129,"Rubus","N",1
"3577","5/25/2022",129,"Mapleleaf viburnum","N",0
"3578","5/25/2022",129,"Buckthorn","S",0
"3579","5/25/2022",129,"Multiflora rose","S",2
"3580","5/25/2022",129,"Honeysuckle","S",0
"3581","5/25/2022",129,"Privot","S",0
"3582","5/25/2022",129,"Spicebush","S",0
"3583","5/25/2022",129,"Rubus","S",0
"3584","5/25/2022",129,"Mapleleaf viburnum","S",0
"3585","5/25/2022",174,"Buckthorn","N",0
"3586","5/25/2022",174,"Multiflora rose","N",0
"3587","5/25/2022",174,"Honeysuckle","N",1
"3588","5/25/2022",174,"Privot","N",0
"3589","5/25/2022",174,"Spicebush","N",1
"3590","5/25/2022",174,"Rubus","N",0
"3591","5/25/2022",174,"Mapleleaf viburnum","N",0
"3592","5/25/2022",174,"Buckthorn","S",0
"3593","5/25/2022",174,"Multiflora rose","S",0
"3594","5/25/2022",174,"Honeysuckle","S",0
"3595","5/25/2022",174,"Privot","S",0
"3596","5/25/2022",174,"Spicebush","S",0
"3597","5/25/2022",174,"Rubus","S",0
"3598","5/25/2022",174,"Mapleleaf viburnum","S",0
"3599","5/25/2022",14,"Buckthorn","N",0
"3600","5/25/2022",14,"Multiflora rose","N",0
"3601","5/25/2022",14,"Honeysuckle","N",0
"3602","5/25/2022",14,"Privot","N",0
"3603","5/25/2022",14,"Spicebush","N",0
"3604","5/25/2022",14,"Rubus","N",0
"3605","5/25/2022",14,"Mapleleaf viburnum","N",0
"3606","5/25/2022",14,"Buckthorn","S",0
"3607","5/25/2022",14,"Multiflora rose","S",0
"3608","5/25/2022",14,"Honeysuckle","S",0
"3609","5/25/2022",14,"Privot","S",0
"3610","5/25/2022",14,"Spicebush","S",0
"3611","5/25/2022",14,"Rubus","S",0
"3612","5/25/2022",14,"Mapleleaf viburnum","S",0
"3613","5/25/2022",132,"Buckthorn","N",0
"3614","5/25/2022",132,"Multiflora rose","N",0
"3615","5/25/2022",132,"Honeysuckle","N",0
"3616","5/25/2022",132,"Privot","N",0
"3617","5/25/2022",132,"Spicebush","N",0
"3618","5/25/2022",132,"Rubus","N",0
"3619","5/25/2022",132,"Mapleleaf viburnum","N",0
"3620","5/25/2022",132,"Buckthorn","S",0
"3621","5/25/2022",132,"Multiflora rose","S",1
"3622","5/25/2022",132,"Honeysuckle","S",0
"3623","5/25/2022",132,"Privot","S",0
"3624","5/25/2022",132,"Spicebush","S",1
"3625","5/25/2022",132,"Rubus","S",0
"3626","5/25/2022",132,"Mapleleaf viburnum","S",0
"3627","5/25/2022",138,"Buckthorn","N",1
"3628","5/25/2022",138,"Multiflora rose","N",1
"3629","5/25/2022",138,"Honeysuckle","N",0
"3630","5/25/2022",138,"Privot","N",0
"3631","5/25/2022",138,"Spicebush","N",0
"3632","5/25/2022",138,"Rubus","N",0
"3633","5/25/2022",138,"Mapleleaf viburnum","N",0
"3634","5/25/2022",138,"Buckthorn","S",0
"3635","5/25/2022",138,"Multiflora rose","S",1
"3636","5/25/2022",138,"Honeysuckle","S",0
"3637","5/25/2022",138,"Privot","S",0
"3638","5/25/2022",138,"Spicebush","S",0
"3639","5/25/2022",138,"Rubus","S",0
"3640","5/25/2022",138,"Mapleleaf viburnum","S",0
"3641","5/25/2022",163,"Buckthorn","N",0
"3642","5/25/2022",163,"Multiflora rose","N",0
"3643","5/25/2022",163,"Honeysuckle","N",0
"3644","5/25/2022",163,"Privot","N",0
"3645","5/25/2022",163,"Spicebush","N",0
"3646","5/25/2022",163,"Rubus","N",0
"3647","5/25/2022",163,"Mapleleaf viburnum","N",0
"3648","5/25/2022",163,"Buckthorn","S",0
"3649","5/25/2022",163,"Multiflora rose","S",0
"3650","5/25/2022",163,"Honeysuckle","S",0
"3651","5/25/2022",163,"Privot","S",0
"3652","5/25/2022",163,"Spicebush","S",0
"3653","5/25/2022",163,"Rubus","S",0
"3654","5/25/2022",163,"Mapleleaf viburnum","S",0
"3655","5/25/2022",201,"Buckthorn","N",0
"3656","5/25/2022",201,"Multiflora rose","N",0
"3657","5/25/2022",201,"Honeysuckle","N",0
"3658","5/25/2022",201,"Privot","N",0
"3659","5/25/2022",201,"Spicebush","N",0
"3660","5/25/2022",201,"Rubus","N",0
"3661","5/25/2022",201,"Mapleleaf viburnum","N",1
"3662","5/25/2022",201,"Buckthorn","S",0
"3663","5/25/2022",201,"Multiflora rose","S",1
"3664","5/25/2022",201,"Honeysuckle","S",0
"3665","5/25/2022",201,"Privot","S",1
"3666","5/25/2022",201,"Spicebush","S",1
"3667","5/25/2022",201,"Rubus","S",1
"3668","5/25/2022",201,"Mapleleaf viburnum","S",0
"3669","5/31/2022",207,"Buckthorn","N",0
"3670","5/31/2022",207,"Multiflora rose","N",5
"3671","5/31/2022",207,"Honeysuckle","N",0
"3672","5/31/2022",207,"Privot","N",0
"3673","5/31/2022",207,"Spicebush","N",0
"3674","5/31/2022",207,"Rubus","N",1
"3675","5/31/2022",207,"Mapleleaf viburnum","N",0
"3676","5/31/2022",207,"Buckthorn","S",0
"3677","5/31/2022",207,"Multiflora rose","S",4
"3678","5/31/2022",207,"Honeysuckle","S",0
"3679","5/31/2022",207,"Privot","S",0
"3680","5/31/2022",207,"Spicebush","S",0
"3681","5/31/2022",207,"Rubus","S",0
"3682","5/31/2022",207,"Mapleleaf viburnum","S",0
"3683","5/31/2022",35,"Buckthorn","N",0
"3684","5/31/2022",35,"Multiflora rose","N",1
"3685","5/31/2022",35,"Honeysuckle","N",0
"3686","5/31/2022",35,"Privot","N",0
"3687","5/31/2022",35,"Spicebush","N",2
"3688","5/31/2022",35,"Rubus","N",1
"3689","5/31/2022",35,"Mapleleaf viburnum","N",0
"3690","5/31/2022",35,"Buckthorn","S",0
"3691","5/31/2022",35,"Multiflora rose","S",4
"3692","5/31/2022",35,"Honeysuckle","S",0
"3693","5/31/2022",35,"Privot","S",0
"3694","5/31/2022",35,"Spicebush","S",0
"3695","5/31/2022",35,"Rubus","S",1
"3696","5/31/2022",35,"Mapleleaf viburnum","S",0
"3697","5/31/2022",389,"Buckthorn","N",0
"3698","5/31/2022",389,"Multiflora rose","N",0
"3699","5/31/2022",389,"Honeysuckle","N",2
"3700","5/31/2022",389,"Privot","N",0
"3701","5/31/2022",389,"Spicebush","N",0
"3702","5/31/2022",389,"Rubus","N",0
"3703","5/31/2022",389,"Mapleleaf viburnum","N",0
"3704","5/31/2022",389,"Buckthorn","S",1
"3705","5/31/2022",389,"Multiflora rose","S",1
"3706","5/31/2022",389,"Honeysuckle","S",0
"3707","5/31/2022",389,"Privot","S",0
"3708","5/31/2022",389,"Spicebush","S",0
"3709","5/31/2022",389,"Rubus","S",0
"3710","5/31/2022",389,"Mapleleaf viburnum","S",0
"3711","5/31/2022",311,"Buckthorn","N",0
"3712","5/31/2022",311,"Multiflora rose","N",2
"3713","5/31/2022",311,"Honeysuckle","N",0
"3714","5/31/2022",311,"Privot","N",0
"3715","5/31/2022",311,"Spicebush","N",0
"3716","5/31/2022",311,"Rubus","N",0
"3717","5/31/2022",311,"Mapleleaf viburnum","N",0
"3718","5/31/2022",311,"Buckthorn","S",1
"3719","5/31/2022",311,"Multiflora rose","S",2
"3720","5/31/2022",311,"Honeysuckle","S",1
"3721","5/31/2022",311,"Privot","S",0
"3722","5/31/2022",311,"Spicebush","S",0
"3723","5/31/2022",311,"Rubus","S",1
"3724","5/31/2022",311,"Mapleleaf viburnum","S",0
"3725","5/31/2022",317,"Buckthorn","N",1
"3726","5/31/2022",317,"Multiflora rose","N",2
"3727","5/31/2022",317,"Honeysuckle","N",0
"3728","5/31/2022",317,"Privot","N",0
"3729","5/31/2022",317,"Spicebush","N",0
"3730","5/31/2022",317,"Rubus","N",1
"3731","5/31/2022",317,"Mapleleaf viburnum","N",2
"3732","5/31/2022",317,"Buckthorn","S",1
"3733","5/31/2022",317,"Multiflora rose","S",4
"3734","5/31/2022",317,"Honeysuckle","S",0
"3735","5/31/2022",317,"Privot","S",0
"3736","5/31/2022",317,"Spicebush","S",0
"3737","5/31/2022",317,"Rubus","S",0
"3738","5/31/2022",317,"Mapleleaf viburnum","S",1
"3739","5/31/2022",186,"Buckthorn","N",1
"3740","5/31/2022",186,"Multiflora rose","N",5
"3741","5/31/2022",186,"Honeysuckle","N",0
"3742","5/31/2022",186,"Privot","N",0
"3743","5/31/2022",186,"Spicebush","N",0
"3744","5/31/2022",186,"Rubus","N",1
"3745","5/31/2022",186,"Mapleleaf viburnum","N",1
"3746","5/31/2022",186,"Buckthorn","S",2
"3747","5/31/2022",186,"Multiflora rose","S",4
"3748","5/31/2022",186,"Honeysuckle","S",0
"3749","5/31/2022",186,"Privot","S",0
"3750","5/31/2022",186,"Spicebush","S",0
"3751","5/31/2022",186,"Rubus","S",1
"3752","5/31/2022",186,"Mapleleaf viburnum","S",1
"3753","5/31/2022",386,"Buckthorn","N",1
"3754","5/31/2022",386,"Multiflora rose","N",1
"3755","5/31/2022",386,"Honeysuckle","N",0
"3756","5/31/2022",386,"Privot","N",0
"3757","5/31/2022",386,"Spicebush","N",0
"3758","5/31/2022",386,"Rubus","N",0
"3759","5/31/2022",386,"Mapleleaf viburnum","N",0
"3760","5/31/2022",386,"Buckthorn","S",1
"3761","5/31/2022",386,"Multiflora rose","S",0
"3762","5/31/2022",386,"Honeysuckle","S",0
"3763","5/31/2022",386,"Privot","S",0
"3764","5/31/2022",386,"Spicebush","S",0
"3765","5/31/2022",386,"Rubus","S",0
"3766","5/31/2022",386,"Mapleleaf viburnum","S",0
"3767","5/31/2022",316,"Buckthorn","N",4
"3768","5/31/2022",316,"Multiflora rose","N",1
"3769","5/31/2022",316,"Honeysuckle","N",0
"3770","5/31/2022",316,"Privot","N",0
"3771","5/31/2022",316,"Spicebush","N",0
"3772","5/31/2022",316,"Rubus","N",1
"3773","5/31/2022",316,"Mapleleaf viburnum","N",0
"3774","5/31/2022",316,"Buckthorn","S",3
"3775","5/31/2022",316,"Multiflora rose","S",2
"3776","5/31/2022",316,"Honeysuckle","S",0
"3777","5/31/2022",316,"Privot","S",0
"3778","5/31/2022",316,"Spicebush","S",0
"3779","5/31/2022",316,"Rubus","S",1
"3780","5/31/2022",316,"Mapleleaf viburnum","S",0
"3781","5/31/2022",344,"Buckthorn","N",2
"3782","5/31/2022",344,"Multiflora rose","N",1
"3783","5/31/2022",344,"Honeysuckle","N",0
"3784","5/31/2022",344,"Privot","N",0
"3785","5/31/2022",344,"Spicebush","N",0
"3786","5/31/2022",344,"Rubus","N",0
"3787","5/31/2022",344,"Mapleleaf viburnum","N",0
"3788","5/31/2022",344,"Buckthorn","S",1
"3789","5/31/2022",344,"Multiflora rose","S",0
"3790","5/31/2022",344,"Honeysuckle","S",0
"3791","5/31/2022",344,"Privot","S",0
"3792","5/31/2022",344,"Spicebush","S",0
"3793","5/31/2022",344,"Rubus","S",0
"3794","5/31/2022",344,"Mapleleaf viburnum","S",0
"3795","5/31/2022",177,"Buckthorn","N",1
"3796","5/31/2022",177,"Multiflora rose","N",0
"3797","5/31/2022",177,"Honeysuckle","N",0
"3798","5/31/2022",177,"Privot","N",0
"3799","5/31/2022",177,"Spicebush","N",0
"3800","5/31/2022",177,"Rubus","N",0
"3801","5/31/2022",177,"Mapleleaf viburnum","N",0
"3802","5/31/2022",177,"Buckthorn","S",1
"3803","5/31/2022",177,"Multiflora rose","S",0
"3804","5/31/2022",177,"Honeysuckle","S",0
"3805","5/31/2022",177,"Privot","S",0
"3806","5/31/2022",177,"Spicebush","S",0
"3807","5/31/2022",177,"Rubus","S",0
"3808","5/31/2022",177,"Mapleleaf viburnum","S",0
"3809","5/31/2022",319,"Buckthorn","N",2
"3810","5/31/2022",319,"Multiflora rose","N",1
"3811","5/31/2022",319,"Honeysuckle","N",0
"3812","5/31/2022",319,"Privot","N",0
"3813","5/31/2022",319,"Spicebush","N",0
"3814","5/31/2022",319,"Rubus","N",1
"3815","5/31/2022",319,"Mapleleaf viburnum","N",0
"3816","5/31/2022",319,"Buckthorn","S",2
"3817","5/31/2022",319,"Multiflora rose","S",2
"3818","5/31/2022",319,"Honeysuckle","S",0
"3819","5/31/2022",319,"Privot","S",0
"3820","5/31/2022",319,"Spicebush","S",0
"3821","5/31/2022",319,"Rubus","S",1
"3822","5/31/2022",319,"Mapleleaf viburnum","S",0
"3823","5/31/2022",182,"Buckthorn","N",1
"3824","5/31/2022",182,"Multiflora rose","N",2
"3825","5/31/2022",182,"Honeysuckle","N",0
"3826","5/31/2022",182,"Privot","N",0
"3827","5/31/2022",182,"Spicebush","N",0
"3828","5/31/2022",182,"Rubus","N",1
"3829","5/31/2022",182,"Mapleleaf viburnum","N",0
"3830","5/31/2022",182,"Buckthorn","S",2
"3831","5/31/2022",182,"Multiflora rose","S",1
"3832","5/31/2022",182,"Honeysuckle","S",0
"3833","5/31/2022",182,"Privot","S",0
"3834","5/31/2022",182,"Spicebush","S",0
"3835","5/31/2022",182,"Rubus","S",1
"3836","5/31/2022",182,"Mapleleaf viburnum","S",0
"3837","5/31/2022",181,"Buckthorn","N",2
"3838","5/31/2022",181,"Multiflora rose","N",2
"3839","5/31/2022",181,"Honeysuckle","N",0
"3840","5/31/2022",181,"Privot","N",0
"3841","5/31/2022",181,"Spicebush","N",0
"3842","5/31/2022",181,"Rubus","N",1
"3843","5/31/2022",181,"Mapleleaf viburnum","N",0
"3844","5/31/2022",181,"Buckthorn","S",2
"3845","5/31/2022",181,"Multiflora rose","S",2
"3846","5/31/2022",181,"Honeysuckle","S",0
"3847","5/31/2022",181,"Privot","S",0
"3848","5/31/2022",181,"Spicebush","S",0
"3849","5/31/2022",181,"Rubus","S",1
"3850","5/31/2022",181,"Mapleleaf viburnum","S",0
"3851","5/31/2022",320,"Buckthorn","N",3
"3852","5/31/2022",320,"Multiflora rose","N",1
"3853","5/31/2022",320,"Honeysuckle","N",1
"3854","5/31/2022",320,"Privot","N",1
"3855","5/31/2022",320,"Spicebush","N",0
"3856","5/31/2022",320,"Rubus","N",1
"3857","5/31/2022",320,"Mapleleaf viburnum","N",0
"3858","5/31/2022",320,"Buckthorn","S",5
"3859","5/31/2022",320,"Multiflora rose","S",2
"3860","5/31/2022",320,"Honeysuckle","S",1
"3861","5/31/2022",320,"Privot","S",1
"3862","5/31/2022",320,"Spicebush","S",0
"3863","5/31/2022",320,"Rubus","S",1
"3864","5/31/2022",320,"Mapleleaf viburnum","S",0
"3865","5/31/2022",315,"Buckthorn","N",2
"3866","5/31/2022",315,"Multiflora rose","N",0
"3867","5/31/2022",315,"Honeysuckle","N",0
"3868","5/31/2022",315,"Privot","N",0
"3869","5/31/2022",315,"Spicebush","N",0
"3870","5/31/2022",315,"Rubus","N",0
"3871","5/31/2022",315,"Mapleleaf viburnum","N",0
"3872","5/31/2022",315,"Buckthorn","S",2
"3873","5/31/2022",315,"Multiflora rose","S",1
"3874","5/31/2022",315,"Honeysuckle","S",0
"3875","5/31/2022",315,"Privot","S",0
"3876","5/31/2022",315,"Spicebush","S",1
"3877","5/31/2022",315,"Rubus","S",0
"3878","5/31/2022",315,"Mapleleaf viburnum","S",0
"3879","5/31/2022",314,"Buckthorn","N",2
"3880","5/31/2022",314,"Multiflora rose","N",0
"3881","5/31/2022",314,"Honeysuckle","N",0
"3882","5/31/2022",314,"Privot","N",0
"3883","5/31/2022",314,"Spicebush","N",0
"3884","5/31/2022",314,"Rubus","N",0
"3885","5/31/2022",314,"Mapleleaf viburnum","N",0
"3886","5/31/2022",314,"Buckthorn","S",1
"3887","5/31/2022",314,"Multiflora rose","S",0
"3888","5/31/2022",314,"Honeysuckle","S",1
"3889","5/31/2022",314,"Privot","S",0
"3890","5/31/2022",314,"Spicebush","S",0
"3891","5/31/2022",314,"Rubus","S",0
"3892","5/31/2022",314,"Mapleleaf viburnum","S",0
"3893","5/31/2022",194,"Buckthorn","N",1
"3894","5/31/2022",194,"Multiflora rose","N",1
"3895","5/31/2022",194,"Honeysuckle","N",0
"3896","5/31/2022",194,"Privot","N",1
"3897","5/31/2022",194,"Spicebush","N",0
"3898","5/31/2022",194,"Rubus","N",1
"3899","5/31/2022",194,"Mapleleaf viburnum","N",0
"3900","5/31/2022",194,"Buckthorn","S",2
"3901","5/31/2022",194,"Multiflora rose","S",1
"3902","5/31/2022",194,"Honeysuckle","S",0
"3903","5/31/2022",194,"Privot","S",1
"3904","5/31/2022",194,"Spicebush","S",0
"3905","5/31/2022",194,"Rubus","S",0
"3906","5/31/2022",194,"Mapleleaf viburnum","S",0
"3907","5/31/2022",193,"Buckthorn","N",1
"3908","5/31/2022",193,"Multiflora rose","N",0
"3909","5/31/2022",193,"Honeysuckle","N",0
"3910","5/31/2022",193,"Privot","N",0
"3911","5/31/2022",193,"Spicebush","N",0
"3912","5/31/2022",193,"Rubus","N",0
"3913","5/31/2022",193,"Mapleleaf viburnum","N",0
"3914","5/31/2022",193,"Buckthorn","S",2
"3915","5/31/2022",193,"Multiflora rose","S",1
"3916","5/31/2022",193,"Honeysuckle","S",1
"3917","5/31/2022",193,"Privot","S",0
"3918","5/31/2022",193,"Spicebush","S",0
"3919","5/31/2022",193,"Rubus","S",1
"3920","5/31/2022",193,"Mapleleaf viburnum","S",0
"3921","5/31/2022",172,"Buckthorn","N",2
"3922","5/31/2022",172,"Multiflora rose","N",0
"3923","5/31/2022",172,"Honeysuckle","N",0
"3924","5/31/2022",172,"Privot","N",0
"3925","5/31/2022",172,"Spicebush","N",0
"3926","5/31/2022",172,"Rubus","N",0
"3927","5/31/2022",172,"Mapleleaf viburnum","N",0
"3928","5/31/2022",172,"Buckthorn","S",2
"3929","5/31/2022",172,"Multiflora rose","S",1
"3930","5/31/2022",172,"Honeysuckle","S",0
"3931","5/31/2022",172,"Privot","S",0
"3932","5/31/2022",172,"Spicebush","S",0
"3933","5/31/2022",172,"Rubus","S",1
"3934","5/31/2022",172,"Mapleleaf viburnum","S",0
"3935","5/31/2022",313,"Buckthorn","N",2
"3936","5/31/2022",313,"Multiflora rose","N",1
"3937","5/31/2022",313,"Honeysuckle","N",1
"3938","5/31/2022",313,"Privot","N",0
"3939","5/31/2022",313,"Spicebush","N",0
"3940","5/31/2022",313,"Rubus","N",2
"3941","5/31/2022",313,"Mapleleaf viburnum","N",0
"3942","5/31/2022",313,"Buckthorn","S",1
"3943","5/31/2022",313,"Multiflora rose","S",1
"3944","5/31/2022",313,"Honeysuckle","S",0
"3945","5/31/2022",313,"Privot","S",0
"3946","5/31/2022",313,"Spicebush","S",0
"3947","5/31/2022",313,"Rubus","S",2
"3948","5/31/2022",313,"Mapleleaf viburnum","S",0
"3949","5/31/2022",387,"Buckthorn","N",2
"3950","5/31/2022",387,"Multiflora rose","N",5
"3951","5/31/2022",387,"Honeysuckle","N",0
"3952","5/31/2022",387,"Privot","N",1
"3953","5/31/2022",387,"Spicebush","N",1
"3954","5/31/2022",387,"Rubus","N",0
"3955","5/31/2022",387,"Mapleleaf viburnum","N",0
"3956","5/31/2022",387,"Buckthorn","S",3
"3957","5/31/2022",387,"Multiflora rose","S",0
"3958","5/31/2022",387,"Honeysuckle","S",1
"3959","5/31/2022",387,"Privot","S",1
"3960","5/31/2022",387,"Spicebush","S",0
"3961","5/31/2022",387,"Rubus","S",2
"3962","5/31/2022",387,"Mapleleaf viburnum","S",0
"3963","5/31/2022",180,"Buckthorn","N",1
"3964","5/31/2022",180,"Multiflora rose","N",1
"3965","5/31/2022",180,"Honeysuckle","N",0
"3966","5/31/2022",180,"Privot","N",0
"3967","5/31/2022",180,"Spicebush","N",0
"3968","5/31/2022",180,"Rubus","N",1
"3969","5/31/2022",180,"Mapleleaf viburnum","N",0
"3970","5/31/2022",180,"Buckthorn","S",1
"3971","5/31/2022",180,"Multiflora rose","S",1
"3972","5/31/2022",180,"Honeysuckle","S",0
"3973","5/31/2022",180,"Privot","S",0
"3974","5/31/2022",180,"Spicebush","S",0
"3975","5/31/2022",180,"Rubus","S",1
"3976","5/31/2022",180,"Mapleleaf viburnum","S",0
"3977","5/31/2022",385,"Buckthorn","N",2
"3978","5/31/2022",385,"Multiflora rose","N",0
"3979","5/31/2022",385,"Honeysuckle","N",0
"3980","5/31/2022",385,"Privot","N",2
"3981","5/31/2022",385,"Spicebush","N",0
"3982","5/31/2022",385,"Rubus","N",1
"3983","5/31/2022",385,"Mapleleaf viburnum","N",2
"3984","5/31/2022",385,"Buckthorn","S",1
"3985","5/31/2022",385,"Multiflora rose","S",1
"3986","5/31/2022",385,"Honeysuckle","S",1
"3987","5/31/2022",385,"Privot","S",1
"3988","5/31/2022",385,"Spicebush","S",0
"3989","5/31/2022",385,"Rubus","S",0
"3990","5/31/2022",385,"Mapleleaf viburnum","S",0
"3991","5/31/2022",384,"Buckthorn","N",1
"3992","5/31/2022",384,"Multiflora rose","N",3
"3993","5/31/2022",384,"Honeysuckle","N",1
"3994","5/31/2022",384,"Privot","N",0
"3995","5/31/2022",384,"Spicebush","N",0
"3996","5/31/2022",384,"Rubus","N",2
"3997","5/31/2022",384,"Mapleleaf viburnum","N",0
"3998","5/31/2022",384,"Buckthorn","S",1
"3999","5/31/2022",384,"Multiflora rose","S",2
"4000","5/31/2022",384,"Honeysuckle","S",1
"4001","5/31/2022",384,"Privot","S",0
"4002","5/31/2022",384,"Spicebush","S",2
"4003","5/31/2022",384,"Rubus","S",1
"4004","5/31/2022",384,"Mapleleaf viburnum","S",0
"4005","5/31/2022",312,"Buckthorn","N",1
"4006","5/31/2022",312,"Multiflora rose","N",2
"4007","5/31/2022",312,"Honeysuckle","N",1
"4008","5/31/2022",312,"Privot","N",0
"4009","5/31/2022",312,"Spicebush","N",0
"4010","5/31/2022",312,"Rubus","N",0
"4011","5/31/2022",312,"Mapleleaf viburnum","N",0
"4012","5/31/2022",312,"Buckthorn","S",1
"4013","5/31/2022",312,"Multiflora rose","S",2
"4014","5/31/2022",312,"Honeysuckle","S",0
"4015","5/31/2022",312,"Privot","S",0
"4016","5/31/2022",312,"Spicebush","S",0
"4017","5/31/2022",312,"Rubus","S",2
"4018","5/31/2022",312,"Mapleleaf viburnum","S",0
"4019","5/31/2022",47,"Buckthorn","N",0
"4020","5/31/2022",47,"Multiflora rose","N",3
"4021","5/31/2022",47,"Honeysuckle","N",0
"4022","5/31/2022",47,"Privot","N",0
"4023","5/31/2022",47,"Spicebush","N",0
"4024","5/31/2022",47,"Rubus","N",1
"4025","5/31/2022",47,"Mapleleaf viburnum","N",0
"4026","5/31/2022",47,"Buckthorn","S",2
"4027","5/31/2022",47,"Multiflora rose","S",3
"4028","5/31/2022",47,"Honeysuckle","S",0
"4029","5/31/2022",47,"Privot","S",0
"4030","5/31/2022",47,"Spicebush","S",1
"4031","5/31/2022",47,"Rubus","S",1
"4032","5/31/2022",47,"Mapleleaf viburnum","S",0
"4033","5/31/2022",45,"Buckthorn","N",1
"4034","5/31/2022",45,"Multiflora rose","N",4
"4035","5/31/2022",45,"Honeysuckle","N",0
"4036","5/31/2022",45,"Privot","N",0
"4037","5/31/2022",45,"Spicebush","N",1
"4038","5/31/2022",45,"Rubus","N",1
"4039","5/31/2022",45,"Mapleleaf viburnum","N",0
"4040","5/31/2022",45,"Buckthorn","S",1
"4041","5/31/2022",45,"Multiflora rose","S",3
"4042","5/31/2022",45,"Honeysuckle","S",0
"4043","5/31/2022",45,"Privot","S",0
"4044","5/31/2022",45,"Spicebush","S",2
"4045","5/31/2022",45,"Rubus","S",0
"4046","5/31/2022",45,"Mapleleaf viburnum","S",0
"4047","5/31/2022",911,"Buckthorn","N",0
"4048","5/31/2022",911,"Multiflora rose","N",4
"4049","5/31/2022",911,"Honeysuckle","N",0
"4050","5/31/2022",911,"Privot","N",0
"4051","5/31/2022",911,"Spicebush","N",0
"4052","5/31/2022",911,"Rubus","N",1
"4053","5/31/2022",911,"Mapleleaf viburnum","N",0
"4054","5/31/2022",911,"Buckthorn","S",0
"4055","5/31/2022",911,"Multiflora rose","S",2
"4056","5/31/2022",911,"Honeysuckle","S",0
"4057","5/31/2022",911,"Privot","S",0
"4058","5/31/2022",911,"Spicebush","S",2
"4059","5/31/2022",911,"Rubus","S",1
"4060","5/31/2022",911,"Mapleleaf viburnum","S",0
"4061","5/31/2022",42,"Buckthorn","N",0
"4062","5/31/2022",42,"Multiflora rose","N",4
"4063","5/31/2022",42,"Honeysuckle","N",0
"4064","5/31/2022",42,"Privot","N",0
"4065","5/31/2022",42,"Spicebush","N",0
"4066","5/31/2022",42,"Rubus","N",1
"4067","5/31/2022",42,"Mapleleaf viburnum","N",0
"4068","5/31/2022",42,"Buckthorn","S",0
"4069","5/31/2022",42,"Multiflora rose","S",2
"4070","5/31/2022",42,"Honeysuckle","S",0
"4071","5/31/2022",42,"Privot","S",0
"4072","5/31/2022",42,"Spicebush","S",0
"4073","5/31/2022",42,"Rubus","S",1
"4074","5/31/2022",42,"Mapleleaf viburnum","S",0
"4075","5/31/2022",28,"Buckthorn","N",1
"4076","5/31/2022",28,"Multiflora rose","N",1
"4077","5/31/2022",28,"Honeysuckle","N",0
"4078","5/31/2022",28,"Privot","N",0
"4079","5/31/2022",28,"Spicebush","N",0
"4080","5/31/2022",28,"Rubus","N",1
"4081","5/31/2022",28,"Mapleleaf viburnum","N",0
"4082","5/31/2022",28,"Buckthorn","S",1
"4083","5/31/2022",28,"Multiflora rose","S",1
"4084","5/31/2022",28,"Honeysuckle","S",0
"4085","5/31/2022",28,"Privot","S",0
"4086","5/31/2022",28,"Spicebush","S",2
"4087","5/31/2022",28,"Rubus","S",1
"4088","5/31/2022",28,"Mapleleaf viburnum","S",0
"4089","5/31/2022",51,"Buckthorn","N",1
"4090","5/31/2022",51,"Multiflora rose","N",1
"4091","5/31/2022",51,"Honeysuckle","N",0
"4092","5/31/2022",51,"Privot","N",1
"4093","5/31/2022",51,"Spicebush","N",0
"4094","5/31/2022",51,"Rubus","N",1
"4095","5/31/2022",51,"Mapleleaf viburnum","N",0
"4096","5/31/2022",51,"Buckthorn","S",1
"4097","5/31/2022",51,"Multiflora rose","S",1
"4098","5/31/2022",51,"Honeysuckle","S",1
"4099","5/31/2022",51,"Privot","S",0
"4100","5/31/2022",51,"Spicebush","S",1
"4101","5/31/2022",51,"Rubus","S",1
"4102","5/31/2022",51,"Mapleleaf viburnum","S",0
"4103","5/31/2022",50,"Buckthorn","N",2
"4104","5/31/2022",50,"Multiflora rose","N",2
"4105","5/31/2022",50,"Honeysuckle","N",0
"4106","5/31/2022",50,"Privot","N",1
"4107","5/31/2022",50,"Spicebush","N",1
"4108","5/31/2022",50,"Rubus","N",1
"4109","5/31/2022",50,"Mapleleaf viburnum","N",0
"4110","5/31/2022",50,"Buckthorn","S",2
"4111","5/31/2022",50,"Multiflora rose","S",2
"4112","5/31/2022",50,"Honeysuckle","S",0
"4113","5/31/2022",50,"Privot","S",0
"4114","5/31/2022",50,"Spicebush","S",1
"4115","5/31/2022",50,"Rubus","S",1
"4116","5/31/2022",50,"Mapleleaf viburnum","S",0
"4117","5/31/2022",52,"Buckthorn","N",2
"4118","5/31/2022",52,"Multiflora rose","N",3
"4119","5/31/2022",52,"Honeysuckle","N",0
"4120","5/31/2022",52,"Privot","N",0
"4121","5/31/2022",52,"Spicebush","N",1
"4122","5/31/2022",52,"Rubus","N",1
"4123","5/31/2022",52,"Mapleleaf viburnum","N",0
"4124","5/31/2022",52,"Buckthorn","S",2
"4125","5/31/2022",52,"Multiflora rose","S",4
"4126","5/31/2022",52,"Honeysuckle","S",0
"4127","5/31/2022",52,"Privot","S",1
"4128","5/31/2022",52,"Spicebush","S",1
"4129","5/31/2022",52,"Rubus","S",1
"4130","5/31/2022",52,"Mapleleaf viburnum","S",0
"4131","5/31/2022",53,"Buckthorn","N",2
"4132","5/31/2022",53,"Multiflora rose","N",4
"4133","5/31/2022",53,"Honeysuckle","N",0
"4134","5/31/2022",53,"Privot","N",0
"4135","5/31/2022",53,"Spicebush","N",2
"4136","5/31/2022",53,"Rubus","N",1
"4137","5/31/2022",53,"Mapleleaf viburnum","N",0
"4138","5/31/2022",53,"Buckthorn","S",2
"4139","5/31/2022",53,"Multiflora rose","S",4
"4140","5/31/2022",53,"Honeysuckle","S",0
"4141","5/31/2022",53,"Privot","S",0
"4142","5/31/2022",53,"Spicebush","S",1
"4143","5/31/2022",53,"Rubus","S",1
"4144","5/31/2022",53,"Mapleleaf viburnum","S",0
"4145","5/31/2022",874,"Buckthorn","N",0
"4146","5/31/2022",874,"Multiflora rose","N",1
"4147","5/31/2022",874,"Honeysuckle","N",1
"4148","5/31/2022",874,"Privot","N",1
"4149","5/31/2022",874,"Spicebush","N",0
"4150","5/31/2022",874,"Rubus","N",0
"4151","5/31/2022",874,"Mapleleaf viburnum","N",0
"4152","5/31/2022",874,"Buckthorn","S",0
"4153","5/31/2022",874,"Multiflora rose","S",1
"4154","5/31/2022",874,"Honeysuckle","S",0
"4155","5/31/2022",874,"Privot","S",1
"4156","5/31/2022",874,"Spicebush","S",0
"4157","5/31/2022",874,"Rubus","S",0
"4158","5/31/2022",874,"Mapleleaf viburnum","S",0
"4159","5/31/2022",860,"Buckthorn","N",1
"4160","5/31/2022",860,"Multiflora rose","N",1
"4161","5/31/2022",860,"Honeysuckle","N",0
"4162","5/31/2022",860,"Privot","N",0
"4163","5/31/2022",860,"Spicebush","N",0
"4164","5/31/2022",860,"Rubus","N",0
"4165","5/31/2022",860,"Mapleleaf viburnum","N",0
"4166","5/31/2022",860,"Buckthorn","S",0
"4167","5/31/2022",860,"Multiflora rose","S",2
"4168","5/31/2022",860,"Honeysuckle","S",0
"4169","5/31/2022",860,"Privot","S",1
"4170","5/31/2022",860,"Spicebush","S",1
"4171","5/31/2022",860,"Rubus","S",0
"4172","5/31/2022",860,"Mapleleaf viburnum","S",0
"4173","5/31/2022",39,"Buckthorn","N",0
"4174","5/31/2022",39,"Multiflora rose","N",2
"4175","5/31/2022",39,"Honeysuckle","N",0
"4176","5/31/2022",39,"Privot","N",0
"4177","5/31/2022",39,"Spicebush","N",0
"4178","5/31/2022",39,"Rubus","N",0
"4179","5/31/2022",39,"Mapleleaf viburnum","N",0
"4180","5/31/2022",39,"Buckthorn","S",0
"4181","5/31/2022",39,"Multiflora rose","S",1
"4182","5/31/2022",39,"Honeysuckle","S",0
"4183","5/31/2022",39,"Privot","S",0
"4184","5/31/2022",39,"Spicebush","S",1
"4185","5/31/2022",39,"Rubus","S",0
"4186","5/31/2022",39,"Mapleleaf viburnum","S",0
"4187","5/31/2022",38,"Buckthorn","N",0
"4188","5/31/2022",38,"Multiflora rose","N",1
"4189","5/31/2022",38,"Honeysuckle","N",0
"4190","5/31/2022",38,"Privot","N",0
"4191","5/31/2022",38,"Spicebush","N",0
"4192","5/31/2022",38,"Rubus","N",1
"4193","5/31/2022",38,"Mapleleaf viburnum","N",0
"4194","5/31/2022",38,"Buckthorn","S",0
"4195","5/31/2022",38,"Multiflora rose","S",2
"4196","5/31/2022",38,"Honeysuckle","S",0
"4197","5/31/2022",38,"Privot","S",0
"4198","5/31/2022",38,"Spicebush","S",0
"4199","5/31/2022",38,"Rubus","S",0
"4200","5/31/2022",38,"Mapleleaf viburnum","S",0
"4201","5/31/2022",36,"Buckthorn","N",1
"4202","5/31/2022",36,"Multiflora rose","N",1
"4203","5/31/2022",36,"Honeysuckle","N",0
"4204","5/31/2022",36,"Privot","N",0
"4205","5/31/2022",36,"Spicebush","N",0
"4206","5/31/2022",36,"Rubus","N",1
"4207","5/31/2022",36,"Mapleleaf viburnum","N",0
"4208","5/31/2022",36,"Buckthorn","S",1
"4209","5/31/2022",36,"Multiflora rose","S",1
"4210","5/31/2022",36,"Honeysuckle","S",0
"4211","5/31/2022",36,"Privot","S",0
"4212","5/31/2022",36,"Spicebush","S",0
"4213","5/31/2022",36,"Rubus","S",1
"4214","5/31/2022",36,"Mapleleaf viburnum","S",0
"4215","5/31/2022",37,"Buckthorn","N",0
"4216","5/31/2022",37,"Multiflora rose","N",0
"4217","5/31/2022",37,"Honeysuckle","N",0
"4218","5/31/2022",37,"Privot","N",0
"4219","5/31/2022",37,"Spicebush","N",0
"4220","5/31/2022",37,"Rubus","N",0
"4221","5/31/2022",37,"Mapleleaf viburnum","N",1
"4222","5/31/2022",37,"Buckthorn","S",1
"4223","5/31/2022",37,"Multiflora rose","S",1
"4224","5/31/2022",37,"Honeysuckle","S",0
"4225","5/31/2022",37,"Privot","S",0
"4226","5/31/2022",37,"Spicebush","S",0
"4227","5/31/2022",37,"Rubus","S",0
"4228","5/31/2022",37,"Mapleleaf viburnum","S",2
"4229","5/31/2022",30,"Buckthorn","N",0
"4230","5/31/2022",30,"Multiflora rose","N",1
"4231","5/31/2022",30,"Honeysuckle","N",0
"4232","5/31/2022",30,"Privot","N",1
"4233","5/31/2022",30,"Spicebush","N",2
"4234","5/31/2022",30,"Rubus","N",1
"4235","5/31/2022",30,"Mapleleaf viburnum","N",0
"4236","5/31/2022",30,"Buckthorn","S",0
"4237","5/31/2022",30,"Multiflora rose","S",4
"4238","5/31/2022",30,"Honeysuckle","S",0
"4239","5/31/2022",30,"Privot","S",0
"4240","5/31/2022",30,"Spicebush","S",0
"4241","5/31/2022",30,"Rubus","S",1
"4242","5/31/2022",30,"Mapleleaf viburnum","S",0
"4243","5/31/2022",33,"Buckthorn","N",0
"4244","5/31/2022",33,"Multiflora rose","N",2
"4245","5/31/2022",33,"Honeysuckle","N",0
"4246","5/31/2022",33,"Privot","N",0
"4247","5/31/2022",33,"Spicebush","N",1
"4248","5/31/2022",33,"Rubus","N",1
"4249","5/31/2022",33,"Mapleleaf viburnum","N",0
"4250","5/31/2022",33,"Buckthorn","S",1
"4251","5/31/2022",33,"Multiflora rose","S",1
"4252","5/31/2022",33,"Honeysuckle","S",0
"4253","5/31/2022",33,"Privot","S",0
"4254","5/31/2022",33,"Spicebush","S",0
"4255","5/31/2022",33,"Rubus","S",0
"4256","5/31/2022",33,"Mapleleaf viburnum","S",0
"4257","5/31/2022",29,"Buckthorn","N",1
"4258","5/31/2022",29,"Multiflora rose","N",2
"4259","5/31/2022",29,"Honeysuckle","N",0
"4260","5/31/2022",29,"Privot","N",0
"4261","5/31/2022",29,"Spicebush","N",1
"4262","5/31/2022",29,"Rubus","N",1
"4263","5/31/2022",29,"Mapleleaf viburnum","N",0
"4264","5/31/2022",29,"Buckthorn","S",1
"4265","5/31/2022",29,"Multiflora rose","S",2
"4266","5/31/2022",29,"Honeysuckle","S",0
"4267","5/31/2022",29,"Privot","S",0
"4268","5/31/2022",29,"Spicebush","S",2
"4269","5/31/2022",29,"Rubus","S",1
"4270","5/31/2022",29,"Mapleleaf viburnum","S",0
"4271","5/31/2022",32,"Buckthorn","N",1
"4272","5/31/2022",32,"Multiflora rose","N",2
"4273","5/31/2022",32,"Honeysuckle","N",0
"4274","5/31/2022",32,"Privot","N",0
"4275","5/31/2022",32,"Spicebush","N",1
"4276","5/31/2022",32,"Rubus","N",1
"4277","5/31/2022",32,"Mapleleaf viburnum","N",0
"4278","5/31/2022",32,"Buckthorn","S",1
"4279","5/31/2022",32,"Multiflora rose","S",1
"4280","5/31/2022",32,"Honeysuckle","S",0
"4281","5/31/2022",32,"Privot","S",0
"4282","5/31/2022",32,"Spicebush","S",1
"4283","5/31/2022",32,"Rubus","S",1
"4284","5/31/2022",32,"Mapleleaf viburnum","S",0
"4285","5/31/2022",34,"Buckthorn","N",0
"4286","5/31/2022",34,"Multiflora rose","N",1
"4287","5/31/2022",34,"Honeysuckle","N",1
"4288","5/31/2022",34,"Privot","N",0
"4289","5/31/2022",34,"Spicebush","N",0
"4290","5/31/2022",34,"Rubus","N",1
"4291","5/31/2022",34,"Mapleleaf viburnum","N",0
"4292","5/31/2022",34,"Buckthorn","S",0
"4293","5/31/2022",34,"Multiflora rose","S",2
"4294","5/31/2022",34,"Honeysuckle","S",0
"4295","5/31/2022",34,"Privot","S",0
"4296","5/31/2022",34,"Spicebush","S",0
"4297","5/31/2022",34,"Rubus","S",1
"4298","5/31/2022",34,"Mapleleaf viburnum","S",0
"4299","6/2/2022",165,"Buckthorn","N",1
"4300","6/2/2022",165,"Multiflora rose","N",3
"4301","6/2/2022",165,"Honeysuckle","N",0
"4302","6/2/2022",165,"Privot","N",0
"4303","6/2/2022",165,"Spicebush","N",0
"4304","6/2/2022",165,"Rubus","N",0
"4305","6/2/2022",165,"Mapleleaf viburnum","N",0
"4306","6/2/2022",165,"Buckthorn","S",1
"4307","6/2/2022",165,"Multiflora rose","S",4
"4308","6/2/2022",165,"Honeysuckle","S",0
"4309","6/2/2022",165,"Privot","S",0
"4310","6/2/2022",165,"Spicebush","S",0
"4311","6/2/2022",165,"Rubus","S",0
"4312","6/2/2022",165,"Mapleleaf viburnum","S",0
"4313","6/2/2022",102,"Buckthorn","N",1
"4314","6/2/2022",102,"Multiflora rose","N",4
"4315","6/2/2022",102,"Honeysuckle","N",0
"4316","6/2/2022",102,"Privot","N",0
"4317","6/2/2022",102,"Spicebush","N",0
"4318","6/2/2022",102,"Rubus","N",0
"4319","6/2/2022",102,"Mapleleaf viburnum","N",0
"4320","6/2/2022",102,"Buckthorn","S",0
"4321","6/2/2022",102,"Multiflora rose","S",4
"4322","6/2/2022",102,"Honeysuckle","S",2
"4323","6/2/2022",102,"Privot","S",0
"4324","6/2/2022",102,"Spicebush","S",0
"4325","6/2/2022",102,"Rubus","S",1
"4326","6/2/2022",102,"Mapleleaf viburnum","S",0
"4327","6/2/2022",143,"Buckthorn","N",0
"4328","6/2/2022",143,"Multiflora rose","N",4
"4329","6/2/2022",143,"Honeysuckle","N",2
"4330","6/2/2022",143,"Privot","N",0
"4331","6/2/2022",143,"Spicebush","N",0
"4332","6/2/2022",143,"Rubus","N",1
"4333","6/2/2022",143,"Mapleleaf viburnum","N",0
"4334","6/2/2022",143,"Buckthorn","S",2
"4335","6/2/2022",143,"Multiflora rose","S",4
"4336","6/2/2022",143,"Honeysuckle","S",0
"4337","6/2/2022",143,"Privot","S",0
"4338","6/2/2022",143,"Spicebush","S",0
"4339","6/2/2022",143,"Rubus","S",2
"4340","6/2/2022",143,"Mapleleaf viburnum","S",0
"4341","6/2/2022",105,"Buckthorn","N",1
"4342","6/2/2022",105,"Multiflora rose","N",4
"4343","6/2/2022",105,"Honeysuckle","N",2
"4344","6/2/2022",105,"Privot","N",0
"4345","6/2/2022",105,"Spicebush","N",0
"4346","6/2/2022",105,"Rubus","N",0
"4347","6/2/2022",105,"Mapleleaf viburnum","N",0
"4348","6/2/2022",105,"Buckthorn","S",1
"4349","6/2/2022",105,"Multiflora rose","S",5
"4350","6/2/2022",105,"Honeysuckle","S",0
"4351","6/2/2022",105,"Privot","S",0
"4352","6/2/2022",105,"Spicebush","S",0
"4353","6/2/2022",105,"Rubus","S",0
"4354","6/2/2022",105,"Mapleleaf viburnum","S",0
"4355","6/2/2022",133,"Buckthorn","N",1
"4356","6/2/2022",133,"Multiflora rose","N",4
"4357","6/2/2022",133,"Honeysuckle","N",1
"4358","6/2/2022",133,"Privot","N",0
"4359","6/2/2022",133,"Spicebush","N",0
"4360","6/2/2022",133,"Rubus","N",2
"4361","6/2/2022",133,"Mapleleaf viburnum","N",0
"4362","6/2/2022",133,"Buckthorn","S",1
"4363","6/2/2022",133,"Multiflora rose","S",3
"4364","6/2/2022",133,"Honeysuckle","S",0
"4365","6/2/2022",133,"Privot","S",0
"4366","6/2/2022",133,"Spicebush","S",0
"4367","6/2/2022",133,"Rubus","S",0
"4368","6/2/2022",133,"Mapleleaf viburnum","S",0
"4369","6/2/2022",108,"Buckthorn","N",1
"4370","6/2/2022",108,"Multiflora rose","N",3
"4371","6/2/2022",108,"Honeysuckle","N",0
"4372","6/2/2022",108,"Privot","N",0
"4373","6/2/2022",108,"Spicebush","N",0
"4374","6/2/2022",108,"Rubus","N",0
"4375","6/2/2022",108,"Mapleleaf viburnum","N",0
"4376","6/2/2022",108,"Buckthorn","S",0
"4377","6/2/2022",108,"Multiflora rose","S",4
"4378","6/2/2022",108,"Honeysuckle","S",0
"4379","6/2/2022",108,"Privot","S",0
"4380","6/2/2022",108,"Spicebush","S",0
"4381","6/2/2022",108,"Rubus","S",3
"4382","6/2/2022",108,"Mapleleaf viburnum","S",0
"4383","6/2/2022",107,"Buckthorn","N",1
"4384","6/2/2022",107,"Multiflora rose","N",3
"4385","6/2/2022",107,"Honeysuckle","N",2
"4386","6/2/2022",107,"Privot","N",0
"4387","6/2/2022",107,"Spicebush","N",0
"4388","6/2/2022",107,"Rubus","N",0
"4389","6/2/2022",107,"Mapleleaf viburnum","N",1
"4390","6/2/2022",107,"Buckthorn","S",0
"4391","6/2/2022",107,"Multiflora rose","S",3
"4392","6/2/2022",107,"Honeysuckle","S",0
"4393","6/2/2022",107,"Privot","S",0
"4394","6/2/2022",107,"Spicebush","S",0
"4395","6/2/2022",107,"Rubus","S",1
"4396","6/2/2022",107,"Mapleleaf viburnum","S",0
"4397","6/2/2022",106,"Buckthorn","N",1
"4398","6/2/2022",106,"Multiflora rose","N",6
"4399","6/2/2022",106,"Honeysuckle","N",0
"4400","6/2/2022",106,"Privot","N",0
"4401","6/2/2022",106,"Spicebush","N",0
"4402","6/2/2022",106,"Rubus","N",1
"4403","6/2/2022",106,"Mapleleaf viburnum","N",0
"4404","6/2/2022",106,"Buckthorn","S",1
"4405","6/2/2022",106,"Multiflora rose","S",6
"4406","6/2/2022",106,"Honeysuckle","S",1
"4407","6/2/2022",106,"Privot","S",0
"4408","6/2/2022",106,"Spicebush","S",0
"4409","6/2/2022",106,"Rubus","S",0
"4410","6/2/2022",106,"Mapleleaf viburnum","S",0
"4411","6/2/2022",117,"Buckthorn","N",1
"4412","6/2/2022",117,"Multiflora rose","N",3
"4413","6/2/2022",117,"Honeysuckle","N",1
"4414","6/2/2022",117,"Privot","N",0
"4415","6/2/2022",117,"Spicebush","N",0
"4416","6/2/2022",117,"Rubus","N",0
"4417","6/2/2022",117,"Mapleleaf viburnum","N",0
"4418","6/2/2022",117,"Buckthorn","S",1
"4419","6/2/2022",117,"Multiflora rose","S",2
"4420","6/2/2022",117,"Honeysuckle","S",0
"4421","6/2/2022",117,"Privot","S",0
"4422","6/2/2022",117,"Spicebush","S",0
"4423","6/2/2022",117,"Rubus","S",0
"4424","6/2/2022",117,"Mapleleaf viburnum","S",1
"4425","6/2/2022",109,"Buckthorn","N",1
"4426","6/2/2022",109,"Multiflora rose","N",2
"4427","6/2/2022",109,"Honeysuckle","N",0
"4428","6/2/2022",109,"Privot","N",0
"4429","6/2/2022",109,"Spicebush","N",0
"4430","6/2/2022",109,"Rubus","N",0
"4431","6/2/2022",109,"Mapleleaf viburnum","N",1
"4432","6/2/2022",109,"Buckthorn","S",1
"4433","6/2/2022",109,"Multiflora rose","S",3
"4434","6/2/2022",109,"Honeysuckle","S",1
"4435","6/2/2022",109,"Privot","S",0
"4436","6/2/2022",109,"Spicebush","S",0
"4437","6/2/2022",109,"Rubus","S",2
"4438","6/2/2022",109,"Mapleleaf viburnum","S",0
"4439","6/2/2022",110,"Buckthorn","N",0
"4440","6/2/2022",110,"Multiflora rose","N",3
"4441","6/2/2022",110,"Honeysuckle","N",0
"4442","6/2/2022",110,"Privot","N",0
"4443","6/2/2022",110,"Spicebush","N",0
"4444","6/2/2022",110,"Rubus","N",2
"4445","6/2/2022",110,"Mapleleaf viburnum","N",0
"4446","6/2/2022",110,"Buckthorn","S",0
"4447","6/2/2022",110,"Multiflora rose","S",3
"4448","6/2/2022",110,"Honeysuckle","S",0
"4449","6/2/2022",110,"Privot","S",0
"4450","6/2/2022",110,"Spicebush","S",0
"4451","6/2/2022",110,"Rubus","S",1
"4452","6/2/2022",110,"Mapleleaf viburnum","S",0
"4453","6/2/2022",233,"Buckthorn","N",0
"4454","6/2/2022",233,"Multiflora rose","N",4
"4455","6/2/2022",233,"Honeysuckle","N",0
"4456","6/2/2022",233,"Privot","N",0
"4457","6/2/2022",233,"Spicebush","N",0
"4458","6/2/2022",233,"Rubus","N",2
"4459","6/2/2022",233,"Mapleleaf viburnum","N",0
"4460","6/2/2022",233,"Buckthorn","S",1
"4461","6/2/2022",233,"Multiflora rose","S",2
"4462","6/2/2022",233,"Honeysuckle","S",0
"4463","6/2/2022",233,"Privot","S",0
"4464","6/2/2022",233,"Spicebush","S",0
"4465","6/2/2022",233,"Rubus","S",1
"4466","6/2/2022",233,"Mapleleaf viburnum","S",0
"4467","6/2/2022",231,"Buckthorn","N",0
"4468","6/2/2022",231,"Multiflora rose","N",4
"4469","6/2/2022",231,"Honeysuckle","N",2
"4470","6/2/2022",231,"Privot","N",0
"4471","6/2/2022",231,"Spicebush","N",0
"4472","6/2/2022",231,"Rubus","N",0
"4473","6/2/2022",231,"Mapleleaf viburnum","N",0
"4474","6/2/2022",231,"Buckthorn","S",0
"4475","6/2/2022",231,"Multiflora rose","S",5
"4476","6/2/2022",231,"Honeysuckle","S",1
"4477","6/2/2022",231,"Privot","S",0
"4478","6/2/2022",231,"Spicebush","S",0
"4479","6/2/2022",231,"Rubus","S",1
"4480","6/2/2022",231,"Mapleleaf viburnum","S",0
"4481","6/2/2022",135,"Buckthorn","N",0
"4482","6/2/2022",135,"Multiflora rose","N",0
"4483","6/2/2022",135,"Honeysuckle","N",0
"4484","6/2/2022",135,"Privot","N",0
"4485","6/2/2022",135,"Spicebush","N",0
"4486","6/2/2022",135,"Rubus","N",0
"4487","6/2/2022",135,"Mapleleaf viburnum","N",0
"4488","6/2/2022",135,"Buckthorn","S",0
"4489","6/2/2022",135,"Multiflora rose","S",0
"4490","6/2/2022",135,"Honeysuckle","S",0
"4491","6/2/2022",135,"Privot","S",0
"4492","6/2/2022",135,"Spicebush","S",0
"4493","6/2/2022",135,"Rubus","S",0
"4494","6/2/2022",135,"Mapleleaf viburnum","S",0
"4495","6/2/2022",111,"Buckthorn","N",0
"4496","6/2/2022",111,"Multiflora rose","N",0
"4497","6/2/2022",111,"Honeysuckle","N",0
"4498","6/2/2022",111,"Privot","N",0
"4499","6/2/2022",111,"Spicebush","N",0
"4500","6/2/2022",111,"Rubus","N",0
"4501","6/2/2022",111,"Mapleleaf viburnum","N",0
"4502","6/2/2022",111,"Buckthorn","S",0
"4503","6/2/2022",111,"Multiflora rose","S",0
"4504","6/2/2022",111,"Honeysuckle","S",0
"4505","6/2/2022",111,"Privot","S",1
"4506","6/2/2022",111,"Spicebush","S",0
"4507","6/2/2022",111,"Rubus","S",1
"4508","6/2/2022",111,"Mapleleaf viburnum","S",0
"4509","6/2/2022",100,"Buckthorn","N",0
"4510","6/2/2022",100,"Multiflora rose","N",0
"4511","6/2/2022",100,"Honeysuckle","N",0
"4512","6/2/2022",100,"Privot","N",0
"4513","6/2/2022",100,"Spicebush","N",0
"4514","6/2/2022",100,"Rubus","N",0
"4515","6/2/2022",100,"Mapleleaf viburnum","N",0
"4516","6/2/2022",100,"Buckthorn","S",0
"4517","6/2/2022",100,"Multiflora rose","S",0
"4518","6/2/2022",100,"Honeysuckle","S",0
"4519","6/2/2022",100,"Privot","S",0
"4520","6/2/2022",100,"Spicebush","S",0
"4521","6/2/2022",100,"Rubus","S",0
"4522","6/2/2022",100,"Mapleleaf viburnum","S",0
"4523","6/2/2022",242,"Buckthorn","N",0
"4524","6/2/2022",242,"Multiflora rose","N",5
"4525","6/2/2022",242,"Honeysuckle","N",0
"4526","6/2/2022",242,"Privot","N",0
"4527","6/2/2022",242,"Spicebush","N",0
"4528","6/2/2022",242,"Rubus","N",1
"4529","6/2/2022",242,"Mapleleaf viburnum","N",0
"4530","6/2/2022",242,"Buckthorn","S",1
"4531","6/2/2022",242,"Multiflora rose","S",5
"4532","6/2/2022",242,"Honeysuckle","S",0
"4533","6/2/2022",242,"Privot","S",0
"4534","6/2/2022",242,"Spicebush","S",0
"4535","6/2/2022",242,"Rubus","S",1
"4536","6/2/2022",242,"Mapleleaf viburnum","S",1
"4537","6/2/2022",118,"Buckthorn","N",1
"4538","6/2/2022",118,"Multiflora rose","N",4
"4539","6/2/2022",118,"Honeysuckle","N",0
"4540","6/2/2022",118,"Privot","N",0
"4541","6/2/2022",118,"Spicebush","N",0
"4542","6/2/2022",118,"Rubus","N",2
"4543","6/2/2022",118,"Mapleleaf viburnum","N",0
"4544","6/2/2022",118,"Buckthorn","S",0
"4545","6/2/2022",118,"Multiflora rose","S",2
"4546","6/2/2022",118,"Honeysuckle","S",0
"4547","6/2/2022",118,"Privot","S",0
"4548","6/2/2022",118,"Spicebush","S",0
"4549","6/2/2022",118,"Rubus","S",2
"4550","6/2/2022",118,"Mapleleaf viburnum","S",0
"4551","6/2/2022",232,"Buckthorn","N",2
"4552","6/2/2022",232,"Multiflora rose","N",1
"4553","6/2/2022",232,"Honeysuckle","N",0
"4554","6/2/2022",232,"Privot","N",0
"4555","6/2/2022",232,"Spicebush","N",0
"4556","6/2/2022",232,"Rubus","N",0
"4557","6/2/2022",232,"Mapleleaf viburnum","N",1
"4558","6/2/2022",232,"Buckthorn","S",0
"4559","6/2/2022",232,"Multiflora rose","S",1
"4560","6/2/2022",232,"Honeysuckle","S",0
"4561","6/2/2022",232,"Privot","S",1
"4562","6/2/2022",232,"Spicebush","S",0
"4563","6/2/2022",232,"Rubus","S",2
"4564","6/2/2022",232,"Mapleleaf viburnum","S",0
"4565","6/2/2022",236,"Buckthorn","N",1
"4566","6/2/2022",236,"Multiflora rose","N",5
"4567","6/2/2022",236,"Honeysuckle","N",1
"4568","6/2/2022",236,"Privot","N",2
"4569","6/2/2022",236,"Spicebush","N",0
"4570","6/2/2022",236,"Rubus","N",1
"4571","6/2/2022",236,"Mapleleaf viburnum","N",0
"4572","6/2/2022",236,"Buckthorn","S",1
"4573","6/2/2022",236,"Multiflora rose","S",3
"4574","6/2/2022",236,"Honeysuckle","S",0
"4575","6/2/2022",236,"Privot","S",1
"4576","6/2/2022",236,"Spicebush","S",0
"4577","6/2/2022",236,"Rubus","S",1
"4578","6/2/2022",236,"Mapleleaf viburnum","S",0
"4579","6/2/2022",119,"Buckthorn","N",1
"4580","6/2/2022",119,"Multiflora rose","N",2
"4581","6/2/2022",119,"Honeysuckle","N",0
"4582","6/2/2022",119,"Privot","N",0
"4583","6/2/2022",119,"Spicebush","N",0
"4584","6/2/2022",119,"Rubus","N",0
"4585","6/2/2022",119,"Mapleleaf viburnum","N",0
"4586","6/2/2022",119,"Buckthorn","S",1
"4587","6/2/2022",119,"Multiflora rose","S",1
"4588","6/2/2022",119,"Honeysuckle","S",0
"4589","6/2/2022",119,"Privot","S",0
"4590","6/2/2022",119,"Spicebush","S",0
"4591","6/2/2022",119,"Rubus","S",2
"4592","6/2/2022",119,"Mapleleaf viburnum","S",0
"4593","6/2/2022",120,"Buckthorn","N",1
"4594","6/2/2022",120,"Multiflora rose","N",2
"4595","6/2/2022",120,"Honeysuckle","N",0
"4596","6/2/2022",120,"Privot","N",0
"4597","6/2/2022",120,"Spicebush","N",0
"4598","6/2/2022",120,"Rubus","N",0
"4599","6/2/2022",120,"Mapleleaf viburnum","N",0
"4600","6/2/2022",120,"Buckthorn","S",1
"4601","6/2/2022",120,"Multiflora rose","S",4
"4602","6/2/2022",120,"Honeysuckle","S",0
"4603","6/2/2022",120,"Privot","S",0
"4604","6/2/2022",120,"Spicebush","S",0
"4605","6/2/2022",120,"Rubus","S",1
"4606","6/2/2022",120,"Mapleleaf viburnum","S",1
"4607","6/2/2022",112,"Buckthorn","N",1
"4608","6/2/2022",112,"Multiflora rose","N",4
"4609","6/2/2022",112,"Honeysuckle","N",0
"4610","6/2/2022",112,"Privot","N",0
"4611","6/2/2022",112,"Spicebush","N",0
"4612","6/2/2022",112,"Rubus","N",1
"4613","6/2/2022",112,"Mapleleaf viburnum","N",0
"4614","6/2/2022",112,"Buckthorn","S",1
"4615","6/2/2022",112,"Multiflora rose","S",5
"4616","6/2/2022",112,"Honeysuckle","S",0
"4617","6/2/2022",112,"Privot","S",0
"4618","6/2/2022",112,"Spicebush","S",0
"4619","6/2/2022",112,"Rubus","S",1
"4620","6/2/2022",112,"Mapleleaf viburnum","S",0
"4621","6/2/2022",114,"Buckthorn","N",1
"4622","6/2/2022",114,"Multiflora rose","N",0
"4623","6/2/2022",114,"Honeysuckle","N",0
"4624","6/2/2022",114,"Privot","N",0
"4625","6/2/2022",114,"Spicebush","N",0
"4626","6/2/2022",114,"Rubus","N",0
"4627","6/2/2022",114,"Mapleleaf viburnum","N",1
"4628","6/2/2022",114,"Buckthorn","S",0
"4629","6/2/2022",114,"Multiflora rose","S",3
"4630","6/2/2022",114,"Honeysuckle","S",0
"4631","6/2/2022",114,"Privot","S",0
"4632","6/2/2022",114,"Spicebush","S",0
"4633","6/2/2022",114,"Rubus","S",0
"4634","6/2/2022",114,"Mapleleaf viburnum","S",1
"4635","6/2/2022",115,"Buckthorn","N",1
"4636","6/2/2022",115,"Multiflora rose","N",0
"4637","6/2/2022",115,"Honeysuckle","N",0
"4638","6/2/2022",115,"Privot","N",0
"4639","6/2/2022",115,"Spicebush","N",0
"4640","6/2/2022",115,"Rubus","N",0
"4641","6/2/2022",115,"Mapleleaf viburnum","N",0
"4642","6/2/2022",115,"Buckthorn","S",1
"4643","6/2/2022",115,"Multiflora rose","S",0
"4644","6/2/2022",115,"Honeysuckle","S",0
"4645","6/2/2022",115,"Privot","S",0
"4646","6/2/2022",115,"Spicebush","S",0
"4647","6/2/2022",115,"Rubus","S",0
"4648","6/2/2022",115,"Mapleleaf viburnum","S",2
"4649","6/2/2022",125,"Buckthorn","N",1
"4650","6/2/2022",125,"Multiflora rose","N",4
"4651","6/2/2022",125,"Honeysuckle","N",0
"4652","6/2/2022",125,"Privot","N",0
"4653","6/2/2022",125,"Spicebush","N",0
"4654","6/2/2022",125,"Rubus","N",2
"4655","6/2/2022",125,"Mapleleaf viburnum","N",0
"4656","6/2/2022",125,"Buckthorn","S",0
"4657","6/2/2022",125,"Multiflora rose","S",4
"4658","6/2/2022",125,"Honeysuckle","S",0
"4659","6/2/2022",125,"Privot","S",0
"4660","6/2/2022",125,"Spicebush","S",0
"4661","6/2/2022",125,"Rubus","S",1
"4662","6/2/2022",125,"Mapleleaf viburnum","S",0
"4663","6/2/2022",229,"Buckthorn","N",0
"4664","6/2/2022",229,"Multiflora rose","N",3
"4665","6/2/2022",229,"Honeysuckle","N",0
"4666","6/2/2022",229,"Privot","N",0
"4667","6/2/2022",229,"Spicebush","N",0
"4668","6/2/2022",229,"Rubus","N",2
"4669","6/2/2022",229,"Mapleleaf viburnum","N",0
"4670","6/2/2022",229,"Buckthorn","S",0
"4671","6/2/2022",229,"Multiflora rose","S",3
"4672","6/2/2022",229,"Honeysuckle","S",0
"4673","6/2/2022",229,"Privot","S",0
"4674","6/2/2022",229,"Spicebush","S",0
"4675","6/2/2022",229,"Rubus","S",1
"4676","6/2/2022",229,"Mapleleaf viburnum","S",0
"4677","6/2/2022",238,"Buckthorn","N",0
"4678","6/2/2022",238,"Multiflora rose","N",5
"4679","6/2/2022",238,"Honeysuckle","N",0
"4680","6/2/2022",238,"Privot","N",0
"4681","6/2/2022",238,"Spicebush","N",0
"4682","6/2/2022",238,"Rubus","N",1
"4683","6/2/2022",238,"Mapleleaf viburnum","N",0
"4684","6/2/2022",238,"Buckthorn","S",1
"4685","6/2/2022",238,"Multiflora rose","S",4
"4686","6/2/2022",238,"Honeysuckle","S",0
"4687","6/2/2022",238,"Privot","S",0
"4688","6/2/2022",238,"Spicebush","S",0
"4689","6/2/2022",238,"Rubus","S",1
"4690","6/2/2022",238,"Mapleleaf viburnum","S",0
"4691","6/2/2022",91,"Buckthorn","N",1
"4692","6/2/2022",91,"Multiflora rose","N",0
"4693","6/2/2022",91,"Honeysuckle","N",0
"4694","6/2/2022",91,"Privot","N",0
"4695","6/2/2022",91,"Spicebush","N",0
"4696","6/2/2022",91,"Rubus","N",0
"4697","6/2/2022",91,"Mapleleaf viburnum","N",0
"4698","6/2/2022",91,"Buckthorn","S",1
"4699","6/2/2022",91,"Multiflora rose","S",1
"4700","6/2/2022",91,"Honeysuckle","S",0
"4701","6/2/2022",91,"Privot","S",0
"4702","6/2/2022",91,"Spicebush","S",0
"4703","6/2/2022",91,"Rubus","S",0
"4704","6/2/2022",91,"Mapleleaf viburnum","S",0
"4705","6/2/2022",90,"Buckthorn","N",0
"4706","6/2/2022",90,"Multiflora rose","N",0
"4707","6/2/2022",90,"Honeysuckle","N",0
"4708","6/2/2022",90,"Privot","N",0
"4709","6/2/2022",90,"Spicebush","N",0
"4710","6/2/2022",90,"Rubus","N",0
"4711","6/2/2022",90,"Mapleleaf viburnum","N",0
"4712","6/2/2022",90,"Buckthorn","S",1
"4713","6/2/2022",90,"Multiflora rose","S",0
"4714","6/2/2022",90,"Honeysuckle","S",0
"4715","6/2/2022",90,"Privot","S",0
"4716","6/2/2022",90,"Spicebush","S",0
"4717","6/2/2022",90,"Rubus","S",0
"4718","6/2/2022",90,"Mapleleaf viburnum","S",0
"4719","6/2/2022",234,"Buckthorn","N",1
"4720","6/2/2022",234,"Multiflora rose","N",4
"4721","6/2/2022",234,"Honeysuckle","N",0
"4722","6/2/2022",234,"Privot","N",0
"4723","6/2/2022",234,"Spicebush","N",0
"4724","6/2/2022",234,"Rubus","N",0
"4725","6/2/2022",234,"Mapleleaf viburnum","N",0
"4726","6/2/2022",234,"Buckthorn","S",1
"4727","6/2/2022",234,"Multiflora rose","S",2
"4728","6/2/2022",234,"Honeysuckle","S",0
"4729","6/2/2022",234,"Privot","S",0
"4730","6/2/2022",234,"Spicebush","S",0
"4731","6/2/2022",234,"Rubus","S",1
"4732","6/2/2022",234,"Mapleleaf viburnum","S",0
"4733","6/2/2022",240,"Buckthorn","N",1
"4734","6/2/2022",240,"Multiflora rose","N",5
"4735","6/2/2022",240,"Honeysuckle","N",0
"4736","6/2/2022",240,"Privot","N",0
"4737","6/2/2022",240,"Spicebush","N",0
"4738","6/2/2022",240,"Rubus","N",1
"4739","6/2/2022",240,"Mapleleaf viburnum","N",0
"4740","6/2/2022",240,"Buckthorn","S",1
"4741","6/2/2022",240,"Multiflora rose","S",3
"4742","6/2/2022",240,"Honeysuckle","S",0
"4743","6/2/2022",240,"Privot","S",0
"4744","6/2/2022",240,"Spicebush","S",0
"4745","6/2/2022",240,"Rubus","S",1
"4746","6/2/2022",240,"Mapleleaf viburnum","S",0
"4747","6/2/2022",247,"Buckthorn","N",0
"4748","6/2/2022",247,"Multiflora rose","N",5
"4749","6/2/2022",247,"Honeysuckle","N",1
"4750","6/2/2022",247,"Privot","N",0
"4751","6/2/2022",247,"Spicebush","N",0
"4752","6/2/2022",247,"Rubus","N",1
"4753","6/2/2022",247,"Mapleleaf viburnum","N",0
"4754","6/2/2022",247,"Buckthorn","S",1
"4755","6/2/2022",247,"Multiflora rose","S",4
"4756","6/2/2022",247,"Honeysuckle","S",0
"4757","6/2/2022",247,"Privot","S",0
"4758","6/2/2022",247,"Spicebush","S",0
"4759","6/2/2022",247,"Rubus","S",1
"4760","6/2/2022",247,"Mapleleaf viburnum","S",0
"4761","6/2/2022",295,"Buckthorn","N",1
"4762","6/2/2022",295,"Multiflora rose","N",4
"4763","6/2/2022",295,"Honeysuckle","N",0
"4764","6/2/2022",295,"Privot","N",0
"4765","6/2/2022",295,"Spicebush","N",0
"4766","6/2/2022",295,"Rubus","N",0
"4767","6/2/2022",295,"Mapleleaf viburnum","N",1
"4768","6/2/2022",295,"Buckthorn","S",0
"4769","6/2/2022",295,"Multiflora rose","S",5
"4770","6/2/2022",295,"Honeysuckle","S",0
"4771","6/2/2022",295,"Privot","S",0
"4772","6/2/2022",295,"Spicebush","S",0
"4773","6/2/2022",295,"Rubus","S",0
"4774","6/2/2022",295,"Mapleleaf viburnum","S",0
"4775","6/2/2022",881,"Buckthorn","N",1
"4776","6/2/2022",881,"Multiflora rose","N",4
"4777","6/2/2022",881,"Honeysuckle","N",0
"4778","6/2/2022",881,"Privot","N",0
"4779","6/2/2022",881,"Spicebush","N",0
"4780","6/2/2022",881,"Rubus","N",1
"4781","6/2/2022",881,"Mapleleaf viburnum","N",0
"4782","6/2/2022",881,"Buckthorn","S",1
"4783","6/2/2022",881,"Multiflora rose","S",3
"4784","6/2/2022",881,"Honeysuckle","S",0
"4785","6/2/2022",881,"Privot","S",0
"4786","6/2/2022",881,"Spicebush","S",0
"4787","6/2/2022",881,"Rubus","S",1
"4788","6/2/2022",881,"Mapleleaf viburnum","S",0
"4789","6/2/2022",96,"Buckthorn","N",1
"4790","6/2/2022",96,"Multiflora rose","N",4
"4791","6/2/2022",96,"Honeysuckle","N",0
"4792","6/2/2022",96,"Privot","N",0
"4793","6/2/2022",96,"Spicebush","N",0
"4794","6/2/2022",96,"Rubus","N",1
"4795","6/2/2022",96,"Mapleleaf viburnum","N",0
"4796","6/2/2022",96,"Buckthorn","S",1
"4797","6/2/2022",96,"Multiflora rose","S",4
"4798","6/2/2022",96,"Honeysuckle","S",0
"4799","6/2/2022",96,"Privot","S",0
"4800","6/2/2022",96,"Spicebush","S",0
"4801","6/2/2022",96,"Rubus","S",1
"4802","6/2/2022",96,"Mapleleaf viburnum","S",0
"4803","6/2/2022",243,"Buckthorn","N",1
"4804","6/2/2022",243,"Multiflora rose","N",5
"4805","6/2/2022",243,"Honeysuckle","N",0
"4806","6/2/2022",243,"Privot","N",0
"4807","6/2/2022",243,"Spicebush","N",0
"4808","6/2/2022",243,"Rubus","N",1
"4809","6/2/2022",243,"Mapleleaf viburnum","N",0
"4810","6/2/2022",243,"Buckthorn","S",2
"4811","6/2/2022",243,"Multiflora rose","S",4
"4812","6/2/2022",243,"Honeysuckle","S",0
"4813","6/2/2022",243,"Privot","S",0
"4814","6/2/2022",243,"Spicebush","S",0
"4815","6/2/2022",243,"Rubus","S",1
"4816","6/2/2022",243,"Mapleleaf viburnum","S",0
"4817","6/2/2022",101,"Buckthorn","N",1
"4818","6/2/2022",101,"Multiflora rose","N",5
"4819","6/2/2022",101,"Honeysuckle","N",0
"4820","6/2/2022",101,"Privot","N",0
"4821","6/2/2022",101,"Spicebush","N",0
"4822","6/2/2022",101,"Rubus","N",0
"4823","6/2/2022",101,"Mapleleaf viburnum","N",0
"4824","6/2/2022",101,"Buckthorn","S",0
"4825","6/2/2022",101,"Multiflora rose","S",4
"4826","6/2/2022",101,"Honeysuckle","S",0
"4827","6/2/2022",101,"Privot","S",0
"4828","6/2/2022",101,"Spicebush","S",0
"4829","6/2/2022",101,"Rubus","S",1
"4830","6/2/2022",101,"Mapleleaf viburnum","S",0
"4831","6/2/2022",93,"Buckthorn","N",1
"4832","6/2/2022",93,"Multiflora rose","N",2
"4833","6/2/2022",93,"Honeysuckle","N",0
"4834","6/2/2022",93,"Privot","N",0
"4835","6/2/2022",93,"Spicebush","N",0
"4836","6/2/2022",93,"Rubus","N",0
"4837","6/2/2022",93,"Mapleleaf viburnum","N",1
"4838","6/2/2022",93,"Buckthorn","S",1
"4839","6/2/2022",93,"Multiflora rose","S",2
"4840","6/2/2022",93,"Honeysuckle","S",0
"4841","6/2/2022",93,"Privot","S",0
"4842","6/2/2022",93,"Spicebush","S",0
"4843","6/2/2022",93,"Rubus","S",0
"4844","6/2/2022",93,"Mapleleaf viburnum","S",0
"4845","6/2/2022",245,"Buckthorn","N",2
"4846","6/2/2022",245,"Multiflora rose","N",3
"4847","6/2/2022",245,"Honeysuckle","N",0
"4848","6/2/2022",245,"Privot","N",0
"4849","6/2/2022",245,"Spicebush","N",0
"4850","6/2/2022",245,"Rubus","N",1
"4851","6/2/2022",245,"Mapleleaf viburnum","N",0
"4852","6/2/2022",245,"Buckthorn","S",1
"4853","6/2/2022",245,"Multiflora rose","S",4
"4854","6/2/2022",245,"Honeysuckle","S",0
"4855","6/2/2022",245,"Privot","S",0
"4856","6/2/2022",245,"Spicebush","S",0
"4857","6/2/2022",245,"Rubus","S",0
"4858","6/2/2022",245,"Mapleleaf viburnum","S",0
"4859","6/2/2022",94,"Buckthorn","N",1
"4860","6/2/2022",94,"Multiflora rose","N",3
"4861","6/2/2022",94,"Honeysuckle","N",0
"4862","6/2/2022",94,"Privot","N",0
"4863","6/2/2022",94,"Spicebush","N",0
"4864","6/2/2022",94,"Rubus","N",0
"4865","6/2/2022",94,"Mapleleaf viburnum","N",0
"4866","6/2/2022",94,"Buckthorn","S",1
"4867","6/2/2022",94,"Multiflora rose","S",4
"4868","6/2/2022",94,"Honeysuckle","S",0
"4869","6/2/2022",94,"Privot","S",0
"4870","6/2/2022",94,"Spicebush","S",0
"4871","6/2/2022",94,"Rubus","S",1
"4872","6/2/2022",94,"Mapleleaf viburnum","S",0
"4873","6/2/2022",244,"Buckthorn","N",1
"4874","6/2/2022",244,"Multiflora rose","N",4
"4875","6/2/2022",244,"Honeysuckle","N",0
"4876","6/2/2022",244,"Privot","N",0
"4877","6/2/2022",244,"Spicebush","N",0
"4878","6/2/2022",244,"Rubus","N",1
"4879","6/2/2022",244,"Mapleleaf viburnum","N",0
"4880","6/2/2022",244,"Buckthorn","S",2
"4881","6/2/2022",244,"Multiflora rose","S",3
"4882","6/2/2022",244,"Honeysuckle","S",0
"4883","6/2/2022",244,"Privot","S",0
"4884","6/2/2022",244,"Spicebush","S",0
"4885","6/2/2022",244,"Rubus","S",1
"4886","6/2/2022",244,"Mapleleaf viburnum","S",0
"4887","6/2/2022",95,"Buckthorn","N",1
"4888","6/2/2022",95,"Multiflora rose","N",4
"4889","6/2/2022",95,"Honeysuckle","N",1
"4890","6/2/2022",95,"Privot","N",0
"4891","6/2/2022",95,"Spicebush","N",0
"4892","6/2/2022",95,"Rubus","N",0
"4893","6/2/2022",95,"Mapleleaf viburnum","N",0
"4894","6/2/2022",95,"Buckthorn","S",1
"4895","6/2/2022",95,"Multiflora rose","S",4
"4896","6/2/2022",95,"Honeysuckle","S",0
"4897","6/2/2022",95,"Privot","S",0
"4898","6/2/2022",95,"Spicebush","S",0
"4899","6/2/2022",95,"Rubus","S",1
"4900","6/2/2022",95,"Mapleleaf viburnum","S",0
"4901","6/2/2022",92,"Buckthorn","N",1
"4902","6/2/2022",92,"Multiflora rose","N",3
"4903","6/2/2022",92,"Honeysuckle","N",0
"4904","6/2/2022",92,"Privot","N",0
"4905","6/2/2022",92,"Spicebush","N",0
"4906","6/2/2022",92,"Rubus","N",1
"4907","6/2/2022",92,"Mapleleaf viburnum","N",0
"4908","6/2/2022",92,"Buckthorn","S",1
"4909","6/2/2022",92,"Multiflora rose","S",2
"4910","6/2/2022",92,"Honeysuckle","S",0
"4911","6/2/2022",92,"Privot","S",0
"4912","6/2/2022",92,"Spicebush","S",0
"4913","6/2/2022",92,"Rubus","S",1
"4914","6/2/2022",92,"Mapleleaf viburnum","S",0
"4915","6/2/2022",235,"Buckthorn","N",1
"4916","6/2/2022",235,"Multiflora rose","N",3
"4917","6/2/2022",235,"Honeysuckle","N",0
"4918","6/2/2022",235,"Privot","N",0
"4919","6/2/2022",235,"Spicebush","N",0
"4920","6/2/2022",235,"Rubus","N",0
"4921","6/2/2022",235,"Mapleleaf viburnum","N",0
"4922","6/2/2022",235,"Buckthorn","S",1
"4923","6/2/2022",235,"Multiflora rose","S",5
"4924","6/2/2022",235,"Honeysuckle","S",0
"4925","6/2/2022",235,"Privot","S",0
"4926","6/2/2022",235,"Spicebush","S",0
"4927","6/2/2022",235,"Rubus","S",0
"4928","6/2/2022",235,"Mapleleaf viburnum","S",0
"4929","6/2/2022",900,"Buckthorn","N",1
"4930","6/2/2022",900,"Multiflora rose","N",3
"4931","6/2/2022",900,"Honeysuckle","N",0
"4932","6/2/2022",900,"Privot","N",0
"4933","6/2/2022",900,"Spicebush","N",0
"4934","6/2/2022",900,"Rubus","N",0
"4935","6/2/2022",900,"Mapleleaf viburnum","N",0
"4936","6/2/2022",900,"Buckthorn","S",1
"4937","6/2/2022",900,"Multiflora rose","S",5
"4938","6/2/2022",900,"Honeysuckle","S",0
"4939","6/2/2022",900,"Privot","S",0
"4940","6/2/2022",900,"Spicebush","S",0
"4941","6/2/2022",900,"Rubus","S",0
"4942","6/2/2022",900,"Mapleleaf viburnum","S",0
"4943","6/2/2022",88,"Buckthorn","N",1
"4944","6/2/2022",88,"Multiflora rose","N",4
"4945","6/2/2022",88,"Honeysuckle","N",0
"4946","6/2/2022",88,"Privot","N",0
"4947","6/2/2022",88,"Spicebush","N",0
"4948","6/2/2022",88,"Rubus","N",1
"4949","6/2/2022",88,"Mapleleaf viburnum","N",0
"4950","6/2/2022",88,"Buckthorn","S",1
"4951","6/2/2022",88,"Multiflora rose","S",4
"4952","6/2/2022",88,"Honeysuckle","S",0
"4953","6/2/2022",88,"Privot","S",0
"4954","6/2/2022",88,"Spicebush","S",0
"4955","6/2/2022",88,"Rubus","S",1
"4956","6/2/2022",88,"Mapleleaf viburnum","S",0
"4957","6/2/2022",241,"Buckthorn","N",1
"4958","6/2/2022",241,"Multiflora rose","N",3
"4959","6/2/2022",241,"Honeysuckle","N",0
"4960","6/2/2022",241,"Privot","N",0
"4961","6/2/2022",241,"Spicebush","N",0
"4962","6/2/2022",241,"Rubus","N",1
"4963","6/2/2022",241,"Mapleleaf viburnum","N",0
"4964","6/2/2022",241,"Buckthorn","S",1
"4965","6/2/2022",241,"Multiflora rose","S",0
"4966","6/2/2022",241,"Honeysuckle","S",0
"4967","6/2/2022",241,"Privot","S",0
"4968","6/2/2022",241,"Spicebush","S",0
"4969","6/2/2022",241,"Rubus","S",0
"4970","6/2/2022",241,"Mapleleaf viburnum","S",0
"4971","6/2/2022",239,"Buckthorn","N",0
"4972","6/2/2022",239,"Multiflora rose","N",6
"4973","6/2/2022",239,"Honeysuckle","N",0
"4974","6/2/2022",239,"Privot","N",0
"4975","6/2/2022",239,"Spicebush","N",0
"4976","6/2/2022",239,"Rubus","N",0
"4977","6/2/2022",239,"Mapleleaf viburnum","N",0
"4978","6/2/2022",239,"Buckthorn","S",0
"4979","6/2/2022",239,"Multiflora rose","S",5
"4980","6/2/2022",239,"Honeysuckle","S",0
"4981","6/2/2022",239,"Privot","S",0
"4982","6/2/2022",239,"Spicebush","S",0
"4983","6/2/2022",239,"Rubus","S",0
"4984","6/2/2022",239,"Mapleleaf viburnum","S",0
"4985","6/2/2022",237,"Buckthorn","N",0
"4986","6/2/2022",237,"Multiflora rose","N",3
"4987","6/2/2022",237,"Honeysuckle","N",0
"4988","6/2/2022",237,"Privot","N",0
"4989","6/2/2022",237,"Spicebush","N",0
"4990","6/2/2022",237,"Rubus","N",1
"4991","6/2/2022",237,"Mapleleaf viburnum","N",0
"4992","6/2/2022",237,"Buckthorn","S",0
"4993","6/2/2022",237,"Multiflora rose","S",3
"4994","6/2/2022",237,"Honeysuckle","S",0
"4995","6/2/2022",237,"Privot","S",0
"4996","6/2/2022",237,"Spicebush","S",0
"4997","6/2/2022",237,"Rubus","S",1
"4998","6/2/2022",237,"Mapleleaf viburnum","S",1
"4999","6/2/2022",81,"Buckthorn","N",1
"5000","6/2/2022",81,"Multiflora rose","N",0
"5001","6/2/2022",81,"Honeysuckle","N",0
"5002","6/2/2022",81,"Privot","N",0
"5003","6/2/2022",81,"Spicebush","N",0
"5004","6/2/2022",81,"Rubus","N",0
"5005","6/2/2022",81,"Mapleleaf viburnum","N",1
"5006","6/2/2022",81,"Buckthorn","S",1
"5007","6/2/2022",81,"Multiflora rose","S",0
"5008","6/2/2022",81,"Honeysuckle","S",0
"5009","6/2/2022",81,"Privot","S",0
"5010","6/2/2022",81,"Spicebush","S",0
"5011","6/2/2022",81,"Rubus","S",0
"5012","6/2/2022",81,"Mapleleaf viburnum","S",0
"5013","6/2/2022",86,"Buckthorn","N",0
"5014","6/2/2022",86,"Multiflora rose","N",0
"5015","6/2/2022",86,"Honeysuckle","N",0
"5016","6/2/2022",86,"Privot","N",0
"5017","6/2/2022",86,"Spicebush","N",0
"5018","6/2/2022",86,"Rubus","N",0
"5019","6/2/2022",86,"Mapleleaf viburnum","N",1
"5020","6/2/2022",86,"Buckthorn","S",0
"5021","6/2/2022",86,"Multiflora rose","S",1
"5022","6/2/2022",86,"Honeysuckle","S",0
"5023","6/2/2022",86,"Privot","S",0
"5024","6/2/2022",86,"Spicebush","S",0
"5025","6/2/2022",86,"Rubus","S",0
"5026","6/2/2022",86,"Mapleleaf viburnum","S",1
"5027","6/2/2022",87,"Buckthorn","N",1
"5028","6/2/2022",87,"Multiflora rose","N",0
"5029","6/2/2022",87,"Honeysuckle","N",0
"5030","6/2/2022",87,"Privot","N",0
"5031","6/2/2022",87,"Spicebush","N",0
"5032","6/2/2022",87,"Rubus","N",0
"5033","6/2/2022",87,"Mapleleaf viburnum","N",1
"5034","6/2/2022",87,"Buckthorn","S",0
"5035","6/2/2022",87,"Multiflora rose","S",0
"5036","6/2/2022",87,"Honeysuckle","S",0
"5037","6/2/2022",87,"Privot","S",0
"5038","6/2/2022",87,"Spicebush","S",0
"5039","6/2/2022",87,"Rubus","S",0
"5040","6/2/2022",87,"Mapleleaf viburnum","S",0
"5041","6/2/2022",89,"Buckthorn","N",2
"5042","6/2/2022",89,"Multiflora rose","N",0
"5043","6/2/2022",89,"Honeysuckle","N",0
"5044","6/2/2022",89,"Privot","N",0
"5045","6/2/2022",89,"Spicebush","N",0
"5046","6/2/2022",89,"Rubus","N",0
"5047","6/2/2022",89,"Mapleleaf viburnum","N",0
"5048","6/2/2022",89,"Buckthorn","S",1
"5049","6/2/2022",89,"Multiflora rose","S",0
"5050","6/2/2022",89,"Honeysuckle","S",0
"5051","6/2/2022",89,"Privot","S",0
"5052","6/2/2022",89,"Spicebush","S",0
"5053","6/2/2022",89,"Rubus","S",1
"5054","6/2/2022",89,"Mapleleaf viburnum","S",0
"5055","6/2/2022",859,"Buckthorn","N",1
"5056","6/2/2022",859,"Multiflora rose","N",0
"5057","6/2/2022",859,"Honeysuckle","N",0
"5058","6/2/2022",859,"Privot","N",0
"5059","6/2/2022",859,"Spicebush","N",0
"5060","6/2/2022",859,"Rubus","N",0
"5061","6/2/2022",859,"Mapleleaf viburnum","N",0
"5062","6/2/2022",859,"Buckthorn","S",1
"5063","6/2/2022",859,"Multiflora rose","S",0
"5064","6/2/2022",859,"Honeysuckle","S",0
"5065","6/2/2022",859,"Privot","S",0
"5066","6/2/2022",859,"Spicebush","S",0
"5067","6/2/2022",859,"Rubus","S",0
"5068","6/2/2022",859,"Mapleleaf viburnum","S",0
"5069","6/2/2022",97,"Buckthorn","N",1
"5070","6/2/2022",97,"Multiflora rose","N",1
"5071","6/2/2022",97,"Honeysuckle","N",0
"5072","6/2/2022",97,"Privot","N",0
"5073","6/2/2022",97,"Spicebush","N",0
"5074","6/2/2022",97,"Rubus","N",0
"5075","6/2/2022",97,"Mapleleaf viburnum","N",0
"5076","6/2/2022",97,"Buckthorn","S",1
"5077","6/2/2022",97,"Multiflora rose","S",2
"5078","6/2/2022",97,"Honeysuckle","S",0
"5079","6/2/2022",97,"Privot","S",0
"5080","6/2/2022",97,"Spicebush","S",0
"5081","6/2/2022",97,"Rubus","S",1
"5082","6/2/2022",97,"Mapleleaf viburnum","S",0
"5083","6/2/2022",84,"Buckthorn","N",1
"5084","6/2/2022",84,"Multiflora rose","N",2
"5085","6/2/2022",84,"Honeysuckle","N",0
"5086","6/2/2022",84,"Privot","N",0
"5087","6/2/2022",84,"Spicebush","N",0
"5088","6/2/2022",84,"Rubus","N",1
"5089","6/2/2022",84,"Mapleleaf viburnum","N",0
"5090","6/2/2022",84,"Buckthorn","S",1
"5091","6/2/2022",84,"Multiflora rose","S",0
"5092","6/2/2022",84,"Honeysuckle","S",1
"5093","6/2/2022",84,"Privot","S",0
"5094","6/2/2022",84,"Spicebush","S",0
"5095","6/2/2022",84,"Rubus","S",0
"5096","6/2/2022",84,"Mapleleaf viburnum","S",0
"5097","6/2/2022",83,"Buckthorn","N",1
"5098","6/2/2022",83,"Multiflora rose","N",0
"5099","6/2/2022",83,"Honeysuckle","N",0
"5100","6/2/2022",83,"Privot","N",0
"5101","6/2/2022",83,"Spicebush","N",0
"5102","6/2/2022",83,"Rubus","N",1
"5103","6/2/2022",83,"Mapleleaf viburnum","N",0
"5104","6/2/2022",83,"Buckthorn","S",0
"5105","6/2/2022",83,"Multiflora rose","S",0
"5106","6/2/2022",83,"Honeysuckle","S",0
"5107","6/2/2022",83,"Privot","S",0
"5108","6/2/2022",83,"Spicebush","S",0
"5109","6/2/2022",83,"Rubus","S",1
"5110","6/2/2022",83,"Mapleleaf viburnum","S",0
"5111","6/2/2022",82,"Buckthorn","N",1
"5112","6/2/2022",82,"Multiflora rose","N",0
"5113","6/2/2022",82,"Honeysuckle","N",0
"5114","6/2/2022",82,"Privot","N",0
"5115","6/2/2022",82,"Spicebush","N",0
"5116","6/2/2022",82,"Rubus","N",1
"5117","6/2/2022",82,"Mapleleaf viburnum","N",0
"5118","6/2/2022",82,"Buckthorn","S",1
"5119","6/2/2022",82,"Multiflora rose","S",0
"5120","6/2/2022",82,"Honeysuckle","S",0
"5121","6/2/2022",82,"Privot","S",0
"5122","6/2/2022",82,"Spicebush","S",0
"5123","6/2/2022",82,"Rubus","S",0
"5124","6/2/2022",82,"Mapleleaf viburnum","S",0
"5125","6/2/2022",80,"Buckthorn","N",1
"5126","6/2/2022",80,"Multiflora rose","N",0
"5127","6/2/2022",80,"Honeysuckle","N",0
"5128","6/2/2022",80,"Privot","N",0
"5129","6/2/2022",80,"Spicebush","N",0
"5130","6/2/2022",80,"Rubus","N",0
"5131","6/2/2022",80,"Mapleleaf viburnum","N",0
"5132","6/2/2022",80,"Buckthorn","S",0
"5133","6/2/2022",80,"Multiflora rose","S",0
"5134","6/2/2022",80,"Honeysuckle","S",0
"5135","6/2/2022",80,"Privot","S",0
"5136","6/2/2022",80,"Spicebush","S",0
"5137","6/2/2022",80,"Rubus","S",0
"5138","6/2/2022",80,"Mapleleaf viburnum","S",2
"5139","6/2/2022",73,"Buckthorn","N",1
"5140","6/2/2022",73,"Multiflora rose","N",4
"5141","6/2/2022",73,"Honeysuckle","N",0
"5142","6/2/2022",73,"Privot","N",0
"5143","6/2/2022",73,"Spicebush","N",0
"5144","6/2/2022",73,"Rubus","N",0
"5145","6/2/2022",73,"Mapleleaf viburnum","N",0
"5146","6/2/2022",73,"Buckthorn","S",1
"5147","6/2/2022",73,"Multiflora rose","S",2
"5148","6/2/2022",73,"Honeysuckle","S",0
"5149","6/2/2022",73,"Privot","S",0
"5150","6/2/2022",73,"Spicebush","S",0
"5151","6/2/2022",73,"Rubus","S",0
"5152","6/2/2022",73,"Mapleleaf viburnum","S",0
"5153","6/2/2022",79,"Buckthorn","N",1
"5154","6/2/2022",79,"Multiflora rose","N",3
"5155","6/2/2022",79,"Honeysuckle","N",0
"5156","6/2/2022",79,"Privot","N",0
"5157","6/2/2022",79,"Spicebush","N",0
"5158","6/2/2022",79,"Rubus","N",0
"5159","6/2/2022",79,"Mapleleaf viburnum","N",0
"5160","6/2/2022",79,"Buckthorn","S",1
"5161","6/2/2022",79,"Multiflora rose","S",2
"5162","6/2/2022",79,"Honeysuckle","S",0
"5163","6/2/2022",79,"Privot","S",0
"5164","6/2/2022",79,"Spicebush","S",0
"5165","6/2/2022",79,"Rubus","S",0
"5166","6/2/2022",79,"Mapleleaf viburnum","S",0
"5167","6/2/2022",99,"Buckthorn","N",1
"5168","6/2/2022",99,"Multiflora rose","N",2
"5169","6/2/2022",99,"Honeysuckle","N",0
"5170","6/2/2022",99,"Privot","N",1
"5171","6/2/2022",99,"Spicebush","N",0
"5172","6/2/2022",99,"Rubus","N",0
"5173","6/2/2022",99,"Mapleleaf viburnum","N",0
"5174","6/2/2022",99,"Buckthorn","S",1
"5175","6/2/2022",99,"Multiflora rose","S",1
"5176","6/2/2022",99,"Honeysuckle","S",0
"5177","6/2/2022",99,"Privot","S",0
"5178","6/2/2022",99,"Spicebush","S",0
"5179","6/2/2022",99,"Rubus","S",1
"5180","6/2/2022",99,"Mapleleaf viburnum","S",0
"5181","6/2/2022",228,"Buckthorn","N",1
"5182","6/2/2022",228,"Multiflora rose","N",2
"5183","6/2/2022",228,"Honeysuckle","N",0
"5184","6/2/2022",228,"Privot","N",0
"5185","6/2/2022",228,"Spicebush","N",0
"5186","6/2/2022",228,"Rubus","N",1
"5187","6/2/2022",228,"Mapleleaf viburnum","N",1
"5188","6/2/2022",228,"Buckthorn","S",0
"5189","6/2/2022",228,"Multiflora rose","S",0
"5190","6/2/2022",228,"Honeysuckle","S",0
"5191","6/2/2022",228,"Privot","S",0
"5192","6/2/2022",228,"Spicebush","S",0
"5193","6/2/2022",228,"Rubus","S",1
"5194","6/2/2022",228,"Mapleleaf viburnum","S",0
"5195","6/2/2022",98,"Buckthorn","N",1
"5196","6/2/2022",98,"Multiflora rose","N",1
"5197","6/2/2022",98,"Honeysuckle","N",0
"5198","6/2/2022",98,"Privot","N",0
"5199","6/2/2022",98,"Spicebush","N",0
"5200","6/2/2022",98,"Rubus","N",1
"5201","6/2/2022",98,"Mapleleaf viburnum","N",0
"5202","6/2/2022",98,"Buckthorn","S",1
"5203","6/2/2022",98,"Multiflora rose","S",1
"5204","6/2/2022",98,"Honeysuckle","S",0
"5205","6/2/2022",98,"Privot","S",0
"5206","6/2/2022",98,"Spicebush","S",0
"5207","6/2/2022",98,"Rubus","S",0
"5208","6/2/2022",98,"Mapleleaf viburnum","S",0
"5209","6/2/2022",230,"Buckthorn","N",0
"5210","6/2/2022",230,"Multiflora rose","N",5
"5211","6/2/2022",230,"Honeysuckle","N",0
"5212","6/2/2022",230,"Privot","N",0
"5213","6/2/2022",230,"Spicebush","N",0
"5214","6/2/2022",230,"Rubus","N",0
"5215","6/2/2022",230,"Mapleleaf viburnum","N",0
"5216","6/2/2022",230,"Buckthorn","S",0
"5217","6/2/2022",230,"Multiflora rose","S",2
"5218","6/2/2022",230,"Honeysuckle","S",0
"5219","6/2/2022",230,"Privot","S",0
"5220","6/2/2022",230,"Spicebush","S",0
"5221","6/2/2022",230,"Rubus","S",1
"5222","6/2/2022",230,"Mapleleaf viburnum","S",0
"5223","6/2/2022",116,"Buckthorn","N",0
"5224","6/2/2022",116,"Multiflora rose","N",5
"5225","6/2/2022",116,"Honeysuckle","N",0
"5226","6/2/2022",116,"Privot","N",0
"5227","6/2/2022",116,"Spicebush","N",0
"5228","6/2/2022",116,"Rubus","N",0
"5229","6/2/2022",116,"Mapleleaf viburnum","N",0
"5230","6/2/2022",116,"Buckthorn","S",1
"5231","6/2/2022",116,"Multiflora rose","S",3
"5232","6/2/2022",116,"Honeysuckle","S",0
"5233","6/2/2022",116,"Privot","S",0
"5234","6/2/2022",116,"Spicebush","S",0
"5235","6/2/2022",116,"Rubus","S",0
"5236","6/2/2022",116,"Mapleleaf viburnum","S",0
"5237","6/2/2022",113,"Buckthorn","N",1
"5238","6/2/2022",113,"Multiflora rose","N",2
"5239","6/2/2022",113,"Honeysuckle","N",0
"5240","6/2/2022",113,"Privot","N",0
"5241","6/2/2022",113,"Spicebush","N",0
"5242","6/2/2022",113,"Rubus","N",1
"5243","6/2/2022",113,"Mapleleaf viburnum","N",0
"5244","6/2/2022",113,"Buckthorn","S",1
"5245","6/2/2022",113,"Multiflora rose","S",3
"5246","6/2/2022",113,"Honeysuckle","S",0
"5247","6/2/2022",113,"Privot","S",0
"5248","6/2/2022",113,"Spicebush","S",0
"5249","6/2/2022",113,"Rubus","S",0
"5250","6/2/2022",113,"Mapleleaf viburnum","S",0
"5251","6/2/2022",76,"Buckthorn","N",1
"5252","6/2/2022",76,"Multiflora rose","N",4
"5253","6/2/2022",76,"Honeysuckle","N",0
"5254","6/2/2022",76,"Privot","N",0
"5255","6/2/2022",76,"Spicebush","N",0
"5256","6/2/2022",76,"Rubus","N",0
"5257","6/2/2022",76,"Mapleleaf viburnum","N",0
"5258","6/2/2022",76,"Buckthorn","S",1
"5259","6/2/2022",76,"Multiflora rose","S",5
"5260","6/2/2022",76,"Honeysuckle","S",0
"5261","6/2/2022",76,"Privot","S",0
"5262","6/2/2022",76,"Spicebush","S",0
"5263","6/2/2022",76,"Rubus","S",1
"5264","6/2/2022",76,"Mapleleaf viburnum","S",0
"5265","6/2/2022",884,"Buckthorn","N",1
"5266","6/2/2022",884,"Multiflora rose","N",4
"5267","6/2/2022",884,"Honeysuckle","N",0
"5268","6/2/2022",884,"Privot","N",0
"5269","6/2/2022",884,"Spicebush","N",0
"5270","6/2/2022",884,"Rubus","N",1
"5271","6/2/2022",884,"Mapleleaf viburnum","N",0
"5272","6/2/2022",884,"Buckthorn","S",1
"5273","6/2/2022",884,"Multiflora rose","S",3
"5274","6/2/2022",884,"Honeysuckle","S",0
"5275","6/2/2022",884,"Privot","S",0
"5276","6/2/2022",884,"Spicebush","S",0
"5277","6/2/2022",884,"Rubus","S",0
"5278","6/2/2022",884,"Mapleleaf viburnum","S",0
"5279","6/2/2022",123,"Buckthorn","N",0
"5280","6/2/2022",123,"Multiflora rose","N",0
"5281","6/2/2022",123,"Honeysuckle","N",0
"5282","6/2/2022",123,"Privot","N",0
"5283","6/2/2022",123,"Spicebush","N",0
"5284","6/2/2022",123,"Rubus","N",0
"5285","6/2/2022",123,"Mapleleaf viburnum","N",0
"5286","6/2/2022",123,"Buckthorn","S",1
"5287","6/2/2022",123,"Multiflora rose","S",0
"5288","6/2/2022",123,"Honeysuckle","S",0
"5289","6/2/2022",123,"Privot","S",1
"5290","6/2/2022",123,"Spicebush","S",0
"5291","6/2/2022",123,"Rubus","S",1
"5292","6/2/2022",123,"Mapleleaf viburnum","S",0
"5293","6/2/2022",124,"Buckthorn","N",1
"5294","6/2/2022",124,"Multiflora rose","N",1
"5295","6/2/2022",124,"Honeysuckle","N",0
"5296","6/2/2022",124,"Privot","N",1
"5297","6/2/2022",124,"Spicebush","N",0
"5298","6/2/2022",124,"Rubus","N",1
"5299","6/2/2022",124,"Mapleleaf viburnum","N",0
"5300","6/2/2022",124,"Buckthorn","S",0
"5301","6/2/2022",124,"Multiflora rose","S",2
"5302","6/2/2022",124,"Honeysuckle","S",0
"5303","6/2/2022",124,"Privot","S",1
"5304","6/2/2022",124,"Spicebush","S",0
"5305","6/2/2022",124,"Rubus","S",0
"5306","6/2/2022",124,"Mapleleaf viburnum","S",0
"5307","6/2/2022",227,"Buckthorn","N",0
"5308","6/2/2022",227,"Multiflora rose","N",3
"5309","6/2/2022",227,"Honeysuckle","N",0
"5310","6/2/2022",227,"Privot","N",0
"5311","6/2/2022",227,"Spicebush","N",0
"5312","6/2/2022",227,"Rubus","N",1
"5313","6/2/2022",227,"Mapleleaf viburnum","N",0
"5314","6/2/2022",227,"Buckthorn","S",1
"5315","6/2/2022",227,"Multiflora rose","S",1
"5316","6/2/2022",227,"Honeysuckle","S",0
"5317","6/2/2022",227,"Privot","S",1
"5318","6/2/2022",227,"Spicebush","S",0
"5319","6/2/2022",227,"Rubus","S",1
"5320","6/2/2022",227,"Mapleleaf viburnum","S",0
"5321","6/2/2022",888,"Buckthorn","N",0
"5322","6/2/2022",888,"Multiflora rose","N",4
"5323","6/2/2022",888,"Honeysuckle","N",0
"5324","6/2/2022",888,"Privot","N",0
"5325","6/2/2022",888,"Spicebush","N",0
"5326","6/2/2022",888,"Rubus","N",1
"5327","6/2/2022",888,"Mapleleaf viburnum","N",0
"5328","6/2/2022",888,"Buckthorn","S",0
"5329","6/2/2022",888,"Multiflora rose","S",2
"5330","6/2/2022",888,"Honeysuckle","S",0
"5331","6/2/2022",888,"Privot","S",0
"5332","6/2/2022",888,"Spicebush","S",0
"5333","6/2/2022",888,"Rubus","S",1
"5334","6/2/2022",888,"Mapleleaf viburnum","S",0
"5335","6/2/2022",122,"Buckthorn","N",0
"5336","6/2/2022",122,"Multiflora rose","N",1
"5337","6/2/2022",122,"Honeysuckle","N",1
"5338","6/2/2022",122,"Privot","N",0
"5339","6/2/2022",122,"Spicebush","N",0
"5340","6/2/2022",122,"Rubus","N",1
"5341","6/2/2022",122,"Mapleleaf viburnum","N",0
"5342","6/2/2022",122,"Buckthorn","S",0
"5343","6/2/2022",122,"Multiflora rose","S",0
"5344","6/2/2022",122,"Honeysuckle","S",0
"5345","6/2/2022",122,"Privot","S",1
"5346","6/2/2022",122,"Spicebush","S",0
"5347","6/2/2022",122,"Rubus","S",2
"5348","6/2/2022",122,"Mapleleaf viburnum","S",0
"5349","6/2/2022",183,"Buckthorn","N",1
"5350","6/2/2022",183,"Multiflora rose","N",0
"5351","6/2/2022",183,"Honeysuckle","N",1
"5352","6/2/2022",183,"Privot","N",0
"5353","6/2/2022",183,"Spicebush","N",1
"5354","6/2/2022",183,"Rubus","N",0
"5355","6/2/2022",183,"Mapleleaf viburnum","N",0
"5356","6/2/2022",183,"Buckthorn","S",1
"5357","6/2/2022",183,"Multiflora rose","S",0
"5358","6/2/2022",183,"Honeysuckle","S",0
"5359","6/2/2022",183,"Privot","S",0
"5360","6/2/2022",183,"Spicebush","S",0
"5361","6/2/2022",183,"Rubus","S",0
"5362","6/2/2022",183,"Mapleleaf viburnum","S",0
"5363","6/2/2022",323,"Buckthorn","N",1
"5364","6/2/2022",323,"Multiflora rose","N",1
"5365","6/2/2022",323,"Honeysuckle","N",0
"5366","6/2/2022",323,"Privot","N",0
"5367","6/2/2022",323,"Spicebush","N",1
"5368","6/2/2022",323,"Rubus","N",0
"5369","6/2/2022",323,"Mapleleaf viburnum","N",0
"5370","6/2/2022",323,"Buckthorn","S",1
"5371","6/2/2022",323,"Multiflora rose","S",0
"5372","6/2/2022",323,"Honeysuckle","S",0
"5373","6/2/2022",323,"Privot","S",0
"5374","6/2/2022",323,"Spicebush","S",0
"5375","6/2/2022",323,"Rubus","S",0
"5376","6/2/2022",323,"Mapleleaf viburnum","S",0
"5377","6/2/2022",179,"Buckthorn","N",1
"5378","6/2/2022",179,"Multiflora rose","N",1
"5379","6/2/2022",179,"Honeysuckle","N",1
"5380","6/2/2022",179,"Privot","N",0
"5381","6/2/2022",179,"Spicebush","N",0
"5382","6/2/2022",179,"Rubus","N",0
"5383","6/2/2022",179,"Mapleleaf viburnum","N",0
"5384","6/2/2022",179,"Buckthorn","S",1
"5385","6/2/2022",179,"Multiflora rose","S",0
"5386","6/2/2022",179,"Honeysuckle","S",0
"5387","6/2/2022",179,"Privot","S",0
"5388","6/2/2022",179,"Spicebush","S",0
"5389","6/2/2022",179,"Rubus","S",0
"5390","6/2/2022",179,"Mapleleaf viburnum","S",0
"5391","6/2/2022",321,"Buckthorn","N",1
"5392","6/2/2022",321,"Multiflora rose","N",0
"5393","6/2/2022",321,"Honeysuckle","N",1
"5394","6/2/2022",321,"Privot","N",0
"5395","6/2/2022",321,"Spicebush","N",0
"5396","6/2/2022",321,"Rubus","N",0
"5397","6/2/2022",321,"Mapleleaf viburnum","N",0
"5398","6/2/2022",321,"Buckthorn","S",1
"5399","6/2/2022",321,"Multiflora rose","S",1
"5400","6/2/2022",321,"Honeysuckle","S",0
"5401","6/2/2022",321,"Privot","S",0
"5402","6/2/2022",321,"Spicebush","S",0
"5403","6/2/2022",321,"Rubus","S",0
"5404","6/2/2022",321,"Mapleleaf viburnum","S",0
"5405","6/2/2022",184,"Buckthorn","N",2
"5406","6/2/2022",184,"Multiflora rose","N",1
"5407","6/2/2022",184,"Honeysuckle","N",0
"5408","6/2/2022",184,"Privot","N",0
"5409","6/2/2022",184,"Spicebush","N",0
"5410","6/2/2022",184,"Rubus","N",0
"5411","6/2/2022",184,"Mapleleaf viburnum","N",0
"5412","6/2/2022",184,"Buckthorn","S",2
"5413","6/2/2022",184,"Multiflora rose","S",0
"5414","6/2/2022",184,"Honeysuckle","S",0
"5415","6/2/2022",184,"Privot","S",0
"5416","6/2/2022",184,"Spicebush","S",0
"5417","6/2/2022",184,"Rubus","S",2
"5418","6/2/2022",184,"Mapleleaf viburnum","S",0
"5419","6/2/2022",322,"Buckthorn","N",1
"5420","6/2/2022",322,"Multiflora rose","N",1
"5421","6/2/2022",322,"Honeysuckle","N",0
"5422","6/2/2022",322,"Privot","N",0
"5423","6/2/2022",322,"Spicebush","N",0
"5424","6/2/2022",322,"Rubus","N",0
"5425","6/2/2022",322,"Mapleleaf viburnum","N",0
"5426","6/2/2022",322,"Buckthorn","S",1
"5427","6/2/2022",322,"Multiflora rose","S",1
"5428","6/2/2022",322,"Honeysuckle","S",0
"5429","6/2/2022",322,"Privot","S",0
"5430","6/2/2022",322,"Spicebush","S",0
"5431","6/2/2022",322,"Rubus","S",1
"5432","6/2/2022",322,"Mapleleaf viburnum","S",0
"5433","6/2/2022",391,"Buckthorn","N",2
"5434","6/2/2022",391,"Multiflora rose","N",0
"5435","6/2/2022",391,"Honeysuckle","N",1
"5436","6/2/2022",391,"Privot","N",0
"5437","6/2/2022",391,"Spicebush","N",0
"5438","6/2/2022",391,"Rubus","N",0
"5439","6/2/2022",391,"Mapleleaf viburnum","N",0
"5440","6/2/2022",391,"Buckthorn","S",1
"5441","6/2/2022",391,"Multiflora rose","S",1
"5442","6/2/2022",391,"Honeysuckle","S",0
"5443","6/2/2022",391,"Privot","S",0
"5444","6/2/2022",391,"Spicebush","S",0
"5445","6/2/2022",391,"Rubus","S",0
"5446","6/2/2022",391,"Mapleleaf viburnum","S",0
"5447","6/2/2022",390,"Buckthorn","N",2
"5448","6/2/2022",390,"Multiflora rose","N",1
"5449","6/2/2022",390,"Honeysuckle","N",0
"5450","6/2/2022",390,"Privot","N",1
"5451","6/2/2022",390,"Spicebush","N",1
"5452","6/2/2022",390,"Rubus","N",1
"5453","6/2/2022",390,"Mapleleaf viburnum","N",0
"5454","6/2/2022",390,"Buckthorn","S",1
"5455","6/2/2022",390,"Multiflora rose","S",1
"5456","6/2/2022",390,"Honeysuckle","S",0
"5457","6/2/2022",390,"Privot","S",0
"5458","6/2/2022",390,"Spicebush","S",0
"5459","6/2/2022",390,"Rubus","S",1
"5460","6/2/2022",390,"Mapleleaf viburnum","S",0
"5461","6/2/2022",324,"Buckthorn","N",1
"5462","6/2/2022",324,"Multiflora rose","N",1
"5463","6/2/2022",324,"Honeysuckle","N",0
"5464","6/2/2022",324,"Privot","N",0
"5465","6/2/2022",324,"Spicebush","N",0
"5466","6/2/2022",324,"Rubus","N",0
"5467","6/2/2022",324,"Mapleleaf viburnum","N",0
"5468","6/2/2022",324,"Buckthorn","S",1
"5469","6/2/2022",324,"Multiflora rose","S",0
"5470","6/2/2022",324,"Honeysuckle","S",0
"5471","6/2/2022",324,"Privot","S",0
"5472","6/2/2022",324,"Spicebush","S",0
"5473","6/2/2022",324,"Rubus","S",0
"5474","6/2/2022",324,"Mapleleaf viburnum","S",0
"5475","6/2/2022",940,"Buckthorn","N",1
"5476","6/2/2022",940,"Multiflora rose","N",1
"5477","6/2/2022",940,"Honeysuckle","N",1
"5478","6/2/2022",940,"Privot","N",1
"5479","6/2/2022",940,"Spicebush","N",0
"5480","6/2/2022",940,"Rubus","N",0
"5481","6/2/2022",940,"Mapleleaf viburnum","N",0
"5482","6/2/2022",940,"Buckthorn","S",1
"5483","6/2/2022",940,"Multiflora rose","S",2
"5484","6/2/2022",940,"Honeysuckle","S",1
"5485","6/2/2022",940,"Privot","S",0
"5486","6/2/2022",940,"Spicebush","S",0
"5487","6/2/2022",940,"Rubus","S",0
"5488","6/2/2022",940,"Mapleleaf viburnum","S",0
"5489","6/2/2022",327,"Buckthorn","N",1
"5490","6/2/2022",327,"Multiflora rose","N",0
"5491","6/2/2022",327,"Honeysuckle","N",0
"5492","6/2/2022",327,"Privot","N",0
"5493","6/2/2022",327,"Spicebush","N",0
"5494","6/2/2022",327,"Rubus","N",0
"5495","6/2/2022",327,"Mapleleaf viburnum","N",0
"5496","6/2/2022",327,"Buckthorn","S",1
"5497","6/2/2022",327,"Multiflora rose","S",0
"5498","6/2/2022",327,"Honeysuckle","S",1
"5499","6/2/2022",327,"Privot","S",0
"5500","6/2/2022",327,"Spicebush","S",0
"5501","6/2/2022",327,"Rubus","S",0
"5502","6/2/2022",327,"Mapleleaf viburnum","S",0
"5503","6/2/2022",329,"Buckthorn","N",1
"5504","6/2/2022",329,"Multiflora rose","N",0
"5505","6/2/2022",329,"Honeysuckle","N",0
"5506","6/2/2022",329,"Privot","N",0
"5507","6/2/2022",329,"Spicebush","N",0
"5508","6/2/2022",329,"Rubus","N",0
"5509","6/2/2022",329,"Mapleleaf viburnum","N",0
"5510","6/2/2022",329,"Buckthorn","S",1
"5511","6/2/2022",329,"Multiflora rose","S",0
"5512","6/2/2022",329,"Honeysuckle","S",0
"5513","6/2/2022",329,"Privot","S",0
"5514","6/2/2022",329,"Spicebush","S",0
"5515","6/2/2022",329,"Rubus","S",0
"5516","6/2/2022",329,"Mapleleaf viburnum","S",0
"5517","6/2/2022",328,"Buckthorn","N",1
"5518","6/2/2022",328,"Multiflora rose","N",1
"5519","6/2/2022",328,"Honeysuckle","N",0
"5520","6/2/2022",328,"Privot","N",1
"5521","6/2/2022",328,"Spicebush","N",0
"5522","6/2/2022",328,"Rubus","N",0
"5523","6/2/2022",328,"Mapleleaf viburnum","N",0
"5524","6/2/2022",328,"Buckthorn","S",1
"5525","6/2/2022",328,"Multiflora rose","S",1
"5526","6/2/2022",328,"Honeysuckle","S",0
"5527","6/2/2022",328,"Privot","S",0
"5528","6/2/2022",328,"Spicebush","S",0
"5529","6/2/2022",328,"Rubus","S",1
"5530","6/2/2022",328,"Mapleleaf viburnum","S",0
"5531","6/2/2022",175,"Buckthorn","N",1
"5532","6/2/2022",175,"Multiflora rose","N",1
"5533","6/2/2022",175,"Honeysuckle","N",0
"5534","6/2/2022",175,"Privot","N",0
"5535","6/2/2022",175,"Spicebush","N",0
"5536","6/2/2022",175,"Rubus","N",0
"5537","6/2/2022",175,"Mapleleaf viburnum","N",0
"5538","6/2/2022",175,"Buckthorn","S",1
"5539","6/2/2022",175,"Multiflora rose","S",1
"5540","6/2/2022",175,"Honeysuckle","S",0
"5541","6/2/2022",175,"Privot","S",0
"5542","6/2/2022",175,"Spicebush","S",0
"5543","6/2/2022",175,"Rubus","S",1
"5544","6/2/2022",175,"Mapleleaf viburnum","S",0
"5545","6/2/2022",278,"Buckthorn","N",1
"5546","6/2/2022",278,"Multiflora rose","N",1
"5547","6/2/2022",278,"Honeysuckle","N",0
"5548","6/2/2022",278,"Privot","N",0
"5549","6/2/2022",278,"Spicebush","N",0
"5550","6/2/2022",278,"Rubus","N",0
"5551","6/2/2022",278,"Mapleleaf viburnum","N",0
"5552","6/2/2022",278,"Buckthorn","S",0
"5553","6/2/2022",278,"Multiflora rose","S",0
"5554","6/2/2022",278,"Honeysuckle","S",0
"5555","6/2/2022",278,"Privot","S",0
"5556","6/2/2022",278,"Spicebush","S",0
"5557","6/2/2022",278,"Rubus","S",0
"5558","6/2/2022",278,"Mapleleaf viburnum","S",0
"5559","6/2/2022",383,"Buckthorn","N",1
"5560","6/2/2022",383,"Multiflora rose","N",1
"5561","6/2/2022",383,"Honeysuckle","N",0
"5562","6/2/2022",383,"Privot","N",0
"5563","6/2/2022",383,"Spicebush","N",0
"5564","6/2/2022",383,"Rubus","N",0
"5565","6/2/2022",383,"Mapleleaf viburnum","N",0
"5566","6/2/2022",383,"Buckthorn","S",0
"5567","6/2/2022",383,"Multiflora rose","S",0
"5568","6/2/2022",383,"Honeysuckle","S",0
"5569","6/2/2022",383,"Privot","S",0
"5570","6/2/2022",383,"Spicebush","S",0
"5571","6/2/2022",383,"Rubus","S",0
"5572","6/2/2022",383,"Mapleleaf viburnum","S",0
"5573","6/2/2022",318,"Buckthorn","N",1
"5574","6/2/2022",318,"Multiflora rose","N",1
"5575","6/2/2022",318,"Honeysuckle","N",1
"5576","6/2/2022",318,"Privot","N",0
"5577","6/2/2022",318,"Spicebush","N",0
"5578","6/2/2022",318,"Rubus","N",0
"5579","6/2/2022",318,"Mapleleaf viburnum","N",0
"5580","6/2/2022",318,"Buckthorn","S",1
"5581","6/2/2022",318,"Multiflora rose","S",1
"5582","6/2/2022",318,"Honeysuckle","S",0
"5583","6/2/2022",318,"Privot","S",0
"5584","6/2/2022",318,"Spicebush","S",0
"5585","6/2/2022",318,"Rubus","S",0
"5586","6/2/2022",318,"Mapleleaf viburnum","S",0
"5587","6/2/2022",382,"Buckthorn","N",0
"5588","6/2/2022",382,"Multiflora rose","N",0
"5589","6/2/2022",382,"Honeysuckle","N",0
"5590","6/2/2022",382,"Privot","N",1
"5591","6/2/2022",382,"Spicebush","N",0
"5592","6/2/2022",382,"Rubus","N",0
"5593","6/2/2022",382,"Mapleleaf viburnum","N",0
"5594","6/2/2022",382,"Buckthorn","S",1
"5595","6/2/2022",382,"Multiflora rose","S",1
"5596","6/2/2022",382,"Honeysuckle","S",0
"5597","6/2/2022",382,"Privot","S",0
"5598","6/2/2022",382,"Spicebush","S",1
"5599","6/2/2022",382,"Rubus","S",0
"5600","6/2/2022",382,"Mapleleaf viburnum","S",0
"5601","6/2/2022",330,"Buckthorn","N",1
"5602","6/2/2022",330,"Multiflora rose","N",1
"5603","6/2/2022",330,"Honeysuckle","N",1
"5604","6/2/2022",330,"Privot","N",0
"5605","6/2/2022",330,"Spicebush","N",0
"5606","6/2/2022",330,"Rubus","N",0
"5607","6/2/2022",330,"Mapleleaf viburnum","N",1
"5608","6/2/2022",330,"Buckthorn","S",0
"5609","6/2/2022",330,"Multiflora rose","S",0
"5610","6/2/2022",330,"Honeysuckle","S",1
"5611","6/2/2022",330,"Privot","S",0
"5612","6/2/2022",330,"Spicebush","S",0
"5613","6/2/2022",330,"Rubus","S",0
"5614","6/2/2022",330,"Mapleleaf viburnum","S",0
"5615","6/2/2022",931,"Buckthorn","N",0
"5616","6/2/2022",931,"Multiflora rose","N",1
"5617","6/2/2022",931,"Honeysuckle","N",0
"5618","6/2/2022",931,"Privot","N",0
"5619","6/2/2022",931,"Spicebush","N",0
"5620","6/2/2022",931,"Rubus","N",0
"5621","6/2/2022",931,"Mapleleaf viburnum","N",0
"5622","6/2/2022",931,"Buckthorn","S",0
"5623","6/2/2022",931,"Multiflora rose","S",1
"5624","6/2/2022",931,"Honeysuckle","S",0
"5625","6/2/2022",931,"Privot","S",0
"5626","6/2/2022",931,"Spicebush","S",0
"5627","6/2/2022",931,"Rubus","S",0
"5628","6/2/2022",931,"Mapleleaf viburnum","S",0
"5629","6/2/2022",178,"Buckthorn","N",1
"5630","6/2/2022",178,"Multiflora rose","N",1
"5631","6/2/2022",178,"Honeysuckle","N",1
"5632","6/2/2022",178,"Privot","N",0
"5633","6/2/2022",178,"Spicebush","N",0
"5634","6/2/2022",178,"Rubus","N",0
"5635","6/2/2022",178,"Mapleleaf viburnum","N",1
"5636","6/2/2022",178,"Buckthorn","S",0
"5637","6/2/2022",178,"Multiflora rose","S",1
"5638","6/2/2022",178,"Honeysuckle","S",1
"5639","6/2/2022",178,"Privot","S",0
"5640","6/2/2022",178,"Spicebush","S",0
"5641","6/2/2022",178,"Rubus","S",0
"5642","6/2/2022",178,"Mapleleaf viburnum","S",0
"5643","6/2/2022",301,"Buckthorn","N",0
"5644","6/2/2022",301,"Multiflora rose","N",1
"5645","6/2/2022",301,"Honeysuckle","N",0
"5646","6/2/2022",301,"Privot","N",0
"5647","6/2/2022",301,"Spicebush","N",0
"5648","6/2/2022",301,"Rubus","N",1
"5649","6/2/2022",301,"Mapleleaf viburnum","N",1
"5650","6/2/2022",301,"Buckthorn","S",1
"5651","6/2/2022",301,"Multiflora rose","S",1
"5652","6/2/2022",301,"Honeysuckle","S",0
"5653","6/2/2022",301,"Privot","S",0
"5654","6/2/2022",301,"Spicebush","S",0
"5655","6/2/2022",301,"Rubus","S",1
"5656","6/2/2022",301,"Mapleleaf viburnum","S",0
"5657","6/2/2022",302,"Buckthorn","N",1
"5658","6/2/2022",302,"Multiflora rose","N",2
"5659","6/2/2022",302,"Honeysuckle","N",1
"5660","6/2/2022",302,"Privot","N",0
"5661","6/2/2022",302,"Spicebush","N",0
"5662","6/2/2022",302,"Rubus","N",0
"5663","6/2/2022",302,"Mapleleaf viburnum","N",1
"5664","6/2/2022",302,"Buckthorn","S",0
"5665","6/2/2022",302,"Multiflora rose","S",1
"5666","6/2/2022",302,"Honeysuckle","S",0
"5667","6/2/2022",302,"Privot","S",0
"5668","6/2/2022",302,"Spicebush","S",0
"5669","6/2/2022",302,"Rubus","S",1
"5670","6/2/2022",302,"Mapleleaf viburnum","S",0
"5671","6/2/2022",379,"Buckthorn","N",1
"5672","6/2/2022",379,"Multiflora rose","N",0
"5673","6/2/2022",379,"Honeysuckle","N",1
"5674","6/2/2022",379,"Privot","N",0
"5675","6/2/2022",379,"Spicebush","N",0
"5676","6/2/2022",379,"Rubus","N",1
"5677","6/2/2022",379,"Mapleleaf viburnum","N",0
"5678","6/2/2022",379,"Buckthorn","S",0
"5679","6/2/2022",379,"Multiflora rose","S",1
"5680","6/2/2022",379,"Honeysuckle","S",0
"5681","6/2/2022",379,"Privot","S",0
"5682","6/2/2022",379,"Spicebush","S",0
"5683","6/2/2022",379,"Rubus","S",1
"5684","6/2/2022",379,"Mapleleaf viburnum","S",0
"5685","6/2/2022",303,"Buckthorn","N",0
"5686","6/2/2022",303,"Multiflora rose","N",3
"5687","6/2/2022",303,"Honeysuckle","N",0
"5688","6/2/2022",303,"Privot","N",0
"5689","6/2/2022",303,"Spicebush","N",0
"5690","6/2/2022",303,"Rubus","N",1
"5691","6/2/2022",303,"Mapleleaf viburnum","N",0
"5692","6/2/2022",303,"Buckthorn","S",0
"5693","6/2/2022",303,"Multiflora rose","S",2
"5694","6/2/2022",303,"Honeysuckle","S",0
"5695","6/2/2022",303,"Privot","S",0
"5696","6/2/2022",303,"Spicebush","S",0
"5697","6/2/2022",303,"Rubus","S",1
"5698","6/2/2022",303,"Mapleleaf viburnum","S",0
"5699","6/2/2022",339,"Buckthorn","N",0
"5700","6/2/2022",339,"Multiflora rose","N",1
"5701","6/2/2022",339,"Honeysuckle","N",0
"5702","6/2/2022",339,"Privot","N",0
"5703","6/2/2022",339,"Spicebush","N",0
"5704","6/2/2022",339,"Rubus","N",1
"5705","6/2/2022",339,"Mapleleaf viburnum","N",0
"5706","6/2/2022",339,"Buckthorn","S",0
"5707","6/2/2022",339,"Multiflora rose","S",1
"5708","6/2/2022",339,"Honeysuckle","S",0
"5709","6/2/2022",339,"Privot","S",0
"5710","6/2/2022",339,"Spicebush","S",0
"5711","6/2/2022",339,"Rubus","S",2
"5712","6/2/2022",339,"Mapleleaf viburnum","S",0
"5713","6/2/2022",981,"Buckthorn","N",0
"5714","6/2/2022",981,"Multiflora rose","N",0
"5715","6/2/2022",981,"Honeysuckle","N",0
"5716","6/2/2022",981,"Privot","N",0
"5717","6/2/2022",981,"Spicebush","N",0
"5718","6/2/2022",981,"Rubus","N",1
"5719","6/2/2022",981,"Mapleleaf viburnum","N",0
"5720","6/2/2022",981,"Buckthorn","S",1
"5721","6/2/2022",981,"Multiflora rose","S",0
"5722","6/2/2022",981,"Honeysuckle","S",0
"5723","6/2/2022",981,"Privot","S",0
"5724","6/2/2022",981,"Spicebush","S",0
"5725","6/2/2022",981,"Rubus","S",0
"5726","6/2/2022",981,"Mapleleaf viburnum","S",1
"5727","6/2/2022",341,"Buckthorn","N",1
"5728","6/2/2022",341,"Multiflora rose","N",1
"5729","6/2/2022",341,"Honeysuckle","N",0
"5730","6/2/2022",341,"Privot","N",0
"5731","6/2/2022",341,"Spicebush","N",0
"5732","6/2/2022",341,"Rubus","N",1
"5733","6/2/2022",341,"Mapleleaf viburnum","N",0
"5734","6/2/2022",341,"Buckthorn","S",1
"5735","6/2/2022",341,"Multiflora rose","S",0
"5736","6/2/2022",341,"Honeysuckle","S",0
"5737","6/2/2022",341,"Privot","S",0
"5738","6/2/2022",341,"Spicebush","S",0
"5739","6/2/2022",341,"Rubus","S",1
"5740","6/2/2022",341,"Mapleleaf viburnum","S",0
"5741","6/2/2022",936,"Buckthorn","N",0
"5742","6/2/2022",936,"Multiflora rose","N",0
"5743","6/2/2022",936,"Honeysuckle","N",0
"5744","6/2/2022",936,"Privot","N",0
"5745","6/2/2022",936,"Spicebush","N",0
"5746","6/2/2022",936,"Rubus","N",0
"5747","6/2/2022",936,"Mapleleaf viburnum","N",0
"5748","6/2/2022",936,"Buckthorn","S",1
"5749","6/2/2022",936,"Multiflora rose","S",1
"5750","6/2/2022",936,"Honeysuckle","S",0
"5751","6/2/2022",936,"Privot","S",1
"5752","6/2/2022",936,"Spicebush","S",0
"5753","6/2/2022",936,"Rubus","S",0
"5754","6/2/2022",936,"Mapleleaf viburnum","S",0
"5755","6/2/2022",377,"Buckthorn","N",1
"5756","6/2/2022",377,"Multiflora rose","N",1
"5757","6/2/2022",377,"Honeysuckle","N",0
"5758","6/2/2022",377,"Privot","N",0
"5759","6/2/2022",377,"Spicebush","N",0
"5760","6/2/2022",377,"Rubus","N",0
"5761","6/2/2022",377,"Mapleleaf viburnum","N",0
"5762","6/2/2022",377,"Buckthorn","S",1
"5763","6/2/2022",377,"Multiflora rose","S",1
"5764","6/2/2022",377,"Honeysuckle","S",0
"5765","6/2/2022",377,"Privot","S",1
"5766","6/2/2022",377,"Spicebush","S",0
"5767","6/2/2022",377,"Rubus","S",1
"5768","6/2/2022",377,"Mapleleaf viburnum","S",0
"5769","6/2/2022",325,"Buckthorn","N",0
"5770","6/2/2022",325,"Multiflora rose","N",1
"5771","6/2/2022",325,"Honeysuckle","N",0
"5772","6/2/2022",325,"Privot","N",0
"5773","6/2/2022",325,"Spicebush","N",0
"5774","6/2/2022",325,"Rubus","N",1
"5775","6/2/2022",325,"Mapleleaf viburnum","N",0
"5776","6/2/2022",325,"Buckthorn","S",0
"5777","6/2/2022",325,"Multiflora rose","S",2
"5778","6/2/2022",325,"Honeysuckle","S",0
"5779","6/2/2022",325,"Privot","S",0
"5780","6/2/2022",325,"Spicebush","S",0
"5781","6/2/2022",325,"Rubus","S",2
"5782","6/2/2022",325,"Mapleleaf viburnum","S",0
"5783","6/2/2022",195,"Buckthorn","N",0
"5784","6/2/2022",195,"Multiflora rose","N",1
"5785","6/2/2022",195,"Honeysuckle","N",0
"5786","6/2/2022",195,"Privot","N",1
"5787","6/2/2022",195,"Spicebush","N",0
"5788","6/2/2022",195,"Rubus","N",1
"5789","6/2/2022",195,"Mapleleaf viburnum","N",0
"5790","6/2/2022",195,"Buckthorn","S",0
"5791","6/2/2022",195,"Multiflora rose","S",1
"5792","6/2/2022",195,"Honeysuckle","S",0
"5793","6/2/2022",195,"Privot","S",0
"5794","6/2/2022",195,"Spicebush","S",0
"5795","6/2/2022",195,"Rubus","S",1
"5796","6/2/2022",195,"Mapleleaf viburnum","S",0
"5797","6/3/2022",380,"Buckthorn","N",1
"5798","6/3/2022",380,"Multiflora rose","N",1
"5799","6/3/2022",380,"Honeysuckle","N",0
"5800","6/3/2022",380,"Privot","N",0
"5801","6/3/2022",380,"Spicebush","N",0
"5802","6/3/2022",380,"Rubus","N",0
"5803","6/3/2022",380,"Mapleleaf viburnum","N",0
"5804","6/3/2022",380,"Buckthorn","S",1
"5805","6/3/2022",380,"Multiflora rose","S",1
"5806","6/3/2022",380,"Honeysuckle","S",0
"5807","6/3/2022",380,"Privot","S",0
"5808","6/3/2022",380,"Spicebush","S",0
"5809","6/3/2022",380,"Rubus","S",0
"5810","6/3/2022",380,"Mapleleaf viburnum","S",0
"5811","6/3/2022",336,"Buckthorn","N",1
"5812","6/3/2022",336,"Multiflora rose","N",1
"5813","6/3/2022",336,"Honeysuckle","N",0
"5814","6/3/2022",336,"Privot","N",0
"5815","6/3/2022",336,"Spicebush","N",0
"5816","6/3/2022",336,"Rubus","N",0
"5817","6/3/2022",336,"Mapleleaf viburnum","N",0
"5818","6/3/2022",336,"Buckthorn","S",0
"5819","6/3/2022",336,"Multiflora rose","S",1
"5820","6/3/2022",336,"Honeysuckle","S",0
"5821","6/3/2022",336,"Privot","S",0
"5822","6/3/2022",336,"Spicebush","S",0
"5823","6/3/2022",336,"Rubus","S",0
"5824","6/3/2022",336,"Mapleleaf viburnum","S",0
"5825","6/3/2022",332,"Buckthorn","N",0
"5826","6/3/2022",332,"Multiflora rose","N",0
"5827","6/3/2022",332,"Honeysuckle","N",0
"5828","6/3/2022",332,"Privot","N",0
"5829","6/3/2022",332,"Spicebush","N",0
"5830","6/3/2022",332,"Rubus","N",0
"5831","6/3/2022",332,"Mapleleaf viburnum","N",0
"5832","6/3/2022",332,"Buckthorn","S",1
"5833","6/3/2022",332,"Multiflora rose","S",0
"5834","6/3/2022",332,"Honeysuckle","S",0
"5835","6/3/2022",332,"Privot","S",0
"5836","6/3/2022",332,"Spicebush","S",0
"5837","6/3/2022",332,"Rubus","S",0
"5838","6/3/2022",332,"Mapleleaf viburnum","S",0
"5839","6/3/2022",326,"Buckthorn","N",0
"5840","6/3/2022",326,"Multiflora rose","N",1
"5841","6/3/2022",326,"Honeysuckle","N",0
"5842","6/3/2022",326,"Privot","N",0
"5843","6/3/2022",326,"Spicebush","N",0
"5844","6/3/2022",326,"Rubus","N",0
"5845","6/3/2022",326,"Mapleleaf viburnum","N",0
"5846","6/3/2022",326,"Buckthorn","S",0
"5847","6/3/2022",326,"Multiflora rose","S",1
"5848","6/3/2022",326,"Honeysuckle","S",0
"5849","6/3/2022",326,"Privot","S",0
"5850","6/3/2022",326,"Spicebush","S",0
"5851","6/3/2022",326,"Rubus","S",0
"5852","6/3/2022",326,"Mapleleaf viburnum","S",0
"5853","6/3/2022",185,"Buckthorn","N",1
"5854","6/3/2022",185,"Multiflora rose","N",0
"5855","6/3/2022",185,"Honeysuckle","N",0
"5856","6/3/2022",185,"Privot","N",0
"5857","6/3/2022",185,"Spicebush","N",0
"5858","6/3/2022",185,"Rubus","N",0
"5859","6/3/2022",185,"Mapleleaf viburnum","N",0
"5860","6/3/2022",185,"Buckthorn","S",1
"5861","6/3/2022",185,"Multiflora rose","S",1
"5862","6/3/2022",185,"Honeysuckle","S",0
"5863","6/3/2022",185,"Privot","S",0
"5864","6/3/2022",185,"Spicebush","S",0
"5865","6/3/2022",185,"Rubus","S",0
"5866","6/3/2022",185,"Mapleleaf viburnum","S",0
"5867","6/3/2022",996,"Buckthorn","N",1
"5868","6/3/2022",996,"Multiflora rose","N",0
"5869","6/3/2022",996,"Honeysuckle","N",0
"5870","6/3/2022",996,"Privot","N",0
"5871","6/3/2022",996,"Spicebush","N",0
"5872","6/3/2022",996,"Rubus","N",0
"5873","6/3/2022",996,"Mapleleaf viburnum","N",0
"5874","6/3/2022",996,"Buckthorn","S",1
"5875","6/3/2022",996,"Multiflora rose","S",0
"5876","6/3/2022",996,"Honeysuckle","S",0
"5877","6/3/2022",996,"Privot","S",0
"5878","6/3/2022",996,"Spicebush","S",0
"5879","6/3/2022",996,"Rubus","S",0
"5880","6/3/2022",996,"Mapleleaf viburnum","S",0
"5881","6/3/2022",897,"Buckthorn","N",0
"5882","6/3/2022",897,"Multiflora rose","N",0
"5883","6/3/2022",897,"Honeysuckle","N",0
"5884","6/3/2022",897,"Privot","N",0
"5885","6/3/2022",897,"Spicebush","N",0
"5886","6/3/2022",897,"Rubus","N",0
"5887","6/3/2022",897,"Mapleleaf viburnum","N",0
"5888","6/3/2022",897,"Buckthorn","S",0
"5889","6/3/2022",897,"Multiflora rose","S",1
"5890","6/3/2022",897,"Honeysuckle","S",0
"5891","6/3/2022",897,"Privot","S",0
"5892","6/3/2022",897,"Spicebush","S",0
"5893","6/3/2022",897,"Rubus","S",0
"5894","6/3/2022",897,"Mapleleaf viburnum","S",0
"5895","6/3/2022",331,"Buckthorn","N",1
"5896","6/3/2022",331,"Multiflora rose","N",1
"5897","6/3/2022",331,"Honeysuckle","N",0
"5898","6/3/2022",331,"Privot","N",0
"5899","6/3/2022",331,"Spicebush","N",0
"5900","6/3/2022",331,"Rubus","N",0
"5901","6/3/2022",331,"Mapleleaf viburnum","N",0
"5902","6/3/2022",331,"Buckthorn","S",1
"5903","6/3/2022",331,"Multiflora rose","S",1
"5904","6/3/2022",331,"Honeysuckle","S",0
"5905","6/3/2022",331,"Privot","S",0
"5906","6/3/2022",331,"Spicebush","S",0
"5907","6/3/2022",331,"Rubus","S",0
"5908","6/3/2022",331,"Mapleleaf viburnum","S",0
"5909","6/3/2022",381,"Buckthorn","N",1
"5910","6/3/2022",381,"Multiflora rose","N",1
"5911","6/3/2022",381,"Honeysuckle","N",0
"5912","6/3/2022",381,"Privot","N",0
"5913","6/3/2022",381,"Spicebush","N",0
"5914","6/3/2022",381,"Rubus","N",0
"5915","6/3/2022",381,"Mapleleaf viburnum","N",0
"5916","6/3/2022",381,"Buckthorn","S",0
"5917","6/3/2022",381,"Multiflora rose","S",1
"5918","6/3/2022",381,"Honeysuckle","S",0
"5919","6/3/2022",381,"Privot","S",0
"5920","6/3/2022",381,"Spicebush","S",0
"5921","6/3/2022",381,"Rubus","S",1
"5922","6/3/2022",381,"Mapleleaf viburnum","S",0
"5923","6/3/2022",338,"Buckthorn","N",1
"5924","6/3/2022",338,"Multiflora rose","N",0
"5925","6/3/2022",338,"Honeysuckle","N",0
"5926","6/3/2022",338,"Privot","N",0
"5927","6/3/2022",338,"Spicebush","N",0
"5928","6/3/2022",338,"Rubus","N",1
"5929","6/3/2022",338,"Mapleleaf viburnum","N",0
"5930","6/3/2022",338,"Buckthorn","S",1
"5931","6/3/2022",338,"Multiflora rose","S",0
"5932","6/3/2022",338,"Honeysuckle","S",0
"5933","6/3/2022",338,"Privot","S",0
"5934","6/3/2022",338,"Spicebush","S",0
"5935","6/3/2022",338,"Rubus","S",0
"5936","6/3/2022",338,"Mapleleaf viburnum","S",0
"5937","6/3/2022",282,"Buckthorn","N",0
"5938","6/3/2022",282,"Multiflora rose","N",0
"5939","6/3/2022",282,"Honeysuckle","N",0
"5940","6/3/2022",282,"Privot","N",0
"5941","6/3/2022",282,"Spicebush","N",0
"5942","6/3/2022",282,"Rubus","N",0
"5943","6/3/2022",282,"Mapleleaf viburnum","N",0
"5944","6/3/2022",282,"Buckthorn","S",0
"5945","6/3/2022",282,"Multiflora rose","S",0
"5946","6/3/2022",282,"Honeysuckle","S",0
"5947","6/3/2022",282,"Privot","S",0
"5948","6/3/2022",282,"Spicebush","S",0
"5949","6/3/2022",282,"Rubus","S",0
"5950","6/3/2022",282,"Mapleleaf viburnum","S",1
"5951","6/3/2022",277,"Buckthorn","N",1
"5952","6/3/2022",277,"Multiflora rose","N",0
"5953","6/3/2022",277,"Honeysuckle","N",0
"5954","6/3/2022",277,"Privot","N",0
"5955","6/3/2022",277,"Spicebush","N",0
"5956","6/3/2022",277,"Rubus","N",1
"5957","6/3/2022",277,"Mapleleaf viburnum","N",0
"5958","6/3/2022",277,"Buckthorn","S",1
"5959","6/3/2022",277,"Multiflora rose","S",0
"5960","6/3/2022",277,"Honeysuckle","S",0
"5961","6/3/2022",277,"Privot","S",0
"5962","6/3/2022",277,"Spicebush","S",0
"5963","6/3/2022",277,"Rubus","S",1
"5964","6/3/2022",277,"Mapleleaf viburnum","S",0
"5965","6/3/2022",279,"Buckthorn","N",0
"5966","6/3/2022",279,"Multiflora rose","N",0
"5967","6/3/2022",279,"Honeysuckle","N",0
"5968","6/3/2022",279,"Privot","N",0
"5969","6/3/2022",279,"Spicebush","N",0
"5970","6/3/2022",279,"Rubus","N",0
"5971","6/3/2022",279,"Mapleleaf viburnum","N",0
"5972","6/3/2022",279,"Buckthorn","S",1
"5973","6/3/2022",279,"Multiflora rose","S",0
"5974","6/3/2022",279,"Honeysuckle","S",0
"5975","6/3/2022",279,"Privot","S",0
"5976","6/3/2022",279,"Spicebush","S",0
"5977","6/3/2022",279,"Rubus","S",0
"5978","6/3/2022",279,"Mapleleaf viburnum","S",0
"5979","6/3/2022",310,"Buckthorn","N",0
"5980","6/3/2022",310,"Multiflora rose","N",0
"5981","6/3/2022",310,"Honeysuckle","N",0
"5982","6/3/2022",310,"Privot","N",0
"5983","6/3/2022",310,"Spicebush","N",0
"5984","6/3/2022",310,"Rubus","N",0
"5985","6/3/2022",310,"Mapleleaf viburnum","N",0
"5986","6/3/2022",310,"Buckthorn","S",0
"5987","6/3/2022",310,"Multiflora rose","S",0
"5988","6/3/2022",310,"Honeysuckle","S",0
"5989","6/3/2022",310,"Privot","S",0
"5990","6/3/2022",310,"Spicebush","S",0
"5991","6/3/2022",310,"Rubus","S",0
"5992","6/3/2022",310,"Mapleleaf viburnum","S",0
"5993","6/3/2022",309,"Buckthorn","N",1
"5994","6/3/2022",309,"Multiflora rose","N",0
"5995","6/3/2022",309,"Honeysuckle","N",0
"5996","6/3/2022",309,"Privot","N",0
"5997","6/3/2022",309,"Spicebush","N",0
"5998","6/3/2022",309,"Rubus","N",0
"5999","6/3/2022",309,"Mapleleaf viburnum","N",0
"6000","6/3/2022",309,"Buckthorn","S",0
"6001","6/3/2022",309,"Multiflora rose","S",0
"6002","6/3/2022",309,"Honeysuckle","S",0
"6003","6/3/2022",309,"Privot","S",0
"6004","6/3/2022",309,"Spicebush","S",0
"6005","6/3/2022",309,"Rubus","S",0
"6006","6/3/2022",309,"Mapleleaf viburnum","S",0
"6007","6/3/2022",969,"Buckthorn","N",0
"6008","6/3/2022",969,"Multiflora rose","N",0
"6009","6/3/2022",969,"Honeysuckle","N",0
"6010","6/3/2022",969,"Privot","N",0
"6011","6/3/2022",969,"Spicebush","N",0
"6012","6/3/2022",969,"Rubus","N",0
"6013","6/3/2022",969,"Mapleleaf viburnum","N",0
"6014","6/3/2022",969,"Buckthorn","S",0
"6015","6/3/2022",969,"Multiflora rose","S",0
"6016","6/3/2022",969,"Honeysuckle","S",0
"6017","6/3/2022",969,"Privot","S",0
"6018","6/3/2022",969,"Spicebush","S",0
"6019","6/3/2022",969,"Rubus","S",0
"6020","6/3/2022",969,"Mapleleaf viburnum","S",0
"6021","6/3/2022",283,"Buckthorn","N",1
"6022","6/3/2022",283,"Multiflora rose","N",0
"6023","6/3/2022",283,"Honeysuckle","N",0
"6024","6/3/2022",283,"Privot","N",0
"6025","6/3/2022",283,"Spicebush","N",0
"6026","6/3/2022",283,"Rubus","N",0
"6027","6/3/2022",283,"Mapleleaf viburnum","N",0
"6028","6/3/2022",283,"Buckthorn","S",1
"6029","6/3/2022",283,"Multiflora rose","S",0
"6030","6/3/2022",283,"Honeysuckle","S",0
"6031","6/3/2022",283,"Privot","S",0
"6032","6/3/2022",283,"Spicebush","S",0
"6033","6/3/2022",283,"Rubus","S",0
"6034","6/3/2022",283,"Mapleleaf viburnum","S",0
"6035","6/3/2022",308,"Buckthorn","N",1
"6036","6/3/2022",308,"Multiflora rose","N",4
"6037","6/3/2022",308,"Honeysuckle","N",0
"6038","6/3/2022",308,"Privot","N",0
"6039","6/3/2022",308,"Spicebush","N",0
"6040","6/3/2022",308,"Rubus","N",1
"6041","6/3/2022",308,"Mapleleaf viburnum","N",0
"6042","6/3/2022",308,"Buckthorn","S",1
"6043","6/3/2022",308,"Multiflora rose","S",1
"6044","6/3/2022",308,"Honeysuckle","S",0
"6045","6/3/2022",308,"Privot","S",1
"6046","6/3/2022",308,"Spicebush","S",0
"6047","6/3/2022",308,"Rubus","S",1
"6048","6/3/2022",308,"Mapleleaf viburnum","S",0
"6049","6/3/2022",251,"Buckthorn","N",1
"6050","6/3/2022",251,"Multiflora rose","N",4
"6051","6/3/2022",251,"Honeysuckle","N",0
"6052","6/3/2022",251,"Privot","N",0
"6053","6/3/2022",251,"Spicebush","N",0
"6054","6/3/2022",251,"Rubus","N",0
"6055","6/3/2022",251,"Mapleleaf viburnum","N",0
"6056","6/3/2022",251,"Buckthorn","S",1
"6057","6/3/2022",251,"Multiflora rose","S",3
"6058","6/3/2022",251,"Honeysuckle","S",0
"6059","6/3/2022",251,"Privot","S",0
"6060","6/3/2022",251,"Spicebush","S",0
"6061","6/3/2022",251,"Rubus","S",1
"6062","6/3/2022",251,"Mapleleaf viburnum","S",0
"6063","6/3/2022",395,"Buckthorn","N",1
"6064","6/3/2022",395,"Multiflora rose","N",2
"6065","6/3/2022",395,"Honeysuckle","N",0
"6066","6/3/2022",395,"Privot","N",0
"6067","6/3/2022",395,"Spicebush","N",0
"6068","6/3/2022",395,"Rubus","N",0
"6069","6/3/2022",395,"Mapleleaf viburnum","N",0
"6070","6/3/2022",395,"Buckthorn","S",1
"6071","6/3/2022",395,"Multiflora rose","S",1
"6072","6/3/2022",395,"Honeysuckle","S",0
"6073","6/3/2022",395,"Privot","S",0
"6074","6/3/2022",395,"Spicebush","S",0
"6075","6/3/2022",395,"Rubus","S",0
"6076","6/3/2022",395,"Mapleleaf viburnum","S",1
"6077","6/3/2022",280,"Buckthorn","N",1
"6078","6/3/2022",280,"Multiflora rose","N",4
"6079","6/3/2022",280,"Honeysuckle","N",2
"6080","6/3/2022",280,"Privot","N",0
"6081","6/3/2022",280,"Spicebush","N",0
"6082","6/3/2022",280,"Rubus","N",1
"6083","6/3/2022",280,"Mapleleaf viburnum","N",0
"6084","6/3/2022",280,"Buckthorn","S",0
"6085","6/3/2022",280,"Multiflora rose","S",2
"6086","6/3/2022",280,"Honeysuckle","S",0
"6087","6/3/2022",280,"Privot","S",0
"6088","6/3/2022",280,"Spicebush","S",0
"6089","6/3/2022",280,"Rubus","S",1
"6090","6/3/2022",280,"Mapleleaf viburnum","S",0
"6091","6/3/2022",394,"Buckthorn","N",0
"6092","6/3/2022",394,"Multiflora rose","N",0
"6093","6/3/2022",394,"Honeysuckle","N",0
"6094","6/3/2022",394,"Privot","N",0
"6095","6/3/2022",394,"Spicebush","N",0
"6096","6/3/2022",394,"Rubus","N",0
"6097","6/3/2022",394,"Mapleleaf viburnum","N",0
"6098","6/3/2022",394,"Buckthorn","S",0
"6099","6/3/2022",394,"Multiflora rose","S",0
"6100","6/3/2022",394,"Honeysuckle","S",0
"6101","6/3/2022",394,"Privot","S",0
"6102","6/3/2022",394,"Spicebush","S",0
"6103","6/3/2022",394,"Rubus","S",0
"6104","6/3/2022",394,"Mapleleaf viburnum","S",0
"6105","6/3/2022",307,"Buckthorn","N",0
"6106","6/3/2022",307,"Multiflora rose","N",0
"6107","6/3/2022",307,"Honeysuckle","N",0
"6108","6/3/2022",307,"Privot","N",0
"6109","6/3/2022",307,"Spicebush","N",0
"6110","6/3/2022",307,"Rubus","N",0
"6111","6/3/2022",307,"Mapleleaf viburnum","N",0
"6112","6/3/2022",307,"Buckthorn","S",0
"6113","6/3/2022",307,"Multiflora rose","S",0
"6114","6/3/2022",307,"Honeysuckle","S",0
"6115","6/3/2022",307,"Privot","S",0
"6116","6/3/2022",307,"Spicebush","S",0
"6117","6/3/2022",307,"Rubus","S",0
"6118","6/3/2022",307,"Mapleleaf viburnum","S",0
"6119","6/3/2022",274,"Buckthorn","N",1
"6120","6/3/2022",274,"Multiflora rose","N",1
"6121","6/3/2022",274,"Honeysuckle","N",0
"6122","6/3/2022",274,"Privot","N",0
"6123","6/3/2022",274,"Spicebush","N",0
"6124","6/3/2022",274,"Rubus","N",1
"6125","6/3/2022",274,"Mapleleaf viburnum","N",0
"6126","6/3/2022",274,"Buckthorn","S",1
"6127","6/3/2022",274,"Multiflora rose","S",2
"6128","6/3/2022",274,"Honeysuckle","S",0
"6129","6/3/2022",274,"Privot","S",1
"6130","6/3/2022",274,"Spicebush","S",0
"6131","6/3/2022",274,"Rubus","S",1
"6132","6/3/2022",274,"Mapleleaf viburnum","S",0
"6133","6/3/2022",287,"Buckthorn","N",0
"6134","6/3/2022",287,"Multiflora rose","N",0
"6135","6/3/2022",287,"Honeysuckle","N",0
"6136","6/3/2022",287,"Privot","N",0
"6137","6/3/2022",287,"Spicebush","N",0
"6138","6/3/2022",287,"Rubus","N",0
"6139","6/3/2022",287,"Mapleleaf viburnum","N",0
"6140","6/3/2022",287,"Buckthorn","S",0
"6141","6/3/2022",287,"Multiflora rose","S",1
"6142","6/3/2022",287,"Honeysuckle","S",0
"6143","6/3/2022",287,"Privot","S",0
"6144","6/3/2022",287,"Spicebush","S",0
"6145","6/3/2022",287,"Rubus","S",0
"6146","6/3/2022",287,"Mapleleaf viburnum","S",0
"6147","6/3/2022",999,"Buckthorn","N",1
"6148","6/3/2022",999,"Multiflora rose","N",1
"6149","6/3/2022",999,"Honeysuckle","N",1
"6150","6/3/2022",999,"Privot","N",0
"6151","6/3/2022",999,"Spicebush","N",0
"6152","6/3/2022",999,"Rubus","N",1
"6153","6/3/2022",999,"Mapleleaf viburnum","N",1
"6154","6/3/2022",999,"Buckthorn","S",1
"6155","6/3/2022",999,"Multiflora rose","S",1
"6156","6/3/2022",999,"Honeysuckle","S",0
"6157","6/3/2022",999,"Privot","S",1
"6158","6/3/2022",999,"Spicebush","S",0
"6159","6/3/2022",999,"Rubus","S",1
"6160","6/3/2022",999,"Mapleleaf viburnum","S",1
"6161","6/3/2022",273,"Buckthorn","N",1
"6162","6/3/2022",273,"Multiflora rose","N",2
"6163","6/3/2022",273,"Honeysuckle","N",0
"6164","6/3/2022",273,"Privot","N",0
"6165","6/3/2022",273,"Spicebush","N",0
"6166","6/3/2022",273,"Rubus","N",1
"6167","6/3/2022",273,"Mapleleaf viburnum","N",0
"6168","6/3/2022",273,"Buckthorn","S",0
"6169","6/3/2022",273,"Multiflora rose","S",1
"6170","6/3/2022",273,"Honeysuckle","S",0
"6171","6/3/2022",273,"Privot","S",1
"6172","6/3/2022",273,"Spicebush","S",0
"6173","6/3/2022",273,"Rubus","S",1
"6174","6/3/2022",273,"Mapleleaf viburnum","S",0
"11000","9/28/2022",41,"Buckthorn","N",0
"2451","9/28/2022",41,"Multiflora rose","N",2
"31000","9/28/2022",41,"Honeysuckle","N",2
"41000","9/28/2022",41,"Privot","N",0
"51000","9/28/2022",41,"Spicebush","N",0
"6175","9/28/2022",41,"Rubus","N",1
"7100","9/28/2022",41,"Mapleleaf viburnum","N",0
"8100","9/28/2022",41,"Buckthorn","S",1
"9100","9/28/2022",41,"Multiflora rose","S",3
"10100","9/28/2022",41,"Honeysuckle","S",1
"11100","9/28/2022",41,"Privot","S",0
"12100","9/28/2022",41,"Spicebush","S",0
"13100","9/28/2022",41,"Rubus","S",1
"14100","9/28/2022",41,"Mapleleaf viburnum","S",0
"15100","9/28/2022",388,"Buckthorn","N",3
"16100","9/28/2022",388,"Multiflora rose","N",2
"17100","9/28/2022",388,"Honeysuckle","N",1
"18100","9/28/2022",388,"Privot","N",0
"19100","9/28/2022",388,"Spicebush","N",0
"20100","9/28/2022",388,"Rubus","N",1
"21100","9/28/2022",388,"Mapleleaf viburnum","N",0
"22100","9/28/2022",388,"Buckthorn","S",2
"23100","9/28/2022",388,"Multiflora rose","S",2
"2452","9/28/2022",388,"Honeysuckle","S",0
"25100","9/28/2022",388,"Privot","S",0
"26100","9/28/2022",388,"Spicebush","S",0
"27100","9/28/2022",388,"Rubus","S",1
"28100","9/28/2022",388,"Mapleleaf viburnum","S",0
"29100","9/28/2022",246,"Buckthorn","N",0
"30100","9/28/2022",246,"Multiflora rose","N",4
"31100","9/28/2022",246,"Honeysuckle","N",1
"32100","9/28/2022",246,"Privot","N",0
"33100","9/28/2022",246,"Spicebush","N",0
"34100","9/28/2022",246,"Rubus","N",1
"35100","9/28/2022",246,"Mapleleaf viburnum","N",0
"36100","9/28/2022",246,"Buckthorn","S",1
"37100","9/28/2022",246,"Multiflora rose","S",6
"38100","9/28/2022",246,"Honeysuckle","S",0
"39100","9/28/2022",246,"Privot","S",0
"40100","9/28/2022",246,"Spicebush","S",0
"41100","9/28/2022",246,"Rubus","S",1
"42100","9/28/2022",246,"Mapleleaf viburnum","S",0
"43100","9/28/2022",249,"Buckthorn","N",1
"44100","9/28/2022",249,"Multiflora rose","N",4
"45100","9/28/2022",249,"Honeysuckle","N",0
"46100","9/28/2022",249,"Privot","N",0
"47100","9/28/2022",249,"Spicebush","N",0
"48100","9/28/2022",249,"Rubus","N",1
"49100","9/28/2022",249,"Mapleleaf viburnum","N",0
"50100","9/28/2022",249,"Buckthorn","S",1
"51100","9/28/2022",249,"Multiflora rose","S",5
"52100","9/28/2022",249,"Honeysuckle","S",2
"53100","9/28/2022",249,"Privot","S",0
"54100","9/28/2022",249,"Spicebush","S",0
"55100","9/28/2022",249,"Rubus","S",1
"56100","9/28/2022",249,"Mapleleaf viburnum","S",0
"57100","9/28/2022",103,"Buckthorn","N",2
"58100","9/28/2022",103,"Multiflora rose","N",3
"59100","9/28/2022",103,"Honeysuckle","N",0
"60100","9/28/2022",103,"Privot","N",0
"6176","9/28/2022",103,"Spicebush","N",0
"6210","9/28/2022",103,"Rubus","N",1
"6310","9/28/2022",103,"Mapleleaf viburnum","N",0
"6410","9/28/2022",103,"Buckthorn","S",1
"6510","9/28/2022",103,"Multiflora rose","S",2
"6610","9/28/2022",103,"Honeysuckle","S",0
"6710","9/28/2022",103,"Privot","S",0
"6810","9/28/2022",103,"Spicebush","S",0
"6910","9/28/2022",103,"Rubus","S",1
"7010","9/28/2022",103,"Mapleleaf viburnum","S",0
"7110","9/28/2022",104,"Buckthorn","N",0
"7210","9/28/2022",104,"Multiflora rose","N",3
"7310","9/28/2022",104,"Honeysuckle","N",1
"7410","9/28/2022",104,"Privot","N",0
"7510","9/28/2022",104,"Spicebush","N",0
"7610","9/28/2022",104,"Rubus","N",1
"7710","9/28/2022",104,"Mapleleaf viburnum","N",0
"7810","9/28/2022",104,"Buckthorn","S",1
"7910","9/28/2022",104,"Multiflora rose","S",4
"8010","9/28/2022",104,"Honeysuckle","S",0
"8110","9/28/2022",104,"Privot","S",0
"8210","9/28/2022",104,"Spicebush","S",0
"8310","9/28/2022",104,"Rubus","S",1
"8410","9/28/2022",104,"Mapleleaf viburnum","S",0
"8510","9/28/2022",342,"Buckthorn","N",1
"8610","9/28/2022",342,"Multiflora rose","N",1
"8710","9/28/2022",342,"Honeysuckle","N",0
"8810","9/28/2022",342,"Privot","N",0
"8910","9/28/2022",342,"Spicebush","N",0
"9010","9/28/2022",342,"Rubus","N",2
"9110","9/28/2022",342,"Mapleleaf viburnum","N",0
"9210","9/28/2022",342,"Buckthorn","S",1
"9310","9/28/2022",342,"Multiflora rose","S",0
"9410","9/28/2022",342,"Honeysuckle","S",1
"9510","9/28/2022",342,"Privot","S",0
"9610","9/28/2022",342,"Spicebush","S",0
"9710","9/28/2022",342,"Rubus","S",1
"9810","9/28/2022",342,"Mapleleaf viburnum","S",0
"9910","9/28/2022",356,"Buckthorn","N",1
"10010","9/28/2022",356,"Multiflora rose","N",0
"10110","9/28/2022",356,"Honeysuckle","N",0
"10210","9/28/2022",356,"Privot","N",0
"10310","9/28/2022",356,"Spicebush","N",0
"10410","9/28/2022",356,"Rubus","N",0
"10510","9/28/2022",356,"Mapleleaf viburnum","N",1
"10610","9/28/2022",356,"Buckthorn","S",1
"10710","9/28/2022",356,"Multiflora rose","S",0
"10810","9/28/2022",356,"Honeysuckle","S",0
"10910","9/28/2022",356,"Privot","S",0
"11010","9/28/2022",356,"Spicebush","S",0
"11110","9/28/2022",356,"Rubus","S",0
"11210","9/28/2022",356,"Mapleleaf viburnum","S",0
"11310","9/28/2022",366,"Buckthorn","N",1
"11410","9/28/2022",366,"Multiflora rose","N",0
"11510","9/28/2022",366,"Honeysuckle","N",0
"11610","9/28/2022",366,"Privot","N",0
"11710","9/28/2022",366,"Spicebush","N",0
"11810","9/28/2022",366,"Rubus","N",0
"11910","9/28/2022",366,"Mapleleaf viburnum","N",0
"12010","9/28/2022",366,"Buckthorn","S",1
"12110","9/28/2022",366,"Multiflora rose","S",0
"12210","9/28/2022",366,"Honeysuckle","S",0
"12310","9/28/2022",366,"Privot","S",0
"12410","9/28/2022",366,"Spicebush","S",0
"12510","9/28/2022",366,"Rubus","S",0
"12610","9/28/2022",366,"Mapleleaf viburnum","S",0
"12710","9/28/2022",261,"Buckthorn","N",0
"12810","9/28/2022",261,"Multiflora rose","N",0
"12910","9/28/2022",261,"Honeysuckle","N",0
"13010","9/28/2022",261,"Privot","N",0
"13110","9/28/2022",261,"Spicebush","N",0
"13210","9/28/2022",261,"Rubus","N",1
"13310","9/28/2022",261,"Mapleleaf viburnum","N",1
"13410","9/28/2022",261,"Buckthorn","S",0
"13510","9/28/2022",261,"Multiflora rose","S",0
"13610","9/28/2022",261,"Honeysuckle","S",0
"13710","9/28/2022",261,"Privot","S",0
"13810","9/28/2022",261,"Spicebush","S",0
"13910","9/28/2022",261,"Rubus","S",0
"14010","9/28/2022",261,"Mapleleaf viburnum","S",1
"14110","9/28/2022",347,"Buckthorn","N",3
"14210","9/28/2022",347,"Multiflora rose","N",0
"14310","9/28/2022",347,"Honeysuckle","N",0
"14410","9/28/2022",347,"Privot","N",0
"14510","9/28/2022",347,"Spicebush","N",0
"14610","9/28/2022",347,"Rubus","N",0
"14710","9/28/2022",347,"Mapleleaf viburnum","N",0
"14810","9/28/2022",347,"Buckthorn","S",2
"14910","9/28/2022",347,"Multiflora rose","S",0
"15010","9/28/2022",347,"Honeysuckle","S",0
"15110","9/28/2022",347,"Privot","S",1
"15210","9/28/2022",347,"Spicebush","S",0
"15310","9/28/2022",347,"Rubus","S",0
"15410","9/28/2022",347,"Mapleleaf viburnum","S",0
